instance,customers,run,method,checkpoint,q,BestCost,BKS
6.10.1,6,1,ims,0,0/8,1078.7476708790684,1078.7476708790684
6.10.1,6,1,ims,1,1/8,1078.7476708790684,1078.7476708790684
6.10.1,6,1,ims,2,2/8,1078.7476708790684,1078.7476708790684
6.10.1,6,1,ims,3,3/8,1078.7476708790684,1078.7476708790684
6.10.1,6,1,ims,4,4/8,1078.7476708790684,1078.7476708790684
6.10.1,6,1,ims,5,5/8,1078.7476708790684,1078.7476708790684
6.10.1,6,1,ims,6,6/8,1078.7476708790684,1078.7476708790684
6.10.1,6,1,ims,7,7/8,1078.7476708790684,1078.7476708790684
6.10.1,6,1,ims,8,8/8,1078.7476708790684,1078.7476708790684
6.10.1,6,2,ims,0,0/8,1078.7476708790684,1078.7476708790684
6.10.1,6,2,ims,1,1/8,1078.7476708790684,1078.7476708790684
6.10.1,6,2,ims,2,2/8,1078.7476708790684,1078.7476708790684
6.10.1,6,2,ims,3,3/8,1078.7476708790684,1078.7476708790684
6.10.1,6,2,ims,4,4/8,1078.7476708790684,1078.7476708790684
6.10.1,6,2,ims,5,5/8,1078.7476708790684,1078.7476708790684
6.10.1,6,2,ims,6,6/8,1078.7476708790684,1078.7476708790684
6.10.1,6,2,ims,7,7/8,1078.7476708790684,1078.7476708790684
6.10.1,6,2,ims,8,8/8,1078.7476708790684,1078.7476708790684
6.10.1,6,3,ims,0,0/8,1078.7476708790684,1078.7476708790684
6.10.1,6,3,ims,1,1/8,1078.7476708790684,1078.7476708790684
6.10.1,6,3,ims,2,2/8,1078.7476708790684,1078.7476708790684
6.10.1,6,3,ims,3,3/8,1078.7476708790684,1078.7476708790684
6.10.1,6,3,ims,4,4/8,1078.7476708790684,1078.7476708790684
6.10.1,6,3,ims,5,5/8,1078.7476708790684,1078.7476708790684
6.10.1,6,3,ims,6,6/8,1078.7476708790684,1078.7476708790684
6.10.1,6,3,ims,7,7/8,1078.7476708790684,1078.7476708790684
6.10.1,6,3,ims,8,8/8,1078.7476708790684,1078.7476708790684
6.10.1,6,4,ims,0,0/8,1078.7476708790684,1078.7476708790684
6.10.1,6,4,ims,1,1/8,1078.7476708790684,1078.7476708790684
6.10.1,6,4,ims,2,2/8,1078.7476708790684,1078.7476708790684
6.10.1,6,4,ims,3,3/8,1078.7476708790684,1078.7476708790684
6.10.1,6,4,ims,4,4/8,1078.7476708790684,1078.7476708790684
6.10.1,6,4,ims,5,5/8,1078.7476708790684,1078.7476708790684
6.10.1,6,4,ims,6,6/8,1078.7476708790684,1078.7476708790684
6.10.1,6,4,ims,7,7/8,1078.7476708790684,1078.7476708790684
6.10.1,6,4,ims,8,8/8,1078.7476708790684,1078.7476708790684
6.10.1,6,5,ims,0,0/8,1916.6722734186055,1078.7476708790684
6.10.1,6,5,ims,1,1/8,1078.7476708790684,1078.7476708790684
6.10.1,6,5,ims,2,2/8,1078.7476708790684,1078.7476708790684
6.10.1,6,5,ims,3,3/8,1078.7476708790684,1078.7476708790684
6.10.1,6,5,ims,4,4/8,1078.7476708790684,1078.7476708790684
6.10.1,6,5,ims,5,5/8,1078.7476708790684,1078.7476708790684
6.10.1,6,5,ims,6,6/8,1078.7476708790684,1078.7476708790684
6.10.1,6,5,ims,7,7/8,1078.7476708790684,1078.7476708790684
6.10.1,6,5,ims,8,8/8,1078.7476708790684,1078.7476708790684
6.10.1,6,6,ims,0,0/8,1078.7476708790684,1078.7476708790684
6.10.1,6,6,ims,1,1/8,1078.7476708790684,1078.7476708790684
6.10.1,6,6,ims,2,2/8,1078.7476708790684,1078.7476708790684
6.10.1,6,6,ims,3,3/8,1078.7476708790684,1078.7476708790684
6.10.1,6,6,ims,4,4/8,1078.7476708790684,1078.7476708790684
6.10.1,6,6,ims,5,5/8,1078.7476708790684,1078.7476708790684
6.10.1,6,6,ims,6,6/8,1078.7476708790684,1078.7476708790684
6.10.1,6,6,ims,7,7/8,1078.7476708790684,1078.7476708790684
6.10.1,6,6,ims,8,8/8,1078.7476708790684,1078.7476708790684
6.10.1,6,7,ims,0,0/8,1078.7476708790684,1078.7476708790684
6.10.1,6,7,ims,1,1/8,1078.7476708790684,1078.7476708790684
6.10.1,6,7,ims,2,2/8,1078.7476708790684,1078.7476708790684
6.10.1,6,7,ims,3,3/8,1078.7476708790684,1078.7476708790684
6.10.1,6,7,ims,4,4/8,1078.7476708790684,1078.7476708790684
6.10.1,6,7,ims,5,5/8,1078.7476708790684,1078.7476708790684
6.10.1,6,7,ims,6,6/8,1078.7476708790684,1078.7476708790684
6.10.1,6,7,ims,7,7/8,1078.7476708790684,1078.7476708790684
6.10.1,6,7,ims,8,8/8,1078.7476708790684,1078.7476708790684
6.10.1,6,8,ims,0,0/8,1078.7476708790684,1078.7476708790684
6.10.1,6,8,ims,1,1/8,1078.7476708790684,1078.7476708790684
6.10.1,6,8,ims,2,2/8,1078.7476708790684,1078.7476708790684
6.10.1,6,8,ims,3,3/8,1078.7476708790684,1078.7476708790684
6.10.1,6,8,ims,4,4/8,1078.7476708790684,1078.7476708790684
6.10.1,6,8,ims,5,5/8,1078.7476708790684,1078.7476708790684
6.10.1,6,8,ims,6,6/8,1078.7476708790684,1078.7476708790684
6.10.1,6,8,ims,7,7/8,1078.7476708790684,1078.7476708790684
6.10.1,6,8,ims,8,8/8,1078.7476708790684,1078.7476708790684
6.10.1,6,9,ims,0,0/8,1916.6722734186055,1078.7476708790684
6.10.1,6,9,ims,1,1/8,1078.7476708790684,1078.7476708790684
6.10.1,6,9,ims,2,2/8,1078.7476708790684,1078.7476708790684
6.10.1,6,9,ims,3,3/8,1078.7476708790684,1078.7476708790684
6.10.1,6,9,ims,4,4/8,1078.7476708790684,1078.7476708790684
6.10.1,6,9,ims,5,5/8,1078.7476708790684,1078.7476708790684
6.10.1,6,9,ims,6,6/8,1078.7476708790684,1078.7476708790684
6.10.1,6,9,ims,7,7/8,1078.7476708790684,1078.7476708790684
6.10.1,6,9,ims,8,8/8,1078.7476708790684,1078.7476708790684
6.10.1,6,10,ims,0,0/8,1078.7476708790684,1078.7476708790684
6.10.1,6,10,ims,1,1/8,1078.7476708790684,1078.7476708790684
6.10.1,6,10,ims,2,2/8,1078.7476708790684,1078.7476708790684
6.10.1,6,10,ims,3,3/8,1078.7476708790684,1078.7476708790684
6.10.1,6,10,ims,4,4/8,1078.7476708790684,1078.7476708790684
6.10.1,6,10,ims,5,5/8,1078.7476708790684,1078.7476708790684
6.10.1,6,10,ims,6,6/8,1078.7476708790684,1078.7476708790684
6.10.1,6,10,ims,7,7/8,1078.7476708790684,1078.7476708790684
6.10.1,6,10,ims,8,8/8,1078.7476708790684,1078.7476708790684
6.10.1,6,1,sats,0,0/8,2204.2457430977597,1078.7476708790684
6.10.1,6,1,sats,1,1/8,1078.7476708790684,1078.7476708790684
6.10.1,6,1,sats,2,2/8,1078.7476708790684,1078.7476708790684
6.10.1,6,1,sats,3,3/8,1078.7476708790684,1078.7476708790684
6.10.1,6,1,sats,4,4/8,1078.7476708790684,1078.7476708790684
6.10.1,6,1,sats,5,5/8,1078.7476708790684,1078.7476708790684
6.10.1,6,1,sats,6,6/8,1078.7476708790684,1078.7476708790684
6.10.1,6,1,sats,7,7/8,1078.7476708790684,1078.7476708790684
6.10.1,6,1,sats,8,8/8,1078.7476708790684,1078.7476708790684
6.10.1,6,2,sats,0,0/8,1078.7476708790684,1078.7476708790684
6.10.1,6,2,sats,1,1/8,1078.7476708790684,1078.7476708790684
6.10.1,6,2,sats,2,2/8,1078.7476708790684,1078.7476708790684
6.10.1,6,2,sats,3,3/8,1078.7476708790684,1078.7476708790684
6.10.1,6,2,sats,4,4/8,1078.7476708790684,1078.7476708790684
6.10.1,6,2,sats,5,5/8,1078.7476708790684,1078.7476708790684
6.10.1,6,2,sats,6,6/8,1078.7476708790684,1078.7476708790684
6.10.1,6,2,sats,7,7/8,1078.7476708790684,1078.7476708790684
6.10.1,6,2,sats,8,8/8,1078.7476708790684,1078.7476708790684
6.10.1,6,3,sats,0,0/8,2184.8038178415695,1078.7476708790684
6.10.1,6,3,sats,1,1/8,1078.7476708790684,1078.7476708790684
6.10.1,6,3,sats,2,2/8,1078.7476708790684,1078.7476708790684
6.10.1,6,3,sats,3,3/8,1078.7476708790684,1078.7476708790684
6.10.1,6,3,sats,4,4/8,1078.7476708790684,1078.7476708790684
6.10.1,6,3,sats,5,5/8,1078.7476708790684,1078.7476708790684
6.10.1,6,3,sats,6,6/8,1078.7476708790684,1078.7476708790684
6.10.1,6,3,sats,7,7/8,1078.7476708790684,1078.7476708790684
6.10.1,6,3,sats,8,8/8,1078.7476708790684,1078.7476708790684
6.10.1,6,4,sats,0,0/8,2318.4598542307476,1078.7476708790684
6.10.1,6,4,sats,1,1/8,1078.7476708790684,1078.7476708790684
6.10.1,6,4,sats,2,2/8,1078.7476708790684,1078.7476708790684
6.10.1,6,4,sats,3,3/8,1078.7476708790684,1078.7476708790684
6.10.1,6,4,sats,4,4/8,1078.7476708790684,1078.7476708790684
6.10.1,6,4,sats,5,5/8,1078.7476708790684,1078.7476708790684
6.10.1,6,4,sats,6,6/8,1078.7476708790684,1078.7476708790684
6.10.1,6,4,sats,7,7/8,1078.7476708790684,1078.7476708790684
6.10.1,6,4,sats,8,8/8,1078.7476708790684,1078.7476708790684
6.10.1,6,5,sats,0,0/8,2318.4598542307476,1078.7476708790684
6.10.1,6,5,sats,1,1/8,1078.7476708790684,1078.7476708790684
6.10.1,6,5,sats,2,2/8,1078.7476708790684,1078.7476708790684
6.10.1,6,5,sats,3,3/8,1078.7476708790684,1078.7476708790684
6.10.1,6,5,sats,4,4/8,1078.7476708790684,1078.7476708790684
6.10.1,6,5,sats,5,5/8,1078.7476708790684,1078.7476708790684
6.10.1,6,5,sats,6,6/8,1078.7476708790684,1078.7476708790684
6.10.1,6,5,sats,7,7/8,1078.7476708790684,1078.7476708790684
6.10.1,6,5,sats,8,8/8,1078.7476708790684,1078.7476708790684
6.10.1,6,6,sats,0,0/8,2184.8038178415695,1078.7476708790684
6.10.1,6,6,sats,1,1/8,1078.7476708790684,1078.7476708790684
6.10.1,6,6,sats,2,2/8,1078.7476708790684,1078.7476708790684
6.10.1,6,6,sats,3,3/8,1078.7476708790684,1078.7476708790684
6.10.1,6,6,sats,4,4/8,1078.7476708790684,1078.7476708790684
6.10.1,6,6,sats,5,5/8,1078.7476708790684,1078.7476708790684
6.10.1,6,6,sats,6,6/8,1078.7476708790684,1078.7476708790684
6.10.1,6,6,sats,7,7/8,1078.7476708790684,1078.7476708790684
6.10.1,6,6,sats,8,8/8,1078.7476708790684,1078.7476708790684
6.10.1,6,7,sats,0,0/8,2184.8038178415695,1078.7476708790684
6.10.1,6,7,sats,1,1/8,1078.7476708790684,1078.7476708790684
6.10.1,6,7,sats,2,2/8,1078.7476708790684,1078.7476708790684
6.10.1,6,7,sats,3,3/8,1078.7476708790684,1078.7476708790684
6.10.1,6,7,sats,4,4/8,1078.7476708790684,1078.7476708790684
6.10.1,6,7,sats,5,5/8,1078.7476708790684,1078.7476708790684
6.10.1,6,7,sats,6,6/8,1078.7476708790684,1078.7476708790684
6.10.1,6,7,sats,7,7/8,1078.7476708790684,1078.7476708790684
6.10.1,6,7,sats,8,8/8,1078.7476708790684,1078.7476708790684
6.10.1,6,8,sats,0,0/8,1078.7476708790684,1078.7476708790684
6.10.1,6,8,sats,1,1/8,1078.7476708790684,1078.7476708790684
6.10.1,6,8,sats,2,2/8,1078.7476708790684,1078.7476708790684
6.10.1,6,8,sats,3,3/8,1078.7476708790684,1078.7476708790684
6.10.1,6,8,sats,4,4/8,1078.7476708790684,1078.7476708790684
6.10.1,6,8,sats,5,5/8,1078.7476708790684,1078.7476708790684
6.10.1,6,8,sats,6,6/8,1078.7476708790684,1078.7476708790684
6.10.1,6,8,sats,7,7/8,1078.7476708790684,1078.7476708790684
6.10.1,6,8,sats,8,8/8,1078.7476708790684,1078.7476708790684
6.10.1,6,9,sats,0,0/8,2184.8038178415695,1078.7476708790684
6.10.1,6,9,sats,1,1/8,1078.7476708790684,1078.7476708790684
6.10.1,6,9,sats,2,2/8,1078.7476708790684,1078.7476708790684
6.10.1,6,9,sats,3,3/8,1078.7476708790684,1078.7476708790684
6.10.1,6,9,sats,4,4/8,1078.7476708790684,1078.7476708790684
6.10.1,6,9,sats,5,5/8,1078.7476708790684,1078.7476708790684
6.10.1,6,9,sats,6,6/8,1078.7476708790684,1078.7476708790684
6.10.1,6,9,sats,7,7/8,1078.7476708790684,1078.7476708790684
6.10.1,6,9,sats,8,8/8,1078.7476708790684,1078.7476708790684
6.10.1,6,10,sats,0,0/8,1078.7476708790684,1078.7476708790684
6.10.1,6,10,sats,1,1/8,1078.7476708790684,1078.7476708790684
6.10.1,6,10,sats,2,2/8,1078.7476708790684,1078.7476708790684
6.10.1,6,10,sats,3,3/8,1078.7476708790684,1078.7476708790684
6.10.1,6,10,sats,4,4/8,1078.7476708790684,1078.7476708790684
6.10.1,6,10,sats,5,5/8,1078.7476708790684,1078.7476708790684
6.10.1,6,10,sats,6,6/8,1078.7476708790684,1078.7476708790684
6.10.1,6,10,sats,7,7/8,1078.7476708790684,1078.7476708790684
6.10.1,6,10,sats,8,8/8,1078.7476708790684,1078.7476708790684
6.10.2,6,1,ims,0,0/8,1274.613016991807,1232.5642370084722
6.10.2,6,1,ims,1,1/8,1232.5642370084722,1232.5642370084722
6.10.2,6,1,ims,2,2/8,1232.5642370084722,1232.5642370084722
6.10.2,6,1,ims,3,3/8,1232.5642370084722,1232.5642370084722
6.10.2,6,1,ims,4,4/8,1232.5642370084722,1232.5642370084722
6.10.2,6,1,ims,5,5/8,1232.5642370084722,1232.5642370084722
6.10.2,6,1,ims,6,6/8,1232.5642370084722,1232.5642370084722
6.10.2,6,1,ims,7,7/8,1232.5642370084722,1232.5642370084722
6.10.2,6,1,ims,8,8/8,1232.5642370084722,1232.5642370084722
6.10.2,6,2,ims,0,0/8,1274.613016991807,1232.5642370084722
6.10.2,6,2,ims,1,1/8,1232.5642370084722,1232.5642370084722
6.10.2,6,2,ims,2,2/8,1232.5642370084722,1232.5642370084722
6.10.2,6,2,ims,3,3/8,1232.5642370084722,1232.5642370084722
6.10.2,6,2,ims,4,4/8,1232.5642370084722,1232.5642370084722
6.10.2,6,2,ims,5,5/8,1232.5642370084722,1232.5642370084722
6.10.2,6,2,ims,6,6/8,1232.5642370084722,1232.5642370084722
6.10.2,6,2,ims,7,7/8,1232.5642370084722,1232.5642370084722
6.10.2,6,2,ims,8,8/8,1232.5642370084722,1232.5642370084722
6.10.2,6,3,ims,0,0/8,1274.613016991807,1232.5642370084722
6.10.2,6,3,ims,1,1/8,1232.5642370084722,1232.5642370084722
6.10.2,6,3,ims,2,2/8,1232.5642370084722,1232.5642370084722
6.10.2,6,3,ims,3,3/8,1232.5642370084722,1232.5642370084722
6.10.2,6,3,ims,4,4/8,1232.5642370084722,1232.5642370084722
6.10.2,6,3,ims,5,5/8,1232.5642370084722,1232.5642370084722
6.10.2,6,3,ims,6,6/8,1232.5642370084722,1232.5642370084722
6.10.2,6,3,ims,7,7/8,1232.5642370084722,1232.5642370084722
6.10.2,6,3,ims,8,8/8,1232.5642370084722,1232.5642370084722
6.10.2,6,4,ims,0,0/8,1274.613016991807,1232.5642370084722
6.10.2,6,4,ims,1,1/8,1232.5642370084722,1232.5642370084722
6.10.2,6,4,ims,2,2/8,1232.5642370084722,1232.5642370084722
6.10.2,6,4,ims,3,3/8,1232.5642370084722,1232.5642370084722
6.10.2,6,4,ims,4,4/8,1232.5642370084722,1232.5642370084722
6.10.2,6,4,ims,5,5/8,1232.5642370084722,1232.5642370084722
6.10.2,6,4,ims,6,6/8,1232.5642370084722,1232.5642370084722
6.10.2,6,4,ims,7,7/8,1232.5642370084722,1232.5642370084722
6.10.2,6,4,ims,8,8/8,1232.5642370084722,1232.5642370084722
6.10.2,6,5,ims,0,0/8,1300.498819297096,1232.5642370084722
6.10.2,6,5,ims,1,1/8,1232.5642370084722,1232.5642370084722
6.10.2,6,5,ims,2,2/8,1232.5642370084722,1232.5642370084722
6.10.2,6,5,ims,3,3/8,1232.5642370084722,1232.5642370084722
6.10.2,6,5,ims,4,4/8,1232.5642370084722,1232.5642370084722
6.10.2,6,5,ims,5,5/8,1232.5642370084722,1232.5642370084722
6.10.2,6,5,ims,6,6/8,1232.5642370084722,1232.5642370084722
6.10.2,6,5,ims,7,7/8,1232.5642370084722,1232.5642370084722
6.10.2,6,5,ims,8,8/8,1232.5642370084722,1232.5642370084722
6.10.2,6,6,ims,0,0/8,1274.613016991807,1232.5642370084722
6.10.2,6,6,ims,1,1/8,1232.5642370084722,1232.5642370084722
6.10.2,6,6,ims,2,2/8,1232.5642370084722,1232.5642370084722
6.10.2,6,6,ims,3,3/8,1232.5642370084722,1232.5642370084722
6.10.2,6,6,ims,4,4/8,1232.5642370084722,1232.5642370084722
6.10.2,6,6,ims,5,5/8,1232.5642370084722,1232.5642370084722
6.10.2,6,6,ims,6,6/8,1232.5642370084722,1232.5642370084722
6.10.2,6,6,ims,7,7/8,1232.5642370084722,1232.5642370084722
6.10.2,6,6,ims,8,8/8,1232.5642370084722,1232.5642370084722
6.10.2,6,7,ims,0,0/8,1274.613016991807,1232.5642370084722
6.10.2,6,7,ims,1,1/8,1232.5642370084722,1232.5642370084722
6.10.2,6,7,ims,2,2/8,1232.5642370084722,1232.5642370084722
6.10.2,6,7,ims,3,3/8,1232.5642370084722,1232.5642370084722
6.10.2,6,7,ims,4,4/8,1232.5642370084722,1232.5642370084722
6.10.2,6,7,ims,5,5/8,1232.5642370084722,1232.5642370084722
6.10.2,6,7,ims,6,6/8,1232.5642370084722,1232.5642370084722
6.10.2,6,7,ims,7,7/8,1232.5642370084722,1232.5642370084722
6.10.2,6,7,ims,8,8/8,1232.5642370084722,1232.5642370084722
6.10.2,6,8,ims,0,0/8,1274.613016991807,1232.5642370084722
6.10.2,6,8,ims,1,1/8,1232.5642370084722,1232.5642370084722
6.10.2,6,8,ims,2,2/8,1232.5642370084722,1232.5642370084722
6.10.2,6,8,ims,3,3/8,1232.5642370084722,1232.5642370084722
6.10.2,6,8,ims,4,4/8,1232.5642370084722,1232.5642370084722
6.10.2,6,8,ims,5,5/8,1232.5642370084722,1232.5642370084722
6.10.2,6,8,ims,6,6/8,1232.5642370084722,1232.5642370084722
6.10.2,6,8,ims,7,7/8,1232.5642370084722,1232.5642370084722
6.10.2,6,8,ims,8,8/8,1232.5642370084722,1232.5642370084722
6.10.2,6,9,ims,0,0/8,1300.498819297096,1232.5642370084722
6.10.2,6,9,ims,1,1/8,1232.5642370084722,1232.5642370084722
6.10.2,6,9,ims,2,2/8,1232.5642370084722,1232.5642370084722
6.10.2,6,9,ims,3,3/8,1232.5642370084722,1232.5642370084722
6.10.2,6,9,ims,4,4/8,1232.5642370084722,1232.5642370084722
6.10.2,6,9,ims,5,5/8,1232.5642370084722,1232.5642370084722
6.10.2,6,9,ims,6,6/8,1232.5642370084722,1232.5642370084722
6.10.2,6,9,ims,7,7/8,1232.5642370084722,1232.5642370084722
6.10.2,6,9,ims,8,8/8,1232.5642370084722,1232.5642370084722
6.10.2,6,10,ims,0,0/8,1274.613016991807,1232.5642370084722
6.10.2,6,10,ims,1,1/8,1232.5642370084722,1232.5642370084722
6.10.2,6,10,ims,2,2/8,1232.5642370084722,1232.5642370084722
6.10.2,6,10,ims,3,3/8,1232.5642370084722,1232.5642370084722
6.10.2,6,10,ims,4,4/8,1232.5642370084722,1232.5642370084722
6.10.2,6,10,ims,5,5/8,1232.5642370084722,1232.5642370084722
6.10.2,6,10,ims,6,6/8,1232.5642370084722,1232.5642370084722
6.10.2,6,10,ims,7,7/8,1232.5642370084722,1232.5642370084722
6.10.2,6,10,ims,8,8/8,1232.5642370084722,1232.5642370084722
6.10.2,6,1,sats,0,0/8,1337.0437067457547,1232.5642370084722
6.10.2,6,1,sats,1,1/8,1232.5642370084722,1232.5642370084722
6.10.2,6,1,sats,2,2/8,1232.5642370084722,1232.5642370084722
6.10.2,6,1,sats,3,3/8,1232.5642370084722,1232.5642370084722
6.10.2,6,1,sats,4,4/8,1232.5642370084722,1232.5642370084722
6.10.2,6,1,sats,5,5/8,1232.5642370084722,1232.5642370084722
6.10.2,6,1,sats,6,6/8,1232.5642370084722,1232.5642370084722
6.10.2,6,1,sats,7,7/8,1232.5642370084722,1232.5642370084722
6.10.2,6,1,sats,8,8/8,1232.5642370084722,1232.5642370084722
6.10.2,6,2,sats,0,0/8,1274.613016991807,1232.5642370084722
6.10.2,6,2,sats,1,1/8,1232.5642370084722,1232.5642370084722
6.10.2,6,2,sats,2,2/8,1232.5642370084722,1232.5642370084722
6.10.2,6,2,sats,3,3/8,1232.5642370084722,1232.5642370084722
6.10.2,6,2,sats,4,4/8,1232.5642370084722,1232.5642370084722
6.10.2,6,2,sats,5,5/8,1232.5642370084722,1232.5642370084722
6.10.2,6,2,sats,6,6/8,1232.5642370084722,1232.5642370084722
6.10.2,6,2,sats,7,7/8,1232.5642370084722,1232.5642370084722
6.10.2,6,2,sats,8,8/8,1232.5642370084722,1232.5642370084722
6.10.2,6,3,sats,0,0/8,1368.4334015857194,1232.5642370084722
6.10.2,6,3,sats,1,1/8,1232.5642370084722,1232.5642370084722
6.10.2,6,3,sats,2,2/8,1232.5642370084722,1232.5642370084722
6.10.2,6,3,sats,3,3/8,1232.5642370084722,1232.5642370084722
6.10.2,6,3,sats,4,4/8,1232.5642370084722,1232.5642370084722
6.10.2,6,3,sats,5,5/8,1232.5642370084722,1232.5642370084722
6.10.2,6,3,sats,6,6/8,1232.5642370084722,1232.5642370084722
6.10.2,6,3,sats,7,7/8,1232.5642370084722,1232.5642370084722
6.10.2,6,3,sats,8,8/8,1232.5642370084722,1232.5642370084722
6.10.2,6,4,sats,0,0/8,1800.8022734792619,1232.5642370084722
6.10.2,6,4,sats,1,1/8,1232.5642370084722,1232.5642370084722
6.10.2,6,4,sats,2,2/8,1232.5642370084722,1232.5642370084722
6.10.2,6,4,sats,3,3/8,1232.5642370084722,1232.5642370084722
6.10.2,6,4,sats,4,4/8,1232.5642370084722,1232.5642370084722
6.10.2,6,4,sats,5,5/8,1232.5642370084722,1232.5642370084722
6.10.2,6,4,sats,6,6/8,1232.5642370084722,1232.5642370084722
6.10.2,6,4,sats,7,7/8,1232.5642370084722,1232.5642370084722
6.10.2,6,4,sats,8,8/8,1232.5642370084722,1232.5642370084722
6.10.2,6,5,sats,0,0/8,1800.8022734792619,1232.5642370084722
6.10.2,6,5,sats,1,1/8,1232.5642370084722,1232.5642370084722
6.10.2,6,5,sats,2,2/8,1232.5642370084722,1232.5642370084722
6.10.2,6,5,sats,3,3/8,1232.5642370084722,1232.5642370084722
6.10.2,6,5,sats,4,4/8,1232.5642370084722,1232.5642370084722
6.10.2,6,5,sats,5,5/8,1232.5642370084722,1232.5642370084722
6.10.2,6,5,sats,6,6/8,1232.5642370084722,1232.5642370084722
6.10.2,6,5,sats,7,7/8,1232.5642370084722,1232.5642370084722
6.10.2,6,5,sats,8,8/8,1232.5642370084722,1232.5642370084722
6.10.2,6,6,sats,0,0/8,1368.4334015857194,1232.5642370084722
6.10.2,6,6,sats,1,1/8,1232.5642370084722,1232.5642370084722
6.10.2,6,6,sats,2,2/8,1232.5642370084722,1232.5642370084722
6.10.2,6,6,sats,3,3/8,1232.5642370084722,1232.5642370084722
6.10.2,6,6,sats,4,4/8,1232.5642370084722,1232.5642370084722
6.10.2,6,6,sats,5,5/8,1232.5642370084722,1232.5642370084722
6.10.2,6,6,sats,6,6/8,1232.5642370084722,1232.5642370084722
6.10.2,6,6,sats,7,7/8,1232.5642370084722,1232.5642370084722
6.10.2,6,6,sats,8,8/8,1232.5642370084722,1232.5642370084722
6.10.2,6,7,sats,0,0/8,1368.4334015857194,1232.5642370084722
6.10.2,6,7,sats,1,1/8,1232.5642370084722,1232.5642370084722
6.10.2,6,7,sats,2,2/8,1232.5642370084722,1232.5642370084722
6.10.2,6,7,sats,3,3/8,1232.5642370084722,1232.5642370084722
6.10.2,6,7,sats,4,4/8,1232.5642370084722,1232.5642370084722
6.10.2,6,7,sats,5,5/8,1232.5642370084722,1232.5642370084722
6.10.2,6,7,sats,6,6/8,1232.5642370084722,1232.5642370084722
6.10.2,6,7,sats,7,7/8,1232.5642370084722,1232.5642370084722
6.10.2,6,7,sats,8,8/8,1232.5642370084722,1232.5642370084722
6.10.2,6,8,sats,0,0/8,1274.613016991807,1232.5642370084722
6.10.2,6,8,sats,1,1/8,1232.5642370084722,1232.5642370084722
6.10.2,6,8,sats,2,2/8,1232.5642370084722,1232.5642370084722
6.10.2,6,8,sats,3,3/8,1232.5642370084722,1232.5642370084722
6.10.2,6,8,sats,4,4/8,1232.5642370084722,1232.5642370084722
6.10.2,6,8,sats,5,5/8,1232.5642370084722,1232.5642370084722
6.10.2,6,8,sats,6,6/8,1232.5642370084722,1232.5642370084722
6.10.2,6,8,sats,7,7/8,1232.5642370084722,1232.5642370084722
6.10.2,6,8,sats,8,8/8,1232.5642370084722,1232.5642370084722
6.10.2,6,9,sats,0,0/8,1368.4334015857194,1232.5642370084722
6.10.2,6,9,sats,1,1/8,1232.5642370084722,1232.5642370084722
6.10.2,6,9,sats,2,2/8,1232.5642370084722,1232.5642370084722
6.10.2,6,9,sats,3,3/8,1232.5642370084722,1232.5642370084722
6.10.2,6,9,sats,4,4/8,1232.5642370084722,1232.5642370084722
6.10.2,6,9,sats,5,5/8,1232.5642370084722,1232.5642370084722
6.10.2,6,9,sats,6,6/8,1232.5642370084722,1232.5642370084722
6.10.2,6,9,sats,7,7/8,1232.5642370084722,1232.5642370084722
6.10.2,6,9,sats,8,8/8,1232.5642370084722,1232.5642370084722
6.10.2,6,10,sats,0,0/8,1274.613016991807,1232.5642370084722
6.10.2,6,10,sats,1,1/8,1232.5642370084722,1232.5642370084722
6.10.2,6,10,sats,2,2/8,1232.5642370084722,1232.5642370084722
6.10.2,6,10,sats,3,3/8,1232.5642370084722,1232.5642370084722
6.10.2,6,10,sats,4,4/8,1232.5642370084722,1232.5642370084722
6.10.2,6,10,sats,5,5/8,1232.5642370084722,1232.5642370084722
6.10.2,6,10,sats,6,6/8,1232.5642370084722,1232.5642370084722
6.10.2,6,10,sats,7,7/8,1232.5642370084722,1232.5642370084722
6.10.2,6,10,sats,8,8/8,1232.5642370084722,1232.5642370084722
6.10.3,6,1,ims,0,0/8,1397.7506925525252,1230.0423116063364
6.10.3,6,1,ims,1,1/8,1230.0423116063364,1230.0423116063364
6.10.3,6,1,ims,2,2/8,1230.0423116063364,1230.0423116063364
6.10.3,6,1,ims,3,3/8,1230.0423116063364,1230.0423116063364
6.10.3,6,1,ims,4,4/8,1230.0423116063364,1230.0423116063364
6.10.3,6,1,ims,5,5/8,1230.0423116063364,1230.0423116063364
6.10.3,6,1,ims,6,6/8,1230.0423116063364,1230.0423116063364
6.10.3,6,1,ims,7,7/8,1230.0423116063364,1230.0423116063364
6.10.3,6,1,ims,8,8/8,1230.0423116063364,1230.0423116063364
6.10.3,6,2,ims,0,0/8,1529.2975355323322,1230.0423116063364
6.10.3,6,2,ims,1,1/8,1230.0423116063364,1230.0423116063364
6.10.3,6,2,ims,2,2/8,1230.0423116063364,1230.0423116063364
6.10.3,6,2,ims,3,3/8,1230.0423116063364,1230.0423116063364
6.10.3,6,2,ims,4,4/8,1230.0423116063364,1230.0423116063364
6.10.3,6,2,ims,5,5/8,1230.0423116063364,1230.0423116063364
6.10.3,6,2,ims,6,6/8,1230.0423116063364,1230.0423116063364
6.10.3,6,2,ims,7,7/8,1230.0423116063364,1230.0423116063364
6.10.3,6,2,ims,8,8/8,1230.0423116063364,1230.0423116063364
6.10.3,6,3,ims,0,0/8,1326.8643165128533,1230.0423116063364
6.10.3,6,3,ims,1,1/8,1230.0423116063364,1230.0423116063364
6.10.3,6,3,ims,2,2/8,1230.0423116063364,1230.0423116063364
6.10.3,6,3,ims,3,3/8,1230.0423116063364,1230.0423116063364
6.10.3,6,3,ims,4,4/8,1230.0423116063364,1230.0423116063364
6.10.3,6,3,ims,5,5/8,1230.0423116063364,1230.0423116063364
6.10.3,6,3,ims,6,6/8,1230.0423116063364,1230.0423116063364
6.10.3,6,3,ims,7,7/8,1230.0423116063364,1230.0423116063364
6.10.3,6,3,ims,8,8/8,1230.0423116063364,1230.0423116063364
6.10.3,6,4,ims,0,0/8,1529.2975355323322,1230.0423116063364
6.10.3,6,4,ims,1,1/8,1230.0423116063364,1230.0423116063364
6.10.3,6,4,ims,2,2/8,1230.0423116063364,1230.0423116063364
6.10.3,6,4,ims,3,3/8,1230.0423116063364,1230.0423116063364
6.10.3,6,4,ims,4,4/8,1230.0423116063364,1230.0423116063364
6.10.3,6,4,ims,5,5/8,1230.0423116063364,1230.0423116063364
6.10.3,6,4,ims,6,6/8,1230.0423116063364,1230.0423116063364
6.10.3,6,4,ims,7,7/8,1230.0423116063364,1230.0423116063364
6.10.3,6,4,ims,8,8/8,1230.0423116063364,1230.0423116063364
6.10.3,6,5,ims,0,0/8,1326.8643165128533,1230.0423116063364
6.10.3,6,5,ims,1,1/8,1230.0423116063364,1230.0423116063364
6.10.3,6,5,ims,2,2/8,1230.0423116063364,1230.0423116063364
6.10.3,6,5,ims,3,3/8,1230.0423116063364,1230.0423116063364
6.10.3,6,5,ims,4,4/8,1230.0423116063364,1230.0423116063364
6.10.3,6,5,ims,5,5/8,1230.0423116063364,1230.0423116063364
6.10.3,6,5,ims,6,6/8,1230.0423116063364,1230.0423116063364
6.10.3,6,5,ims,7,7/8,1230.0423116063364,1230.0423116063364
6.10.3,6,5,ims,8,8/8,1230.0423116063364,1230.0423116063364
6.10.3,6,6,ims,0,0/8,1326.8643165128533,1230.0423116063364
6.10.3,6,6,ims,1,1/8,1230.0423116063364,1230.0423116063364
6.10.3,6,6,ims,2,2/8,1230.0423116063364,1230.0423116063364
6.10.3,6,6,ims,3,3/8,1230.0423116063364,1230.0423116063364
6.10.3,6,6,ims,4,4/8,1230.0423116063364,1230.0423116063364
6.10.3,6,6,ims,5,5/8,1230.0423116063364,1230.0423116063364
6.10.3,6,6,ims,6,6/8,1230.0423116063364,1230.0423116063364
6.10.3,6,6,ims,7,7/8,1230.0423116063364,1230.0423116063364
6.10.3,6,6,ims,8,8/8,1230.0423116063364,1230.0423116063364
6.10.3,6,7,ims,0,0/8,1326.8643165128533,1230.0423116063364
6.10.3,6,7,ims,1,1/8,1230.0423116063364,1230.0423116063364
6.10.3,6,7,ims,2,2/8,1230.0423116063364,1230.0423116063364
6.10.3,6,7,ims,3,3/8,1230.0423116063364,1230.0423116063364
6.10.3,6,7,ims,4,4/8,1230.0423116063364,1230.0423116063364
6.10.3,6,7,ims,5,5/8,1230.0423116063364,1230.0423116063364
6.10.3,6,7,ims,6,6/8,1230.0423116063364,1230.0423116063364
6.10.3,6,7,ims,7,7/8,1230.0423116063364,1230.0423116063364
6.10.3,6,7,ims,8,8/8,1230.0423116063364,1230.0423116063364
6.10.3,6,8,ims,0,0/8,1326.8643165128533,1230.0423116063364
6.10.3,6,8,ims,1,1/8,1230.0423116063364,1230.0423116063364
6.10.3,6,8,ims,2,2/8,1230.0423116063364,1230.0423116063364
6.10.3,6,8,ims,3,3/8,1230.0423116063364,1230.0423116063364
6.10.3,6,8,ims,4,4/8,1230.0423116063364,1230.0423116063364
6.10.3,6,8,ims,5,5/8,1230.0423116063364,1230.0423116063364
6.10.3,6,8,ims,6,6/8,1230.0423116063364,1230.0423116063364
6.10.3,6,8,ims,7,7/8,1230.0423116063364,1230.0423116063364
6.10.3,6,8,ims,8,8/8,1230.0423116063364,1230.0423116063364
6.10.3,6,9,ims,0,0/8,1326.8643165128533,1230.0423116063364
6.10.3,6,9,ims,1,1/8,1230.0423116063364,1230.0423116063364
6.10.3,6,9,ims,2,2/8,1230.0423116063364,1230.0423116063364
6.10.3,6,9,ims,3,3/8,1230.0423116063364,1230.0423116063364
6.10.3,6,9,ims,4,4/8,1230.0423116063364,1230.0423116063364
6.10.3,6,9,ims,5,5/8,1230.0423116063364,1230.0423116063364
6.10.3,6,9,ims,6,6/8,1230.0423116063364,1230.0423116063364
6.10.3,6,9,ims,7,7/8,1230.0423116063364,1230.0423116063364
6.10.3,6,9,ims,8,8/8,1230.0423116063364,1230.0423116063364
6.10.3,6,10,ims,0,0/8,1655.4089961331001,1230.0423116063364
6.10.3,6,10,ims,1,1/8,1230.0423116063364,1230.0423116063364
6.10.3,6,10,ims,2,2/8,1230.0423116063364,1230.0423116063364
6.10.3,6,10,ims,3,3/8,1230.0423116063364,1230.0423116063364
6.10.3,6,10,ims,4,4/8,1230.0423116063364,1230.0423116063364
6.10.3,6,10,ims,5,5/8,1230.0423116063364,1230.0423116063364
6.10.3,6,10,ims,6,6/8,1230.0423116063364,1230.0423116063364
6.10.3,6,10,ims,7,7/8,1230.0423116063364,1230.0423116063364
6.10.3,6,10,ims,8,8/8,1230.0423116063364,1230.0423116063364
6.10.3,6,1,sats,0,0/8,2031.2850102311581,1230.0423116063364
6.10.3,6,1,sats,1,1/8,1230.0423116063364,1230.0423116063364
6.10.3,6,1,sats,2,2/8,1230.0423116063364,1230.0423116063364
6.10.3,6,1,sats,3,3/8,1230.0423116063364,1230.0423116063364
6.10.3,6,1,sats,4,4/8,1230.0423116063364,1230.0423116063364
6.10.3,6,1,sats,5,5/8,1230.0423116063364,1230.0423116063364
6.10.3,6,1,sats,6,6/8,1230.0423116063364,1230.0423116063364
6.10.3,6,1,sats,7,7/8,1230.0423116063364,1230.0423116063364
6.10.3,6,1,sats,8,8/8,1230.0423116063364,1230.0423116063364
6.10.3,6,2,sats,0,0/8,1655.4089961331001,1230.0423116063364
6.10.3,6,2,sats,1,1/8,1230.0423116063364,1230.0423116063364
6.10.3,6,2,sats,2,2/8,1230.0423116063364,1230.0423116063364
6.10.3,6,2,sats,3,3/8,1230.0423116063364,1230.0423116063364
6.10.3,6,2,sats,4,4/8,1230.0423116063364,1230.0423116063364
6.10.3,6,2,sats,5,5/8,1230.0423116063364,1230.0423116063364
6.10.3,6,2,sats,6,6/8,1230.0423116063364,1230.0423116063364
6.10.3,6,2,sats,7,7/8,1230.0423116063364,1230.0423116063364
6.10.3,6,2,sats,8,8/8,1230.0423116063364,1230.0423116063364
6.10.3,6,3,sats,0,0/8,1529.2975355323322,1230.0423116063364
6.10.3,6,3,sats,1,1/8,1230.0423116063364,1230.0423116063364
6.10.3,6,3,sats,2,2/8,1230.0423116063364,1230.0423116063364
6.10.3,6,3,sats,3,3/8,1230.0423116063364,1230.0423116063364
6.10.3,6,3,sats,4,4/8,1230.0423116063364,1230.0423116063364
6.10.3,6,3,sats,5,5/8,1230.0423116063364,1230.0423116063364
6.10.3,6,3,sats,6,6/8,1230.0423116063364,1230.0423116063364
6.10.3,6,3,sats,7,7/8,1230.0423116063364,1230.0423116063364
6.10.3,6,3,sats,8,8/8,1230.0423116063364,1230.0423116063364
6.10.3,6,4,sats,0,0/8,1721.0828790586652,1230.0423116063364
6.10.3,6,4,sats,1,1/8,1230.0423116063364,1230.0423116063364
6.10.3,6,4,sats,2,2/8,1230.0423116063364,1230.0423116063364
6.10.3,6,4,sats,3,3/8,1230.0423116063364,1230.0423116063364
6.10.3,6,4,sats,4,4/8,1230.0423116063364,1230.0423116063364
6.10.3,6,4,sats,5,5/8,1230.0423116063364,1230.0423116063364
6.10.3,6,4,sats,6,6/8,1230.0423116063364,1230.0423116063364
6.10.3,6,4,sats,7,7/8,1230.0423116063364,1230.0423116063364
6.10.3,6,4,sats,8,8/8,1230.0423116063364,1230.0423116063364
6.10.3,6,5,sats,0,0/8,1721.0828790586652,1230.0423116063364
6.10.3,6,5,sats,1,1/8,1230.0423116063364,1230.0423116063364
6.10.3,6,5,sats,2,2/8,1230.0423116063364,1230.0423116063364
6.10.3,6,5,sats,3,3/8,1230.0423116063364,1230.0423116063364
6.10.3,6,5,sats,4,4/8,1230.0423116063364,1230.0423116063364
6.10.3,6,5,sats,5,5/8,1230.0423116063364,1230.0423116063364
6.10.3,6,5,sats,6,6/8,1230.0423116063364,1230.0423116063364
6.10.3,6,5,sats,7,7/8,1230.0423116063364,1230.0423116063364
6.10.3,6,5,sats,8,8/8,1230.0423116063364,1230.0423116063364
6.10.3,6,6,sats,0,0/8,1529.2975355323322,1230.0423116063364
6.10.3,6,6,sats,1,1/8,1230.0423116063364,1230.0423116063364
6.10.3,6,6,sats,2,2/8,1230.0423116063364,1230.0423116063364
6.10.3,6,6,sats,3,3/8,1230.0423116063364,1230.0423116063364
6.10.3,6,6,sats,4,4/8,1230.0423116063364,1230.0423116063364
6.10.3,6,6,sats,5,5/8,1230.0423116063364,1230.0423116063364
6.10.3,6,6,sats,6,6/8,1230.0423116063364,1230.0423116063364
6.10.3,6,6,sats,7,7/8,1230.0423116063364,1230.0423116063364
6.10.3,6,6,sats,8,8/8,1230.0423116063364,1230.0423116063364
6.10.3,6,7,sats,0,0/8,1529.2975355323322,1230.0423116063364
6.10.3,6,7,sats,1,1/8,1230.0423116063364,1230.0423116063364
6.10.3,6,7,sats,2,2/8,1230.0423116063364,1230.0423116063364
6.10.3,6,7,sats,3,3/8,1230.0423116063364,1230.0423116063364
6.10.3,6,7,sats,4,4/8,1230.0423116063364,1230.0423116063364
6.10.3,6,7,sats,5,5/8,1230.0423116063364,1230.0423116063364
6.10.3,6,7,sats,6,6/8,1230.0423116063364,1230.0423116063364
6.10.3,6,7,sats,7,7/8,1230.0423116063364,1230.0423116063364
6.10.3,6,7,sats,8,8/8,1230.0423116063364,1230.0423116063364
6.10.3,6,8,sats,0,0/8,1655.4089961331001,1230.0423116063364
6.10.3,6,8,sats,1,1/8,1230.0423116063364,1230.0423116063364
6.10.3,6,8,sats,2,2/8,1230.0423116063364,1230.0423116063364
6.10.3,6,8,sats,3,3/8,1230.0423116063364,1230.0423116063364
6.10.3,6,8,sats,4,4/8,1230.0423116063364,1230.0423116063364
6.10.3,6,8,sats,5,5/8,1230.0423116063364,1230.0423116063364
6.10.3,6,8,sats,6,6/8,1230.0423116063364,1230.0423116063364
6.10.3,6,8,sats,7,7/8,1230.0423116063364,1230.0423116063364
6.10.3,6,8,sats,8,8/8,1230.0423116063364,1230.0423116063364
6.10.3,6,9,sats,0,0/8,1529.2975355323322,1230.0423116063364
6.10.3,6,9,sats,1,1/8,1295.7859985616208,1230.0423116063364
6.10.3,6,9,sats,2,2/8,1295.7859985616208,1230.0423116063364
6.10.3,6,9,sats,3,3/8,1295.7859985616208,1230.0423116063364
6.10.3,6,9,sats,4,4/8,1260.3351713244076,1230.0423116063364
6.10.3,6,9,sats,5,5/8,1260.3351713244076,1230.0423116063364
6.10.3,6,9,sats,6,6/8,1230.0423116063364,1230.0423116063364
6.10.3,6,9,sats,7,7/8,1230.0423116063364,1230.0423116063364
6.10.3,6,9,sats,8,8/8,1230.0423116063364,1230.0423116063364
6.10.3,6,10,sats,0,0/8,1655.4089961331001,1230.0423116063364
6.10.3,6,10,sats,1,1/8,1295.7859985616208,1230.0423116063364
6.10.3,6,10,sats,2,2/8,1230.0423116063364,1230.0423116063364
6.10.3,6,10,sats,3,3/8,1230.0423116063364,1230.0423116063364
6.10.3,6,10,sats,4,4/8,1230.0423116063364,1230.0423116063364
6.10.3,6,10,sats,5,5/8,1230.0423116063364,1230.0423116063364
6.10.3,6,10,sats,6,6/8,1230.0423116063364,1230.0423116063364
6.10.3,6,10,sats,7,7/8,1230.0423116063364,1230.0423116063364
6.10.3,6,10,sats,8,8/8,1230.0423116063364,1230.0423116063364
6.10.4,6,1,ims,0,0/8,1205.822119175767,997.8432105109541
6.10.4,6,1,ims,1,1/8,997.8432105109541,997.8432105109541
6.10.4,6,1,ims,2,2/8,997.8432105109541,997.8432105109541
6.10.4,6,1,ims,3,3/8,997.8432105109541,997.8432105109541
6.10.4,6,1,ims,4,4/8,997.8432105109541,997.8432105109541
6.10.4,6,1,ims,5,5/8,997.8432105109541,997.8432105109541
6.10.4,6,1,ims,6,6/8,997.8432105109541,997.8432105109541
6.10.4,6,1,ims,7,7/8,997.8432105109541,997.8432105109541
6.10.4,6,1,ims,8,8/8,997.8432105109541,997.8432105109541
6.10.4,6,2,ims,0,0/8,1205.822119175767,997.8432105109541
6.10.4,6,2,ims,1,1/8,997.8432105109541,997.8432105109541
6.10.4,6,2,ims,2,2/8,997.8432105109541,997.8432105109541
6.10.4,6,2,ims,3,3/8,997.8432105109541,997.8432105109541
6.10.4,6,2,ims,4,4/8,997.8432105109541,997.8432105109541
6.10.4,6,2,ims,5,5/8,997.8432105109541,997.8432105109541
6.10.4,6,2,ims,6,6/8,997.8432105109541,997.8432105109541
6.10.4,6,2,ims,7,7/8,997.8432105109541,997.8432105109541
6.10.4,6,2,ims,8,8/8,997.8432105109541,997.8432105109541
6.10.4,6,3,ims,0,0/8,1132.9921854935862,997.8432105109541
6.10.4,6,3,ims,1,1/8,997.8432105109541,997.8432105109541
6.10.4,6,3,ims,2,2/8,997.8432105109541,997.8432105109541
6.10.4,6,3,ims,3,3/8,997.8432105109541,997.8432105109541
6.10.4,6,3,ims,4,4/8,997.8432105109541,997.8432105109541
6.10.4,6,3,ims,5,5/8,997.8432105109541,997.8432105109541
6.10.4,6,3,ims,6,6/8,997.8432105109541,997.8432105109541
6.10.4,6,3,ims,7,7/8,997.8432105109541,997.8432105109541
6.10.4,6,3,ims,8,8/8,997.8432105109541,997.8432105109541
6.10.4,6,4,ims,0,0/8,1320.4389641667176,997.8432105109541
6.10.4,6,4,ims,1,1/8,997.8432105109541,997.8432105109541
6.10.4,6,4,ims,2,2/8,997.8432105109541,997.8432105109541
6.10.4,6,4,ims,3,3/8,997.8432105109541,997.8432105109541
6.10.4,6,4,ims,4,4/8,997.8432105109541,997.8432105109541
6.10.4,6,4,ims,5,5/8,997.8432105109541,997.8432105109541
6.10.4,6,4,ims,6,6/8,997.8432105109541,997.8432105109541
6.10.4,6,4,ims,7,7/8,997.8432105109541,997.8432105109541
6.10.4,6,4,ims,8,8/8,997.8432105109541,997.8432105109541
6.10.4,6,5,ims,0,0/8,1132.9921854935862,997.8432105109541
6.10.4,6,5,ims,1,1/8,997.8432105109541,997.8432105109541
6.10.4,6,5,ims,2,2/8,997.8432105109541,997.8432105109541
6.10.4,6,5,ims,3,3/8,997.8432105109541,997.8432105109541
6.10.4,6,5,ims,4,4/8,997.8432105109541,997.8432105109541
6.10.4,6,5,ims,5,5/8,997.8432105109541,997.8432105109541
6.10.4,6,5,ims,6,6/8,997.8432105109541,997.8432105109541
6.10.4,6,5,ims,7,7/8,997.8432105109541,997.8432105109541
6.10.4,6,5,ims,8,8/8,997.8432105109541,997.8432105109541
6.10.4,6,6,ims,0,0/8,1132.9921854935862,997.8432105109541
6.10.4,6,6,ims,1,1/8,997.8432105109541,997.8432105109541
6.10.4,6,6,ims,2,2/8,997.8432105109541,997.8432105109541
6.10.4,6,6,ims,3,3/8,997.8432105109541,997.8432105109541
6.10.4,6,6,ims,4,4/8,997.8432105109541,997.8432105109541
6.10.4,6,6,ims,5,5/8,997.8432105109541,997.8432105109541
6.10.4,6,6,ims,6,6/8,997.8432105109541,997.8432105109541
6.10.4,6,6,ims,7,7/8,997.8432105109541,997.8432105109541
6.10.4,6,6,ims,8,8/8,997.8432105109541,997.8432105109541
6.10.4,6,7,ims,0,0/8,1132.9921854935862,997.8432105109541
6.10.4,6,7,ims,1,1/8,997.8432105109541,997.8432105109541
6.10.4,6,7,ims,2,2/8,997.8432105109541,997.8432105109541
6.10.4,6,7,ims,3,3/8,997.8432105109541,997.8432105109541
6.10.4,6,7,ims,4,4/8,997.8432105109541,997.8432105109541
6.10.4,6,7,ims,5,5/8,997.8432105109541,997.8432105109541
6.10.4,6,7,ims,6,6/8,997.8432105109541,997.8432105109541
6.10.4,6,7,ims,7,7/8,997.8432105109541,997.8432105109541
6.10.4,6,7,ims,8,8/8,997.8432105109541,997.8432105109541
6.10.4,6,8,ims,0,0/8,1132.9921854935862,997.8432105109541
6.10.4,6,8,ims,1,1/8,997.8432105109541,997.8432105109541
6.10.4,6,8,ims,2,2/8,997.8432105109541,997.8432105109541
6.10.4,6,8,ims,3,3/8,997.8432105109541,997.8432105109541
6.10.4,6,8,ims,4,4/8,997.8432105109541,997.8432105109541
6.10.4,6,8,ims,5,5/8,997.8432105109541,997.8432105109541
6.10.4,6,8,ims,6,6/8,997.8432105109541,997.8432105109541
6.10.4,6,8,ims,7,7/8,997.8432105109541,997.8432105109541
6.10.4,6,8,ims,8,8/8,997.8432105109541,997.8432105109541
6.10.4,6,9,ims,0,0/8,1132.9921854935862,997.8432105109541
6.10.4,6,9,ims,1,1/8,997.8432105109541,997.8432105109541
6.10.4,6,9,ims,2,2/8,997.8432105109541,997.8432105109541
6.10.4,6,9,ims,3,3/8,997.8432105109541,997.8432105109541
6.10.4,6,9,ims,4,4/8,997.8432105109541,997.8432105109541
6.10.4,6,9,ims,5,5/8,997.8432105109541,997.8432105109541
6.10.4,6,9,ims,6,6/8,997.8432105109541,997.8432105109541
6.10.4,6,9,ims,7,7/8,997.8432105109541,997.8432105109541
6.10.4,6,9,ims,8,8/8,997.8432105109541,997.8432105109541
6.10.4,6,10,ims,0,0/8,1320.4389641667176,997.8432105109541
6.10.4,6,10,ims,1,1/8,997.8432105109541,997.8432105109541
6.10.4,6,10,ims,2,2/8,997.8432105109541,997.8432105109541
6.10.4,6,10,ims,3,3/8,997.8432105109541,997.8432105109541
6.10.4,6,10,ims,4,4/8,997.8432105109541,997.8432105109541
6.10.4,6,10,ims,5,5/8,997.8432105109541,997.8432105109541
6.10.4,6,10,ims,6,6/8,997.8432105109541,997.8432105109541
6.10.4,6,10,ims,7,7/8,997.8432105109541,997.8432105109541
6.10.4,6,10,ims,8,8/8,997.8432105109541,997.8432105109541
6.10.4,6,1,sats,0,0/8,1205.822119175767,997.8432105109541
6.10.4,6,1,sats,1,1/8,997.8432105109541,997.8432105109541
6.10.4,6,1,sats,2,2/8,997.8432105109541,997.8432105109541
6.10.4,6,1,sats,3,3/8,997.8432105109541,997.8432105109541
6.10.4,6,1,sats,4,4/8,997.8432105109541,997.8432105109541
6.10.4,6,1,sats,5,5/8,997.8432105109541,997.8432105109541
6.10.4,6,1,sats,6,6/8,997.8432105109541,997.8432105109541
6.10.4,6,1,sats,7,7/8,997.8432105109541,997.8432105109541
6.10.4,6,1,sats,8,8/8,997.8432105109541,997.8432105109541
6.10.4,6,2,sats,0,0/8,1320.4389641667176,997.8432105109541
6.10.4,6,2,sats,1,1/8,997.8432105109541,997.8432105109541
6.10.4,6,2,sats,2,2/8,997.8432105109541,997.8432105109541
6.10.4,6,2,sats,3,3/8,997.8432105109541,997.8432105109541
6.10.4,6,2,sats,4,4/8,997.8432105109541,997.8432105109541
6.10.4,6,2,sats,5,5/8,997.8432105109541,997.8432105109541
6.10.4,6,2,sats,6,6/8,997.8432105109541,997.8432105109541
6.10.4,6,2,sats,7,7/8,997.8432105109541,997.8432105109541
6.10.4,6,2,sats,8,8/8,997.8432105109541,997.8432105109541
6.10.4,6,3,sats,0,0/8,1765.2800953423878,997.8432105109541
6.10.4,6,3,sats,1,1/8,997.8432105109541,997.8432105109541
6.10.4,6,3,sats,2,2/8,997.8432105109541,997.8432105109541
6.10.4,6,3,sats,3,3/8,997.8432105109541,997.8432105109541
6.10.4,6,3,sats,4,4/8,997.8432105109541,997.8432105109541
6.10.4,6,3,sats,5,5/8,997.8432105109541,997.8432105109541
6.10.4,6,3,sats,6,6/8,997.8432105109541,997.8432105109541
6.10.4,6,3,sats,7,7/8,997.8432105109541,997.8432105109541
6.10.4,6,3,sats,8,8/8,997.8432105109541,997.8432105109541
6.10.4,6,4,sats,0,0/8,1399.6710991364967,997.8432105109541
6.10.4,6,4,sats,1,1/8,997.8432105109541,997.8432105109541
6.10.4,6,4,sats,2,2/8,997.8432105109541,997.8432105109541
6.10.4,6,4,sats,3,3/8,997.8432105109541,997.8432105109541
6.10.4,6,4,sats,4,4/8,997.8432105109541,997.8432105109541
6.10.4,6,4,sats,5,5/8,997.8432105109541,997.8432105109541
6.10.4,6,4,sats,6,6/8,997.8432105109541,997.8432105109541
6.10.4,6,4,sats,7,7/8,997.8432105109541,997.8432105109541
6.10.4,6,4,sats,8,8/8,997.8432105109541,997.8432105109541
6.10.4,6,5,sats,0,0/8,1399.6710991364967,997.8432105109541
6.10.4,6,5,sats,1,1/8,997.8432105109541,997.8432105109541
6.10.4,6,5,sats,2,2/8,997.8432105109541,997.8432105109541
6.10.4,6,5,sats,3,3/8,997.8432105109541,997.8432105109541
6.10.4,6,5,sats,4,4/8,997.8432105109541,997.8432105109541
6.10.4,6,5,sats,5,5/8,997.8432105109541,997.8432105109541
6.10.4,6,5,sats,6,6/8,997.8432105109541,997.8432105109541
6.10.4,6,5,sats,7,7/8,997.8432105109541,997.8432105109541
6.10.4,6,5,sats,8,8/8,997.8432105109541,997.8432105109541
6.10.4,6,6,sats,0,0/8,1765.2800953423878,997.8432105109541
6.10.4,6,6,sats,1,1/8,997.8432105109541,997.8432105109541
6.10.4,6,6,sats,2,2/8,997.8432105109541,997.8432105109541
6.10.4,6,6,sats,3,3/8,997.8432105109541,997.8432105109541
6.10.4,6,6,sats,4,4/8,997.8432105109541,997.8432105109541
6.10.4,6,6,sats,5,5/8,997.8432105109541,997.8432105109541
6.10.4,6,6,sats,6,6/8,997.8432105109541,997.8432105109541
6.10.4,6,6,sats,7,7/8,997.8432105109541,997.8432105109541
6.10.4,6,6,sats,8,8/8,997.8432105109541,997.8432105109541
6.10.4,6,7,sats,0,0/8,1765.2800953423878,997.8432105109541
6.10.4,6,7,sats,1,1/8,997.8432105109541,997.8432105109541
6.10.4,6,7,sats,2,2/8,997.8432105109541,997.8432105109541
6.10.4,6,7,sats,3,3/8,997.8432105109541,997.8432105109541
6.10.4,6,7,sats,4,4/8,997.8432105109541,997.8432105109541
6.10.4,6,7,sats,5,5/8,997.8432105109541,997.8432105109541
6.10.4,6,7,sats,6,6/8,997.8432105109541,997.8432105109541
6.10.4,6,7,sats,7,7/8,997.8432105109541,997.8432105109541
6.10.4,6,7,sats,8,8/8,997.8432105109541,997.8432105109541
6.10.4,6,8,sats,0,0/8,1320.4389641667176,997.8432105109541
6.10.4,6,8,sats,1,1/8,997.8432105109541,997.8432105109541
6.10.4,6,8,sats,2,2/8,997.8432105109541,997.8432105109541
6.10.4,6,8,sats,3,3/8,997.8432105109541,997.8432105109541
6.10.4,6,8,sats,4,4/8,997.8432105109541,997.8432105109541
6.10.4,6,8,sats,5,5/8,997.8432105109541,997.8432105109541
6.10.4,6,8,sats,6,6/8,997.8432105109541,997.8432105109541
6.10.4,6,8,sats,7,7/8,997.8432105109541,997.8432105109541
6.10.4,6,8,sats,8,8/8,997.8432105109541,997.8432105109541
6.10.4,6,9,sats,0,0/8,1765.2800953423878,997.8432105109541
6.10.4,6,9,sats,1,1/8,997.8432105109541,997.8432105109541
6.10.4,6,9,sats,2,2/8,997.8432105109541,997.8432105109541
6.10.4,6,9,sats,3,3/8,997.8432105109541,997.8432105109541
6.10.4,6,9,sats,4,4/8,997.8432105109541,997.8432105109541
6.10.4,6,9,sats,5,5/8,997.8432105109541,997.8432105109541
6.10.4,6,9,sats,6,6/8,997.8432105109541,997.8432105109541
6.10.4,6,9,sats,7,7/8,997.8432105109541,997.8432105109541
6.10.4,6,9,sats,8,8/8,997.8432105109541,997.8432105109541
6.10.4,6,10,sats,0,0/8,1320.4389641667176,997.8432105109541
6.10.4,6,10,sats,1,1/8,997.8432105109541,997.8432105109541
6.10.4,6,10,sats,2,2/8,997.8432105109541,997.8432105109541
6.10.4,6,10,sats,3,3/8,997.8432105109541,997.8432105109541
6.10.4,6,10,sats,4,4/8,997.8432105109541,997.8432105109541
6.10.4,6,10,sats,5,5/8,997.8432105109541,997.8432105109541
6.10.4,6,10,sats,6,6/8,997.8432105109541,997.8432105109541
6.10.4,6,10,sats,7,7/8,997.8432105109541,997.8432105109541
6.10.4,6,10,sats,8,8/8,997.8432105109541,997.8432105109541
6.20.1,6,1,ims,0,0/8,4486.681346181809,4486.681346181809
6.20.1,6,1,ims,1,1/8,4486.681346181809,4486.681346181809
6.20.1,6,1,ims,2,2/8,4486.681346181809,4486.681346181809
6.20.1,6,1,ims,3,3/8,4486.681346181809,4486.681346181809
6.20.1,6,1,ims,4,4/8,4486.681346181809,4486.681346181809
6.20.1,6,1,ims,5,5/8,4486.681346181809,4486.681346181809
6.20.1,6,1,ims,6,6/8,4486.681346181809,4486.681346181809
6.20.1,6,1,ims,7,7/8,4486.681346181809,4486.681346181809
6.20.1,6,1,ims,8,8/8,4486.681346181809,4486.681346181809
6.20.1,6,2,ims,0,0/8,5245.803157342456,4486.681346181809
6.20.1,6,2,ims,1,1/8,4486.681346181809,4486.681346181809
6.20.1,6,2,ims,2,2/8,4486.681346181809,4486.681346181809
6.20.1,6,2,ims,3,3/8,4486.681346181809,4486.681346181809
6.20.1,6,2,ims,4,4/8,4486.681346181809,4486.681346181809
6.20.1,6,2,ims,5,5/8,4486.681346181809,4486.681346181809
6.20.1,6,2,ims,6,6/8,4486.681346181809,4486.681346181809
6.20.1,6,2,ims,7,7/8,4486.681346181809,4486.681346181809
6.20.1,6,2,ims,8,8/8,4486.681346181809,4486.681346181809
6.20.1,6,3,ims,0,0/8,4862.0741912952635,4486.681346181809
6.20.1,6,3,ims,1,1/8,4486.681346181809,4486.681346181809
6.20.1,6,3,ims,2,2/8,4486.681346181809,4486.681346181809
6.20.1,6,3,ims,3,3/8,4486.681346181809,4486.681346181809
6.20.1,6,3,ims,4,4/8,4486.681346181809,4486.681346181809
6.20.1,6,3,ims,5,5/8,4486.681346181809,4486.681346181809
6.20.1,6,3,ims,6,6/8,4486.681346181809,4486.681346181809
6.20.1,6,3,ims,7,7/8,4486.681346181809,4486.681346181809
6.20.1,6,3,ims,8,8/8,4486.681346181809,4486.681346181809
6.20.1,6,4,ims,0,0/8,4486.681346181809,4486.681346181809
6.20.1,6,4,ims,1,1/8,4486.681346181809,4486.681346181809
6.20.1,6,4,ims,2,2/8,4486.681346181809,4486.681346181809
6.20.1,6,4,ims,3,3/8,4486.681346181809,4486.681346181809
6.20.1,6,4,ims,4,4/8,4486.681346181809,4486.681346181809
6.20.1,6,4,ims,5,5/8,4486.681346181809,4486.681346181809
6.20.1,6,4,ims,6,6/8,4486.681346181809,4486.681346181809
6.20.1,6,4,ims,7,7/8,4486.681346181809,4486.681346181809
6.20.1,6,4,ims,8,8/8,4486.681346181809,4486.681346181809
6.20.1,6,5,ims,0,0/8,4486.681346181809,4486.681346181809
6.20.1,6,5,ims,1,1/8,4486.681346181809,4486.681346181809
6.20.1,6,5,ims,2,2/8,4486.681346181809,4486.681346181809
6.20.1,6,5,ims,3,3/8,4486.681346181809,4486.681346181809
6.20.1,6,5,ims,4,4/8,4486.681346181809,4486.681346181809
6.20.1,6,5,ims,5,5/8,4486.681346181809,4486.681346181809
6.20.1,6,5,ims,6,6/8,4486.681346181809,4486.681346181809
6.20.1,6,5,ims,7,7/8,4486.681346181809,4486.681346181809
6.20.1,6,5,ims,8,8/8,4486.681346181809,4486.681346181809
6.20.1,6,6,ims,0,0/8,4862.0741912952635,4486.681346181809
6.20.1,6,6,ims,1,1/8,4486.681346181809,4486.681346181809
6.20.1,6,6,ims,2,2/8,4486.681346181809,4486.681346181809
6.20.1,6,6,ims,3,3/8,4486.681346181809,4486.681346181809
6.20.1,6,6,ims,4,4/8,4486.681346181809,4486.681346181809
6.20.1,6,6,ims,5,5/8,4486.681346181809,4486.681346181809
6.20.1,6,6,ims,6,6/8,4486.681346181809,4486.681346181809
6.20.1,6,6,ims,7,7/8,4486.681346181809,4486.681346181809
6.20.1,6,6,ims,8,8/8,4486.681346181809,4486.681346181809
6.20.1,6,7,ims,0,0/8,4486.681346181809,4486.681346181809
6.20.1,6,7,ims,1,1/8,4486.681346181809,4486.681346181809
6.20.1,6,7,ims,2,2/8,4486.681346181809,4486.681346181809
6.20.1,6,7,ims,3,3/8,4486.681346181809,4486.681346181809
6.20.1,6,7,ims,4,4/8,4486.681346181809,4486.681346181809
6.20.1,6,7,ims,5,5/8,4486.681346181809,4486.681346181809
6.20.1,6,7,ims,6,6/8,4486.681346181809,4486.681346181809
6.20.1,6,7,ims,7,7/8,4486.681346181809,4486.681346181809
6.20.1,6,7,ims,8,8/8,4486.681346181809,4486.681346181809
6.20.1,6,8,ims,0,0/8,4862.0741912952635,4486.681346181809
6.20.1,6,8,ims,1,1/8,4486.681346181809,4486.681346181809
6.20.1,6,8,ims,2,2/8,4486.681346181809,4486.681346181809
6.20.1,6,8,ims,3,3/8,4486.681346181809,4486.681346181809
6.20.1,6,8,ims,4,4/8,4486.681346181809,4486.681346181809
6.20.1,6,8,ims,5,5/8,4486.681346181809,4486.681346181809
6.20.1,6,8,ims,6,6/8,4486.681346181809,4486.681346181809
6.20.1,6,8,ims,7,7/8,4486.681346181809,4486.681346181809
6.20.1,6,8,ims,8,8/8,4486.681346181809,4486.681346181809
6.20.1,6,9,ims,0,0/8,4486.681346181809,4486.681346181809
6.20.1,6,9,ims,1,1/8,4486.681346181809,4486.681346181809
6.20.1,6,9,ims,2,2/8,4486.681346181809,4486.681346181809
6.20.1,6,9,ims,3,3/8,4486.681346181809,4486.681346181809
6.20.1,6,9,ims,4,4/8,4486.681346181809,4486.681346181809
6.20.1,6,9,ims,5,5/8,4486.681346181809,4486.681346181809
6.20.1,6,9,ims,6,6/8,4486.681346181809,4486.681346181809
6.20.1,6,9,ims,7,7/8,4486.681346181809,4486.681346181809
6.20.1,6,9,ims,8,8/8,4486.681346181809,4486.681346181809
6.20.1,6,10,ims,0,0/8,4486.681346181809,4486.681346181809
6.20.1,6,10,ims,1,1/8,4486.681346181809,4486.681346181809
6.20.1,6,10,ims,2,2/8,4486.681346181809,4486.681346181809
6.20.1,6,10,ims,3,3/8,4486.681346181809,4486.681346181809
6.20.1,6,10,ims,4,4/8,4486.681346181809,4486.681346181809
6.20.1,6,10,ims,5,5/8,4486.681346181809,4486.681346181809
6.20.1,6,10,ims,6,6/8,4486.681346181809,4486.681346181809
6.20.1,6,10,ims,7,7/8,4486.681346181809,4486.681346181809
6.20.1,6,10,ims,8,8/8,4486.681346181809,4486.681346181809
6.20.1,6,1,sats,0,0/8,5358.327710507176,4486.681346181809
6.20.1,6,1,sats,1,1/8,4486.681346181809,4486.681346181809
6.20.1,6,1,sats,2,2/8,4486.681346181809,4486.681346181809
6.20.1,6,1,sats,3,3/8,4486.681346181809,4486.681346181809
6.20.1,6,1,sats,4,4/8,4486.681346181809,4486.681346181809
6.20.1,6,1,sats,5,5/8,4486.681346181809,4486.681346181809
6.20.1,6,1,sats,6,6/8,4486.681346181809,4486.681346181809
6.20.1,6,1,sats,7,7/8,4486.681346181809,4486.681346181809
6.20.1,6,1,sats,8,8/8,4486.681346181809,4486.681346181809
6.20.1,6,2,sats,0,0/8,5245.803157342456,4486.681346181809
6.20.1,6,2,sats,1,1/8,4486.681346181809,4486.681346181809
6.20.1,6,2,sats,2,2/8,4486.681346181809,4486.681346181809
6.20.1,6,2,sats,3,3/8,4486.681346181809,4486.681346181809
6.20.1,6,2,sats,4,4/8,4486.681346181809,4486.681346181809
6.20.1,6,2,sats,5,5/8,4486.681346181809,4486.681346181809
6.20.1,6,2,sats,6,6/8,4486.681346181809,4486.681346181809
6.20.1,6,2,sats,7,7/8,4486.681346181809,4486.681346181809
6.20.1,6,2,sats,8,8/8,4486.681346181809,4486.681346181809
6.20.1,6,3,sats,0,0/8,5245.803157342456,4486.681346181809
6.20.1,6,3,sats,1,1/8,4486.681346181809,4486.681346181809
6.20.1,6,3,sats,2,2/8,4486.681346181809,4486.681346181809
6.20.1,6,3,sats,3,3/8,4486.681346181809,4486.681346181809
6.20.1,6,3,sats,4,4/8,4486.681346181809,4486.681346181809
6.20.1,6,3,sats,5,5/8,4486.681346181809,4486.681346181809
6.20.1,6,3,sats,6,6/8,4486.681346181809,4486.681346181809
6.20.1,6,3,sats,7,7/8,4486.681346181809,4486.681346181809
6.20.1,6,3,sats,8,8/8,4486.681346181809,4486.681346181809
6.20.1,6,4,sats,0,0/8,4486.681346181809,4486.681346181809
6.20.1,6,4,sats,1,1/8,4486.681346181809,4486.681346181809
6.20.1,6,4,sats,2,2/8,4486.681346181809,4486.681346181809
6.20.1,6,4,sats,3,3/8,4486.681346181809,4486.681346181809
6.20.1,6,4,sats,4,4/8,4486.681346181809,4486.681346181809
6.20.1,6,4,sats,5,5/8,4486.681346181809,4486.681346181809
6.20.1,6,4,sats,6,6/8,4486.681346181809,4486.681346181809
6.20.1,6,4,sats,7,7/8,4486.681346181809,4486.681346181809
6.20.1,6,4,sats,8,8/8,4486.681346181809,4486.681346181809
6.20.1,6,5,sats,0,0/8,4486.681346181809,4486.681346181809
6.20.1,6,5,sats,1,1/8,4486.681346181809,4486.681346181809
6.20.1,6,5,sats,2,2/8,4486.681346181809,4486.681346181809
6.20.1,6,5,sats,3,3/8,4486.681346181809,4486.681346181809
6.20.1,6,5,sats,4,4/8,4486.681346181809,4486.681346181809
6.20.1,6,5,sats,5,5/8,4486.681346181809,4486.681346181809
6.20.1,6,5,sats,6,6/8,4486.681346181809,4486.681346181809
6.20.1,6,5,sats,7,7/8,4486.681346181809,4486.681346181809
6.20.1,6,5,sats,8,8/8,4486.681346181809,4486.681346181809
6.20.1,6,6,sats,0,0/8,5245.803157342456,4486.681346181809
6.20.1,6,6,sats,1,1/8,4486.681346181809,4486.681346181809
6.20.1,6,6,sats,2,2/8,4486.681346181809,4486.681346181809
6.20.1,6,6,sats,3,3/8,4486.681346181809,4486.681346181809
6.20.1,6,6,sats,4,4/8,4486.681346181809,4486.681346181809
6.20.1,6,6,sats,5,5/8,4486.681346181809,4486.681346181809
6.20.1,6,6,sats,6,6/8,4486.681346181809,4486.681346181809
6.20.1,6,6,sats,7,7/8,4486.681346181809,4486.681346181809
6.20.1,6,6,sats,8,8/8,4486.681346181809,4486.681346181809
6.20.1,6,7,sats,0,0/8,5245.803157342456,4486.681346181809
6.20.1,6,7,sats,1,1/8,4486.681346181809,4486.681346181809
6.20.1,6,7,sats,2,2/8,4486.681346181809,4486.681346181809
6.20.1,6,7,sats,3,3/8,4486.681346181809,4486.681346181809
6.20.1,6,7,sats,4,4/8,4486.681346181809,4486.681346181809
6.20.1,6,7,sats,5,5/8,4486.681346181809,4486.681346181809
6.20.1,6,7,sats,6,6/8,4486.681346181809,4486.681346181809
6.20.1,6,7,sats,7,7/8,4486.681346181809,4486.681346181809
6.20.1,6,7,sats,8,8/8,4486.681346181809,4486.681346181809
6.20.1,6,8,sats,0,0/8,5245.803157342456,4486.681346181809
6.20.1,6,8,sats,1,1/8,4486.681346181809,4486.681346181809
6.20.1,6,8,sats,2,2/8,4486.681346181809,4486.681346181809
6.20.1,6,8,sats,3,3/8,4486.681346181809,4486.681346181809
6.20.1,6,8,sats,4,4/8,4486.681346181809,4486.681346181809
6.20.1,6,8,sats,5,5/8,4486.681346181809,4486.681346181809
6.20.1,6,8,sats,6,6/8,4486.681346181809,4486.681346181809
6.20.1,6,8,sats,7,7/8,4486.681346181809,4486.681346181809
6.20.1,6,8,sats,8,8/8,4486.681346181809,4486.681346181809
6.20.1,6,9,sats,0,0/8,5245.803157342456,4486.681346181809
6.20.1,6,9,sats,1,1/8,4486.681346181809,4486.681346181809
6.20.1,6,9,sats,2,2/8,4486.681346181809,4486.681346181809
6.20.1,6,9,sats,3,3/8,4486.681346181809,4486.681346181809
6.20.1,6,9,sats,4,4/8,4486.681346181809,4486.681346181809
6.20.1,6,9,sats,5,5/8,4486.681346181809,4486.681346181809
6.20.1,6,9,sats,6,6/8,4486.681346181809,4486.681346181809
6.20.1,6,9,sats,7,7/8,4486.681346181809,4486.681346181809
6.20.1,6,9,sats,8,8/8,4486.681346181809,4486.681346181809
6.20.1,6,10,sats,0,0/8,5245.803157342456,4486.681346181809
6.20.1,6,10,sats,1,1/8,4486.681346181809,4486.681346181809
6.20.1,6,10,sats,2,2/8,4486.681346181809,4486.681346181809
6.20.1,6,10,sats,3,3/8,4486.681346181809,4486.681346181809
6.20.1,6,10,sats,4,4/8,4486.681346181809,4486.681346181809
6.20.1,6,10,sats,5,5/8,4486.681346181809,4486.681346181809
6.20.1,6,10,sats,6,6/8,4486.681346181809,4486.681346181809
6.20.1,6,10,sats,7,7/8,4486.681346181809,4486.681346181809
6.20.1,6,10,sats,8,8/8,4486.681346181809,4486.681346181809
6.20.2,6,1,ims,0,0/8,4099.787885636016,4099.787885636016
6.20.2,6,1,ims,1,1/8,4099.787885636016,4099.787885636016
6.20.2,6,1,ims,2,2/8,4099.787885636016,4099.787885636016
6.20.2,6,1,ims,3,3/8,4099.787885636016,4099.787885636016
6.20.2,6,1,ims,4,4/8,4099.787885636016,4099.787885636016
6.20.2,6,1,ims,5,5/8,4099.787885636016,4099.787885636016
6.20.2,6,1,ims,6,6/8,4099.787885636016,4099.787885636016
6.20.2,6,1,ims,7,7/8,4099.787885636016,4099.787885636016
6.20.2,6,1,ims,8,8/8,4099.787885636016,4099.787885636016
6.20.2,6,2,ims,0,0/8,4099.787885636016,4099.787885636016
6.20.2,6,2,ims,1,1/8,4099.787885636016,4099.787885636016
6.20.2,6,2,ims,2,2/8,4099.787885636016,4099.787885636016
6.20.2,6,2,ims,3,3/8,4099.787885636016,4099.787885636016
6.20.2,6,2,ims,4,4/8,4099.787885636016,4099.787885636016
6.20.2,6,2,ims,5,5/8,4099.787885636016,4099.787885636016
6.20.2,6,2,ims,6,6/8,4099.787885636016,4099.787885636016
6.20.2,6,2,ims,7,7/8,4099.787885636016,4099.787885636016
6.20.2,6,2,ims,8,8/8,4099.787885636016,4099.787885636016
6.20.2,6,3,ims,0,0/8,4099.787885636016,4099.787885636016
6.20.2,6,3,ims,1,1/8,4099.787885636016,4099.787885636016
6.20.2,6,3,ims,2,2/8,4099.787885636016,4099.787885636016
6.20.2,6,3,ims,3,3/8,4099.787885636016,4099.787885636016
6.20.2,6,3,ims,4,4/8,4099.787885636016,4099.787885636016
6.20.2,6,3,ims,5,5/8,4099.787885636016,4099.787885636016
6.20.2,6,3,ims,6,6/8,4099.787885636016,4099.787885636016
6.20.2,6,3,ims,7,7/8,4099.787885636016,4099.787885636016
6.20.2,6,3,ims,8,8/8,4099.787885636016,4099.787885636016
6.20.2,6,4,ims,0,0/8,4099.787885636016,4099.787885636016
6.20.2,6,4,ims,1,1/8,4099.787885636016,4099.787885636016
6.20.2,6,4,ims,2,2/8,4099.787885636016,4099.787885636016
6.20.2,6,4,ims,3,3/8,4099.787885636016,4099.787885636016
6.20.2,6,4,ims,4,4/8,4099.787885636016,4099.787885636016
6.20.2,6,4,ims,5,5/8,4099.787885636016,4099.787885636016
6.20.2,6,4,ims,6,6/8,4099.787885636016,4099.787885636016
6.20.2,6,4,ims,7,7/8,4099.787885636016,4099.787885636016
6.20.2,6,4,ims,8,8/8,4099.787885636016,4099.787885636016
6.20.2,6,5,ims,0,0/8,4099.787885636016,4099.787885636016
6.20.2,6,5,ims,1,1/8,4099.787885636016,4099.787885636016
6.20.2,6,5,ims,2,2/8,4099.787885636016,4099.787885636016
6.20.2,6,5,ims,3,3/8,4099.787885636016,4099.787885636016
6.20.2,6,5,ims,4,4/8,4099.787885636016,4099.787885636016
6.20.2,6,5,ims,5,5/8,4099.787885636016,4099.787885636016
6.20.2,6,5,ims,6,6/8,4099.787885636016,4099.787885636016
6.20.2,6,5,ims,7,7/8,4099.787885636016,4099.787885636016
6.20.2,6,5,ims,8,8/8,4099.787885636016,4099.787885636016
6.20.2,6,6,ims,0,0/8,4099.787885636016,4099.787885636016
6.20.2,6,6,ims,1,1/8,4099.787885636016,4099.787885636016
6.20.2,6,6,ims,2,2/8,4099.787885636016,4099.787885636016
6.20.2,6,6,ims,3,3/8,4099.787885636016,4099.787885636016
6.20.2,6,6,ims,4,4/8,4099.787885636016,4099.787885636016
6.20.2,6,6,ims,5,5/8,4099.787885636016,4099.787885636016
6.20.2,6,6,ims,6,6/8,4099.787885636016,4099.787885636016
6.20.2,6,6,ims,7,7/8,4099.787885636016,4099.787885636016
6.20.2,6,6,ims,8,8/8,4099.787885636016,4099.787885636016
6.20.2,6,7,ims,0,0/8,4099.787885636016,4099.787885636016
6.20.2,6,7,ims,1,1/8,4099.787885636016,4099.787885636016
6.20.2,6,7,ims,2,2/8,4099.787885636016,4099.787885636016
6.20.2,6,7,ims,3,3/8,4099.787885636016,4099.787885636016
6.20.2,6,7,ims,4,4/8,4099.787885636016,4099.787885636016
6.20.2,6,7,ims,5,5/8,4099.787885636016,4099.787885636016
6.20.2,6,7,ims,6,6/8,4099.787885636016,4099.787885636016
6.20.2,6,7,ims,7,7/8,4099.787885636016,4099.787885636016
6.20.2,6,7,ims,8,8/8,4099.787885636016,4099.787885636016
6.20.2,6,8,ims,0,0/8,4174.478581972579,4099.787885636016
6.20.2,6,8,ims,1,1/8,4099.787885636016,4099.787885636016
6.20.2,6,8,ims,2,2/8,4099.787885636016,4099.787885636016
6.20.2,6,8,ims,3,3/8,4099.787885636016,4099.787885636016
6.20.2,6,8,ims,4,4/8,4099.787885636016,4099.787885636016
6.20.2,6,8,ims,5,5/8,4099.787885636016,4099.787885636016
6.20.2,6,8,ims,6,6/8,4099.787885636016,4099.787885636016
6.20.2,6,8,ims,7,7/8,4099.787885636016,4099.787885636016
6.20.2,6,8,ims,8,8/8,4099.787885636016,4099.787885636016
6.20.2,6,9,ims,0,0/8,4099.787885636016,4099.787885636016
6.20.2,6,9,ims,1,1/8,4099.787885636016,4099.787885636016
6.20.2,6,9,ims,2,2/8,4099.787885636016,4099.787885636016
6.20.2,6,9,ims,3,3/8,4099.787885636016,4099.787885636016
6.20.2,6,9,ims,4,4/8,4099.787885636016,4099.787885636016
6.20.2,6,9,ims,5,5/8,4099.787885636016,4099.787885636016
6.20.2,6,9,ims,6,6/8,4099.787885636016,4099.787885636016
6.20.2,6,9,ims,7,7/8,4099.787885636016,4099.787885636016
6.20.2,6,9,ims,8,8/8,4099.787885636016,4099.787885636016
6.20.2,6,10,ims,0,0/8,4099.787885636017,4099.787885636016
6.20.2,6,10,ims,1,1/8,4099.787885636016,4099.787885636016
6.20.2,6,10,ims,2,2/8,4099.787885636016,4099.787885636016
6.20.2,6,10,ims,3,3/8,4099.787885636016,4099.787885636016
6.20.2,6,10,ims,4,4/8,4099.787885636016,4099.787885636016
6.20.2,6,10,ims,5,5/8,4099.787885636016,4099.787885636016
6.20.2,6,10,ims,6,6/8,4099.787885636016,4099.787885636016
6.20.2,6,10,ims,7,7/8,4099.787885636016,4099.787885636016
6.20.2,6,10,ims,8,8/8,4099.787885636016,4099.787885636016
6.20.2,6,1,sats,0,0/8,4944.955614588743,4099.787885636016
6.20.2,6,1,sats,1,1/8,4099.787885636017,4099.787885636016
6.20.2,6,1,sats,2,2/8,4099.787885636017,4099.787885636016
6.20.2,6,1,sats,3,3/8,4099.787885636017,4099.787885636016
6.20.2,6,1,sats,4,4/8,4099.787885636017,4099.787885636016
6.20.2,6,1,sats,5,5/8,4099.787885636017,4099.787885636016
6.20.2,6,1,sats,6,6/8,4099.787885636017,4099.787885636016
6.20.2,6,1,sats,7,7/8,4099.787885636017,4099.787885636016
6.20.2,6,1,sats,8,8/8,4099.787885636017,4099.787885636016
6.20.2,6,2,sats,0,0/8,4245.179432738595,4099.787885636016
6.20.2,6,2,sats,1,1/8,4099.787885636016,4099.787885636016
6.20.2,6,2,sats,2,2/8,4099.787885636016,4099.787885636016
6.20.2,6,2,sats,3,3/8,4099.787885636016,4099.787885636016
6.20.2,6,2,sats,4,4/8,4099.787885636016,4099.787885636016
6.20.2,6,2,sats,5,5/8,4099.787885636016,4099.787885636016
6.20.2,6,2,sats,6,6/8,4099.787885636016,4099.787885636016
6.20.2,6,2,sats,7,7/8,4099.787885636016,4099.787885636016
6.20.2,6,2,sats,8,8/8,4099.787885636016,4099.787885636016
6.20.2,6,3,sats,0,0/8,4099.787885636016,4099.787885636016
6.20.2,6,3,sats,1,1/8,4099.787885636016,4099.787885636016
6.20.2,6,3,sats,2,2/8,4099.787885636016,4099.787885636016
6.20.2,6,3,sats,3,3/8,4099.787885636016,4099.787885636016
6.20.2,6,3,sats,4,4/8,4099.787885636016,4099.787885636016
6.20.2,6,3,sats,5,5/8,4099.787885636016,4099.787885636016
6.20.2,6,3,sats,6,6/8,4099.787885636016,4099.787885636016
6.20.2,6,3,sats,7,7/8,4099.787885636016,4099.787885636016
6.20.2,6,3,sats,8,8/8,4099.787885636016,4099.787885636016
6.20.2,6,4,sats,0,0/8,4099.787885636017,4099.787885636016
6.20.2,6,4,sats,1,1/8,4099.787885636017,4099.787885636016
6.20.2,6,4,sats,2,2/8,4099.787885636017,4099.787885636016
6.20.2,6,4,sats,3,3/8,4099.787885636017,4099.787885636016
6.20.2,6,4,sats,4,4/8,4099.787885636017,4099.787885636016
6.20.2,6,4,sats,5,5/8,4099.787885636017,4099.787885636016
6.20.2,6,4,sats,6,6/8,4099.787885636017,4099.787885636016
6.20.2,6,4,sats,7,7/8,4099.787885636017,4099.787885636016
6.20.2,6,4,sats,8,8/8,4099.787885636017,4099.787885636016
6.20.2,6,5,sats,0,0/8,4099.787885636017,4099.787885636016
6.20.2,6,5,sats,1,1/8,4099.787885636017,4099.787885636016
6.20.2,6,5,sats,2,2/8,4099.787885636017,4099.787885636016
6.20.2,6,5,sats,3,3/8,4099.787885636017,4099.787885636016
6.20.2,6,5,sats,4,4/8,4099.787885636017,4099.787885636016
6.20.2,6,5,sats,5,5/8,4099.787885636017,4099.787885636016
6.20.2,6,5,sats,6,6/8,4099.787885636017,4099.787885636016
6.20.2,6,5,sats,7,7/8,4099.787885636017,4099.787885636016
6.20.2,6,5,sats,8,8/8,4099.787885636017,4099.787885636016
6.20.2,6,6,sats,0,0/8,4099.787885636016,4099.787885636016
6.20.2,6,6,sats,1,1/8,4099.787885636016,4099.787885636016
6.20.2,6,6,sats,2,2/8,4099.787885636016,4099.787885636016
6.20.2,6,6,sats,3,3/8,4099.787885636016,4099.787885636016
6.20.2,6,6,sats,4,4/8,4099.787885636016,4099.787885636016
6.20.2,6,6,sats,5,5/8,4099.787885636016,4099.787885636016
6.20.2,6,6,sats,6,6/8,4099.787885636016,4099.787885636016
6.20.2,6,6,sats,7,7/8,4099.787885636016,4099.787885636016
6.20.2,6,6,sats,8,8/8,4099.787885636016,4099.787885636016
6.20.2,6,7,sats,0,0/8,4099.787885636016,4099.787885636016
6.20.2,6,7,sats,1,1/8,4099.787885636016,4099.787885636016
6.20.2,6,7,sats,2,2/8,4099.787885636016,4099.787885636016
6.20.2,6,7,sats,3,3/8,4099.787885636016,4099.787885636016
6.20.2,6,7,sats,4,4/8,4099.787885636016,4099.787885636016
6.20.2,6,7,sats,5,5/8,4099.787885636016,4099.787885636016
6.20.2,6,7,sats,6,6/8,4099.787885636016,4099.787885636016
6.20.2,6,7,sats,7,7/8,4099.787885636016,4099.787885636016
6.20.2,6,7,sats,8,8/8,4099.787885636016,4099.787885636016
6.20.2,6,8,sats,0,0/8,4245.179432738595,4099.787885636016
6.20.2,6,8,sats,1,1/8,4099.787885636016,4099.787885636016
6.20.2,6,8,sats,2,2/8,4099.787885636016,4099.787885636016
6.20.2,6,8,sats,3,3/8,4099.787885636016,4099.787885636016
6.20.2,6,8,sats,4,4/8,4099.787885636016,4099.787885636016
6.20.2,6,8,sats,5,5/8,4099.787885636016,4099.787885636016
6.20.2,6,8,sats,6,6/8,4099.787885636016,4099.787885636016
6.20.2,6,8,sats,7,7/8,4099.787885636016,4099.787885636016
6.20.2,6,8,sats,8,8/8,4099.787885636016,4099.787885636016
6.20.2,6,9,sats,0,0/8,4099.787885636016,4099.787885636016
6.20.2,6,9,sats,1,1/8,4099.787885636016,4099.787885636016
6.20.2,6,9,sats,2,2/8,4099.787885636016,4099.787885636016
6.20.2,6,9,sats,3,3/8,4099.787885636016,4099.787885636016
6.20.2,6,9,sats,4,4/8,4099.787885636016,4099.787885636016
6.20.2,6,9,sats,5,5/8,4099.787885636016,4099.787885636016
6.20.2,6,9,sats,6,6/8,4099.787885636016,4099.787885636016
6.20.2,6,9,sats,7,7/8,4099.787885636016,4099.787885636016
6.20.2,6,9,sats,8,8/8,4099.787885636016,4099.787885636016
6.20.2,6,10,sats,0,0/8,4245.179432738595,4099.787885636016
6.20.2,6,10,sats,1,1/8,4099.787885636016,4099.787885636016
6.20.2,6,10,sats,2,2/8,4099.787885636016,4099.787885636016
6.20.2,6,10,sats,3,3/8,4099.787885636016,4099.787885636016
6.20.2,6,10,sats,4,4/8,4099.787885636016,4099.787885636016
6.20.2,6,10,sats,5,5/8,4099.787885636016,4099.787885636016
6.20.2,6,10,sats,6,6/8,4099.787885636016,4099.787885636016
6.20.2,6,10,sats,7,7/8,4099.787885636016,4099.787885636016
6.20.2,6,10,sats,8,8/8,4099.787885636016,4099.787885636016
6.20.3,6,1,ims,0,0/8,6233.214544913807,6233.214544913807
6.20.3,6,1,ims,1,1/8,6233.214544913807,6233.214544913807
6.20.3,6,1,ims,2,2/8,6233.214544913807,6233.214544913807
6.20.3,6,1,ims,3,3/8,6233.214544913807,6233.214544913807
6.20.3,6,1,ims,4,4/8,6233.214544913807,6233.214544913807
6.20.3,6,1,ims,5,5/8,6233.214544913807,6233.214544913807
6.20.3,6,1,ims,6,6/8,6233.214544913807,6233.214544913807
6.20.3,6,1,ims,7,7/8,6233.214544913807,6233.214544913807
6.20.3,6,1,ims,8,8/8,6233.214544913807,6233.214544913807
6.20.3,6,2,ims,0,0/8,6437.746094073729,6233.214544913807
6.20.3,6,2,ims,1,1/8,6233.214544913807,6233.214544913807
6.20.3,6,2,ims,2,2/8,6233.214544913807,6233.214544913807
6.20.3,6,2,ims,3,3/8,6233.214544913807,6233.214544913807
6.20.3,6,2,ims,4,4/8,6233.214544913807,6233.214544913807
6.20.3,6,2,ims,5,5/8,6233.214544913807,6233.214544913807
6.20.3,6,2,ims,6,6/8,6233.214544913807,6233.214544913807
6.20.3,6,2,ims,7,7/8,6233.214544913807,6233.214544913807
6.20.3,6,2,ims,8,8/8,6233.214544913807,6233.214544913807
6.20.3,6,3,ims,0,0/8,6233.214544913807,6233.214544913807
6.20.3,6,3,ims,1,1/8,6233.214544913807,6233.214544913807
6.20.3,6,3,ims,2,2/8,6233.214544913807,6233.214544913807
6.20.3,6,3,ims,3,3/8,6233.214544913807,6233.214544913807
6.20.3,6,3,ims,4,4/8,6233.214544913807,6233.214544913807
6.20.3,6,3,ims,5,5/8,6233.214544913807,6233.214544913807
6.20.3,6,3,ims,6,6/8,6233.214544913807,6233.214544913807
6.20.3,6,3,ims,7,7/8,6233.214544913807,6233.214544913807
6.20.3,6,3,ims,8,8/8,6233.214544913807,6233.214544913807
6.20.3,6,4,ims,0,0/8,6233.214544913807,6233.214544913807
6.20.3,6,4,ims,1,1/8,6233.214544913807,6233.214544913807
6.20.3,6,4,ims,2,2/8,6233.214544913807,6233.214544913807
6.20.3,6,4,ims,3,3/8,6233.214544913807,6233.214544913807
6.20.3,6,4,ims,4,4/8,6233.214544913807,6233.214544913807
6.20.3,6,4,ims,5,5/8,6233.214544913807,6233.214544913807
6.20.3,6,4,ims,6,6/8,6233.214544913807,6233.214544913807
6.20.3,6,4,ims,7,7/8,6233.214544913807,6233.214544913807
6.20.3,6,4,ims,8,8/8,6233.214544913807,6233.214544913807
6.20.3,6,5,ims,0,0/8,6233.214544913807,6233.214544913807
6.20.3,6,5,ims,1,1/8,6233.214544913807,6233.214544913807
6.20.3,6,5,ims,2,2/8,6233.214544913807,6233.214544913807
6.20.3,6,5,ims,3,3/8,6233.214544913807,6233.214544913807
6.20.3,6,5,ims,4,4/8,6233.214544913807,6233.214544913807
6.20.3,6,5,ims,5,5/8,6233.214544913807,6233.214544913807
6.20.3,6,5,ims,6,6/8,6233.214544913807,6233.214544913807
6.20.3,6,5,ims,7,7/8,6233.214544913807,6233.214544913807
6.20.3,6,5,ims,8,8/8,6233.214544913807,6233.214544913807
6.20.3,6,6,ims,0,0/8,6233.214544913807,6233.214544913807
6.20.3,6,6,ims,1,1/8,6233.214544913807,6233.214544913807
6.20.3,6,6,ims,2,2/8,6233.214544913807,6233.214544913807
6.20.3,6,6,ims,3,3/8,6233.214544913807,6233.214544913807
6.20.3,6,6,ims,4,4/8,6233.214544913807,6233.214544913807
6.20.3,6,6,ims,5,5/8,6233.214544913807,6233.214544913807
6.20.3,6,6,ims,6,6/8,6233.214544913807,6233.214544913807
6.20.3,6,6,ims,7,7/8,6233.214544913807,6233.214544913807
6.20.3,6,6,ims,8,8/8,6233.214544913807,6233.214544913807
6.20.3,6,7,ims,0,0/8,6233.214544913807,6233.214544913807
6.20.3,6,7,ims,1,1/8,6233.214544913807,6233.214544913807
6.20.3,6,7,ims,2,2/8,6233.214544913807,6233.214544913807
6.20.3,6,7,ims,3,3/8,6233.214544913807,6233.214544913807
6.20.3,6,7,ims,4,4/8,6233.214544913807,6233.214544913807
6.20.3,6,7,ims,5,5/8,6233.214544913807,6233.214544913807
6.20.3,6,7,ims,6,6/8,6233.214544913807,6233.214544913807
6.20.3,6,7,ims,7,7/8,6233.214544913807,6233.214544913807
6.20.3,6,7,ims,8,8/8,6233.214544913807,6233.214544913807
6.20.3,6,8,ims,0,0/8,6233.214544913807,6233.214544913807
6.20.3,6,8,ims,1,1/8,6233.214544913807,6233.214544913807
6.20.3,6,8,ims,2,2/8,6233.214544913807,6233.214544913807
6.20.3,6,8,ims,3,3/8,6233.214544913807,6233.214544913807
6.20.3,6,8,ims,4,4/8,6233.214544913807,6233.214544913807
6.20.3,6,8,ims,5,5/8,6233.214544913807,6233.214544913807
6.20.3,6,8,ims,6,6/8,6233.214544913807,6233.214544913807
6.20.3,6,8,ims,7,7/8,6233.214544913807,6233.214544913807
6.20.3,6,8,ims,8,8/8,6233.214544913807,6233.214544913807
6.20.3,6,9,ims,0,0/8,6233.214544913807,6233.214544913807
6.20.3,6,9,ims,1,1/8,6233.214544913807,6233.214544913807
6.20.3,6,9,ims,2,2/8,6233.214544913807,6233.214544913807
6.20.3,6,9,ims,3,3/8,6233.214544913807,6233.214544913807
6.20.3,6,9,ims,4,4/8,6233.214544913807,6233.214544913807
6.20.3,6,9,ims,5,5/8,6233.214544913807,6233.214544913807
6.20.3,6,9,ims,6,6/8,6233.214544913807,6233.214544913807
6.20.3,6,9,ims,7,7/8,6233.214544913807,6233.214544913807
6.20.3,6,9,ims,8,8/8,6233.214544913807,6233.214544913807
6.20.3,6,10,ims,0,0/8,6233.214544913807,6233.214544913807
6.20.3,6,10,ims,1,1/8,6233.214544913807,6233.214544913807
6.20.3,6,10,ims,2,2/8,6233.214544913807,6233.214544913807
6.20.3,6,10,ims,3,3/8,6233.214544913807,6233.214544913807
6.20.3,6,10,ims,4,4/8,6233.214544913807,6233.214544913807
6.20.3,6,10,ims,5,5/8,6233.214544913807,6233.214544913807
6.20.3,6,10,ims,6,6/8,6233.214544913807,6233.214544913807
6.20.3,6,10,ims,7,7/8,6233.214544913807,6233.214544913807
6.20.3,6,10,ims,8,8/8,6233.214544913807,6233.214544913807
6.20.3,6,1,sats,0,0/8,6437.746094073729,6233.214544913807
6.20.3,6,1,sats,1,1/8,6233.214544913807,6233.214544913807
6.20.3,6,1,sats,2,2/8,6233.214544913807,6233.214544913807
6.20.3,6,1,sats,3,3/8,6233.214544913807,6233.214544913807
6.20.3,6,1,sats,4,4/8,6233.214544913807,6233.214544913807
6.20.3,6,1,sats,5,5/8,6233.214544913807,6233.214544913807
6.20.3,6,1,sats,6,6/8,6233.214544913807,6233.214544913807
6.20.3,6,1,sats,7,7/8,6233.214544913807,6233.214544913807
6.20.3,6,1,sats,8,8/8,6233.214544913807,6233.214544913807
6.20.3,6,2,sats,0,0/8,6662.171854656458,6233.214544913807
6.20.3,6,2,sats,1,1/8,6233.214544913807,6233.214544913807
6.20.3,6,2,sats,2,2/8,6233.214544913807,6233.214544913807
6.20.3,6,2,sats,3,3/8,6233.214544913807,6233.214544913807
6.20.3,6,2,sats,4,4/8,6233.214544913807,6233.214544913807
6.20.3,6,2,sats,5,5/8,6233.214544913807,6233.214544913807
6.20.3,6,2,sats,6,6/8,6233.214544913807,6233.214544913807
6.20.3,6,2,sats,7,7/8,6233.214544913807,6233.214544913807
6.20.3,6,2,sats,8,8/8,6233.214544913807,6233.214544913807
6.20.3,6,3,sats,0,0/8,7361.534439009909,6233.214544913807
6.20.3,6,3,sats,1,1/8,6233.214544913807,6233.214544913807
6.20.3,6,3,sats,2,2/8,6233.214544913807,6233.214544913807
6.20.3,6,3,sats,3,3/8,6233.214544913807,6233.214544913807
6.20.3,6,3,sats,4,4/8,6233.214544913807,6233.214544913807
6.20.3,6,3,sats,5,5/8,6233.214544913807,6233.214544913807
6.20.3,6,3,sats,6,6/8,6233.214544913807,6233.214544913807
6.20.3,6,3,sats,7,7/8,6233.214544913807,6233.214544913807
6.20.3,6,3,sats,8,8/8,6233.214544913807,6233.214544913807
6.20.3,6,4,sats,0,0/8,6233.214544913807,6233.214544913807
6.20.3,6,4,sats,1,1/8,6233.214544913807,6233.214544913807
6.20.3,6,4,sats,2,2/8,6233.214544913807,6233.214544913807
6.20.3,6,4,sats,3,3/8,6233.214544913807,6233.214544913807
6.20.3,6,4,sats,4,4/8,6233.214544913807,6233.214544913807
6.20.3,6,4,sats,5,5/8,6233.214544913807,6233.214544913807
6.20.3,6,4,sats,6,6/8,6233.214544913807,6233.214544913807
6.20.3,6,4,sats,7,7/8,6233.214544913807,6233.214544913807
6.20.3,6,4,sats,8,8/8,6233.214544913807,6233.214544913807
6.20.3,6,5,sats,0,0/8,6233.214544913807,6233.214544913807
6.20.3,6,5,sats,1,1/8,6233.214544913807,6233.214544913807
6.20.3,6,5,sats,2,2/8,6233.214544913807,6233.214544913807
6.20.3,6,5,sats,3,3/8,6233.214544913807,6233.214544913807
6.20.3,6,5,sats,4,4/8,6233.214544913807,6233.214544913807
6.20.3,6,5,sats,5,5/8,6233.214544913807,6233.214544913807
6.20.3,6,5,sats,6,6/8,6233.214544913807,6233.214544913807
6.20.3,6,5,sats,7,7/8,6233.214544913807,6233.214544913807
6.20.3,6,5,sats,8,8/8,6233.214544913807,6233.214544913807
6.20.3,6,6,sats,0,0/8,7361.534439009909,6233.214544913807
6.20.3,6,6,sats,1,1/8,6233.214544913807,6233.214544913807
6.20.3,6,6,sats,2,2/8,6233.214544913807,6233.214544913807
6.20.3,6,6,sats,3,3/8,6233.214544913807,6233.214544913807
6.20.3,6,6,sats,4,4/8,6233.214544913807,6233.214544913807
6.20.3,6,6,sats,5,5/8,6233.214544913807,6233.214544913807
6.20.3,6,6,sats,6,6/8,6233.214544913807,6233.214544913807
6.20.3,6,6,sats,7,7/8,6233.214544913807,6233.214544913807
6.20.3,6,6,sats,8,8/8,6233.214544913807,6233.214544913807
6.20.3,6,7,sats,0,0/8,7361.534439009909,6233.214544913807
6.20.3,6,7,sats,1,1/8,6233.214544913807,6233.214544913807
6.20.3,6,7,sats,2,2/8,6233.214544913807,6233.214544913807
6.20.3,6,7,sats,3,3/8,6233.214544913807,6233.214544913807
6.20.3,6,7,sats,4,4/8,6233.214544913807,6233.214544913807
6.20.3,6,7,sats,5,5/8,6233.214544913807,6233.214544913807
6.20.3,6,7,sats,6,6/8,6233.214544913807,6233.214544913807
6.20.3,6,7,sats,7,7/8,6233.214544913807,6233.214544913807
6.20.3,6,7,sats,8,8/8,6233.214544913807,6233.214544913807
6.20.3,6,8,sats,0,0/8,6662.171854656458,6233.214544913807
6.20.3,6,8,sats,1,1/8,6233.214544913807,6233.214544913807
6.20.3,6,8,sats,2,2/8,6233.214544913807,6233.214544913807
6.20.3,6,8,sats,3,3/8,6233.214544913807,6233.214544913807
6.20.3,6,8,sats,4,4/8,6233.214544913807,6233.214544913807
6.20.3,6,8,sats,5,5/8,6233.214544913807,6233.214544913807
6.20.3,6,8,sats,6,6/8,6233.214544913807,6233.214544913807
6.20.3,6,8,sats,7,7/8,6233.214544913807,6233.214544913807
6.20.3,6,8,sats,8,8/8,6233.214544913807,6233.214544913807
6.20.3,6,9,sats,0,0/8,7361.534439009909,6233.214544913807
6.20.3,6,9,sats,1,1/8,6233.214544913807,6233.214544913807
6.20.3,6,9,sats,2,2/8,6233.214544913807,6233.214544913807
6.20.3,6,9,sats,3,3/8,6233.214544913807,6233.214544913807
6.20.3,6,9,sats,4,4/8,6233.214544913807,6233.214544913807
6.20.3,6,9,sats,5,5/8,6233.214544913807,6233.214544913807
6.20.3,6,9,sats,6,6/8,6233.214544913807,6233.214544913807
6.20.3,6,9,sats,7,7/8,6233.214544913807,6233.214544913807
6.20.3,6,9,sats,8,8/8,6233.214544913807,6233.214544913807
6.20.3,6,10,sats,0,0/8,6662.171854656458,6233.214544913807
6.20.3,6,10,sats,1,1/8,6233.214544913807,6233.214544913807
6.20.3,6,10,sats,2,2/8,6233.214544913807,6233.214544913807
6.20.3,6,10,sats,3,3/8,6233.214544913807,6233.214544913807
6.20.3,6,10,sats,4,4/8,6233.214544913807,6233.214544913807
6.20.3,6,10,sats,5,5/8,6233.214544913807,6233.214544913807
6.20.3,6,10,sats,6,6/8,6233.214544913807,6233.214544913807
6.20.3,6,10,sats,7,7/8,6233.214544913807,6233.214544913807
6.20.3,6,10,sats,8,8/8,6233.214544913807,6233.214544913807
6.20.4,6,1,ims,0,0/8,6174.786067461169,6174.786067461169
6.20.4,6,1,ims,1,1/8,6174.786067461169,6174.786067461169
6.20.4,6,1,ims,2,2/8,6174.786067461169,6174.786067461169
6.20.4,6,1,ims,3,3/8,6174.786067461169,6174.786067461169
6.20.4,6,1,ims,4,4/8,6174.786067461169,6174.786067461169
6.20.4,6,1,ims,5,5/8,6174.786067461169,6174.786067461169
6.20.4,6,1,ims,6,6/8,6174.786067461169,6174.786067461169
6.20.4,6,1,ims,7,7/8,6174.786067461169,6174.786067461169
6.20.4,6,1,ims,8,8/8,6174.786067461169,6174.786067461169
6.20.4,6,2,ims,0,0/8,6518.877287026149,6174.786067461169
6.20.4,6,2,ims,1,1/8,6174.786067461169,6174.786067461169
6.20.4,6,2,ims,2,2/8,6174.786067461169,6174.786067461169
6.20.4,6,2,ims,3,3/8,6174.786067461169,6174.786067461169
6.20.4,6,2,ims,4,4/8,6174.786067461169,6174.786067461169
6.20.4,6,2,ims,5,5/8,6174.786067461169,6174.786067461169
6.20.4,6,2,ims,6,6/8,6174.786067461169,6174.786067461169
6.20.4,6,2,ims,7,7/8,6174.786067461169,6174.786067461169
6.20.4,6,2,ims,8,8/8,6174.786067461169,6174.786067461169
6.20.4,6,3,ims,0,0/8,6174.786067461169,6174.786067461169
6.20.4,6,3,ims,1,1/8,6174.786067461169,6174.786067461169
6.20.4,6,3,ims,2,2/8,6174.786067461169,6174.786067461169
6.20.4,6,3,ims,3,3/8,6174.786067461169,6174.786067461169
6.20.4,6,3,ims,4,4/8,6174.786067461169,6174.786067461169
6.20.4,6,3,ims,5,5/8,6174.786067461169,6174.786067461169
6.20.4,6,3,ims,6,6/8,6174.786067461169,6174.786067461169
6.20.4,6,3,ims,7,7/8,6174.786067461169,6174.786067461169
6.20.4,6,3,ims,8,8/8,6174.786067461169,6174.786067461169
6.20.4,6,4,ims,0,0/8,6518.877287026149,6174.786067461169
6.20.4,6,4,ims,1,1/8,6174.786067461169,6174.786067461169
6.20.4,6,4,ims,2,2/8,6174.786067461169,6174.786067461169
6.20.4,6,4,ims,3,3/8,6174.786067461169,6174.786067461169
6.20.4,6,4,ims,4,4/8,6174.786067461169,6174.786067461169
6.20.4,6,4,ims,5,5/8,6174.786067461169,6174.786067461169
6.20.4,6,4,ims,6,6/8,6174.786067461169,6174.786067461169
6.20.4,6,4,ims,7,7/8,6174.786067461169,6174.786067461169
6.20.4,6,4,ims,8,8/8,6174.786067461169,6174.786067461169
6.20.4,6,5,ims,0,0/8,6174.786067461169,6174.786067461169
6.20.4,6,5,ims,1,1/8,6174.786067461169,6174.786067461169
6.20.4,6,5,ims,2,2/8,6174.786067461169,6174.786067461169
6.20.4,6,5,ims,3,3/8,6174.786067461169,6174.786067461169
6.20.4,6,5,ims,4,4/8,6174.786067461169,6174.786067461169
6.20.4,6,5,ims,5,5/8,6174.786067461169,6174.786067461169
6.20.4,6,5,ims,6,6/8,6174.786067461169,6174.786067461169
6.20.4,6,5,ims,7,7/8,6174.786067461169,6174.786067461169
6.20.4,6,5,ims,8,8/8,6174.786067461169,6174.786067461169
6.20.4,6,6,ims,0,0/8,6174.786067461169,6174.786067461169
6.20.4,6,6,ims,1,1/8,6174.786067461169,6174.786067461169
6.20.4,6,6,ims,2,2/8,6174.786067461169,6174.786067461169
6.20.4,6,6,ims,3,3/8,6174.786067461169,6174.786067461169
6.20.4,6,6,ims,4,4/8,6174.786067461169,6174.786067461169
6.20.4,6,6,ims,5,5/8,6174.786067461169,6174.786067461169
6.20.4,6,6,ims,6,6/8,6174.786067461169,6174.786067461169
6.20.4,6,6,ims,7,7/8,6174.786067461169,6174.786067461169
6.20.4,6,6,ims,8,8/8,6174.786067461169,6174.786067461169
6.20.4,6,7,ims,0,0/8,6174.786067461169,6174.786067461169
6.20.4,6,7,ims,1,1/8,6174.786067461169,6174.786067461169
6.20.4,6,7,ims,2,2/8,6174.786067461169,6174.786067461169
6.20.4,6,7,ims,3,3/8,6174.786067461169,6174.786067461169
6.20.4,6,7,ims,4,4/8,6174.786067461169,6174.786067461169
6.20.4,6,7,ims,5,5/8,6174.786067461169,6174.786067461169
6.20.4,6,7,ims,6,6/8,6174.786067461169,6174.786067461169
6.20.4,6,7,ims,7,7/8,6174.786067461169,6174.786067461169
6.20.4,6,7,ims,8,8/8,6174.786067461169,6174.786067461169
6.20.4,6,8,ims,0,0/8,6174.786067461169,6174.786067461169
6.20.4,6,8,ims,1,1/8,6174.786067461169,6174.786067461169
6.20.4,6,8,ims,2,2/8,6174.786067461169,6174.786067461169
6.20.4,6,8,ims,3,3/8,6174.786067461169,6174.786067461169
6.20.4,6,8,ims,4,4/8,6174.786067461169,6174.786067461169
6.20.4,6,8,ims,5,5/8,6174.786067461169,6174.786067461169
6.20.4,6,8,ims,6,6/8,6174.786067461169,6174.786067461169
6.20.4,6,8,ims,7,7/8,6174.786067461169,6174.786067461169
6.20.4,6,8,ims,8,8/8,6174.786067461169,6174.786067461169
6.20.4,6,9,ims,0,0/8,6174.786067461169,6174.786067461169
6.20.4,6,9,ims,1,1/8,6174.786067461169,6174.786067461169
6.20.4,6,9,ims,2,2/8,6174.786067461169,6174.786067461169
6.20.4,6,9,ims,3,3/8,6174.786067461169,6174.786067461169
6.20.4,6,9,ims,4,4/8,6174.786067461169,6174.786067461169
6.20.4,6,9,ims,5,5/8,6174.786067461169,6174.786067461169
6.20.4,6,9,ims,6,6/8,6174.786067461169,6174.786067461169
6.20.4,6,9,ims,7,7/8,6174.786067461169,6174.786067461169
6.20.4,6,9,ims,8,8/8,6174.786067461169,6174.786067461169
6.20.4,6,10,ims,0,0/8,6518.877287026149,6174.786067461169
6.20.4,6,10,ims,1,1/8,6174.786067461169,6174.786067461169
6.20.4,6,10,ims,2,2/8,6174.786067461169,6174.786067461169
6.20.4,6,10,ims,3,3/8,6174.786067461169,6174.786067461169
6.20.4,6,10,ims,4,4/8,6174.786067461169,6174.786067461169
6.20.4,6,10,ims,5,5/8,6174.786067461169,6174.786067461169
6.20.4,6,10,ims,6,6/8,6174.786067461169,6174.786067461169
6.20.4,6,10,ims,7,7/8,6174.786067461169,6174.786067461169
6.20.4,6,10,ims,8,8/8,6174.786067461169,6174.786067461169
6.20.4,6,1,sats,0,0/8,7802.431120547566,6174.786067461169
6.20.4,6,1,sats,1,1/8,6174.786067461169,6174.786067461169
6.20.4,6,1,sats,2,2/8,6174.786067461169,6174.786067461169
6.20.4,6,1,sats,3,3/8,6174.786067461169,6174.786067461169
6.20.4,6,1,sats,4,4/8,6174.786067461169,6174.786067461169
6.20.4,6,1,sats,5,5/8,6174.786067461169,6174.786067461169
6.20.4,6,1,sats,6,6/8,6174.786067461169,6174.786067461169
6.20.4,6,1,sats,7,7/8,6174.786067461169,6174.786067461169
6.20.4,6,1,sats,8,8/8,6174.786067461169,6174.786067461169
6.20.4,6,2,sats,0,0/8,6518.877287026149,6174.786067461169
6.20.4,6,2,sats,1,1/8,6174.786067461169,6174.786067461169
6.20.4,6,2,sats,2,2/8,6174.786067461169,6174.786067461169
6.20.4,6,2,sats,3,3/8,6174.786067461169,6174.786067461169
6.20.4,6,2,sats,4,4/8,6174.786067461169,6174.786067461169
6.20.4,6,2,sats,5,5/8,6174.786067461169,6174.786067461169
6.20.4,6,2,sats,6,6/8,6174.786067461169,6174.786067461169
6.20.4,6,2,sats,7,7/8,6174.786067461169,6174.786067461169
6.20.4,6,2,sats,8,8/8,6174.786067461169,6174.786067461169
6.20.4,6,3,sats,0,0/8,6518.877287026149,6174.786067461169
6.20.4,6,3,sats,1,1/8,6174.786067461169,6174.786067461169
6.20.4,6,3,sats,2,2/8,6174.786067461169,6174.786067461169
6.20.4,6,3,sats,3,3/8,6174.786067461169,6174.786067461169
6.20.4,6,3,sats,4,4/8,6174.786067461169,6174.786067461169
6.20.4,6,3,sats,5,5/8,6174.786067461169,6174.786067461169
6.20.4,6,3,sats,6,6/8,6174.786067461169,6174.786067461169
6.20.4,6,3,sats,7,7/8,6174.786067461169,6174.786067461169
6.20.4,6,3,sats,8,8/8,6174.786067461169,6174.786067461169
6.20.4,6,4,sats,0,0/8,7555.516836043152,6174.786067461169
6.20.4,6,4,sats,1,1/8,6174.786067461169,6174.786067461169
6.20.4,6,4,sats,2,2/8,6174.786067461169,6174.786067461169
6.20.4,6,4,sats,3,3/8,6174.786067461169,6174.786067461169
6.20.4,6,4,sats,4,4/8,6174.786067461169,6174.786067461169
6.20.4,6,4,sats,5,5/8,6174.786067461169,6174.786067461169
6.20.4,6,4,sats,6,6/8,6174.786067461169,6174.786067461169
6.20.4,6,4,sats,7,7/8,6174.786067461169,6174.786067461169
6.20.4,6,4,sats,8,8/8,6174.786067461169,6174.786067461169
6.20.4,6,5,sats,0,0/8,7555.516836043152,6174.786067461169
6.20.4,6,5,sats,1,1/8,6174.786067461169,6174.786067461169
6.20.4,6,5,sats,2,2/8,6174.786067461169,6174.786067461169
6.20.4,6,5,sats,3,3/8,6174.786067461169,6174.786067461169
6.20.4,6,5,sats,4,4/8,6174.786067461169,6174.786067461169
6.20.4,6,5,sats,5,5/8,6174.786067461169,6174.786067461169
6.20.4,6,5,sats,6,6/8,6174.786067461169,6174.786067461169
6.20.4,6,5,sats,7,7/8,6174.786067461169,6174.786067461169
6.20.4,6,5,sats,8,8/8,6174.786067461169,6174.786067461169
6.20.4,6,6,sats,0,0/8,6518.877287026149,6174.786067461169
6.20.4,6,6,sats,1,1/8,6174.786067461169,6174.786067461169
6.20.4,6,6,sats,2,2/8,6174.786067461169,6174.786067461169
6.20.4,6,6,sats,3,3/8,6174.786067461169,6174.786067461169
6.20.4,6,6,sats,4,4/8,6174.786067461169,6174.786067461169
6.20.4,6,6,sats,5,5/8,6174.786067461169,6174.786067461169
6.20.4,6,6,sats,6,6/8,6174.786067461169,6174.786067461169
6.20.4,6,6,sats,7,7/8,6174.786067461169,6174.786067461169
6.20.4,6,6,sats,8,8/8,6174.786067461169,6174.786067461169
6.20.4,6,7,sats,0,0/8,6518.877287026149,6174.786067461169
6.20.4,6,7,sats,1,1/8,6174.786067461169,6174.786067461169
6.20.4,6,7,sats,2,2/8,6174.786067461169,6174.786067461169
6.20.4,6,7,sats,3,3/8,6174.786067461169,6174.786067461169
6.20.4,6,7,sats,4,4/8,6174.786067461169,6174.786067461169
6.20.4,6,7,sats,5,5/8,6174.786067461169,6174.786067461169
6.20.4,6,7,sats,6,6/8,6174.786067461169,6174.786067461169
6.20.4,6,7,sats,7,7/8,6174.786067461169,6174.786067461169
6.20.4,6,7,sats,8,8/8,6174.786067461169,6174.786067461169
6.20.4,6,8,sats,0,0/8,6518.877287026149,6174.786067461169
6.20.4,6,8,sats,1,1/8,6174.786067461169,6174.786067461169
6.20.4,6,8,sats,2,2/8,6174.786067461169,6174.786067461169
6.20.4,6,8,sats,3,3/8,6174.786067461169,6174.786067461169
6.20.4,6,8,sats,4,4/8,6174.786067461169,6174.786067461169
6.20.4,6,8,sats,5,5/8,6174.786067461169,6174.786067461169
6.20.4,6,8,sats,6,6/8,6174.786067461169,6174.786067461169
6.20.4,6,8,sats,7,7/8,6174.786067461169,6174.786067461169
6.20.4,6,8,sats,8,8/8,6174.786067461169,6174.786067461169
6.20.4,6,9,sats,0,0/8,6518.877287026149,6174.786067461169
6.20.4,6,9,sats,1,1/8,6174.786067461169,6174.786067461169
6.20.4,6,9,sats,2,2/8,6174.786067461169,6174.786067461169
6.20.4,6,9,sats,3,3/8,6174.786067461169,6174.786067461169
6.20.4,6,9,sats,4,4/8,6174.786067461169,6174.786067461169
6.20.4,6,9,sats,5,5/8,6174.786067461169,6174.786067461169
6.20.4,6,9,sats,6,6/8,6174.786067461169,6174.786067461169
6.20.4,6,9,sats,7,7/8,6174.786067461169,6174.786067461169
6.20.4,6,9,sats,8,8/8,6174.786067461169,6174.786067461169
6.20.4,6,10,sats,0,0/8,6518.877287026149,6174.786067461169
6.20.4,6,10,sats,1,1/8,6174.786067461169,6174.786067461169
6.20.4,6,10,sats,2,2/8,6174.786067461169,6174.786067461169
6.20.4,6,10,sats,3,3/8,6174.786067461169,6174.786067461169
6.20.4,6,10,sats,4,4/8,6174.786067461169,6174.786067461169
6.20.4,6,10,sats,5,5/8,6174.786067461169,6174.786067461169
6.20.4,6,10,sats,6,6/8,6174.786067461169,6174.786067461169
6.20.4,6,10,sats,7,7/8,6174.786067461169,6174.786067461169
6.20.4,6,10,sats,8,8/8,6174.786067461169,6174.786067461169
6.5.1,6,1,ims,0,0/8,720.8397640183252,699.6656534991815
6.5.1,6,1,ims,1,1/8,699.6656534991815,699.6656534991815
6.5.1,6,1,ims,2,2/8,699.6656534991815,699.6656534991815
6.5.1,6,1,ims,3,3/8,699.6656534991815,699.6656534991815
6.5.1,6,1,ims,4,4/8,699.6656534991815,699.6656534991815
6.5.1,6,1,ims,5,5/8,699.6656534991815,699.6656534991815
6.5.1,6,1,ims,6,6/8,699.6656534991815,699.6656534991815
6.5.1,6,1,ims,7,7/8,699.6656534991815,699.6656534991815
6.5.1,6,1,ims,8,8/8,699.6656534991815,699.6656534991815
6.5.1,6,2,ims,0,0/8,720.8397640183252,699.6656534991815
6.5.1,6,2,ims,1,1/8,699.6656534991815,699.6656534991815
6.5.1,6,2,ims,2,2/8,699.6656534991815,699.6656534991815
6.5.1,6,2,ims,3,3/8,699.6656534991815,699.6656534991815
6.5.1,6,2,ims,4,4/8,699.6656534991815,699.6656534991815
6.5.1,6,2,ims,5,5/8,699.6656534991815,699.6656534991815
6.5.1,6,2,ims,6,6/8,699.6656534991815,699.6656534991815
6.5.1,6,2,ims,7,7/8,699.6656534991815,699.6656534991815
6.5.1,6,2,ims,8,8/8,699.6656534991815,699.6656534991815
6.5.1,6,3,ims,0,0/8,720.8397640183252,699.6656534991815
6.5.1,6,3,ims,1,1/8,699.6656534991815,699.6656534991815
6.5.1,6,3,ims,2,2/8,699.6656534991815,699.6656534991815
6.5.1,6,3,ims,3,3/8,699.6656534991815,699.6656534991815
6.5.1,6,3,ims,4,4/8,699.6656534991815,699.6656534991815
6.5.1,6,3,ims,5,5/8,699.6656534991815,699.6656534991815
6.5.1,6,3,ims,6,6/8,699.6656534991815,699.6656534991815
6.5.1,6,3,ims,7,7/8,699.6656534991815,699.6656534991815
6.5.1,6,3,ims,8,8/8,699.6656534991815,699.6656534991815
6.5.1,6,4,ims,0,0/8,788.8256708263021,699.6656534991815
6.5.1,6,4,ims,1,1/8,699.6656534991815,699.6656534991815
6.5.1,6,4,ims,2,2/8,699.6656534991815,699.6656534991815
6.5.1,6,4,ims,3,3/8,699.6656534991815,699.6656534991815
6.5.1,6,4,ims,4,4/8,699.6656534991815,699.6656534991815
6.5.1,6,4,ims,5,5/8,699.6656534991815,699.6656534991815
6.5.1,6,4,ims,6,6/8,699.6656534991815,699.6656534991815
6.5.1,6,4,ims,7,7/8,699.6656534991815,699.6656534991815
6.5.1,6,4,ims,8,8/8,699.6656534991815,699.6656534991815
6.5.1,6,5,ims,0,0/8,788.8256708263021,699.6656534991815
6.5.1,6,5,ims,1,1/8,699.6656534991815,699.6656534991815
6.5.1,6,5,ims,2,2/8,699.6656534991815,699.6656534991815
6.5.1,6,5,ims,3,3/8,699.6656534991815,699.6656534991815
6.5.1,6,5,ims,4,4/8,699.6656534991815,699.6656534991815
6.5.1,6,5,ims,5,5/8,699.6656534991815,699.6656534991815
6.5.1,6,5,ims,6,6/8,699.6656534991815,699.6656534991815
6.5.1,6,5,ims,7,7/8,699.6656534991815,699.6656534991815
6.5.1,6,5,ims,8,8/8,699.6656534991815,699.6656534991815
6.5.1,6,6,ims,0,0/8,720.8397640183252,699.6656534991815
6.5.1,6,6,ims,1,1/8,699.6656534991815,699.6656534991815
6.5.1,6,6,ims,2,2/8,699.6656534991815,699.6656534991815
6.5.1,6,6,ims,3,3/8,699.6656534991815,699.6656534991815
6.5.1,6,6,ims,4,4/8,699.6656534991815,699.6656534991815
6.5.1,6,6,ims,5,5/8,699.6656534991815,699.6656534991815
6.5.1,6,6,ims,6,6/8,699.6656534991815,699.6656534991815
6.5.1,6,6,ims,7,7/8,699.6656534991815,699.6656534991815
6.5.1,6,6,ims,8,8/8,699.6656534991815,699.6656534991815
6.5.1,6,7,ims,0,0/8,788.8256708263021,699.6656534991815
6.5.1,6,7,ims,1,1/8,699.6656534991815,699.6656534991815
6.5.1,6,7,ims,2,2/8,699.6656534991815,699.6656534991815
6.5.1,6,7,ims,3,3/8,699.6656534991815,699.6656534991815
6.5.1,6,7,ims,4,4/8,699.6656534991815,699.6656534991815
6.5.1,6,7,ims,5,5/8,699.6656534991815,699.6656534991815
6.5.1,6,7,ims,6,6/8,699.6656534991815,699.6656534991815
6.5.1,6,7,ims,7,7/8,699.6656534991815,699.6656534991815
6.5.1,6,7,ims,8,8/8,699.6656534991815,699.6656534991815
6.5.1,6,8,ims,0,0/8,720.8397640183252,699.6656534991815
6.5.1,6,8,ims,1,1/8,699.6656534991815,699.6656534991815
6.5.1,6,8,ims,2,2/8,699.6656534991815,699.6656534991815
6.5.1,6,8,ims,3,3/8,699.6656534991815,699.6656534991815
6.5.1,6,8,ims,4,4/8,699.6656534991815,699.6656534991815
6.5.1,6,8,ims,5,5/8,699.6656534991815,699.6656534991815
6.5.1,6,8,ims,6,6/8,699.6656534991815,699.6656534991815
6.5.1,6,8,ims,7,7/8,699.6656534991815,699.6656534991815
6.5.1,6,8,ims,8,8/8,699.6656534991815,699.6656534991815
6.5.1,6,9,ims,0,0/8,720.8397640183252,699.6656534991815
6.5.1,6,9,ims,1,1/8,699.6656534991815,699.6656534991815
6.5.1,6,9,ims,2,2/8,699.6656534991815,699.6656534991815
6.5.1,6,9,ims,3,3/8,699.6656534991815,699.6656534991815
6.5.1,6,9,ims,4,4/8,699.6656534991815,699.6656534991815
6.5.1,6,9,ims,5,5/8,699.6656534991815,699.6656534991815
6.5.1,6,9,ims,6,6/8,699.6656534991815,699.6656534991815
6.5.1,6,9,ims,7,7/8,699.6656534991815,699.6656534991815
6.5.1,6,9,ims,8,8/8,699.6656534991815,699.6656534991815
6.5.1,6,10,ims,0,0/8,788.8256708263021,699.6656534991815
6.5.1,6,10,ims,1,1/8,699.6656534991815,699.6656534991815
6.5.1,6,10,ims,2,2/8,699.6656534991815,699.6656534991815
6.5.1,6,10,ims,3,3/8,699.6656534991815,699.6656534991815
6.5.1,6,10,ims,4,4/8,699.6656534991815,699.6656534991815
6.5.1,6,10,ims,5,5/8,699.6656534991815,699.6656534991815
6.5.1,6,10,ims,6,6/8,699.6656534991815,699.6656534991815
6.5.1,6,10,ims,7,7/8,699.6656534991815,699.6656534991815
6.5.1,6,10,ims,8,8/8,699.6656534991815,699.6656534991815
6.5.1,6,1,sats,0,0/8,720.8397640183252,699.6656534991815
6.5.1,6,1,sats,1,1/8,699.6656534991815,699.6656534991815
6.5.1,6,1,sats,2,2/8,699.6656534991815,699.6656534991815
6.5.1,6,1,sats,3,3/8,699.6656534991815,699.6656534991815
6.5.1,6,1,sats,4,4/8,699.6656534991815,699.6656534991815
6.5.1,6,1,sats,5,5/8,699.6656534991815,699.6656534991815
6.5.1,6,1,sats,6,6/8,699.6656534991815,699.6656534991815
6.5.1,6,1,sats,7,7/8,699.6656534991815,699.6656534991815
6.5.1,6,1,sats,8,8/8,699.6656534991815,699.6656534991815
6.5.1,6,2,sats,0,0/8,1150.3223055461428,699.6656534991815
6.5.1,6,2,sats,1,1/8,699.6656534991815,699.6656534991815
6.5.1,6,2,sats,2,2/8,699.6656534991815,699.6656534991815
6.5.1,6,2,sats,3,3/8,699.6656534991815,699.6656534991815
6.5.1,6,2,sats,4,4/8,699.6656534991815,699.6656534991815
6.5.1,6,2,sats,5,5/8,699.6656534991815,699.6656534991815
6.5.1,6,2,sats,6,6/8,699.6656534991815,699.6656534991815
6.5.1,6,2,sats,7,7/8,699.6656534991815,699.6656534991815
6.5.1,6,2,sats,8,8/8,699.6656534991815,699.6656534991815
6.5.1,6,3,sats,0,0/8,1147.179938993075,699.6656534991815
6.5.1,6,3,sats,1,1/8,699.6656534991815,699.6656534991815
6.5.1,6,3,sats,2,2/8,699.6656534991815,699.6656534991815
6.5.1,6,3,sats,3,3/8,699.6656534991815,699.6656534991815
6.5.1,6,3,sats,4,4/8,699.6656534991815,699.6656534991815
6.5.1,6,3,sats,5,5/8,699.6656534991815,699.6656534991815
6.5.1,6,3,sats,6,6/8,699.6656534991815,699.6656534991815
6.5.1,6,3,sats,7,7/8,699.6656534991815,699.6656534991815
6.5.1,6,3,sats,8,8/8,699.6656534991815,699.6656534991815
6.5.1,6,4,sats,0,0/8,788.8256708263021,699.6656534991815
6.5.1,6,4,sats,1,1/8,699.6656534991815,699.6656534991815
6.5.1,6,4,sats,2,2/8,699.6656534991815,699.6656534991815
6.5.1,6,4,sats,3,3/8,699.6656534991815,699.6656534991815
6.5.1,6,4,sats,4,4/8,699.6656534991815,699.6656534991815
6.5.1,6,4,sats,5,5/8,699.6656534991815,699.6656534991815
6.5.1,6,4,sats,6,6/8,699.6656534991815,699.6656534991815
6.5.1,6,4,sats,7,7/8,699.6656534991815,699.6656534991815
6.5.1,6,4,sats,8,8/8,699.6656534991815,699.6656534991815
6.5.1,6,5,sats,0,0/8,788.8256708263021,699.6656534991815
6.5.1,6,5,sats,1,1/8,699.6656534991815,699.6656534991815
6.5.1,6,5,sats,2,2/8,699.6656534991815,699.6656534991815
6.5.1,6,5,sats,3,3/8,699.6656534991815,699.6656534991815
6.5.1,6,5,sats,4,4/8,699.6656534991815,699.6656534991815
6.5.1,6,5,sats,5,5/8,699.6656534991815,699.6656534991815
6.5.1,6,5,sats,6,6/8,699.6656534991815,699.6656534991815
6.5.1,6,5,sats,7,7/8,699.6656534991815,699.6656534991815
6.5.1,6,5,sats,8,8/8,699.6656534991815,699.6656534991815
6.5.1,6,6,sats,0,0/8,1147.179938993075,699.6656534991815
6.5.1,6,6,sats,1,1/8,699.6656534991815,699.6656534991815
6.5.1,6,6,sats,2,2/8,699.6656534991815,699.6656534991815
6.5.1,6,6,sats,3,3/8,699.6656534991815,699.6656534991815
6.5.1,6,6,sats,4,4/8,699.6656534991815,699.6656534991815
6.5.1,6,6,sats,5,5/8,699.6656534991815,699.6656534991815
6.5.1,6,6,sats,6,6/8,699.6656534991815,699.6656534991815
6.5.1,6,6,sats,7,7/8,699.6656534991815,699.6656534991815
6.5.1,6,6,sats,8,8/8,699.6656534991815,699.6656534991815
6.5.1,6,7,sats,0,0/8,1147.179938993075,699.6656534991815
6.5.1,6,7,sats,1,1/8,699.6656534991815,699.6656534991815
6.5.1,6,7,sats,2,2/8,699.6656534991815,699.6656534991815
6.5.1,6,7,sats,3,3/8,699.6656534991815,699.6656534991815
6.5.1,6,7,sats,4,4/8,699.6656534991815,699.6656534991815
6.5.1,6,7,sats,5,5/8,699.6656534991815,699.6656534991815
6.5.1,6,7,sats,6,6/8,699.6656534991815,699.6656534991815
6.5.1,6,7,sats,7,7/8,699.6656534991815,699.6656534991815
6.5.1,6,7,sats,8,8/8,699.6656534991815,699.6656534991815
6.5.1,6,8,sats,0,0/8,1150.3223055461428,699.6656534991815
6.5.1,6,8,sats,1,1/8,699.6656534991815,699.6656534991815
6.5.1,6,8,sats,2,2/8,699.6656534991815,699.6656534991815
6.5.1,6,8,sats,3,3/8,699.6656534991815,699.6656534991815
6.5.1,6,8,sats,4,4/8,699.6656534991815,699.6656534991815
6.5.1,6,8,sats,5,5/8,699.6656534991815,699.6656534991815
6.5.1,6,8,sats,6,6/8,699.6656534991815,699.6656534991815
6.5.1,6,8,sats,7,7/8,699.6656534991815,699.6656534991815
6.5.1,6,8,sats,8,8/8,699.6656534991815,699.6656534991815
6.5.1,6,9,sats,0,0/8,1147.179938993075,699.6656534991815
6.5.1,6,9,sats,1,1/8,699.6656534991815,699.6656534991815
6.5.1,6,9,sats,2,2/8,699.6656534991815,699.6656534991815
6.5.1,6,9,sats,3,3/8,699.6656534991815,699.6656534991815
6.5.1,6,9,sats,4,4/8,699.6656534991815,699.6656534991815
6.5.1,6,9,sats,5,5/8,699.6656534991815,699.6656534991815
6.5.1,6,9,sats,6,6/8,699.6656534991815,699.6656534991815
6.5.1,6,9,sats,7,7/8,699.6656534991815,699.6656534991815
6.5.1,6,9,sats,8,8/8,699.6656534991815,699.6656534991815
6.5.1,6,10,sats,0,0/8,1150.3223055461428,699.6656534991815
6.5.1,6,10,sats,1,1/8,699.6656534991815,699.6656534991815
6.5.1,6,10,sats,2,2/8,699.6656534991815,699.6656534991815
6.5.1,6,10,sats,3,3/8,699.6656534991815,699.6656534991815
6.5.1,6,10,sats,4,4/8,699.6656534991815,699.6656534991815
6.5.1,6,10,sats,5,5/8,699.6656534991815,699.6656534991815
6.5.1,6,10,sats,6,6/8,699.6656534991815,699.6656534991815
6.5.1,6,10,sats,7,7/8,699.6656534991815,699.6656534991815
6.5.1,6,10,sats,8,8/8,699.6656534991815,699.6656534991815
6.5.2,6,1,ims,0,0/8,567.4738217898024,550.7224677595595
6.5.2,6,1,ims,1,1/8,550.7224677595595,550.7224677595595
6.5.2,6,1,ims,2,2/8,550.7224677595595,550.7224677595595
6.5.2,6,1,ims,3,3/8,550.7224677595595,550.7224677595595
6.5.2,6,1,ims,4,4/8,550.7224677595595,550.7224677595595
6.5.2,6,1,ims,5,5/8,550.7224677595595,550.7224677595595
6.5.2,6,1,ims,6,6/8,550.7224677595595,550.7224677595595
6.5.2,6,1,ims,7,7/8,550.7224677595595,550.7224677595595
6.5.2,6,1,ims,8,8/8,550.7224677595595,550.7224677595595
6.5.2,6,2,ims,0,0/8,567.4738217898024,550.7224677595595
6.5.2,6,2,ims,1,1/8,550.7224677595595,550.7224677595595
6.5.2,6,2,ims,2,2/8,550.7224677595595,550.7224677595595
6.5.2,6,2,ims,3,3/8,550.7224677595595,550.7224677595595
6.5.2,6,2,ims,4,4/8,550.7224677595595,550.7224677595595
6.5.2,6,2,ims,5,5/8,550.7224677595595,550.7224677595595
6.5.2,6,2,ims,6,6/8,550.7224677595595,550.7224677595595
6.5.2,6,2,ims,7,7/8,550.7224677595595,550.7224677595595
6.5.2,6,2,ims,8,8/8,550.7224677595595,550.7224677595595
6.5.2,6,3,ims,0,0/8,567.4738217898024,550.7224677595595
6.5.2,6,3,ims,1,1/8,550.7224677595595,550.7224677595595
6.5.2,6,3,ims,2,2/8,550.7224677595595,550.7224677595595
6.5.2,6,3,ims,3,3/8,550.7224677595595,550.7224677595595
6.5.2,6,3,ims,4,4/8,550.7224677595595,550.7224677595595
6.5.2,6,3,ims,5,5/8,550.7224677595595,550.7224677595595
6.5.2,6,3,ims,6,6/8,550.7224677595595,550.7224677595595
6.5.2,6,3,ims,7,7/8,550.7224677595595,550.7224677595595
6.5.2,6,3,ims,8,8/8,550.7224677595595,550.7224677595595
6.5.2,6,4,ims,0,0/8,567.4738217898024,550.7224677595595
6.5.2,6,4,ims,1,1/8,550.7224677595595,550.7224677595595
6.5.2,6,4,ims,2,2/8,550.7224677595595,550.7224677595595
6.5.2,6,4,ims,3,3/8,550.7224677595595,550.7224677595595
6.5.2,6,4,ims,4,4/8,550.7224677595595,550.7224677595595
6.5.2,6,4,ims,5,5/8,550.7224677595595,550.7224677595595
6.5.2,6,4,ims,6,6/8,550.7224677595595,550.7224677595595
6.5.2,6,4,ims,7,7/8,550.7224677595595,550.7224677595595
6.5.2,6,4,ims,8,8/8,550.7224677595595,550.7224677595595
6.5.2,6,5,ims,0,0/8,567.4738217898024,550.7224677595595
6.5.2,6,5,ims,1,1/8,550.7224677595595,550.7224677595595
6.5.2,6,5,ims,2,2/8,550.7224677595595,550.7224677595595
6.5.2,6,5,ims,3,3/8,550.7224677595595,550.7224677595595
6.5.2,6,5,ims,4,4/8,550.7224677595595,550.7224677595595
6.5.2,6,5,ims,5,5/8,550.7224677595595,550.7224677595595
6.5.2,6,5,ims,6,6/8,550.7224677595595,550.7224677595595
6.5.2,6,5,ims,7,7/8,550.7224677595595,550.7224677595595
6.5.2,6,5,ims,8,8/8,550.7224677595595,550.7224677595595
6.5.2,6,6,ims,0,0/8,567.4738217898024,550.7224677595595
6.5.2,6,6,ims,1,1/8,550.7224677595595,550.7224677595595
6.5.2,6,6,ims,2,2/8,550.7224677595595,550.7224677595595
6.5.2,6,6,ims,3,3/8,550.7224677595595,550.7224677595595
6.5.2,6,6,ims,4,4/8,550.7224677595595,550.7224677595595
6.5.2,6,6,ims,5,5/8,550.7224677595595,550.7224677595595
6.5.2,6,6,ims,6,6/8,550.7224677595595,550.7224677595595
6.5.2,6,6,ims,7,7/8,550.7224677595595,550.7224677595595
6.5.2,6,6,ims,8,8/8,550.7224677595595,550.7224677595595
6.5.2,6,7,ims,0,0/8,567.4738217898024,550.7224677595595
6.5.2,6,7,ims,1,1/8,550.7224677595595,550.7224677595595
6.5.2,6,7,ims,2,2/8,550.7224677595595,550.7224677595595
6.5.2,6,7,ims,3,3/8,550.7224677595595,550.7224677595595
6.5.2,6,7,ims,4,4/8,550.7224677595595,550.7224677595595
6.5.2,6,7,ims,5,5/8,550.7224677595595,550.7224677595595
6.5.2,6,7,ims,6,6/8,550.7224677595595,550.7224677595595
6.5.2,6,7,ims,7,7/8,550.7224677595595,550.7224677595595
6.5.2,6,7,ims,8,8/8,550.7224677595595,550.7224677595595
6.5.2,6,8,ims,0,0/8,567.7273853359794,550.7224677595595
6.5.2,6,8,ims,1,1/8,550.7224677595595,550.7224677595595
6.5.2,6,8,ims,2,2/8,550.7224677595595,550.7224677595595
6.5.2,6,8,ims,3,3/8,550.7224677595595,550.7224677595595
6.5.2,6,8,ims,4,4/8,550.7224677595595,550.7224677595595
6.5.2,6,8,ims,5,5/8,550.7224677595595,550.7224677595595
6.5.2,6,8,ims,6,6/8,550.7224677595595,550.7224677595595
6.5.2,6,8,ims,7,7/8,550.7224677595595,550.7224677595595
6.5.2,6,8,ims,8,8/8,550.7224677595595,550.7224677595595
6.5.2,6,9,ims,0,0/8,567.4738217898024,550.7224677595595
6.5.2,6,9,ims,1,1/8,550.7224677595595,550.7224677595595
6.5.2,6,9,ims,2,2/8,550.7224677595595,550.7224677595595
6.5.2,6,9,ims,3,3/8,550.7224677595595,550.7224677595595
6.5.2,6,9,ims,4,4/8,550.7224677595595,550.7224677595595
6.5.2,6,9,ims,5,5/8,550.7224677595595,550.7224677595595
6.5.2,6,9,ims,6,6/8,550.7224677595595,550.7224677595595
6.5.2,6,9,ims,7,7/8,550.7224677595595,550.7224677595595
6.5.2,6,9,ims,8,8/8,550.7224677595595,550.7224677595595
6.5.2,6,10,ims,0,0/8,581.9914816603255,550.7224677595595
6.5.2,6,10,ims,1,1/8,550.7224677595595,550.7224677595595
6.5.2,6,10,ims,2,2/8,550.7224677595595,550.7224677595595
6.5.2,6,10,ims,3,3/8,550.7224677595595,550.7224677595595
6.5.2,6,10,ims,4,4/8,550.7224677595595,550.7224677595595
6.5.2,6,10,ims,5,5/8,550.7224677595595,550.7224677595595
6.5.2,6,10,ims,6,6/8,550.7224677595595,550.7224677595595
6.5.2,6,10,ims,7,7/8,550.7224677595595,550.7224677595595
6.5.2,6,10,ims,8,8/8,550.7224677595595,550.7224677595595
6.5.2,6,1,sats,0,0/8,567.7273853359794,550.7224677595595
6.5.2,6,1,sats,1,1/8,550.7224677595595,550.7224677595595
6.5.2,6,1,sats,2,2/8,550.7224677595595,550.7224677595595
6.5.2,6,1,sats,3,3/8,550.7224677595595,550.7224677595595
6.5.2,6,1,sats,4,4/8,550.7224677595595,550.7224677595595
6.5.2,6,1,sats,5,5/8,550.7224677595595,550.7224677595595
6.5.2,6,1,sats,6,6/8,550.7224677595595,550.7224677595595
6.5.2,6,1,sats,7,7/8,550.7224677595595,550.7224677595595
6.5.2,6,1,sats,8,8/8,550.7224677595595,550.7224677595595
6.5.2,6,2,sats,0,0/8,623.1734088063488,550.7224677595595
6.5.2,6,2,sats,1,1/8,550.7224677595595,550.7224677595595
6.5.2,6,2,sats,2,2/8,550.7224677595595,550.7224677595595
6.5.2,6,2,sats,3,3/8,550.7224677595595,550.7224677595595
6.5.2,6,2,sats,4,4/8,550.7224677595595,550.7224677595595
6.5.2,6,2,sats,5,5/8,550.7224677595595,550.7224677595595
6.5.2,6,2,sats,6,6/8,550.7224677595595,550.7224677595595
6.5.2,6,2,sats,7,7/8,550.7224677595595,550.7224677595595
6.5.2,6,2,sats,8,8/8,550.7224677595595,550.7224677595595
6.5.2,6,3,sats,0,0/8,567.4738217898024,550.7224677595595
6.5.2,6,3,sats,1,1/8,550.7224677595595,550.7224677595595
6.5.2,6,3,sats,2,2/8,550.7224677595595,550.7224677595595
6.5.2,6,3,sats,3,3/8,550.7224677595595,550.7224677595595
6.5.2,6,3,sats,4,4/8,550.7224677595595,550.7224677595595
6.5.2,6,3,sats,5,5/8,550.7224677595595,550.7224677595595
6.5.2,6,3,sats,6,6/8,550.7224677595595,550.7224677595595
6.5.2,6,3,sats,7,7/8,550.7224677595595,550.7224677595595
6.5.2,6,3,sats,8,8/8,550.7224677595595,550.7224677595595
6.5.2,6,4,sats,0,0/8,581.9914816603255,550.7224677595595
6.5.2,6,4,sats,1,1/8,550.7224677595595,550.7224677595595
6.5.2,6,4,sats,2,2/8,550.7224677595595,550.7224677595595
6.5.2,6,4,sats,3,3/8,550.7224677595595,550.7224677595595
6.5.2,6,4,sats,4,4/8,550.7224677595595,550.7224677595595
6.5.2,6,4,sats,5,5/8,550.7224677595595,550.7224677595595
6.5.2,6,4,sats,6,6/8,550.7224677595595,550.7224677595595
6.5.2,6,4,sats,7,7/8,550.7224677595595,550.7224677595595
6.5.2,6,4,sats,8,8/8,550.7224677595595,550.7224677595595
6.5.2,6,5,sats,0,0/8,581.9914816603255,550.7224677595595
6.5.2,6,5,sats,1,1/8,550.7224677595595,550.7224677595595
6.5.2,6,5,sats,2,2/8,550.7224677595595,550.7224677595595
6.5.2,6,5,sats,3,3/8,550.7224677595595,550.7224677595595
6.5.2,6,5,sats,4,4/8,550.7224677595595,550.7224677595595
6.5.2,6,5,sats,5,5/8,550.7224677595595,550.7224677595595
6.5.2,6,5,sats,6,6/8,550.7224677595595,550.7224677595595
6.5.2,6,5,sats,7,7/8,550.7224677595595,550.7224677595595
6.5.2,6,5,sats,8,8/8,550.7224677595595,550.7224677595595
6.5.2,6,6,sats,0,0/8,567.4738217898024,550.7224677595595
6.5.2,6,6,sats,1,1/8,550.7224677595595,550.7224677595595
6.5.2,6,6,sats,2,2/8,550.7224677595595,550.7224677595595
6.5.2,6,6,sats,3,3/8,550.7224677595595,550.7224677595595
6.5.2,6,6,sats,4,4/8,550.7224677595595,550.7224677595595
6.5.2,6,6,sats,5,5/8,550.7224677595595,550.7224677595595
6.5.2,6,6,sats,6,6/8,550.7224677595595,550.7224677595595
6.5.2,6,6,sats,7,7/8,550.7224677595595,550.7224677595595
6.5.2,6,6,sats,8,8/8,550.7224677595595,550.7224677595595
6.5.2,6,7,sats,0,0/8,567.4738217898024,550.7224677595595
6.5.2,6,7,sats,1,1/8,550.7224677595595,550.7224677595595
6.5.2,6,7,sats,2,2/8,550.7224677595595,550.7224677595595
6.5.2,6,7,sats,3,3/8,550.7224677595595,550.7224677595595
6.5.2,6,7,sats,4,4/8,550.7224677595595,550.7224677595595
6.5.2,6,7,sats,5,5/8,550.7224677595595,550.7224677595595
6.5.2,6,7,sats,6,6/8,550.7224677595595,550.7224677595595
6.5.2,6,7,sats,7,7/8,550.7224677595595,550.7224677595595
6.5.2,6,7,sats,8,8/8,550.7224677595595,550.7224677595595
6.5.2,6,8,sats,0,0/8,623.1734088063488,550.7224677595595
6.5.2,6,8,sats,1,1/8,550.7224677595595,550.7224677595595
6.5.2,6,8,sats,2,2/8,550.7224677595595,550.7224677595595
6.5.2,6,8,sats,3,3/8,550.7224677595595,550.7224677595595
6.5.2,6,8,sats,4,4/8,550.7224677595595,550.7224677595595
6.5.2,6,8,sats,5,5/8,550.7224677595595,550.7224677595595
6.5.2,6,8,sats,6,6/8,550.7224677595595,550.7224677595595
6.5.2,6,8,sats,7,7/8,550.7224677595595,550.7224677595595
6.5.2,6,8,sats,8,8/8,550.7224677595595,550.7224677595595
6.5.2,6,9,sats,0,0/8,567.4738217898024,550.7224677595595
6.5.2,6,9,sats,1,1/8,550.7224677595595,550.7224677595595
6.5.2,6,9,sats,2,2/8,550.7224677595595,550.7224677595595
6.5.2,6,9,sats,3,3/8,550.7224677595595,550.7224677595595
6.5.2,6,9,sats,4,4/8,550.7224677595595,550.7224677595595
6.5.2,6,9,sats,5,5/8,550.7224677595595,550.7224677595595
6.5.2,6,9,sats,6,6/8,550.7224677595595,550.7224677595595
6.5.2,6,9,sats,7,7/8,550.7224677595595,550.7224677595595
6.5.2,6,9,sats,8,8/8,550.7224677595595,550.7224677595595
6.5.2,6,10,sats,0,0/8,623.1734088063488,550.7224677595595
6.5.2,6,10,sats,1,1/8,550.7224677595595,550.7224677595595
6.5.2,6,10,sats,2,2/8,550.7224677595595,550.7224677595595
6.5.2,6,10,sats,3,3/8,550.7224677595595,550.7224677595595
6.5.2,6,10,sats,4,4/8,550.7224677595595,550.7224677595595
6.5.2,6,10,sats,5,5/8,550.7224677595595,550.7224677595595
6.5.2,6,10,sats,6,6/8,550.7224677595595,550.7224677595595
6.5.2,6,10,sats,7,7/8,550.7224677595595,550.7224677595595
6.5.2,6,10,sats,8,8/8,550.7224677595595,550.7224677595595
6.5.3,6,1,ims,0,0/8,766.7833863800394,766.7833863800394
6.5.3,6,1,ims,1,1/8,766.7833863800394,766.7833863800394
6.5.3,6,1,ims,2,2/8,766.7833863800394,766.7833863800394
6.5.3,6,1,ims,3,3/8,766.7833863800394,766.7833863800394
6.5.3,6,1,ims,4,4/8,766.7833863800394,766.7833863800394
6.5.3,6,1,ims,5,5/8,766.7833863800394,766.7833863800394
6.5.3,6,1,ims,6,6/8,766.7833863800394,766.7833863800394
6.5.3,6,1,ims,7,7/8,766.7833863800394,766.7833863800394
6.5.3,6,1,ims,8,8/8,766.7833863800394,766.7833863800394
6.5.3,6,2,ims,0,0/8,766.7833863800394,766.7833863800394
6.5.3,6,2,ims,1,1/8,766.7833863800394,766.7833863800394
6.5.3,6,2,ims,2,2/8,766.7833863800394,766.7833863800394
6.5.3,6,2,ims,3,3/8,766.7833863800394,766.7833863800394
6.5.3,6,2,ims,4,4/8,766.7833863800394,766.7833863800394
6.5.3,6,2,ims,5,5/8,766.7833863800394,766.7833863800394
6.5.3,6,2,ims,6,6/8,766.7833863800394,766.7833863800394
6.5.3,6,2,ims,7,7/8,766.7833863800394,766.7833863800394
6.5.3,6,2,ims,8,8/8,766.7833863800394,766.7833863800394
6.5.3,6,3,ims,0,0/8,766.7833863800394,766.7833863800394
6.5.3,6,3,ims,1,1/8,766.7833863800394,766.7833863800394
6.5.3,6,3,ims,2,2/8,766.7833863800394,766.7833863800394
6.5.3,6,3,ims,3,3/8,766.7833863800394,766.7833863800394
6.5.3,6,3,ims,4,4/8,766.7833863800394,766.7833863800394
6.5.3,6,3,ims,5,5/8,766.7833863800394,766.7833863800394
6.5.3,6,3,ims,6,6/8,766.7833863800394,766.7833863800394
6.5.3,6,3,ims,7,7/8,766.7833863800394,766.7833863800394
6.5.3,6,3,ims,8,8/8,766.7833863800394,766.7833863800394
6.5.3,6,4,ims,0,0/8,766.7833863800394,766.7833863800394
6.5.3,6,4,ims,1,1/8,766.7833863800394,766.7833863800394
6.5.3,6,4,ims,2,2/8,766.7833863800394,766.7833863800394
6.5.3,6,4,ims,3,3/8,766.7833863800394,766.7833863800394
6.5.3,6,4,ims,4,4/8,766.7833863800394,766.7833863800394
6.5.3,6,4,ims,5,5/8,766.7833863800394,766.7833863800394
6.5.3,6,4,ims,6,6/8,766.7833863800394,766.7833863800394
6.5.3,6,4,ims,7,7/8,766.7833863800394,766.7833863800394
6.5.3,6,4,ims,8,8/8,766.7833863800394,766.7833863800394
6.5.3,6,5,ims,0,0/8,766.7833863800394,766.7833863800394
6.5.3,6,5,ims,1,1/8,766.7833863800394,766.7833863800394
6.5.3,6,5,ims,2,2/8,766.7833863800394,766.7833863800394
6.5.3,6,5,ims,3,3/8,766.7833863800394,766.7833863800394
6.5.3,6,5,ims,4,4/8,766.7833863800394,766.7833863800394
6.5.3,6,5,ims,5,5/8,766.7833863800394,766.7833863800394
6.5.3,6,5,ims,6,6/8,766.7833863800394,766.7833863800394
6.5.3,6,5,ims,7,7/8,766.7833863800394,766.7833863800394
6.5.3,6,5,ims,8,8/8,766.7833863800394,766.7833863800394
6.5.3,6,6,ims,0,0/8,766.7833863800394,766.7833863800394
6.5.3,6,6,ims,1,1/8,766.7833863800394,766.7833863800394
6.5.3,6,6,ims,2,2/8,766.7833863800394,766.7833863800394
6.5.3,6,6,ims,3,3/8,766.7833863800394,766.7833863800394
6.5.3,6,6,ims,4,4/8,766.7833863800394,766.7833863800394
6.5.3,6,6,ims,5,5/8,766.7833863800394,766.7833863800394
6.5.3,6,6,ims,6,6/8,766.7833863800394,766.7833863800394
6.5.3,6,6,ims,7,7/8,766.7833863800394,766.7833863800394
6.5.3,6,6,ims,8,8/8,766.7833863800394,766.7833863800394
6.5.3,6,7,ims,0,0/8,766.7833863800394,766.7833863800394
6.5.3,6,7,ims,1,1/8,766.7833863800394,766.7833863800394
6.5.3,6,7,ims,2,2/8,766.7833863800394,766.7833863800394
6.5.3,6,7,ims,3,3/8,766.7833863800394,766.7833863800394
6.5.3,6,7,ims,4,4/8,766.7833863800394,766.7833863800394
6.5.3,6,7,ims,5,5/8,766.7833863800394,766.7833863800394
6.5.3,6,7,ims,6,6/8,766.7833863800394,766.7833863800394
6.5.3,6,7,ims,7,7/8,766.7833863800394,766.7833863800394
6.5.3,6,7,ims,8,8/8,766.7833863800394,766.7833863800394
6.5.3,6,8,ims,0,0/8,766.7833863800394,766.7833863800394
6.5.3,6,8,ims,1,1/8,766.7833863800394,766.7833863800394
6.5.3,6,8,ims,2,2/8,766.7833863800394,766.7833863800394
6.5.3,6,8,ims,3,3/8,766.7833863800394,766.7833863800394
6.5.3,6,8,ims,4,4/8,766.7833863800394,766.7833863800394
6.5.3,6,8,ims,5,5/8,766.7833863800394,766.7833863800394
6.5.3,6,8,ims,6,6/8,766.7833863800394,766.7833863800394
6.5.3,6,8,ims,7,7/8,766.7833863800394,766.7833863800394
6.5.3,6,8,ims,8,8/8,766.7833863800394,766.7833863800394
6.5.3,6,9,ims,0,0/8,766.7833863800394,766.7833863800394
6.5.3,6,9,ims,1,1/8,766.7833863800394,766.7833863800394
6.5.3,6,9,ims,2,2/8,766.7833863800394,766.7833863800394
6.5.3,6,9,ims,3,3/8,766.7833863800394,766.7833863800394
6.5.3,6,9,ims,4,4/8,766.7833863800394,766.7833863800394
6.5.3,6,9,ims,5,5/8,766.7833863800394,766.7833863800394
6.5.3,6,9,ims,6,6/8,766.7833863800394,766.7833863800394
6.5.3,6,9,ims,7,7/8,766.7833863800394,766.7833863800394
6.5.3,6,9,ims,8,8/8,766.7833863800394,766.7833863800394
6.5.3,6,10,ims,0,0/8,766.7833863800394,766.7833863800394
6.5.3,6,10,ims,1,1/8,766.7833863800394,766.7833863800394
6.5.3,6,10,ims,2,2/8,766.7833863800394,766.7833863800394
6.5.3,6,10,ims,3,3/8,766.7833863800394,766.7833863800394
6.5.3,6,10,ims,4,4/8,766.7833863800394,766.7833863800394
6.5.3,6,10,ims,5,5/8,766.7833863800394,766.7833863800394
6.5.3,6,10,ims,6,6/8,766.7833863800394,766.7833863800394
6.5.3,6,10,ims,7,7/8,766.7833863800394,766.7833863800394
6.5.3,6,10,ims,8,8/8,766.7833863800394,766.7833863800394
6.5.3,6,1,sats,0,0/8,926.5562205858014,766.7833863800394
6.5.3,6,1,sats,1,1/8,766.7833863800394,766.7833863800394
6.5.3,6,1,sats,2,2/8,766.7833863800394,766.7833863800394
6.5.3,6,1,sats,3,3/8,766.7833863800394,766.7833863800394
6.5.3,6,1,sats,4,4/8,766.7833863800394,766.7833863800394
6.5.3,6,1,sats,5,5/8,766.7833863800394,766.7833863800394
6.5.3,6,1,sats,6,6/8,766.7833863800394,766.7833863800394
6.5.3,6,1,sats,7,7/8,766.7833863800394,766.7833863800394
6.5.3,6,1,sats,8,8/8,766.7833863800394,766.7833863800394
6.5.3,6,2,sats,0,0/8,766.7833863800394,766.7833863800394
6.5.3,6,2,sats,1,1/8,766.7833863800394,766.7833863800394
6.5.3,6,2,sats,2,2/8,766.7833863800394,766.7833863800394
6.5.3,6,2,sats,3,3/8,766.7833863800394,766.7833863800394
6.5.3,6,2,sats,4,4/8,766.7833863800394,766.7833863800394
6.5.3,6,2,sats,5,5/8,766.7833863800394,766.7833863800394
6.5.3,6,2,sats,6,6/8,766.7833863800394,766.7833863800394
6.5.3,6,2,sats,7,7/8,766.7833863800394,766.7833863800394
6.5.3,6,2,sats,8,8/8,766.7833863800394,766.7833863800394
6.5.3,6,3,sats,0,0/8,984.1647947021381,766.7833863800394
6.5.3,6,3,sats,1,1/8,766.7833863800394,766.7833863800394
6.5.3,6,3,sats,2,2/8,766.7833863800394,766.7833863800394
6.5.3,6,3,sats,3,3/8,766.7833863800394,766.7833863800394
6.5.3,6,3,sats,4,4/8,766.7833863800394,766.7833863800394
6.5.3,6,3,sats,5,5/8,766.7833863800394,766.7833863800394
6.5.3,6,3,sats,6,6/8,766.7833863800394,766.7833863800394
6.5.3,6,3,sats,7,7/8,766.7833863800394,766.7833863800394
6.5.3,6,3,sats,8,8/8,766.7833863800394,766.7833863800394
6.5.3,6,4,sats,0,0/8,785.9475402768722,766.7833863800394
6.5.3,6,4,sats,1,1/8,766.7833863800394,766.7833863800394
6.5.3,6,4,sats,2,2/8,766.7833863800394,766.7833863800394
6.5.3,6,4,sats,3,3/8,766.7833863800394,766.7833863800394
6.5.3,6,4,sats,4,4/8,766.7833863800394,766.7833863800394
6.5.3,6,4,sats,5,5/8,766.7833863800394,766.7833863800394
6.5.3,6,4,sats,6,6/8,766.7833863800394,766.7833863800394
6.5.3,6,4,sats,7,7/8,766.7833863800394,766.7833863800394
6.5.3,6,4,sats,8,8/8,766.7833863800394,766.7833863800394
6.5.3,6,5,sats,0,0/8,785.9475402768722,766.7833863800394
6.5.3,6,5,sats,1,1/8,766.7833863800394,766.7833863800394
6.5.3,6,5,sats,2,2/8,766.7833863800394,766.7833863800394
6.5.3,6,5,sats,3,3/8,766.7833863800394,766.7833863800394
6.5.3,6,5,sats,4,4/8,766.7833863800394,766.7833863800394
6.5.3,6,5,sats,5,5/8,766.7833863800394,766.7833863800394
6.5.3,6,5,sats,6,6/8,766.7833863800394,766.7833863800394
6.5.3,6,5,sats,7,7/8,766.7833863800394,766.7833863800394
6.5.3,6,5,sats,8,8/8,766.7833863800394,766.7833863800394
6.5.3,6,6,sats,0,0/8,984.1647947021381,766.7833863800394
6.5.3,6,6,sats,1,1/8,766.7833863800394,766.7833863800394
6.5.3,6,6,sats,2,2/8,766.7833863800394,766.7833863800394
6.5.3,6,6,sats,3,3/8,766.7833863800394,766.7833863800394
6.5.3,6,6,sats,4,4/8,766.7833863800394,766.7833863800394
6.5.3,6,6,sats,5,5/8,766.7833863800394,766.7833863800394
6.5.3,6,6,sats,6,6/8,766.7833863800394,766.7833863800394
6.5.3,6,6,sats,7,7/8,766.7833863800394,766.7833863800394
6.5.3,6,6,sats,8,8/8,766.7833863800394,766.7833863800394
6.5.3,6,7,sats,0,0/8,984.1647947021381,766.7833863800394
6.5.3,6,7,sats,1,1/8,766.7833863800394,766.7833863800394
6.5.3,6,7,sats,2,2/8,766.7833863800394,766.7833863800394
6.5.3,6,7,sats,3,3/8,766.7833863800394,766.7833863800394
6.5.3,6,7,sats,4,4/8,766.7833863800394,766.7833863800394
6.5.3,6,7,sats,5,5/8,766.7833863800394,766.7833863800394
6.5.3,6,7,sats,6,6/8,766.7833863800394,766.7833863800394
6.5.3,6,7,sats,7,7/8,766.7833863800394,766.7833863800394
6.5.3,6,7,sats,8,8/8,766.7833863800394,766.7833863800394
6.5.3,6,8,sats,0,0/8,766.7833863800394,766.7833863800394
6.5.3,6,8,sats,1,1/8,766.7833863800394,766.7833863800394
6.5.3,6,8,sats,2,2/8,766.7833863800394,766.7833863800394
6.5.3,6,8,sats,3,3/8,766.7833863800394,766.7833863800394
6.5.3,6,8,sats,4,4/8,766.7833863800394,766.7833863800394
6.5.3,6,8,sats,5,5/8,766.7833863800394,766.7833863800394
6.5.3,6,8,sats,6,6/8,766.7833863800394,766.7833863800394
6.5.3,6,8,sats,7,7/8,766.7833863800394,766.7833863800394
6.5.3,6,8,sats,8,8/8,766.7833863800394,766.7833863800394
6.5.3,6,9,sats,0,0/8,984.1647947021381,766.7833863800394
6.5.3,6,9,sats,1,1/8,766.7833863800394,766.7833863800394
6.5.3,6,9,sats,2,2/8,766.7833863800394,766.7833863800394
6.5.3,6,9,sats,3,3/8,766.7833863800394,766.7833863800394
6.5.3,6,9,sats,4,4/8,766.7833863800394,766.7833863800394
6.5.3,6,9,sats,5,5/8,766.7833863800394,766.7833863800394
6.5.3,6,9,sats,6,6/8,766.7833863800394,766.7833863800394
6.5.3,6,9,sats,7,7/8,766.7833863800394,766.7833863800394
6.5.3,6,9,sats,8,8/8,766.7833863800394,766.7833863800394
6.5.3,6,10,sats,0,0/8,766.7833863800394,766.7833863800394
6.5.3,6,10,sats,1,1/8,766.7833863800394,766.7833863800394
6.5.3,6,10,sats,2,2/8,766.7833863800394,766.7833863800394
6.5.3,6,10,sats,3,3/8,766.7833863800394,766.7833863800394
6.5.3,6,10,sats,4,4/8,766.7833863800394,766.7833863800394
6.5.3,6,10,sats,5,5/8,766.7833863800394,766.7833863800394
6.5.3,6,10,sats,6,6/8,766.7833863800394,766.7833863800394
6.5.3,6,10,sats,7,7/8,766.7833863800394,766.7833863800394
6.5.3,6,10,sats,8,8/8,766.7833863800394,766.7833863800394
6.5.4,6,1,ims,0,0/8,746.1016835622609,579.9713227928262
6.5.4,6,1,ims,1,1/8,579.9713227928262,579.9713227928262
6.5.4,6,1,ims,2,2/8,579.9713227928262,579.9713227928262
6.5.4,6,1,ims,3,3/8,579.9713227928262,579.9713227928262
6.5.4,6,1,ims,4,4/8,579.9713227928262,579.9713227928262
6.5.4,6,1,ims,5,5/8,579.9713227928262,579.9713227928262
6.5.4,6,1,ims,6,6/8,579.9713227928262,579.9713227928262
6.5.4,6,1,ims,7,7/8,579.9713227928262,579.9713227928262
6.5.4,6,1,ims,8,8/8,579.9713227928262,579.9713227928262
6.5.4,6,2,ims,0,0/8,746.1016835622609,579.9713227928262
6.5.4,6,2,ims,1,1/8,579.9713227928262,579.9713227928262
6.5.4,6,2,ims,2,2/8,579.9713227928262,579.9713227928262
6.5.4,6,2,ims,3,3/8,579.9713227928262,579.9713227928262
6.5.4,6,2,ims,4,4/8,579.9713227928262,579.9713227928262
6.5.4,6,2,ims,5,5/8,579.9713227928262,579.9713227928262
6.5.4,6,2,ims,6,6/8,579.9713227928262,579.9713227928262
6.5.4,6,2,ims,7,7/8,579.9713227928262,579.9713227928262
6.5.4,6,2,ims,8,8/8,579.9713227928262,579.9713227928262
6.5.4,6,3,ims,0,0/8,746.1016835622609,579.9713227928262
6.5.4,6,3,ims,1,1/8,579.9713227928262,579.9713227928262
6.5.4,6,3,ims,2,2/8,579.9713227928262,579.9713227928262
6.5.4,6,3,ims,3,3/8,579.9713227928262,579.9713227928262
6.5.4,6,3,ims,4,4/8,579.9713227928262,579.9713227928262
6.5.4,6,3,ims,5,5/8,579.9713227928262,579.9713227928262
6.5.4,6,3,ims,6,6/8,579.9713227928262,579.9713227928262
6.5.4,6,3,ims,7,7/8,579.9713227928262,579.9713227928262
6.5.4,6,3,ims,8,8/8,579.9713227928262,579.9713227928262
6.5.4,6,4,ims,0,0/8,746.1016835622609,579.9713227928262
6.5.4,6,4,ims,1,1/8,579.9713227928262,579.9713227928262
6.5.4,6,4,ims,2,2/8,579.9713227928262,579.9713227928262
6.5.4,6,4,ims,3,3/8,579.9713227928262,579.9713227928262
6.5.4,6,4,ims,4,4/8,579.9713227928262,579.9713227928262
6.5.4,6,4,ims,5,5/8,579.9713227928262,579.9713227928262
6.5.4,6,4,ims,6,6/8,579.9713227928262,579.9713227928262
6.5.4,6,4,ims,7,7/8,579.9713227928262,579.9713227928262
6.5.4,6,4,ims,8,8/8,579.9713227928262,579.9713227928262
6.5.4,6,5,ims,0,0/8,746.1016835622609,579.9713227928262
6.5.4,6,5,ims,1,1/8,579.9713227928262,579.9713227928262
6.5.4,6,5,ims,2,2/8,579.9713227928262,579.9713227928262
6.5.4,6,5,ims,3,3/8,579.9713227928262,579.9713227928262
6.5.4,6,5,ims,4,4/8,579.9713227928262,579.9713227928262
6.5.4,6,5,ims,5,5/8,579.9713227928262,579.9713227928262
6.5.4,6,5,ims,6,6/8,579.9713227928262,579.9713227928262
6.5.4,6,5,ims,7,7/8,579.9713227928262,579.9713227928262
6.5.4,6,5,ims,8,8/8,579.9713227928262,579.9713227928262
6.5.4,6,6,ims,0,0/8,746.1016835622609,579.9713227928262
6.5.4,6,6,ims,1,1/8,579.9713227928262,579.9713227928262
6.5.4,6,6,ims,2,2/8,579.9713227928262,579.9713227928262
6.5.4,6,6,ims,3,3/8,579.9713227928262,579.9713227928262
6.5.4,6,6,ims,4,4/8,579.9713227928262,579.9713227928262
6.5.4,6,6,ims,5,5/8,579.9713227928262,579.9713227928262
6.5.4,6,6,ims,6,6/8,579.9713227928262,579.9713227928262
6.5.4,6,6,ims,7,7/8,579.9713227928262,579.9713227928262
6.5.4,6,6,ims,8,8/8,579.9713227928262,579.9713227928262
6.5.4,6,7,ims,0,0/8,746.1016835622609,579.9713227928262
6.5.4,6,7,ims,1,1/8,579.9713227928262,579.9713227928262
6.5.4,6,7,ims,2,2/8,579.9713227928262,579.9713227928262
6.5.4,6,7,ims,3,3/8,579.9713227928262,579.9713227928262
6.5.4,6,7,ims,4,4/8,579.9713227928262,579.9713227928262
6.5.4,6,7,ims,5,5/8,579.9713227928262,579.9713227928262
6.5.4,6,7,ims,6,6/8,579.9713227928262,579.9713227928262
6.5.4,6,7,ims,7,7/8,579.9713227928262,579.9713227928262
6.5.4,6,7,ims,8,8/8,579.9713227928262,579.9713227928262
6.5.4,6,8,ims,0,0/8,751.4275946944315,579.9713227928262
6.5.4,6,8,ims,1,1/8,579.9713227928262,579.9713227928262
6.5.4,6,8,ims,2,2/8,579.9713227928262,579.9713227928262
6.5.4,6,8,ims,3,3/8,579.9713227928262,579.9713227928262
6.5.4,6,8,ims,4,4/8,579.9713227928262,579.9713227928262
6.5.4,6,8,ims,5,5/8,579.9713227928262,579.9713227928262
6.5.4,6,8,ims,6,6/8,579.9713227928262,579.9713227928262
6.5.4,6,8,ims,7,7/8,579.9713227928262,579.9713227928262
6.5.4,6,8,ims,8,8/8,579.9713227928262,579.9713227928262
6.5.4,6,9,ims,0,0/8,746.1016835622609,579.9713227928262
6.5.4,6,9,ims,1,1/8,579.9713227928262,579.9713227928262
6.5.4,6,9,ims,2,2/8,579.9713227928262,579.9713227928262
6.5.4,6,9,ims,3,3/8,579.9713227928262,579.9713227928262
6.5.4,6,9,ims,4,4/8,579.9713227928262,579.9713227928262
6.5.4,6,9,ims,5,5/8,579.9713227928262,579.9713227928262
6.5.4,6,9,ims,6,6/8,579.9713227928262,579.9713227928262
6.5.4,6,9,ims,7,7/8,579.9713227928262,579.9713227928262
6.5.4,6,9,ims,8,8/8,579.9713227928262,579.9713227928262
6.5.4,6,10,ims,0,0/8,751.4275946944315,579.9713227928262
6.5.4,6,10,ims,1,1/8,579.9713227928262,579.9713227928262
6.5.4,6,10,ims,2,2/8,579.9713227928262,579.9713227928262
6.5.4,6,10,ims,3,3/8,579.9713227928262,579.9713227928262
6.5.4,6,10,ims,4,4/8,579.9713227928262,579.9713227928262
6.5.4,6,10,ims,5,5/8,579.9713227928262,579.9713227928262
6.5.4,6,10,ims,6,6/8,579.9713227928262,579.9713227928262
6.5.4,6,10,ims,7,7/8,579.9713227928262,579.9713227928262
6.5.4,6,10,ims,8,8/8,579.9713227928262,579.9713227928262
6.5.4,6,1,sats,0,0/8,775.999970424778,579.9713227928262
6.5.4,6,1,sats,1,1/8,579.9713227928262,579.9713227928262
6.5.4,6,1,sats,2,2/8,579.9713227928262,579.9713227928262
6.5.4,6,1,sats,3,3/8,579.9713227928262,579.9713227928262
6.5.4,6,1,sats,4,4/8,579.9713227928262,579.9713227928262
6.5.4,6,1,sats,5,5/8,579.9713227928262,579.9713227928262
6.5.4,6,1,sats,6,6/8,579.9713227928262,579.9713227928262
6.5.4,6,1,sats,7,7/8,579.9713227928262,579.9713227928262
6.5.4,6,1,sats,8,8/8,579.9713227928262,579.9713227928262
6.5.4,6,2,sats,0,0/8,751.4275946944315,579.9713227928262
6.5.4,6,2,sats,1,1/8,579.9713227928262,579.9713227928262
6.5.4,6,2,sats,2,2/8,579.9713227928262,579.9713227928262
6.5.4,6,2,sats,3,3/8,579.9713227928262,579.9713227928262
6.5.4,6,2,sats,4,4/8,579.9713227928262,579.9713227928262
6.5.4,6,2,sats,5,5/8,579.9713227928262,579.9713227928262
6.5.4,6,2,sats,6,6/8,579.9713227928262,579.9713227928262
6.5.4,6,2,sats,7,7/8,579.9713227928262,579.9713227928262
6.5.4,6,2,sats,8,8/8,579.9713227928262,579.9713227928262
6.5.4,6,3,sats,0,0/8,746.1016835622609,579.9713227928262
6.5.4,6,3,sats,1,1/8,579.9713227928262,579.9713227928262
6.5.4,6,3,sats,2,2/8,579.9713227928262,579.9713227928262
6.5.4,6,3,sats,3,3/8,579.9713227928262,579.9713227928262
6.5.4,6,3,sats,4,4/8,579.9713227928262,579.9713227928262
6.5.4,6,3,sats,5,5/8,579.9713227928262,579.9713227928262
6.5.4,6,3,sats,6,6/8,579.9713227928262,579.9713227928262
6.5.4,6,3,sats,7,7/8,579.9713227928262,579.9713227928262
6.5.4,6,3,sats,8,8/8,579.9713227928262,579.9713227928262
6.5.4,6,4,sats,0,0/8,1141.6246084847637,579.9713227928262
6.5.4,6,4,sats,1,1/8,579.9713227928262,579.9713227928262
6.5.4,6,4,sats,2,2/8,579.9713227928262,579.9713227928262
6.5.4,6,4,sats,3,3/8,579.9713227928262,579.9713227928262
6.5.4,6,4,sats,4,4/8,579.9713227928262,579.9713227928262
6.5.4,6,4,sats,5,5/8,579.9713227928262,579.9713227928262
6.5.4,6,4,sats,6,6/8,579.9713227928262,579.9713227928262
6.5.4,6,4,sats,7,7/8,579.9713227928262,579.9713227928262
6.5.4,6,4,sats,8,8/8,579.9713227928262,579.9713227928262
6.5.4,6,5,sats,0,0/8,1141.6246084847637,579.9713227928262
6.5.4,6,5,sats,1,1/8,579.9713227928262,579.9713227928262
6.5.4,6,5,sats,2,2/8,579.9713227928262,579.9713227928262
6.5.4,6,5,sats,3,3/8,579.9713227928262,579.9713227928262
6.5.4,6,5,sats,4,4/8,579.9713227928262,579.9713227928262
6.5.4,6,5,sats,5,5/8,579.9713227928262,579.9713227928262
6.5.4,6,5,sats,6,6/8,579.9713227928262,579.9713227928262
6.5.4,6,5,sats,7,7/8,579.9713227928262,579.9713227928262
6.5.4,6,5,sats,8,8/8,579.9713227928262,579.9713227928262
6.5.4,6,6,sats,0,0/8,746.1016835622609,579.9713227928262
6.5.4,6,6,sats,1,1/8,579.9713227928262,579.9713227928262
6.5.4,6,6,sats,2,2/8,579.9713227928262,579.9713227928262
6.5.4,6,6,sats,3,3/8,579.9713227928262,579.9713227928262
6.5.4,6,6,sats,4,4/8,579.9713227928262,579.9713227928262
6.5.4,6,6,sats,5,5/8,579.9713227928262,579.9713227928262
6.5.4,6,6,sats,6,6/8,579.9713227928262,579.9713227928262
6.5.4,6,6,sats,7,7/8,579.9713227928262,579.9713227928262
6.5.4,6,6,sats,8,8/8,579.9713227928262,579.9713227928262
6.5.4,6,7,sats,0,0/8,746.1016835622609,579.9713227928262
6.5.4,6,7,sats,1,1/8,579.9713227928262,579.9713227928262
6.5.4,6,7,sats,2,2/8,579.9713227928262,579.9713227928262
6.5.4,6,7,sats,3,3/8,579.9713227928262,579.9713227928262
6.5.4,6,7,sats,4,4/8,579.9713227928262,579.9713227928262
6.5.4,6,7,sats,5,5/8,579.9713227928262,579.9713227928262
6.5.4,6,7,sats,6,6/8,579.9713227928262,579.9713227928262
6.5.4,6,7,sats,7,7/8,579.9713227928262,579.9713227928262
6.5.4,6,7,sats,8,8/8,579.9713227928262,579.9713227928262
6.5.4,6,8,sats,0,0/8,751.4275946944315,579.9713227928262
6.5.4,6,8,sats,1,1/8,579.9713227928262,579.9713227928262
6.5.4,6,8,sats,2,2/8,579.9713227928262,579.9713227928262
6.5.4,6,8,sats,3,3/8,579.9713227928262,579.9713227928262
6.5.4,6,8,sats,4,4/8,579.9713227928262,579.9713227928262
6.5.4,6,8,sats,5,5/8,579.9713227928262,579.9713227928262
6.5.4,6,8,sats,6,6/8,579.9713227928262,579.9713227928262
6.5.4,6,8,sats,7,7/8,579.9713227928262,579.9713227928262
6.5.4,6,8,sats,8,8/8,579.9713227928262,579.9713227928262
6.5.4,6,9,sats,0,0/8,746.1016835622609,579.9713227928262
6.5.4,6,9,sats,1,1/8,579.9713227928262,579.9713227928262
6.5.4,6,9,sats,2,2/8,579.9713227928262,579.9713227928262
6.5.4,6,9,sats,3,3/8,579.9713227928262,579.9713227928262
6.5.4,6,9,sats,4,4/8,579.9713227928262,579.9713227928262
6.5.4,6,9,sats,5,5/8,579.9713227928262,579.9713227928262
6.5.4,6,9,sats,6,6/8,579.9713227928262,579.9713227928262
6.5.4,6,9,sats,7,7/8,579.9713227928262,579.9713227928262
6.5.4,6,9,sats,8,8/8,579.9713227928262,579.9713227928262
6.5.4,6,10,sats,0,0/8,751.4275946944315,579.9713227928262
6.5.4,6,10,sats,1,1/8,579.9713227928262,579.9713227928262
6.5.4,6,10,sats,2,2/8,579.9713227928262,579.9713227928262
6.5.4,6,10,sats,3,3/8,579.9713227928262,579.9713227928262
6.5.4,6,10,sats,4,4/8,579.9713227928262,579.9713227928262
6.5.4,6,10,sats,5,5/8,579.9713227928262,579.9713227928262
6.5.4,6,10,sats,6,6/8,579.9713227928262,579.9713227928262
6.5.4,6,10,sats,7,7/8,579.9713227928262,579.9713227928262
6.5.4,6,10,sats,8,8/8,579.9713227928262,579.9713227928262
10.10.1,10,1,ims,0,0/8,2219.3892122183897,1735.950029753597
10.10.1,10,1,ims,1,1/8,1735.950029753597,1735.950029753597
10.10.1,10,1,ims,2,2/8,1735.950029753597,1735.950029753597
10.10.1,10,1,ims,3,3/8,1735.950029753597,1735.950029753597
10.10.1,10,1,ims,4,4/8,1735.950029753597,1735.950029753597
10.10.1,10,1,ims,5,5/8,1735.950029753597,1735.950029753597
10.10.1,10,1,ims,6,6/8,1735.950029753597,1735.950029753597
10.10.1,10,1,ims,7,7/8,1735.950029753597,1735.950029753597
10.10.1,10,1,ims,8,8/8,1735.950029753597,1735.950029753597
10.10.1,10,2,ims,0,0/8,2051.4615170901575,1735.950029753597
10.10.1,10,2,ims,1,1/8,1735.950029753597,1735.950029753597
10.10.1,10,2,ims,2,2/8,1735.950029753597,1735.950029753597
10.10.1,10,2,ims,3,3/8,1735.950029753597,1735.950029753597
10.10.1,10,2,ims,4,4/8,1735.950029753597,1735.950029753597
10.10.1,10,2,ims,5,5/8,1735.950029753597,1735.950029753597
10.10.1,10,2,ims,6,6/8,1735.950029753597,1735.950029753597
10.10.1,10,2,ims,7,7/8,1735.950029753597,1735.950029753597
10.10.1,10,2,ims,8,8/8,1735.950029753597,1735.950029753597
10.10.1,10,3,ims,0,0/8,2269.600569659386,1735.950029753597
10.10.1,10,3,ims,1,1/8,1735.950029753597,1735.950029753597
10.10.1,10,3,ims,2,2/8,1735.950029753597,1735.950029753597
10.10.1,10,3,ims,3,3/8,1735.950029753597,1735.950029753597
10.10.1,10,3,ims,4,4/8,1735.950029753597,1735.950029753597
10.10.1,10,3,ims,5,5/8,1735.950029753597,1735.950029753597
10.10.1,10,3,ims,6,6/8,1735.950029753597,1735.950029753597
10.10.1,10,3,ims,7,7/8,1735.950029753597,1735.950029753597
10.10.1,10,3,ims,8,8/8,1735.950029753597,1735.950029753597
10.10.1,10,4,ims,0,0/8,2219.3892122183897,1735.950029753597
10.10.1,10,4,ims,1,1/8,1735.950029753597,1735.950029753597
10.10.1,10,4,ims,2,2/8,1735.950029753597,1735.950029753597
10.10.1,10,4,ims,3,3/8,1735.950029753597,1735.950029753597
10.10.1,10,4,ims,4,4/8,1735.950029753597,1735.950029753597
10.10.1,10,4,ims,5,5/8,1735.950029753597,1735.950029753597
10.10.1,10,4,ims,6,6/8,1735.950029753597,1735.950029753597
10.10.1,10,4,ims,7,7/8,1735.950029753597,1735.950029753597
10.10.1,10,4,ims,8,8/8,1735.950029753597,1735.950029753597
10.10.1,10,5,ims,0,0/8,2219.3892122183897,1735.950029753597
10.10.1,10,5,ims,1,1/8,1735.950029753597,1735.950029753597
10.10.1,10,5,ims,2,2/8,1735.950029753597,1735.950029753597
10.10.1,10,5,ims,3,3/8,1735.950029753597,1735.950029753597
10.10.1,10,5,ims,4,4/8,1735.950029753597,1735.950029753597
10.10.1,10,5,ims,5,5/8,1735.950029753597,1735.950029753597
10.10.1,10,5,ims,6,6/8,1735.950029753597,1735.950029753597
10.10.1,10,5,ims,7,7/8,1735.950029753597,1735.950029753597
10.10.1,10,5,ims,8,8/8,1735.950029753597,1735.950029753597
10.10.1,10,6,ims,0,0/8,2051.4615170901575,1735.950029753597
10.10.1,10,6,ims,1,1/8,1735.950029753597,1735.950029753597
10.10.1,10,6,ims,2,2/8,1735.950029753597,1735.950029753597
10.10.1,10,6,ims,3,3/8,1735.950029753597,1735.950029753597
10.10.1,10,6,ims,4,4/8,1735.950029753597,1735.950029753597
10.10.1,10,6,ims,5,5/8,1735.950029753597,1735.950029753597
10.10.1,10,6,ims,6,6/8,1735.950029753597,1735.950029753597
10.10.1,10,6,ims,7,7/8,1735.950029753597,1735.950029753597
10.10.1,10,6,ims,8,8/8,1735.950029753597,1735.950029753597
10.10.1,10,7,ims,0,0/8,2051.4615170901575,1735.950029753597
10.10.1,10,7,ims,1,1/8,1735.950029753597,1735.950029753597
10.10.1,10,7,ims,2,2/8,1735.950029753597,1735.950029753597
10.10.1,10,7,ims,3,3/8,1735.950029753597,1735.950029753597
10.10.1,10,7,ims,4,4/8,1735.950029753597,1735.950029753597
10.10.1,10,7,ims,5,5/8,1735.950029753597,1735.950029753597
10.10.1,10,7,ims,6,6/8,1735.950029753597,1735.950029753597
10.10.1,10,7,ims,7,7/8,1735.950029753597,1735.950029753597
10.10.1,10,7,ims,8,8/8,1735.950029753597,1735.950029753597
10.10.1,10,8,ims,0,0/8,2224.861825475434,1735.950029753597
10.10.1,10,8,ims,1,1/8,1735.950029753597,1735.950029753597
10.10.1,10,8,ims,2,2/8,1735.950029753597,1735.950029753597
10.10.1,10,8,ims,3,3/8,1735.950029753597,1735.950029753597
10.10.1,10,8,ims,4,4/8,1735.950029753597,1735.950029753597
10.10.1,10,8,ims,5,5/8,1735.950029753597,1735.950029753597
10.10.1,10,8,ims,6,6/8,1735.950029753597,1735.950029753597
10.10.1,10,8,ims,7,7/8,1735.950029753597,1735.950029753597
10.10.1,10,8,ims,8,8/8,1735.950029753597,1735.950029753597
10.10.1,10,9,ims,0,0/8,2268.5460758074996,1735.950029753597
10.10.1,10,9,ims,1,1/8,1735.950029753597,1735.950029753597
10.10.1,10,9,ims,2,2/8,1735.950029753597,1735.950029753597
10.10.1,10,9,ims,3,3/8,1735.950029753597,1735.950029753597
10.10.1,10,9,ims,4,4/8,1735.950029753597,1735.950029753597
10.10.1,10,9,ims,5,5/8,1735.950029753597,1735.950029753597
10.10.1,10,9,ims,6,6/8,1735.950029753597,1735.950029753597
10.10.1,10,9,ims,7,7/8,1735.950029753597,1735.950029753597
10.10.1,10,9,ims,8,8/8,1735.950029753597,1735.950029753597
10.10.1,10,10,ims,0,0/8,2219.3892122183897,1735.950029753597
10.10.1,10,10,ims,1,1/8,1735.950029753597,1735.950029753597
10.10.1,10,10,ims,2,2/8,1735.950029753597,1735.950029753597
10.10.1,10,10,ims,3,3/8,1735.950029753597,1735.950029753597
10.10.1,10,10,ims,4,4/8,1735.950029753597,1735.950029753597
10.10.1,10,10,ims,5,5/8,1735.950029753597,1735.950029753597
10.10.1,10,10,ims,6,6/8,1735.950029753597,1735.950029753597
10.10.1,10,10,ims,7,7/8,1735.950029753597,1735.950029753597
10.10.1,10,10,ims,8,8/8,1735.950029753597,1735.950029753597
10.10.1,10,1,sats,0,0/8,2219.3892122183897,1735.950029753597
10.10.1,10,1,sats,1,1/8,1735.9500297535972,1735.950029753597
10.10.1,10,1,sats,2,2/8,1735.9500297535972,1735.950029753597
10.10.1,10,1,sats,3,3/8,1735.9500297535972,1735.950029753597
10.10.1,10,1,sats,4,4/8,1735.9500297535972,1735.950029753597
10.10.1,10,1,sats,5,5/8,1735.9500297535972,1735.950029753597
10.10.1,10,1,sats,6,6/8,1735.9500297535972,1735.950029753597
10.10.1,10,1,sats,7,7/8,1735.9500297535972,1735.950029753597
10.10.1,10,1,sats,8,8/8,1735.9500297535972,1735.950029753597
10.10.1,10,2,sats,0,0/8,2224.861825475434,1735.950029753597
10.10.1,10,2,sats,1,1/8,1735.9500297535972,1735.950029753597
10.10.1,10,2,sats,2,2/8,1735.9500297535972,1735.950029753597
10.10.1,10,2,sats,3,3/8,1735.9500297535972,1735.950029753597
10.10.1,10,2,sats,4,4/8,1735.9500297535972,1735.950029753597
10.10.1,10,2,sats,5,5/8,1735.9500297535972,1735.950029753597
10.10.1,10,2,sats,6,6/8,1735.9500297535972,1735.950029753597
10.10.1,10,2,sats,7,7/8,1735.9500297535972,1735.950029753597
10.10.1,10,2,sats,8,8/8,1735.9500297535972,1735.950029753597
10.10.1,10,3,sats,0,0/8,2599.111450449148,1735.950029753597
10.10.1,10,3,sats,1,1/8,1735.950029753597,1735.950029753597
10.10.1,10,3,sats,2,2/8,1735.950029753597,1735.950029753597
10.10.1,10,3,sats,3,3/8,1735.950029753597,1735.950029753597
10.10.1,10,3,sats,4,4/8,1735.950029753597,1735.950029753597
10.10.1,10,3,sats,5,5/8,1735.950029753597,1735.950029753597
10.10.1,10,3,sats,6,6/8,1735.950029753597,1735.950029753597
10.10.1,10,3,sats,7,7/8,1735.950029753597,1735.950029753597
10.10.1,10,3,sats,8,8/8,1735.950029753597,1735.950029753597
10.10.1,10,4,sats,0,0/8,2533.526077466634,1735.950029753597
10.10.1,10,4,sats,1,1/8,1735.950029753597,1735.950029753597
10.10.1,10,4,sats,2,2/8,1735.950029753597,1735.950029753597
10.10.1,10,4,sats,3,3/8,1735.950029753597,1735.950029753597
10.10.1,10,4,sats,4,4/8,1735.950029753597,1735.950029753597
10.10.1,10,4,sats,5,5/8,1735.950029753597,1735.950029753597
10.10.1,10,4,sats,6,6/8,1735.950029753597,1735.950029753597
10.10.1,10,4,sats,7,7/8,1735.950029753597,1735.950029753597
10.10.1,10,4,sats,8,8/8,1735.950029753597,1735.950029753597
10.10.1,10,5,sats,0,0/8,2533.526077466634,1735.950029753597
10.10.1,10,5,sats,1,1/8,1735.9500297535972,1735.950029753597
10.10.1,10,5,sats,2,2/8,1735.9500297535972,1735.950029753597
10.10.1,10,5,sats,3,3/8,1735.9500297535972,1735.950029753597
10.10.1,10,5,sats,4,4/8,1735.9500297535972,1735.950029753597
10.10.1,10,5,sats,5,5/8,1735.9500297535972,1735.950029753597
10.10.1,10,5,sats,6,6/8,1735.9500297535972,1735.950029753597
10.10.1,10,5,sats,7,7/8,1735.9500297535972,1735.950029753597
10.10.1,10,5,sats,8,8/8,1735.9500297535972,1735.950029753597
10.10.1,10,6,sats,0,0/8,2599.111450449148,1735.950029753597
10.10.1,10,6,sats,1,1/8,1735.950029753597,1735.950029753597
10.10.1,10,6,sats,2,2/8,1735.950029753597,1735.950029753597
10.10.1,10,6,sats,3,3/8,1735.950029753597,1735.950029753597
10.10.1,10,6,sats,4,4/8,1735.950029753597,1735.950029753597
10.10.1,10,6,sats,5,5/8,1735.950029753597,1735.950029753597
10.10.1,10,6,sats,6,6/8,1735.950029753597,1735.950029753597
10.10.1,10,6,sats,7,7/8,1735.950029753597,1735.950029753597
10.10.1,10,6,sats,8,8/8,1735.950029753597,1735.950029753597
10.10.1,10,7,sats,0,0/8,2051.4615170901575,1735.950029753597
10.10.1,10,7,sats,1,1/8,1735.9500297535972,1735.950029753597
10.10.1,10,7,sats,2,2/8,1735.9500297535972,1735.950029753597
10.10.1,10,7,sats,3,3/8,1735.9500297535972,1735.950029753597
10.10.1,10,7,sats,4,4/8,1735.9500297535972,1735.950029753597
10.10.1,10,7,sats,5,5/8,1735.9500297535972,1735.950029753597
10.10.1,10,7,sats,6,6/8,1735.9500297535972,1735.950029753597
10.10.1,10,7,sats,7,7/8,1735.9500297535972,1735.950029753597
10.10.1,10,7,sats,8,8/8,1735.9500297535972,1735.950029753597
10.10.1,10,8,sats,0,0/8,2224.861825475434,1735.950029753597
10.10.1,10,8,sats,1,1/8,1735.950029753597,1735.950029753597
10.10.1,10,8,sats,2,2/8,1735.950029753597,1735.950029753597
10.10.1,10,8,sats,3,3/8,1735.950029753597,1735.950029753597
10.10.1,10,8,sats,4,4/8,1735.950029753597,1735.950029753597
10.10.1,10,8,sats,5,5/8,1735.950029753597,1735.950029753597
10.10.1,10,8,sats,6,6/8,1735.950029753597,1735.950029753597
10.10.1,10,8,sats,7,7/8,1735.950029753597,1735.950029753597
10.10.1,10,8,sats,8,8/8,1735.950029753597,1735.950029753597
10.10.1,10,9,sats,0,0/8,2268.5460758074996,1735.950029753597
10.10.1,10,9,sats,1,1/8,1735.950029753597,1735.950029753597
10.10.1,10,9,sats,2,2/8,1735.950029753597,1735.950029753597
10.10.1,10,9,sats,3,3/8,1735.950029753597,1735.950029753597
10.10.1,10,9,sats,4,4/8,1735.950029753597,1735.950029753597
10.10.1,10,9,sats,5,5/8,1735.950029753597,1735.950029753597
10.10.1,10,9,sats,6,6/8,1735.950029753597,1735.950029753597
10.10.1,10,9,sats,7,7/8,1735.950029753597,1735.950029753597
10.10.1,10,9,sats,8,8/8,1735.950029753597,1735.950029753597
10.10.1,10,10,sats,0,0/8,2270.701123263523,1735.950029753597
10.10.1,10,10,sats,1,1/8,1735.9500297535972,1735.950029753597
10.10.1,10,10,sats,2,2/8,1735.9500297535972,1735.950029753597
10.10.1,10,10,sats,3,3/8,1735.9500297535972,1735.950029753597
10.10.1,10,10,sats,4,4/8,1735.9500297535972,1735.950029753597
10.10.1,10,10,sats,5,5/8,1735.9500297535972,1735.950029753597
10.10.1,10,10,sats,6,6/8,1735.9500297535972,1735.950029753597
10.10.1,10,10,sats,7,7/8,1735.9500297535972,1735.950029753597
10.10.1,10,10,sats,8,8/8,1735.9500297535972,1735.950029753597
10.10.2,10,1,ims,0,0/8,2126.664604563702,2006.7277325718107
10.10.2,10,1,ims,1,1/8,2006.7277325718107,2006.7277325718107
10.10.2,10,1,ims,2,2/8,2006.7277325718107,2006.7277325718107
10.10.2,10,1,ims,3,3/8,2006.7277325718107,2006.7277325718107
10.10.2,10,1,ims,4,4/8,2006.7277325718107,2006.7277325718107
10.10.2,10,1,ims,5,5/8,2006.7277325718107,2006.7277325718107
10.10.2,10,1,ims,6,6/8,2006.7277325718107,2006.7277325718107
10.10.2,10,1,ims,7,7/8,2006.7277325718107,2006.7277325718107
10.10.2,10,1,ims,8,8/8,2006.7277325718107,2006.7277325718107
10.10.2,10,2,ims,0,0/8,2126.664604563702,2006.7277325718107
10.10.2,10,2,ims,1,1/8,2006.7277325718107,2006.7277325718107
10.10.2,10,2,ims,2,2/8,2006.7277325718107,2006.7277325718107
10.10.2,10,2,ims,3,3/8,2006.7277325718107,2006.7277325718107
10.10.2,10,2,ims,4,4/8,2006.7277325718107,2006.7277325718107
10.10.2,10,2,ims,5,5/8,2006.7277325718107,2006.7277325718107
10.10.2,10,2,ims,6,6/8,2006.7277325718107,2006.7277325718107
10.10.2,10,2,ims,7,7/8,2006.7277325718107,2006.7277325718107
10.10.2,10,2,ims,8,8/8,2006.7277325718107,2006.7277325718107
10.10.2,10,3,ims,0,0/8,2126.664604563702,2006.7277325718107
10.10.2,10,3,ims,1,1/8,2006.7277325718107,2006.7277325718107
10.10.2,10,3,ims,2,2/8,2006.7277325718107,2006.7277325718107
10.10.2,10,3,ims,3,3/8,2006.7277325718107,2006.7277325718107
10.10.2,10,3,ims,4,4/8,2006.7277325718107,2006.7277325718107
10.10.2,10,3,ims,5,5/8,2006.7277325718107,2006.7277325718107
10.10.2,10,3,ims,6,6/8,2006.7277325718107,2006.7277325718107
10.10.2,10,3,ims,7,7/8,2006.7277325718107,2006.7277325718107
10.10.2,10,3,ims,8,8/8,2006.7277325718107,2006.7277325718107
10.10.2,10,4,ims,0,0/8,2150.1800197443054,2006.7277325718107
10.10.2,10,4,ims,1,1/8,2006.7277325718107,2006.7277325718107
10.10.2,10,4,ims,2,2/8,2006.7277325718107,2006.7277325718107
10.10.2,10,4,ims,3,3/8,2006.7277325718107,2006.7277325718107
10.10.2,10,4,ims,4,4/8,2006.7277325718107,2006.7277325718107
10.10.2,10,4,ims,5,5/8,2006.7277325718107,2006.7277325718107
10.10.2,10,4,ims,6,6/8,2006.7277325718107,2006.7277325718107
10.10.2,10,4,ims,7,7/8,2006.7277325718107,2006.7277325718107
10.10.2,10,4,ims,8,8/8,2006.7277325718107,2006.7277325718107
10.10.2,10,5,ims,0,0/8,2150.1800197443054,2006.7277325718107
10.10.2,10,5,ims,1,1/8,2006.7277325718107,2006.7277325718107
10.10.2,10,5,ims,2,2/8,2006.7277325718107,2006.7277325718107
10.10.2,10,5,ims,3,3/8,2006.7277325718107,2006.7277325718107
10.10.2,10,5,ims,4,4/8,2006.7277325718107,2006.7277325718107
10.10.2,10,5,ims,5,5/8,2006.7277325718107,2006.7277325718107
10.10.2,10,5,ims,6,6/8,2006.7277325718107,2006.7277325718107
10.10.2,10,5,ims,7,7/8,2006.7277325718107,2006.7277325718107
10.10.2,10,5,ims,8,8/8,2006.7277325718107,2006.7277325718107
10.10.2,10,6,ims,0,0/8,2313.0271644755026,2006.7277325718107
10.10.2,10,6,ims,1,1/8,2006.7277325718107,2006.7277325718107
10.10.2,10,6,ims,2,2/8,2006.7277325718107,2006.7277325718107
10.10.2,10,6,ims,3,3/8,2006.7277325718107,2006.7277325718107
10.10.2,10,6,ims,4,4/8,2006.7277325718107,2006.7277325718107
10.10.2,10,6,ims,5,5/8,2006.7277325718107,2006.7277325718107
10.10.2,10,6,ims,6,6/8,2006.7277325718107,2006.7277325718107
10.10.2,10,6,ims,7,7/8,2006.7277325718107,2006.7277325718107
10.10.2,10,6,ims,8,8/8,2006.7277325718107,2006.7277325718107
10.10.2,10,7,ims,0,0/8,2313.0271644755026,2006.7277325718107
10.10.2,10,7,ims,1,1/8,2006.7277325718107,2006.7277325718107
10.10.2,10,7,ims,2,2/8,2006.7277325718107,2006.7277325718107
10.10.2,10,7,ims,3,3/8,2006.7277325718107,2006.7277325718107
10.10.2,10,7,ims,4,4/8,2006.7277325718107,2006.7277325718107
10.10.2,10,7,ims,5,5/8,2006.7277325718107,2006.7277325718107
10.10.2,10,7,ims,6,6/8,2006.7277325718107,2006.7277325718107
10.10.2,10,7,ims,7,7/8,2006.7277325718107,2006.7277325718107
10.10.2,10,7,ims,8,8/8,2006.7277325718107,2006.7277325718107
10.10.2,10,8,ims,0,0/8,2126.664604563702,2006.7277325718107
10.10.2,10,8,ims,1,1/8,2006.7277325718107,2006.7277325718107
10.10.2,10,8,ims,2,2/8,2006.7277325718107,2006.7277325718107
10.10.2,10,8,ims,3,3/8,2006.7277325718107,2006.7277325718107
10.10.2,10,8,ims,4,4/8,2006.7277325718107,2006.7277325718107
10.10.2,10,8,ims,5,5/8,2006.7277325718107,2006.7277325718107
10.10.2,10,8,ims,6,6/8,2006.7277325718107,2006.7277325718107
10.10.2,10,8,ims,7,7/8,2006.7277325718107,2006.7277325718107
10.10.2,10,8,ims,8,8/8,2006.7277325718107,2006.7277325718107
10.10.2,10,9,ims,0,0/8,2150.1800197443054,2006.7277325718107
10.10.2,10,9,ims,1,1/8,2006.7277325718107,2006.7277325718107
10.10.2,10,9,ims,2,2/8,2006.7277325718107,2006.7277325718107
10.10.2,10,9,ims,3,3/8,2006.7277325718107,2006.7277325718107
10.10.2,10,9,ims,4,4/8,2006.7277325718107,2006.7277325718107
10.10.2,10,9,ims,5,5/8,2006.7277325718107,2006.7277325718107
10.10.2,10,9,ims,6,6/8,2006.7277325718107,2006.7277325718107
10.10.2,10,9,ims,7,7/8,2006.7277325718107,2006.7277325718107
10.10.2,10,9,ims,8,8/8,2006.7277325718107,2006.7277325718107
10.10.2,10,10,ims,0,0/8,2150.1800197443054,2006.7277325718107
10.10.2,10,10,ims,1,1/8,2006.7277325718107,2006.7277325718107
10.10.2,10,10,ims,2,2/8,2006.7277325718107,2006.7277325718107
10.10.2,10,10,ims,3,3/8,2006.7277325718107,2006.7277325718107
10.10.2,10,10,ims,4,4/8,2006.7277325718107,2006.7277325718107
10.10.2,10,10,ims,5,5/8,2006.7277325718107,2006.7277325718107
10.10.2,10,10,ims,6,6/8,2006.7277325718107,2006.7277325718107
10.10.2,10,10,ims,7,7/8,2006.7277325718107,2006.7277325718107
10.10.2,10,10,ims,8,8/8,2006.7277325718107,2006.7277325718107
10.10.2,10,1,sats,0,0/8,2348.28998470914,2006.7277325718107
10.10.2,10,1,sats,1,1/8,2006.7277325718107,2006.7277325718107
10.10.2,10,1,sats,2,2/8,2006.7277325718107,2006.7277325718107
10.10.2,10,1,sats,3,3/8,2006.7277325718107,2006.7277325718107
10.10.2,10,1,sats,4,4/8,2006.7277325718107,2006.7277325718107
10.10.2,10,1,sats,5,5/8,2006.7277325718107,2006.7277325718107
10.10.2,10,1,sats,6,6/8,2006.7277325718107,2006.7277325718107
10.10.2,10,1,sats,7,7/8,2006.7277325718107,2006.7277325718107
10.10.2,10,1,sats,8,8/8,2006.7277325718107,2006.7277325718107
10.10.2,10,2,sats,0,0/8,2857.978824286448,2006.7277325718107
10.10.2,10,2,sats,1,1/8,2006.7277325718107,2006.7277325718107
10.10.2,10,2,sats,2,2/8,2006.7277325718107,2006.7277325718107
10.10.2,10,2,sats,3,3/8,2006.7277325718107,2006.7277325718107
10.10.2,10,2,sats,4,4/8,2006.7277325718107,2006.7277325718107
10.10.2,10,2,sats,5,5/8,2006.7277325718107,2006.7277325718107
10.10.2,10,2,sats,6,6/8,2006.7277325718107,2006.7277325718107
10.10.2,10,2,sats,7,7/8,2006.7277325718107,2006.7277325718107
10.10.2,10,2,sats,8,8/8,2006.7277325718107,2006.7277325718107
10.10.2,10,3,sats,0,0/8,2789.9942223791127,2006.7277325718107
10.10.2,10,3,sats,1,1/8,2006.7277325718107,2006.7277325718107
10.10.2,10,3,sats,2,2/8,2006.7277325718107,2006.7277325718107
10.10.2,10,3,sats,3,3/8,2006.7277325718107,2006.7277325718107
10.10.2,10,3,sats,4,4/8,2006.7277325718107,2006.7277325718107
10.10.2,10,3,sats,5,5/8,2006.7277325718107,2006.7277325718107
10.10.2,10,3,sats,6,6/8,2006.7277325718107,2006.7277325718107
10.10.2,10,3,sats,7,7/8,2006.7277325718107,2006.7277325718107
10.10.2,10,3,sats,8,8/8,2006.7277325718107,2006.7277325718107
10.10.2,10,4,sats,0,0/8,2150.1800197443054,2006.7277325718107
10.10.2,10,4,sats,1,1/8,2006.7277325718107,2006.7277325718107
10.10.2,10,4,sats,2,2/8,2006.7277325718107,2006.7277325718107
10.10.2,10,4,sats,3,3/8,2006.7277325718107,2006.7277325718107
10.10.2,10,4,sats,4,4/8,2006.7277325718107,2006.7277325718107
10.10.2,10,4,sats,5,5/8,2006.7277325718107,2006.7277325718107
10.10.2,10,4,sats,6,6/8,2006.7277325718107,2006.7277325718107
10.10.2,10,4,sats,7,7/8,2006.7277325718107,2006.7277325718107
10.10.2,10,4,sats,8,8/8,2006.7277325718107,2006.7277325718107
10.10.2,10,5,sats,0,0/8,2150.1800197443054,2006.7277325718107
10.10.2,10,5,sats,1,1/8,2006.7277325718107,2006.7277325718107
10.10.2,10,5,sats,2,2/8,2006.7277325718107,2006.7277325718107
10.10.2,10,5,sats,3,3/8,2006.7277325718107,2006.7277325718107
10.10.2,10,5,sats,4,4/8,2006.7277325718107,2006.7277325718107
10.10.2,10,5,sats,5,5/8,2006.7277325718107,2006.7277325718107
10.10.2,10,5,sats,6,6/8,2006.7277325718107,2006.7277325718107
10.10.2,10,5,sats,7,7/8,2006.7277325718107,2006.7277325718107
10.10.2,10,5,sats,8,8/8,2006.7277325718107,2006.7277325718107
10.10.2,10,6,sats,0,0/8,2789.9942223791127,2006.7277325718107
10.10.2,10,6,sats,1,1/8,2006.7277325718107,2006.7277325718107
10.10.2,10,6,sats,2,2/8,2006.7277325718107,2006.7277325718107
10.10.2,10,6,sats,3,3/8,2006.7277325718107,2006.7277325718107
10.10.2,10,6,sats,4,4/8,2006.7277325718107,2006.7277325718107
10.10.2,10,6,sats,5,5/8,2006.7277325718107,2006.7277325718107
10.10.2,10,6,sats,6,6/8,2006.7277325718107,2006.7277325718107
10.10.2,10,6,sats,7,7/8,2006.7277325718107,2006.7277325718107
10.10.2,10,6,sats,8,8/8,2006.7277325718107,2006.7277325718107
10.10.2,10,7,sats,0,0/8,2313.0271644755026,2006.7277325718107
10.10.2,10,7,sats,1,1/8,2006.7277325718107,2006.7277325718107
10.10.2,10,7,sats,2,2/8,2006.7277325718107,2006.7277325718107
10.10.2,10,7,sats,3,3/8,2006.7277325718107,2006.7277325718107
10.10.2,10,7,sats,4,4/8,2006.7277325718107,2006.7277325718107
10.10.2,10,7,sats,5,5/8,2006.7277325718107,2006.7277325718107
10.10.2,10,7,sats,6,6/8,2006.7277325718107,2006.7277325718107
10.10.2,10,7,sats,7,7/8,2006.7277325718107,2006.7277325718107
10.10.2,10,7,sats,8,8/8,2006.7277325718107,2006.7277325718107
10.10.2,10,8,sats,0,0/8,2857.978824286448,2006.7277325718107
10.10.2,10,8,sats,1,1/8,2006.7277325718107,2006.7277325718107
10.10.2,10,8,sats,2,2/8,2006.7277325718107,2006.7277325718107
10.10.2,10,8,sats,3,3/8,2006.7277325718107,2006.7277325718107
10.10.2,10,8,sats,4,4/8,2006.7277325718107,2006.7277325718107
10.10.2,10,8,sats,5,5/8,2006.7277325718107,2006.7277325718107
10.10.2,10,8,sats,6,6/8,2006.7277325718107,2006.7277325718107
10.10.2,10,8,sats,7,7/8,2006.7277325718107,2006.7277325718107
10.10.2,10,8,sats,8,8/8,2006.7277325718107,2006.7277325718107
10.10.2,10,9,sats,0,0/8,2391.8109544370486,2006.7277325718107
10.10.2,10,9,sats,1,1/8,2006.7277325718107,2006.7277325718107
10.10.2,10,9,sats,2,2/8,2006.7277325718107,2006.7277325718107
10.10.2,10,9,sats,3,3/8,2006.7277325718107,2006.7277325718107
10.10.2,10,9,sats,4,4/8,2006.7277325718107,2006.7277325718107
10.10.2,10,9,sats,5,5/8,2006.7277325718107,2006.7277325718107
10.10.2,10,9,sats,6,6/8,2006.7277325718107,2006.7277325718107
10.10.2,10,9,sats,7,7/8,2006.7277325718107,2006.7277325718107
10.10.2,10,9,sats,8,8/8,2006.7277325718107,2006.7277325718107
10.10.2,10,10,sats,0,0/8,2354.555636360685,2006.7277325718107
10.10.2,10,10,sats,1,1/8,2006.7277325718107,2006.7277325718107
10.10.2,10,10,sats,2,2/8,2006.7277325718107,2006.7277325718107
10.10.2,10,10,sats,3,3/8,2006.7277325718107,2006.7277325718107
10.10.2,10,10,sats,4,4/8,2006.7277325718107,2006.7277325718107
10.10.2,10,10,sats,5,5/8,2006.7277325718107,2006.7277325718107
10.10.2,10,10,sats,6,6/8,2006.7277325718107,2006.7277325718107
10.10.2,10,10,sats,7,7/8,2006.7277325718107,2006.7277325718107
10.10.2,10,10,sats,8,8/8,2006.7277325718107,2006.7277325718107
10.10.3,10,1,ims,0,0/8,2140.2526562814596,1818.1502668036478
10.10.3,10,1,ims,1,1/8,1818.1502668036474,1818.1502668036478
10.10.3,10,1,ims,2,2/8,1818.1502668036474,1818.1502668036478
10.10.3,10,1,ims,3,3/8,1818.1502668036474,1818.1502668036478
10.10.3,10,1,ims,4,4/8,1818.1502668036474,1818.1502668036478
10.10.3,10,1,ims,5,5/8,1818.1502668036474,1818.1502668036478
10.10.3,10,1,ims,6,6/8,1818.1502668036474,1818.1502668036478
10.10.3,10,1,ims,7,7/8,1818.1502668036474,1818.1502668036478
10.10.3,10,1,ims,8,8/8,1818.1502668036474,1818.1502668036478
10.10.3,10,2,ims,0,0/8,2140.2526562814596,1818.1502668036478
10.10.3,10,2,ims,1,1/8,1818.1502668036474,1818.1502668036478
10.10.3,10,2,ims,2,2/8,1818.1502668036474,1818.1502668036478
10.10.3,10,2,ims,3,3/8,1818.1502668036474,1818.1502668036478
10.10.3,10,2,ims,4,4/8,1818.1502668036474,1818.1502668036478
10.10.3,10,2,ims,5,5/8,1818.1502668036474,1818.1502668036478
10.10.3,10,2,ims,6,6/8,1818.1502668036474,1818.1502668036478
10.10.3,10,2,ims,7,7/8,1818.1502668036474,1818.1502668036478
10.10.3,10,2,ims,8,8/8,1818.1502668036474,1818.1502668036478
10.10.3,10,3,ims,0,0/8,2140.2526562814596,1818.1502668036478
10.10.3,10,3,ims,1,1/8,1818.1502668036474,1818.1502668036478
10.10.3,10,3,ims,2,2/8,1818.1502668036474,1818.1502668036478
10.10.3,10,3,ims,3,3/8,1818.1502668036474,1818.1502668036478
10.10.3,10,3,ims,4,4/8,1818.1502668036474,1818.1502668036478
10.10.3,10,3,ims,5,5/8,1818.1502668036474,1818.1502668036478
10.10.3,10,3,ims,6,6/8,1818.1502668036474,1818.1502668036478
10.10.3,10,3,ims,7,7/8,1818.1502668036474,1818.1502668036478
10.10.3,10,3,ims,8,8/8,1818.1502668036474,1818.1502668036478
10.10.3,10,4,ims,0,0/8,2282.9354811799476,1818.1502668036478
10.10.3,10,4,ims,1,1/8,1818.1502668036474,1818.1502668036478
10.10.3,10,4,ims,2,2/8,1818.1502668036474,1818.1502668036478
10.10.3,10,4,ims,3,3/8,1818.1502668036474,1818.1502668036478
10.10.3,10,4,ims,4,4/8,1818.1502668036474,1818.1502668036478
10.10.3,10,4,ims,5,5/8,1818.1502668036474,1818.1502668036478
10.10.3,10,4,ims,6,6/8,1818.1502668036474,1818.1502668036478
10.10.3,10,4,ims,7,7/8,1818.1502668036474,1818.1502668036478
10.10.3,10,4,ims,8,8/8,1818.1502668036474,1818.1502668036478
10.10.3,10,5,ims,0,0/8,2246.235402650164,1818.1502668036478
10.10.3,10,5,ims,1,1/8,1818.1502668036474,1818.1502668036478
10.10.3,10,5,ims,2,2/8,1818.1502668036474,1818.1502668036478
10.10.3,10,5,ims,3,3/8,1818.1502668036474,1818.1502668036478
10.10.3,10,5,ims,4,4/8,1818.1502668036474,1818.1502668036478
10.10.3,10,5,ims,5,5/8,1818.1502668036474,1818.1502668036478
10.10.3,10,5,ims,6,6/8,1818.1502668036474,1818.1502668036478
10.10.3,10,5,ims,7,7/8,1818.1502668036474,1818.1502668036478
10.10.3,10,5,ims,8,8/8,1818.1502668036474,1818.1502668036478
10.10.3,10,6,ims,0,0/8,2329.1444178721244,1818.1502668036478
10.10.3,10,6,ims,1,1/8,1818.1502668036474,1818.1502668036478
10.10.3,10,6,ims,2,2/8,1818.1502668036474,1818.1502668036478
10.10.3,10,6,ims,3,3/8,1818.1502668036474,1818.1502668036478
10.10.3,10,6,ims,4,4/8,1818.1502668036474,1818.1502668036478
10.10.3,10,6,ims,5,5/8,1818.1502668036474,1818.1502668036478
10.10.3,10,6,ims,6,6/8,1818.1502668036474,1818.1502668036478
10.10.3,10,6,ims,7,7/8,1818.1502668036474,1818.1502668036478
10.10.3,10,6,ims,8,8/8,1818.1502668036474,1818.1502668036478
10.10.3,10,7,ims,0,0/8,2282.9354811799476,1818.1502668036478
10.10.3,10,7,ims,1,1/8,1818.1502668036474,1818.1502668036478
10.10.3,10,7,ims,2,2/8,1818.1502668036474,1818.1502668036478
10.10.3,10,7,ims,3,3/8,1818.1502668036474,1818.1502668036478
10.10.3,10,7,ims,4,4/8,1818.1502668036474,1818.1502668036478
10.10.3,10,7,ims,5,5/8,1818.1502668036474,1818.1502668036478
10.10.3,10,7,ims,6,6/8,1818.1502668036474,1818.1502668036478
10.10.3,10,7,ims,7,7/8,1818.1502668036474,1818.1502668036478
10.10.3,10,7,ims,8,8/8,1818.1502668036474,1818.1502668036478
10.10.3,10,8,ims,0,0/8,2140.2526562814596,1818.1502668036478
10.10.3,10,8,ims,1,1/8,1818.1502668036474,1818.1502668036478
10.10.3,10,8,ims,2,2/8,1818.1502668036474,1818.1502668036478
10.10.3,10,8,ims,3,3/8,1818.1502668036474,1818.1502668036478
10.10.3,10,8,ims,4,4/8,1818.1502668036474,1818.1502668036478
10.10.3,10,8,ims,5,5/8,1818.1502668036474,1818.1502668036478
10.10.3,10,8,ims,6,6/8,1818.1502668036474,1818.1502668036478
10.10.3,10,8,ims,7,7/8,1818.1502668036474,1818.1502668036478
10.10.3,10,8,ims,8,8/8,1818.1502668036474,1818.1502668036478
10.10.3,10,9,ims,0,0/8,2345.9134551523744,1818.1502668036478
10.10.3,10,9,ims,1,1/8,1818.1502668036474,1818.1502668036478
10.10.3,10,9,ims,2,2/8,1818.1502668036474,1818.1502668036478
10.10.3,10,9,ims,3,3/8,1818.1502668036474,1818.1502668036478
10.10.3,10,9,ims,4,4/8,1818.1502668036474,1818.1502668036478
10.10.3,10,9,ims,5,5/8,1818.1502668036474,1818.1502668036478
10.10.3,10,9,ims,6,6/8,1818.1502668036474,1818.1502668036478
10.10.3,10,9,ims,7,7/8,1818.1502668036474,1818.1502668036478
10.10.3,10,9,ims,8,8/8,1818.1502668036474,1818.1502668036478
10.10.3,10,10,ims,0,0/8,2246.235402650164,1818.1502668036478
10.10.3,10,10,ims,1,1/8,1818.1502668036474,1818.1502668036478
10.10.3,10,10,ims,2,2/8,1818.1502668036474,1818.1502668036478
10.10.3,10,10,ims,3,3/8,1818.1502668036474,1818.1502668036478
10.10.3,10,10,ims,4,4/8,1818.1502668036474,1818.1502668036478
10.10.3,10,10,ims,5,5/8,1818.1502668036474,1818.1502668036478
10.10.3,10,10,ims,6,6/8,1818.1502668036474,1818.1502668036478
10.10.3,10,10,ims,7,7/8,1818.1502668036474,1818.1502668036478
10.10.3,10,10,ims,8,8/8,1818.1502668036474,1818.1502668036478
10.10.3,10,1,sats,0,0/8,2282.9354811799476,1818.1502668036478
10.10.3,10,1,sats,1,1/8,1818.1502668036474,1818.1502668036478
10.10.3,10,1,sats,2,2/8,1818.1502668036474,1818.1502668036478
10.10.3,10,1,sats,3,3/8,1818.1502668036474,1818.1502668036478
10.10.3,10,1,sats,4,4/8,1818.1502668036474,1818.1502668036478
10.10.3,10,1,sats,5,5/8,1818.1502668036474,1818.1502668036478
10.10.3,10,1,sats,6,6/8,1818.1502668036474,1818.1502668036478
10.10.3,10,1,sats,7,7/8,1818.1502668036474,1818.1502668036478
10.10.3,10,1,sats,8,8/8,1818.1502668036474,1818.1502668036478
10.10.3,10,2,sats,0,0/8,2329.1444178721244,1818.1502668036478
10.10.3,10,2,sats,1,1/8,1818.1502668036474,1818.1502668036478
10.10.3,10,2,sats,2,2/8,1818.1502668036474,1818.1502668036478
10.10.3,10,2,sats,3,3/8,1818.1502668036474,1818.1502668036478
10.10.3,10,2,sats,4,4/8,1818.1502668036474,1818.1502668036478
10.10.3,10,2,sats,5,5/8,1818.1502668036474,1818.1502668036478
10.10.3,10,2,sats,6,6/8,1818.1502668036474,1818.1502668036478
10.10.3,10,2,sats,7,7/8,1818.1502668036474,1818.1502668036478
10.10.3,10,2,sats,8,8/8,1818.1502668036474,1818.1502668036478
10.10.3,10,3,sats,0,0/8,2329.1444178721244,1818.1502668036478
10.10.3,10,3,sats,1,1/8,1818.1502668036474,1818.1502668036478
10.10.3,10,3,sats,2,2/8,1818.1502668036474,1818.1502668036478
10.10.3,10,3,sats,3,3/8,1818.1502668036474,1818.1502668036478
10.10.3,10,3,sats,4,4/8,1818.1502668036474,1818.1502668036478
10.10.3,10,3,sats,5,5/8,1818.1502668036474,1818.1502668036478
10.10.3,10,3,sats,6,6/8,1818.1502668036474,1818.1502668036478
10.10.3,10,3,sats,7,7/8,1818.1502668036474,1818.1502668036478
10.10.3,10,3,sats,8,8/8,1818.1502668036474,1818.1502668036478
10.10.3,10,4,sats,0,0/8,2462.39004688836,1818.1502668036478
10.10.3,10,4,sats,1,1/8,1818.1502668036474,1818.1502668036478
10.10.3,10,4,sats,2,2/8,1818.1502668036474,1818.1502668036478
10.10.3,10,4,sats,3,3/8,1818.1502668036474,1818.1502668036478
10.10.3,10,4,sats,4,4/8,1818.1502668036474,1818.1502668036478
10.10.3,10,4,sats,5,5/8,1818.1502668036474,1818.1502668036478
10.10.3,10,4,sats,6,6/8,1818.1502668036474,1818.1502668036478
10.10.3,10,4,sats,7,7/8,1818.1502668036474,1818.1502668036478
10.10.3,10,4,sats,8,8/8,1818.1502668036474,1818.1502668036478
10.10.3,10,5,sats,0,0/8,2462.39004688836,1818.1502668036478
10.10.3,10,5,sats,1,1/8,1818.1502668036478,1818.1502668036478
10.10.3,10,5,sats,2,2/8,1818.1502668036478,1818.1502668036478
10.10.3,10,5,sats,3,3/8,1818.1502668036478,1818.1502668036478
10.10.3,10,5,sats,4,4/8,1818.1502668036478,1818.1502668036478
10.10.3,10,5,sats,5,5/8,1818.1502668036478,1818.1502668036478
10.10.3,10,5,sats,6,6/8,1818.1502668036478,1818.1502668036478
10.10.3,10,5,sats,7,7/8,1818.1502668036478,1818.1502668036478
10.10.3,10,5,sats,8,8/8,1818.1502668036478,1818.1502668036478
10.10.3,10,6,sats,0,0/8,2329.1444178721244,1818.1502668036478
10.10.3,10,6,sats,1,1/8,1818.1502668036474,1818.1502668036478
10.10.3,10,6,sats,2,2/8,1818.1502668036474,1818.1502668036478
10.10.3,10,6,sats,3,3/8,1818.1502668036474,1818.1502668036478
10.10.3,10,6,sats,4,4/8,1818.1502668036474,1818.1502668036478
10.10.3,10,6,sats,5,5/8,1818.1502668036474,1818.1502668036478
10.10.3,10,6,sats,6,6/8,1818.1502668036474,1818.1502668036478
10.10.3,10,6,sats,7,7/8,1818.1502668036474,1818.1502668036478
10.10.3,10,6,sats,8,8/8,1818.1502668036474,1818.1502668036478
10.10.3,10,7,sats,0,0/8,2354.1887109735244,1818.1502668036478
10.10.3,10,7,sats,1,1/8,1818.1502668036474,1818.1502668036478
10.10.3,10,7,sats,2,2/8,1818.1502668036474,1818.1502668036478
10.10.3,10,7,sats,3,3/8,1818.1502668036474,1818.1502668036478
10.10.3,10,7,sats,4,4/8,1818.1502668036474,1818.1502668036478
10.10.3,10,7,sats,5,5/8,1818.1502668036474,1818.1502668036478
10.10.3,10,7,sats,6,6/8,1818.1502668036474,1818.1502668036478
10.10.3,10,7,sats,7,7/8,1818.1502668036474,1818.1502668036478
10.10.3,10,7,sats,8,8/8,1818.1502668036474,1818.1502668036478
10.10.3,10,8,sats,0,0/8,2329.1444178721244,1818.1502668036478
10.10.3,10,8,sats,1,1/8,1818.1502668036478,1818.1502668036478
10.10.3,10,8,sats,2,2/8,1818.1502668036478,1818.1502668036478
10.10.3,10,8,sats,3,3/8,1818.1502668036478,1818.1502668036478
10.10.3,10,8,sats,4,4/8,1818.1502668036478,1818.1502668036478
10.10.3,10,8,sats,5,5/8,1818.1502668036478,1818.1502668036478
10.10.3,10,8,sats,6,6/8,1818.1502668036478,1818.1502668036478
10.10.3,10,8,sats,7,7/8,1818.1502668036478,1818.1502668036478
10.10.3,10,8,sats,8,8/8,1818.1502668036478,1818.1502668036478
10.10.3,10,9,sats,0,0/8,2345.9134551523744,1818.1502668036478
10.10.3,10,9,sats,1,1/8,1818.1502668036478,1818.1502668036478
10.10.3,10,9,sats,2,2/8,1818.1502668036478,1818.1502668036478
10.10.3,10,9,sats,3,3/8,1818.1502668036478,1818.1502668036478
10.10.3,10,9,sats,4,4/8,1818.1502668036478,1818.1502668036478
10.10.3,10,9,sats,5,5/8,1818.1502668036478,1818.1502668036478
10.10.3,10,9,sats,6,6/8,1818.1502668036478,1818.1502668036478
10.10.3,10,9,sats,7,7/8,1818.1502668036478,1818.1502668036478
10.10.3,10,9,sats,8,8/8,1818.1502668036478,1818.1502668036478
10.10.3,10,10,sats,0,0/8,2246.235402650164,1818.1502668036478
10.10.3,10,10,sats,1,1/8,1818.1502668036478,1818.1502668036478
10.10.3,10,10,sats,2,2/8,1818.1502668036478,1818.1502668036478
10.10.3,10,10,sats,3,3/8,1818.1502668036478,1818.1502668036478
10.10.3,10,10,sats,4,4/8,1818.1502668036478,1818.1502668036478
10.10.3,10,10,sats,5,5/8,1818.1502668036478,1818.1502668036478
10.10.3,10,10,sats,6,6/8,1818.1502668036478,1818.1502668036478
10.10.3,10,10,sats,7,7/8,1818.1502668036478,1818.1502668036478
10.10.3,10,10,sats,8,8/8,1818.1502668036478,1818.1502668036478
10.10.4,10,1,ims,0,0/8,1359.633305210052,1359.633305210052
10.10.4,10,1,ims,1,1/8,1359.633305210052,1359.633305210052
10.10.4,10,1,ims,2,2/8,1359.633305210052,1359.633305210052
10.10.4,10,1,ims,3,3/8,1359.633305210052,1359.633305210052
10.10.4,10,1,ims,4,4/8,1359.633305210052,1359.633305210052
10.10.4,10,1,ims,5,5/8,1359.633305210052,1359.633305210052
10.10.4,10,1,ims,6,6/8,1359.633305210052,1359.633305210052
10.10.4,10,1,ims,7,7/8,1359.633305210052,1359.633305210052
10.10.4,10,1,ims,8,8/8,1359.633305210052,1359.633305210052
10.10.4,10,2,ims,0,0/8,1359.633305210052,1359.633305210052
10.10.4,10,2,ims,1,1/8,1359.633305210052,1359.633305210052
10.10.4,10,2,ims,2,2/8,1359.633305210052,1359.633305210052
10.10.4,10,2,ims,3,3/8,1359.633305210052,1359.633305210052
10.10.4,10,2,ims,4,4/8,1359.633305210052,1359.633305210052
10.10.4,10,2,ims,5,5/8,1359.633305210052,1359.633305210052
10.10.4,10,2,ims,6,6/8,1359.633305210052,1359.633305210052
10.10.4,10,2,ims,7,7/8,1359.633305210052,1359.633305210052
10.10.4,10,2,ims,8,8/8,1359.633305210052,1359.633305210052
10.10.4,10,3,ims,0,0/8,1359.633305210052,1359.633305210052
10.10.4,10,3,ims,1,1/8,1359.633305210052,1359.633305210052
10.10.4,10,3,ims,2,2/8,1359.633305210052,1359.633305210052
10.10.4,10,3,ims,3,3/8,1359.633305210052,1359.633305210052
10.10.4,10,3,ims,4,4/8,1359.633305210052,1359.633305210052
10.10.4,10,3,ims,5,5/8,1359.633305210052,1359.633305210052
10.10.4,10,3,ims,6,6/8,1359.633305210052,1359.633305210052
10.10.4,10,3,ims,7,7/8,1359.633305210052,1359.633305210052
10.10.4,10,3,ims,8,8/8,1359.633305210052,1359.633305210052
10.10.4,10,4,ims,0,0/8,1359.633305210052,1359.633305210052
10.10.4,10,4,ims,1,1/8,1359.633305210052,1359.633305210052
10.10.4,10,4,ims,2,2/8,1359.633305210052,1359.633305210052
10.10.4,10,4,ims,3,3/8,1359.633305210052,1359.633305210052
10.10.4,10,4,ims,4,4/8,1359.633305210052,1359.633305210052
10.10.4,10,4,ims,5,5/8,1359.633305210052,1359.633305210052
10.10.4,10,4,ims,6,6/8,1359.633305210052,1359.633305210052
10.10.4,10,4,ims,7,7/8,1359.633305210052,1359.633305210052
10.10.4,10,4,ims,8,8/8,1359.633305210052,1359.633305210052
10.10.4,10,5,ims,0,0/8,1816.7378037310368,1359.633305210052
10.10.4,10,5,ims,1,1/8,1359.633305210052,1359.633305210052
10.10.4,10,5,ims,2,2/8,1359.633305210052,1359.633305210052
10.10.4,10,5,ims,3,3/8,1359.633305210052,1359.633305210052
10.10.4,10,5,ims,4,4/8,1359.633305210052,1359.633305210052
10.10.4,10,5,ims,5,5/8,1359.633305210052,1359.633305210052
10.10.4,10,5,ims,6,6/8,1359.633305210052,1359.633305210052
10.10.4,10,5,ims,7,7/8,1359.633305210052,1359.633305210052
10.10.4,10,5,ims,8,8/8,1359.633305210052,1359.633305210052
10.10.4,10,6,ims,0,0/8,1359.633305210052,1359.633305210052
10.10.4,10,6,ims,1,1/8,1359.633305210052,1359.633305210052
10.10.4,10,6,ims,2,2/8,1359.633305210052,1359.633305210052
10.10.4,10,6,ims,3,3/8,1359.633305210052,1359.633305210052
10.10.4,10,6,ims,4,4/8,1359.633305210052,1359.633305210052
10.10.4,10,6,ims,5,5/8,1359.633305210052,1359.633305210052
10.10.4,10,6,ims,6,6/8,1359.633305210052,1359.633305210052
10.10.4,10,6,ims,7,7/8,1359.633305210052,1359.633305210052
10.10.4,10,6,ims,8,8/8,1359.633305210052,1359.633305210052
10.10.4,10,7,ims,0,0/8,1816.7378037310368,1359.633305210052
10.10.4,10,7,ims,1,1/8,1359.633305210052,1359.633305210052
10.10.4,10,7,ims,2,2/8,1359.633305210052,1359.633305210052
10.10.4,10,7,ims,3,3/8,1359.633305210052,1359.633305210052
10.10.4,10,7,ims,4,4/8,1359.633305210052,1359.633305210052
10.10.4,10,7,ims,5,5/8,1359.633305210052,1359.633305210052
10.10.4,10,7,ims,6,6/8,1359.633305210052,1359.633305210052
10.10.4,10,7,ims,7,7/8,1359.633305210052,1359.633305210052
10.10.4,10,7,ims,8,8/8,1359.633305210052,1359.633305210052
10.10.4,10,8,ims,0,0/8,1359.633305210052,1359.633305210052
10.10.4,10,8,ims,1,1/8,1359.633305210052,1359.633305210052
10.10.4,10,8,ims,2,2/8,1359.633305210052,1359.633305210052
10.10.4,10,8,ims,3,3/8,1359.633305210052,1359.633305210052
10.10.4,10,8,ims,4,4/8,1359.633305210052,1359.633305210052
10.10.4,10,8,ims,5,5/8,1359.633305210052,1359.633305210052
10.10.4,10,8,ims,6,6/8,1359.633305210052,1359.633305210052
10.10.4,10,8,ims,7,7/8,1359.633305210052,1359.633305210052
10.10.4,10,8,ims,8,8/8,1359.633305210052,1359.633305210052
10.10.4,10,9,ims,0,0/8,1816.7378037310368,1359.633305210052
10.10.4,10,9,ims,1,1/8,1359.633305210052,1359.633305210052
10.10.4,10,9,ims,2,2/8,1359.633305210052,1359.633305210052
10.10.4,10,9,ims,3,3/8,1359.633305210052,1359.633305210052
10.10.4,10,9,ims,4,4/8,1359.633305210052,1359.633305210052
10.10.4,10,9,ims,5,5/8,1359.633305210052,1359.633305210052
10.10.4,10,9,ims,6,6/8,1359.633305210052,1359.633305210052
10.10.4,10,9,ims,7,7/8,1359.633305210052,1359.633305210052
10.10.4,10,9,ims,8,8/8,1359.633305210052,1359.633305210052
10.10.4,10,10,ims,0,0/8,1920.5346273298371,1359.633305210052
10.10.4,10,10,ims,1,1/8,1359.633305210052,1359.633305210052
10.10.4,10,10,ims,2,2/8,1359.633305210052,1359.633305210052
10.10.4,10,10,ims,3,3/8,1359.633305210052,1359.633305210052
10.10.4,10,10,ims,4,4/8,1359.633305210052,1359.633305210052
10.10.4,10,10,ims,5,5/8,1359.633305210052,1359.633305210052
10.10.4,10,10,ims,6,6/8,1359.633305210052,1359.633305210052
10.10.4,10,10,ims,7,7/8,1359.633305210052,1359.633305210052
10.10.4,10,10,ims,8,8/8,1359.633305210052,1359.633305210052
10.10.4,10,1,sats,0,0/8,2015.1738171872764,1359.633305210052
10.10.4,10,1,sats,1,1/8,1359.633305210052,1359.633305210052
10.10.4,10,1,sats,2,2/8,1359.633305210052,1359.633305210052
10.10.4,10,1,sats,3,3/8,1359.633305210052,1359.633305210052
10.10.4,10,1,sats,4,4/8,1359.633305210052,1359.633305210052
10.10.4,10,1,sats,5,5/8,1359.633305210052,1359.633305210052
10.10.4,10,1,sats,6,6/8,1359.633305210052,1359.633305210052
10.10.4,10,1,sats,7,7/8,1359.633305210052,1359.633305210052
10.10.4,10,1,sats,8,8/8,1359.633305210052,1359.633305210052
10.10.4,10,2,sats,0,0/8,2286.0783199220377,1359.633305210052
10.10.4,10,2,sats,1,1/8,1359.633305210052,1359.633305210052
10.10.4,10,2,sats,2,2/8,1359.633305210052,1359.633305210052
10.10.4,10,2,sats,3,3/8,1359.633305210052,1359.633305210052
10.10.4,10,2,sats,4,4/8,1359.633305210052,1359.633305210052
10.10.4,10,2,sats,5,5/8,1359.633305210052,1359.633305210052
10.10.4,10,2,sats,6,6/8,1359.633305210052,1359.633305210052
10.10.4,10,2,sats,7,7/8,1359.633305210052,1359.633305210052
10.10.4,10,2,sats,8,8/8,1359.633305210052,1359.633305210052
10.10.4,10,3,sats,0,0/8,1359.633305210052,1359.633305210052
10.10.4,10,3,sats,1,1/8,1359.633305210052,1359.633305210052
10.10.4,10,3,sats,2,2/8,1359.633305210052,1359.633305210052
10.10.4,10,3,sats,3,3/8,1359.633305210052,1359.633305210052
10.10.4,10,3,sats,4,4/8,1359.633305210052,1359.633305210052
10.10.4,10,3,sats,5,5/8,1359.633305210052,1359.633305210052
10.10.4,10,3,sats,6,6/8,1359.633305210052,1359.633305210052
10.10.4,10,3,sats,7,7/8,1359.633305210052,1359.633305210052
10.10.4,10,3,sats,8,8/8,1359.633305210052,1359.633305210052
10.10.4,10,4,sats,0,0/8,1979.7442254169687,1359.633305210052
10.10.4,10,4,sats,1,1/8,1359.633305210052,1359.633305210052
10.10.4,10,4,sats,2,2/8,1359.633305210052,1359.633305210052
10.10.4,10,4,sats,3,3/8,1359.633305210052,1359.633305210052
10.10.4,10,4,sats,4,4/8,1359.633305210052,1359.633305210052
10.10.4,10,4,sats,5,5/8,1359.633305210052,1359.633305210052
10.10.4,10,4,sats,6,6/8,1359.633305210052,1359.633305210052
10.10.4,10,4,sats,7,7/8,1359.633305210052,1359.633305210052
10.10.4,10,4,sats,8,8/8,1359.633305210052,1359.633305210052
10.10.4,10,5,sats,0,0/8,1979.7442254169687,1359.633305210052
10.10.4,10,5,sats,1,1/8,1359.633305210052,1359.633305210052
10.10.4,10,5,sats,2,2/8,1359.633305210052,1359.633305210052
10.10.4,10,5,sats,3,3/8,1359.633305210052,1359.633305210052
10.10.4,10,5,sats,4,4/8,1359.633305210052,1359.633305210052
10.10.4,10,5,sats,5,5/8,1359.633305210052,1359.633305210052
10.10.4,10,5,sats,6,6/8,1359.633305210052,1359.633305210052
10.10.4,10,5,sats,7,7/8,1359.633305210052,1359.633305210052
10.10.4,10,5,sats,8,8/8,1359.633305210052,1359.633305210052
10.10.4,10,6,sats,0,0/8,1359.633305210052,1359.633305210052
10.10.4,10,6,sats,1,1/8,1359.633305210052,1359.633305210052
10.10.4,10,6,sats,2,2/8,1359.633305210052,1359.633305210052
10.10.4,10,6,sats,3,3/8,1359.633305210052,1359.633305210052
10.10.4,10,6,sats,4,4/8,1359.633305210052,1359.633305210052
10.10.4,10,6,sats,5,5/8,1359.633305210052,1359.633305210052
10.10.4,10,6,sats,6,6/8,1359.633305210052,1359.633305210052
10.10.4,10,6,sats,7,7/8,1359.633305210052,1359.633305210052
10.10.4,10,6,sats,8,8/8,1359.633305210052,1359.633305210052
10.10.4,10,7,sats,0,0/8,2067.978840746924,1359.633305210052
10.10.4,10,7,sats,1,1/8,1359.633305210052,1359.633305210052
10.10.4,10,7,sats,2,2/8,1359.633305210052,1359.633305210052
10.10.4,10,7,sats,3,3/8,1359.633305210052,1359.633305210052
10.10.4,10,7,sats,4,4/8,1359.633305210052,1359.633305210052
10.10.4,10,7,sats,5,5/8,1359.633305210052,1359.633305210052
10.10.4,10,7,sats,6,6/8,1359.633305210052,1359.633305210052
10.10.4,10,7,sats,7,7/8,1359.633305210052,1359.633305210052
10.10.4,10,7,sats,8,8/8,1359.633305210052,1359.633305210052
10.10.4,10,8,sats,0,0/8,2286.0783199220377,1359.633305210052
10.10.4,10,8,sats,1,1/8,1359.633305210052,1359.633305210052
10.10.4,10,8,sats,2,2/8,1359.633305210052,1359.633305210052
10.10.4,10,8,sats,3,3/8,1359.633305210052,1359.633305210052
10.10.4,10,8,sats,4,4/8,1359.633305210052,1359.633305210052
10.10.4,10,8,sats,5,5/8,1359.633305210052,1359.633305210052
10.10.4,10,8,sats,6,6/8,1359.633305210052,1359.633305210052
10.10.4,10,8,sats,7,7/8,1359.633305210052,1359.633305210052
10.10.4,10,8,sats,8,8/8,1359.633305210052,1359.633305210052
10.10.4,10,9,sats,0,0/8,1816.7378037310368,1359.633305210052
10.10.4,10,9,sats,1,1/8,1359.633305210052,1359.633305210052
10.10.4,10,9,sats,2,2/8,1359.633305210052,1359.633305210052
10.10.4,10,9,sats,3,3/8,1359.633305210052,1359.633305210052
10.10.4,10,9,sats,4,4/8,1359.633305210052,1359.633305210052
10.10.4,10,9,sats,5,5/8,1359.633305210052,1359.633305210052
10.10.4,10,9,sats,6,6/8,1359.633305210052,1359.633305210052
10.10.4,10,9,sats,7,7/8,1359.633305210052,1359.633305210052
10.10.4,10,9,sats,8,8/8,1359.633305210052,1359.633305210052
10.10.4,10,10,sats,0,0/8,1920.5346273298371,1359.633305210052
10.10.4,10,10,sats,1,1/8,1359.633305210052,1359.633305210052
10.10.4,10,10,sats,2,2/8,1359.633305210052,1359.633305210052
10.10.4,10,10,sats,3,3/8,1359.633305210052,1359.633305210052
10.10.4,10,10,sats,4,4/8,1359.633305210052,1359.633305210052
10.10.4,10,10,sats,5,5/8,1359.633305210052,1359.633305210052
10.10.4,10,10,sats,6,6/8,1359.633305210052,1359.633305210052
10.10.4,10,10,sats,7,7/8,1359.633305210052,1359.633305210052
10.10.4,10,10,sats,8,8/8,1359.633305210052,1359.633305210052
10.20.1,10,1,ims,0,0/8,5930.501575460743,5738.066783105984
10.20.1,10,1,ims,1,1/8,5738.066783105984,5738.066783105984
10.20.1,10,1,ims,2,2/8,5738.066783105984,5738.066783105984
10.20.1,10,1,ims,3,3/8,5738.066783105984,5738.066783105984
10.20.1,10,1,ims,4,4/8,5738.066783105984,5738.066783105984
10.20.1,10,1,ims,5,5/8,5738.066783105984,5738.066783105984
10.20.1,10,1,ims,6,6/8,5738.066783105984,5738.066783105984
10.20.1,10,1,ims,7,7/8,5738.066783105984,5738.066783105984
10.20.1,10,1,ims,8,8/8,5738.066783105984,5738.066783105984
10.20.1,10,2,ims,0,0/8,5930.501575460743,5738.066783105984
10.20.1,10,2,ims,1,1/8,5738.066783105984,5738.066783105984
10.20.1,10,2,ims,2,2/8,5738.066783105984,5738.066783105984
10.20.1,10,2,ims,3,3/8,5738.066783105984,5738.066783105984
10.20.1,10,2,ims,4,4/8,5738.066783105984,5738.066783105984
10.20.1,10,2,ims,5,5/8,5738.066783105984,5738.066783105984
10.20.1,10,2,ims,6,6/8,5738.066783105984,5738.066783105984
10.20.1,10,2,ims,7,7/8,5738.066783105984,5738.066783105984
10.20.1,10,2,ims,8,8/8,5738.066783105984,5738.066783105984
10.20.1,10,3,ims,0,0/8,5738.066783105984,5738.066783105984
10.20.1,10,3,ims,1,1/8,5738.066783105984,5738.066783105984
10.20.1,10,3,ims,2,2/8,5738.066783105984,5738.066783105984
10.20.1,10,3,ims,3,3/8,5738.066783105984,5738.066783105984
10.20.1,10,3,ims,4,4/8,5738.066783105984,5738.066783105984
10.20.1,10,3,ims,5,5/8,5738.066783105984,5738.066783105984
10.20.1,10,3,ims,6,6/8,5738.066783105984,5738.066783105984
10.20.1,10,3,ims,7,7/8,5738.066783105984,5738.066783105984
10.20.1,10,3,ims,8,8/8,5738.066783105984,5738.066783105984
10.20.1,10,4,ims,0,0/8,5931.973892809032,5738.066783105984
10.20.1,10,4,ims,1,1/8,5738.066783105984,5738.066783105984
10.20.1,10,4,ims,2,2/8,5738.066783105984,5738.066783105984
10.20.1,10,4,ims,3,3/8,5738.066783105984,5738.066783105984
10.20.1,10,4,ims,4,4/8,5738.066783105984,5738.066783105984
10.20.1,10,4,ims,5,5/8,5738.066783105984,5738.066783105984
10.20.1,10,4,ims,6,6/8,5738.066783105984,5738.066783105984
10.20.1,10,4,ims,7,7/8,5738.066783105984,5738.066783105984
10.20.1,10,4,ims,8,8/8,5738.066783105984,5738.066783105984
10.20.1,10,5,ims,0,0/8,6100.571405495717,5738.066783105984
10.20.1,10,5,ims,1,1/8,5738.066783105984,5738.066783105984
10.20.1,10,5,ims,2,2/8,5738.066783105984,5738.066783105984
10.20.1,10,5,ims,3,3/8,5738.066783105984,5738.066783105984
10.20.1,10,5,ims,4,4/8,5738.066783105984,5738.066783105984
10.20.1,10,5,ims,5,5/8,5738.066783105984,5738.066783105984
10.20.1,10,5,ims,6,6/8,5738.066783105984,5738.066783105984
10.20.1,10,5,ims,7,7/8,5738.066783105984,5738.066783105984
10.20.1,10,5,ims,8,8/8,5738.066783105984,5738.066783105984
10.20.1,10,6,ims,0,0/8,5738.066783105984,5738.066783105984
10.20.1,10,6,ims,1,1/8,5738.066783105984,5738.066783105984
10.20.1,10,6,ims,2,2/8,5738.066783105984,5738.066783105984
10.20.1,10,6,ims,3,3/8,5738.066783105984,5738.066783105984
10.20.1,10,6,ims,4,4/8,5738.066783105984,5738.066783105984
10.20.1,10,6,ims,5,5/8,5738.066783105984,5738.066783105984
10.20.1,10,6,ims,6,6/8,5738.066783105984,5738.066783105984
10.20.1,10,6,ims,7,7/8,5738.066783105984,5738.066783105984
10.20.1,10,6,ims,8,8/8,5738.066783105984,5738.066783105984
10.20.1,10,7,ims,0,0/8,5738.066783105984,5738.066783105984
10.20.1,10,7,ims,1,1/8,5738.066783105984,5738.066783105984
10.20.1,10,7,ims,2,2/8,5738.066783105984,5738.066783105984
10.20.1,10,7,ims,3,3/8,5738.066783105984,5738.066783105984
10.20.1,10,7,ims,4,4/8,5738.066783105984,5738.066783105984
10.20.1,10,7,ims,5,5/8,5738.066783105984,5738.066783105984
10.20.1,10,7,ims,6,6/8,5738.066783105984,5738.066783105984
10.20.1,10,7,ims,7,7/8,5738.066783105984,5738.066783105984
10.20.1,10,7,ims,8,8/8,5738.066783105984,5738.066783105984
10.20.1,10,8,ims,0,0/8,5738.066783105984,5738.066783105984
10.20.1,10,8,ims,1,1/8,5738.066783105984,5738.066783105984
10.20.1,10,8,ims,2,2/8,5738.066783105984,5738.066783105984
10.20.1,10,8,ims,3,3/8,5738.066783105984,5738.066783105984
10.20.1,10,8,ims,4,4/8,5738.066783105984,5738.066783105984
10.20.1,10,8,ims,5,5/8,5738.066783105984,5738.066783105984
10.20.1,10,8,ims,6,6/8,5738.066783105984,5738.066783105984
10.20.1,10,8,ims,7,7/8,5738.066783105984,5738.066783105984
10.20.1,10,8,ims,8,8/8,5738.066783105984,5738.066783105984
10.20.1,10,9,ims,0,0/8,5738.066783105984,5738.066783105984
10.20.1,10,9,ims,1,1/8,5738.066783105984,5738.066783105984
10.20.1,10,9,ims,2,2/8,5738.066783105984,5738.066783105984
10.20.1,10,9,ims,3,3/8,5738.066783105984,5738.066783105984
10.20.1,10,9,ims,4,4/8,5738.066783105984,5738.066783105984
10.20.1,10,9,ims,5,5/8,5738.066783105984,5738.066783105984
10.20.1,10,9,ims,6,6/8,5738.066783105984,5738.066783105984
10.20.1,10,9,ims,7,7/8,5738.066783105984,5738.066783105984
10.20.1,10,9,ims,8,8/8,5738.066783105984,5738.066783105984
10.20.1,10,10,ims,0,0/8,6100.571405495717,5738.066783105984
10.20.1,10,10,ims,1,1/8,5738.066783105984,5738.066783105984
10.20.1,10,10,ims,2,2/8,5738.066783105984,5738.066783105984
10.20.1,10,10,ims,3,3/8,5738.066783105984,5738.066783105984
10.20.1,10,10,ims,4,4/8,5738.066783105984,5738.066783105984
10.20.1,10,10,ims,5,5/8,5738.066783105984,5738.066783105984
10.20.1,10,10,ims,6,6/8,5738.066783105984,5738.066783105984
10.20.1,10,10,ims,7,7/8,5738.066783105984,5738.066783105984
10.20.1,10,10,ims,8,8/8,5738.066783105984,5738.066783105984
10.20.1,10,1,sats,0,0/8,6100.571405495717,5738.066783105984
10.20.1,10,1,sats,1,1/8,5738.066783105984,5738.066783105984
10.20.1,10,1,sats,2,2/8,5738.066783105984,5738.066783105984
10.20.1,10,1,sats,3,3/8,5738.066783105984,5738.066783105984
10.20.1,10,1,sats,4,4/8,5738.066783105984,5738.066783105984
10.20.1,10,1,sats,5,5/8,5738.066783105984,5738.066783105984
10.20.1,10,1,sats,6,6/8,5738.066783105984,5738.066783105984
10.20.1,10,1,sats,7,7/8,5738.066783105984,5738.066783105984
10.20.1,10,1,sats,8,8/8,5738.066783105984,5738.066783105984
10.20.1,10,2,sats,0,0/8,7347.867388243632,5738.066783105984
10.20.1,10,2,sats,1,1/8,5738.066783105984,5738.066783105984
10.20.1,10,2,sats,2,2/8,5738.066783105984,5738.066783105984
10.20.1,10,2,sats,3,3/8,5738.066783105984,5738.066783105984
10.20.1,10,2,sats,4,4/8,5738.066783105984,5738.066783105984
10.20.1,10,2,sats,5,5/8,5738.066783105984,5738.066783105984
10.20.1,10,2,sats,6,6/8,5738.066783105984,5738.066783105984
10.20.1,10,2,sats,7,7/8,5738.066783105984,5738.066783105984
10.20.1,10,2,sats,8,8/8,5738.066783105984,5738.066783105984
10.20.1,10,3,sats,0,0/8,5931.973892809032,5738.066783105984
10.20.1,10,3,sats,1,1/8,5738.066783105984,5738.066783105984
10.20.1,10,3,sats,2,2/8,5738.066783105984,5738.066783105984
10.20.1,10,3,sats,3,3/8,5738.066783105984,5738.066783105984
10.20.1,10,3,sats,4,4/8,5738.066783105984,5738.066783105984
10.20.1,10,3,sats,5,5/8,5738.066783105984,5738.066783105984
10.20.1,10,3,sats,6,6/8,5738.066783105984,5738.066783105984
10.20.1,10,3,sats,7,7/8,5738.066783105984,5738.066783105984
10.20.1,10,3,sats,8,8/8,5738.066783105984,5738.066783105984
10.20.1,10,4,sats,0,0/8,7037.788600494756,5738.066783105984
10.20.1,10,4,sats,1,1/8,5738.066783105984,5738.066783105984
10.20.1,10,4,sats,2,2/8,5738.066783105984,5738.066783105984
10.20.1,10,4,sats,3,3/8,5738.066783105984,5738.066783105984
10.20.1,10,4,sats,4,4/8,5738.066783105984,5738.066783105984
10.20.1,10,4,sats,5,5/8,5738.066783105984,5738.066783105984
10.20.1,10,4,sats,6,6/8,5738.066783105984,5738.066783105984
10.20.1,10,4,sats,7,7/8,5738.066783105984,5738.066783105984
10.20.1,10,4,sats,8,8/8,5738.066783105984,5738.066783105984
10.20.1,10,5,sats,0,0/8,7037.788600494756,5738.066783105984
10.20.1,10,5,sats,1,1/8,5738.066783105984,5738.066783105984
10.20.1,10,5,sats,2,2/8,5738.066783105984,5738.066783105984
10.20.1,10,5,sats,3,3/8,5738.066783105984,5738.066783105984
10.20.1,10,5,sats,4,4/8,5738.066783105984,5738.066783105984
10.20.1,10,5,sats,5,5/8,5738.066783105984,5738.066783105984
10.20.1,10,5,sats,6,6/8,5738.066783105984,5738.066783105984
10.20.1,10,5,sats,7,7/8,5738.066783105984,5738.066783105984
10.20.1,10,5,sats,8,8/8,5738.066783105984,5738.066783105984
10.20.1,10,6,sats,0,0/8,5931.973892809032,5738.066783105984
10.20.1,10,6,sats,1,1/8,5738.066783105984,5738.066783105984
10.20.1,10,6,sats,2,2/8,5738.066783105984,5738.066783105984
10.20.1,10,6,sats,3,3/8,5738.066783105984,5738.066783105984
10.20.1,10,6,sats,4,4/8,5738.066783105984,5738.066783105984
10.20.1,10,6,sats,5,5/8,5738.066783105984,5738.066783105984
10.20.1,10,6,sats,6,6/8,5738.066783105984,5738.066783105984
10.20.1,10,6,sats,7,7/8,5738.066783105984,5738.066783105984
10.20.1,10,6,sats,8,8/8,5738.066783105984,5738.066783105984
10.20.1,10,7,sats,0,0/8,6817.194545106978,5738.066783105984
10.20.1,10,7,sats,1,1/8,5738.066783105984,5738.066783105984
10.20.1,10,7,sats,2,2/8,5738.066783105984,5738.066783105984
10.20.1,10,7,sats,3,3/8,5738.066783105984,5738.066783105984
10.20.1,10,7,sats,4,4/8,5738.066783105984,5738.066783105984
10.20.1,10,7,sats,5,5/8,5738.066783105984,5738.066783105984
10.20.1,10,7,sats,6,6/8,5738.066783105984,5738.066783105984
10.20.1,10,7,sats,7,7/8,5738.066783105984,5738.066783105984
10.20.1,10,7,sats,8,8/8,5738.066783105984,5738.066783105984
10.20.1,10,8,sats,0,0/8,7347.867388243632,5738.066783105984
10.20.1,10,8,sats,1,1/8,5738.066783105984,5738.066783105984
10.20.1,10,8,sats,2,2/8,5738.066783105984,5738.066783105984
10.20.1,10,8,sats,3,3/8,5738.066783105984,5738.066783105984
10.20.1,10,8,sats,4,4/8,5738.066783105984,5738.066783105984
10.20.1,10,8,sats,5,5/8,5738.066783105984,5738.066783105984
10.20.1,10,8,sats,6,6/8,5738.066783105984,5738.066783105984
10.20.1,10,8,sats,7,7/8,5738.066783105984,5738.066783105984
10.20.1,10,8,sats,8,8/8,5738.066783105984,5738.066783105984
10.20.1,10,9,sats,0,0/8,6900.592844084991,5738.066783105984
10.20.1,10,9,sats,1,1/8,5738.066783105984,5738.066783105984
10.20.1,10,9,sats,2,2/8,5738.066783105984,5738.066783105984
10.20.1,10,9,sats,3,3/8,5738.066783105984,5738.066783105984
10.20.1,10,9,sats,4,4/8,5738.066783105984,5738.066783105984
10.20.1,10,9,sats,5,5/8,5738.066783105984,5738.066783105984
10.20.1,10,9,sats,6,6/8,5738.066783105984,5738.066783105984
10.20.1,10,9,sats,7,7/8,5738.066783105984,5738.066783105984
10.20.1,10,9,sats,8,8/8,5738.066783105984,5738.066783105984
10.20.1,10,10,sats,0,0/8,6401.9557776587935,5738.066783105984
10.20.1,10,10,sats,1,1/8,5738.066783105984,5738.066783105984
10.20.1,10,10,sats,2,2/8,5738.066783105984,5738.066783105984
10.20.1,10,10,sats,3,3/8,5738.066783105984,5738.066783105984
10.20.1,10,10,sats,4,4/8,5738.066783105984,5738.066783105984
10.20.1,10,10,sats,5,5/8,5738.066783105984,5738.066783105984
10.20.1,10,10,sats,6,6/8,5738.066783105984,5738.066783105984
10.20.1,10,10,sats,7,7/8,5738.066783105984,5738.066783105984
10.20.1,10,10,sats,8,8/8,5738.066783105984,5738.066783105984
10.20.2,10,1,ims,0,0/8,7981.412315189325,6973.407432305421
10.20.2,10,1,ims,1,1/8,6973.407432305421,6973.407432305421
10.20.2,10,1,ims,2,2/8,6973.407432305421,6973.407432305421
10.20.2,10,1,ims,3,3/8,6973.407432305421,6973.407432305421
10.20.2,10,1,ims,4,4/8,6973.407432305421,6973.407432305421
10.20.2,10,1,ims,5,5/8,6973.407432305421,6973.407432305421
10.20.2,10,1,ims,6,6/8,6973.407432305421,6973.407432305421
10.20.2,10,1,ims,7,7/8,6973.407432305421,6973.407432305421
10.20.2,10,1,ims,8,8/8,6973.407432305421,6973.407432305421
10.20.2,10,2,ims,0,0/8,7981.412315189325,6973.407432305421
10.20.2,10,2,ims,1,1/8,6973.407432305421,6973.407432305421
10.20.2,10,2,ims,2,2/8,6973.407432305421,6973.407432305421
10.20.2,10,2,ims,3,3/8,6973.407432305421,6973.407432305421
10.20.2,10,2,ims,4,4/8,6973.407432305421,6973.407432305421
10.20.2,10,2,ims,5,5/8,6973.407432305421,6973.407432305421
10.20.2,10,2,ims,6,6/8,6973.407432305421,6973.407432305421
10.20.2,10,2,ims,7,7/8,6973.407432305421,6973.407432305421
10.20.2,10,2,ims,8,8/8,6973.407432305421,6973.407432305421
10.20.2,10,3,ims,0,0/8,7981.412315189325,6973.407432305421
10.20.2,10,3,ims,1,1/8,6973.407432305421,6973.407432305421
10.20.2,10,3,ims,2,2/8,6973.407432305421,6973.407432305421
10.20.2,10,3,ims,3,3/8,6973.407432305421,6973.407432305421
10.20.2,10,3,ims,4,4/8,6973.407432305421,6973.407432305421
10.20.2,10,3,ims,5,5/8,6973.407432305421,6973.407432305421
10.20.2,10,3,ims,6,6/8,6973.407432305421,6973.407432305421
10.20.2,10,3,ims,7,7/8,6973.407432305421,6973.407432305421
10.20.2,10,3,ims,8,8/8,6973.407432305421,6973.407432305421
10.20.2,10,4,ims,0,0/8,8144.399980222401,6973.407432305421
10.20.2,10,4,ims,1,1/8,6973.407432305421,6973.407432305421
10.20.2,10,4,ims,2,2/8,6973.407432305421,6973.407432305421
10.20.2,10,4,ims,3,3/8,6973.407432305421,6973.407432305421
10.20.2,10,4,ims,4,4/8,6973.407432305421,6973.407432305421
10.20.2,10,4,ims,5,5/8,6973.407432305421,6973.407432305421
10.20.2,10,4,ims,6,6/8,6973.407432305421,6973.407432305421
10.20.2,10,4,ims,7,7/8,6973.407432305421,6973.407432305421
10.20.2,10,4,ims,8,8/8,6973.407432305421,6973.407432305421
10.20.2,10,5,ims,0,0/8,8055.316778613892,6973.407432305421
10.20.2,10,5,ims,1,1/8,6973.407432305421,6973.407432305421
10.20.2,10,5,ims,2,2/8,6973.407432305421,6973.407432305421
10.20.2,10,5,ims,3,3/8,6973.407432305421,6973.407432305421
10.20.2,10,5,ims,4,4/8,6973.407432305421,6973.407432305421
10.20.2,10,5,ims,5,5/8,6973.407432305421,6973.407432305421
10.20.2,10,5,ims,6,6/8,6973.407432305421,6973.407432305421
10.20.2,10,5,ims,7,7/8,6973.407432305421,6973.407432305421
10.20.2,10,5,ims,8,8/8,6973.407432305421,6973.407432305421
10.20.2,10,6,ims,0,0/8,8755.16364177964,6973.407432305421
10.20.2,10,6,ims,1,1/8,6973.407432305421,6973.407432305421
10.20.2,10,6,ims,2,2/8,6973.407432305421,6973.407432305421
10.20.2,10,6,ims,3,3/8,6973.407432305421,6973.407432305421
10.20.2,10,6,ims,4,4/8,6973.407432305421,6973.407432305421
10.20.2,10,6,ims,5,5/8,6973.407432305421,6973.407432305421
10.20.2,10,6,ims,6,6/8,6973.407432305421,6973.407432305421
10.20.2,10,6,ims,7,7/8,6973.407432305421,6973.407432305421
10.20.2,10,6,ims,8,8/8,6973.407432305421,6973.407432305421
10.20.2,10,7,ims,0,0/8,8305.538874305454,6973.407432305421
10.20.2,10,7,ims,1,1/8,6973.407432305421,6973.407432305421
10.20.2,10,7,ims,2,2/8,6973.407432305421,6973.407432305421
10.20.2,10,7,ims,3,3/8,6973.407432305421,6973.407432305421
10.20.2,10,7,ims,4,4/8,6973.407432305421,6973.407432305421
10.20.2,10,7,ims,5,5/8,6973.407432305421,6973.407432305421
10.20.2,10,7,ims,6,6/8,6973.407432305421,6973.407432305421
10.20.2,10,7,ims,7,7/8,6973.407432305421,6973.407432305421
10.20.2,10,7,ims,8,8/8,6973.407432305421,6973.407432305421
10.20.2,10,8,ims,0,0/8,7981.412315189325,6973.407432305421
10.20.2,10,8,ims,1,1/8,6973.407432305421,6973.407432305421
10.20.2,10,8,ims,2,2/8,6973.407432305421,6973.407432305421
10.20.2,10,8,ims,3,3/8,6973.407432305421,6973.407432305421
10.20.2,10,8,ims,4,4/8,6973.407432305421,6973.407432305421
10.20.2,10,8,ims,5,5/8,6973.407432305421,6973.407432305421
10.20.2,10,8,ims,6,6/8,6973.407432305421,6973.407432305421
10.20.2,10,8,ims,7,7/8,6973.407432305421,6973.407432305421
10.20.2,10,8,ims,8,8/8,6973.407432305421,6973.407432305421
10.20.2,10,9,ims,0,0/8,6973.407432305421,6973.407432305421
10.20.2,10,9,ims,1,1/8,6973.407432305421,6973.407432305421
10.20.2,10,9,ims,2,2/8,6973.407432305421,6973.407432305421
10.20.2,10,9,ims,3,3/8,6973.407432305421,6973.407432305421
10.20.2,10,9,ims,4,4/8,6973.407432305421,6973.407432305421
10.20.2,10,9,ims,5,5/8,6973.407432305421,6973.407432305421
10.20.2,10,9,ims,6,6/8,6973.407432305421,6973.407432305421
10.20.2,10,9,ims,7,7/8,6973.407432305421,6973.407432305421
10.20.2,10,9,ims,8,8/8,6973.407432305421,6973.407432305421
10.20.2,10,10,ims,0,0/8,8055.316778613892,6973.407432305421
10.20.2,10,10,ims,1,1/8,6973.407432305421,6973.407432305421
10.20.2,10,10,ims,2,2/8,6973.407432305421,6973.407432305421
10.20.2,10,10,ims,3,3/8,6973.407432305421,6973.407432305421
10.20.2,10,10,ims,4,4/8,6973.407432305421,6973.407432305421
10.20.2,10,10,ims,5,5/8,6973.407432305421,6973.407432305421
10.20.2,10,10,ims,6,6/8,6973.407432305421,6973.407432305421
10.20.2,10,10,ims,7,7/8,6973.407432305421,6973.407432305421
10.20.2,10,10,ims,8,8/8,6973.407432305421,6973.407432305421
10.20.2,10,1,sats,0,0/8,10251.334787170992,6973.407432305421
10.20.2,10,1,sats,1,1/8,6973.407432305421,6973.407432305421
10.20.2,10,1,sats,2,2/8,6973.407432305421,6973.407432305421
10.20.2,10,1,sats,3,3/8,6973.407432305421,6973.407432305421
10.20.2,10,1,sats,4,4/8,6973.407432305421,6973.407432305421
10.20.2,10,1,sats,5,5/8,6973.407432305421,6973.407432305421
10.20.2,10,1,sats,6,6/8,6973.407432305421,6973.407432305421
10.20.2,10,1,sats,7,7/8,6973.407432305421,6973.407432305421
10.20.2,10,1,sats,8,8/8,6973.407432305421,6973.407432305421
10.20.2,10,2,sats,0,0/8,9243.329904287088,6973.407432305421
10.20.2,10,2,sats,1,1/8,6973.407432305421,6973.407432305421
10.20.2,10,2,sats,2,2/8,6973.407432305421,6973.407432305421
10.20.2,10,2,sats,3,3/8,6973.407432305421,6973.407432305421
10.20.2,10,2,sats,4,4/8,6973.407432305421,6973.407432305421
10.20.2,10,2,sats,5,5/8,6973.407432305421,6973.407432305421
10.20.2,10,2,sats,6,6/8,6973.407432305421,6973.407432305421
10.20.2,10,2,sats,7,7/8,6973.407432305421,6973.407432305421
10.20.2,10,2,sats,8,8/8,6973.407432305421,6973.407432305421
10.20.2,10,3,sats,0,0/8,8755.16364177964,6973.407432305421
10.20.2,10,3,sats,1,1/8,6973.407432305421,6973.407432305421
10.20.2,10,3,sats,2,2/8,6973.407432305421,6973.407432305421
10.20.2,10,3,sats,3,3/8,6973.407432305421,6973.407432305421
10.20.2,10,3,sats,4,4/8,6973.407432305421,6973.407432305421
10.20.2,10,3,sats,5,5/8,6973.407432305421,6973.407432305421
10.20.2,10,3,sats,6,6/8,6973.407432305421,6973.407432305421
10.20.2,10,3,sats,7,7/8,6973.407432305421,6973.407432305421
10.20.2,10,3,sats,8,8/8,6973.407432305421,6973.407432305421
10.20.2,10,4,sats,0,0/8,8144.399980222401,6973.407432305421
10.20.2,10,4,sats,1,1/8,6973.407432305421,6973.407432305421
10.20.2,10,4,sats,2,2/8,6973.407432305421,6973.407432305421
10.20.2,10,4,sats,3,3/8,6973.407432305421,6973.407432305421
10.20.2,10,4,sats,4,4/8,6973.407432305421,6973.407432305421
10.20.2,10,4,sats,5,5/8,6973.407432305421,6973.407432305421
10.20.2,10,4,sats,6,6/8,6973.407432305421,6973.407432305421
10.20.2,10,4,sats,7,7/8,6973.407432305421,6973.407432305421
10.20.2,10,4,sats,8,8/8,6973.407432305421,6973.407432305421
10.20.2,10,5,sats,0,0/8,8144.399980222401,6973.407432305421
10.20.2,10,5,sats,1,1/8,6973.407432305421,6973.407432305421
10.20.2,10,5,sats,2,2/8,6973.407432305421,6973.407432305421
10.20.2,10,5,sats,3,3/8,6973.407432305421,6973.407432305421
10.20.2,10,5,sats,4,4/8,6973.407432305421,6973.407432305421
10.20.2,10,5,sats,5,5/8,6973.407432305421,6973.407432305421
10.20.2,10,5,sats,6,6/8,6973.407432305421,6973.407432305421
10.20.2,10,5,sats,7,7/8,6973.407432305421,6973.407432305421
10.20.2,10,5,sats,8,8/8,6973.407432305421,6973.407432305421
10.20.2,10,6,sats,0,0/8,8755.16364177964,6973.407432305421
10.20.2,10,6,sats,1,1/8,6973.407432305421,6973.407432305421
10.20.2,10,6,sats,2,2/8,6973.407432305421,6973.407432305421
10.20.2,10,6,sats,3,3/8,6973.407432305421,6973.407432305421
10.20.2,10,6,sats,4,4/8,6973.407432305421,6973.407432305421
10.20.2,10,6,sats,5,5/8,6973.407432305421,6973.407432305421
10.20.2,10,6,sats,6,6/8,6973.407432305421,6973.407432305421
10.20.2,10,6,sats,7,7/8,6973.407432305421,6973.407432305421
10.20.2,10,6,sats,8,8/8,6973.407432305421,6973.407432305421
10.20.2,10,7,sats,0,0/8,8947.296079990681,6973.407432305421
10.20.2,10,7,sats,1,1/8,6973.407432305421,6973.407432305421
10.20.2,10,7,sats,2,2/8,6973.407432305421,6973.407432305421
10.20.2,10,7,sats,3,3/8,6973.407432305421,6973.407432305421
10.20.2,10,7,sats,4,4/8,6973.407432305421,6973.407432305421
10.20.2,10,7,sats,5,5/8,6973.407432305421,6973.407432305421
10.20.2,10,7,sats,6,6/8,6973.407432305421,6973.407432305421
10.20.2,10,7,sats,7,7/8,6973.407432305421,6973.407432305421
10.20.2,10,7,sats,8,8/8,6973.407432305421,6973.407432305421
10.20.2,10,8,sats,0,0/8,9243.329904287088,6973.407432305421
10.20.2,10,8,sats,1,1/8,6973.407432305421,6973.407432305421
10.20.2,10,8,sats,2,2/8,6973.407432305421,6973.407432305421
10.20.2,10,8,sats,3,3/8,6973.407432305421,6973.407432305421
10.20.2,10,8,sats,4,4/8,6973.407432305421,6973.407432305421
10.20.2,10,8,sats,5,5/8,6973.407432305421,6973.407432305421
10.20.2,10,8,sats,6,6/8,6973.407432305421,6973.407432305421
10.20.2,10,8,sats,7,7/8,6973.407432305421,6973.407432305421
10.20.2,10,8,sats,8,8/8,6973.407432305421,6973.407432305421
10.20.2,10,9,sats,0,0/8,8305.538874305454,6973.407432305421
10.20.2,10,9,sats,1,1/8,6973.407432305421,6973.407432305421
10.20.2,10,9,sats,2,2/8,6973.407432305421,6973.407432305421
10.20.2,10,9,sats,3,3/8,6973.407432305421,6973.407432305421
10.20.2,10,9,sats,4,4/8,6973.407432305421,6973.407432305421
10.20.2,10,9,sats,5,5/8,6973.407432305421,6973.407432305421
10.20.2,10,9,sats,6,6/8,6973.407432305421,6973.407432305421
10.20.2,10,9,sats,7,7/8,6973.407432305421,6973.407432305421
10.20.2,10,9,sats,8,8/8,6973.407432305421,6973.407432305421
10.20.2,10,10,sats,0,0/8,8055.316778613892,6973.407432305421
10.20.2,10,10,sats,1,1/8,6973.407432305421,6973.407432305421
10.20.2,10,10,sats,2,2/8,6973.407432305421,6973.407432305421
10.20.2,10,10,sats,3,3/8,6973.407432305421,6973.407432305421
10.20.2,10,10,sats,4,4/8,6973.407432305421,6973.407432305421
10.20.2,10,10,sats,5,5/8,6973.407432305421,6973.407432305421
10.20.2,10,10,sats,6,6/8,6973.407432305421,6973.407432305421
10.20.2,10,10,sats,7,7/8,6973.407432305421,6973.407432305421
10.20.2,10,10,sats,8,8/8,6973.407432305421,6973.407432305421
10.20.3,10,1,ims,0,0/8,6468.868414029823,6468.868414029823
10.20.3,10,1,ims,1,1/8,6468.868414029823,6468.868414029823
10.20.3,10,1,ims,2,2/8,6468.868414029823,6468.868414029823
10.20.3,10,1,ims,3,3/8,6468.868414029823,6468.868414029823
10.20.3,10,1,ims,4,4/8,6468.868414029823,6468.868414029823
10.20.3,10,1,ims,5,5/8,6468.868414029823,6468.868414029823
10.20.3,10,1,ims,6,6/8,6468.868414029823,6468.868414029823
10.20.3,10,1,ims,7,7/8,6468.868414029823,6468.868414029823
10.20.3,10,1,ims,8,8/8,6468.868414029823,6468.868414029823
10.20.3,10,2,ims,0,0/8,6468.868414029823,6468.868414029823
10.20.3,10,2,ims,1,1/8,6468.868414029823,6468.868414029823
10.20.3,10,2,ims,2,2/8,6468.868414029823,6468.868414029823
10.20.3,10,2,ims,3,3/8,6468.868414029823,6468.868414029823
10.20.3,10,2,ims,4,4/8,6468.868414029823,6468.868414029823
10.20.3,10,2,ims,5,5/8,6468.868414029823,6468.868414029823
10.20.3,10,2,ims,6,6/8,6468.868414029823,6468.868414029823
10.20.3,10,2,ims,7,7/8,6468.868414029823,6468.868414029823
10.20.3,10,2,ims,8,8/8,6468.868414029823,6468.868414029823
10.20.3,10,3,ims,0,0/8,6468.868414029823,6468.868414029823
10.20.3,10,3,ims,1,1/8,6468.868414029823,6468.868414029823
10.20.3,10,3,ims,2,2/8,6468.868414029823,6468.868414029823
10.20.3,10,3,ims,3,3/8,6468.868414029823,6468.868414029823
10.20.3,10,3,ims,4,4/8,6468.868414029823,6468.868414029823
10.20.3,10,3,ims,5,5/8,6468.868414029823,6468.868414029823
10.20.3,10,3,ims,6,6/8,6468.868414029823,6468.868414029823
10.20.3,10,3,ims,7,7/8,6468.868414029823,6468.868414029823
10.20.3,10,3,ims,8,8/8,6468.868414029823,6468.868414029823
10.20.3,10,4,ims,0,0/8,6468.868414029823,6468.868414029823
10.20.3,10,4,ims,1,1/8,6468.868414029823,6468.868414029823
10.20.3,10,4,ims,2,2/8,6468.868414029823,6468.868414029823
10.20.3,10,4,ims,3,3/8,6468.868414029823,6468.868414029823
10.20.3,10,4,ims,4,4/8,6468.868414029823,6468.868414029823
10.20.3,10,4,ims,5,5/8,6468.868414029823,6468.868414029823
10.20.3,10,4,ims,6,6/8,6468.868414029823,6468.868414029823
10.20.3,10,4,ims,7,7/8,6468.868414029823,6468.868414029823
10.20.3,10,4,ims,8,8/8,6468.868414029823,6468.868414029823
10.20.3,10,5,ims,0,0/8,6494.424274708526,6468.868414029823
10.20.3,10,5,ims,1,1/8,6468.868414029823,6468.868414029823
10.20.3,10,5,ims,2,2/8,6468.868414029823,6468.868414029823
10.20.3,10,5,ims,3,3/8,6468.868414029823,6468.868414029823
10.20.3,10,5,ims,4,4/8,6468.868414029823,6468.868414029823
10.20.3,10,5,ims,5,5/8,6468.868414029823,6468.868414029823
10.20.3,10,5,ims,6,6/8,6468.868414029823,6468.868414029823
10.20.3,10,5,ims,7,7/8,6468.868414029823,6468.868414029823
10.20.3,10,5,ims,8,8/8,6468.868414029823,6468.868414029823
10.20.3,10,6,ims,0,0/8,6468.868414029823,6468.868414029823
10.20.3,10,6,ims,1,1/8,6468.868414029823,6468.868414029823
10.20.3,10,6,ims,2,2/8,6468.868414029823,6468.868414029823
10.20.3,10,6,ims,3,3/8,6468.868414029823,6468.868414029823
10.20.3,10,6,ims,4,4/8,6468.868414029823,6468.868414029823
10.20.3,10,6,ims,5,5/8,6468.868414029823,6468.868414029823
10.20.3,10,6,ims,6,6/8,6468.868414029823,6468.868414029823
10.20.3,10,6,ims,7,7/8,6468.868414029823,6468.868414029823
10.20.3,10,6,ims,8,8/8,6468.868414029823,6468.868414029823
10.20.3,10,7,ims,0,0/8,7342.345421001337,6468.868414029823
10.20.3,10,7,ims,1,1/8,6468.868414029823,6468.868414029823
10.20.3,10,7,ims,2,2/8,6468.868414029823,6468.868414029823
10.20.3,10,7,ims,3,3/8,6468.868414029823,6468.868414029823
10.20.3,10,7,ims,4,4/8,6468.868414029823,6468.868414029823
10.20.3,10,7,ims,5,5/8,6468.868414029823,6468.868414029823
10.20.3,10,7,ims,6,6/8,6468.868414029823,6468.868414029823
10.20.3,10,7,ims,7,7/8,6468.868414029823,6468.868414029823
10.20.3,10,7,ims,8,8/8,6468.868414029823,6468.868414029823
10.20.3,10,8,ims,0,0/8,6494.424274708526,6468.868414029823
10.20.3,10,8,ims,1,1/8,6468.868414029823,6468.868414029823
10.20.3,10,8,ims,2,2/8,6468.868414029823,6468.868414029823
10.20.3,10,8,ims,3,3/8,6468.868414029823,6468.868414029823
10.20.3,10,8,ims,4,4/8,6468.868414029823,6468.868414029823
10.20.3,10,8,ims,5,5/8,6468.868414029823,6468.868414029823
10.20.3,10,8,ims,6,6/8,6468.868414029823,6468.868414029823
10.20.3,10,8,ims,7,7/8,6468.868414029823,6468.868414029823
10.20.3,10,8,ims,8,8/8,6468.868414029823,6468.868414029823
10.20.3,10,9,ims,0,0/8,6509.166701454937,6468.868414029823
10.20.3,10,9,ims,1,1/8,6468.868414029823,6468.868414029823
10.20.3,10,9,ims,2,2/8,6468.868414029823,6468.868414029823
10.20.3,10,9,ims,3,3/8,6468.868414029823,6468.868414029823
10.20.3,10,9,ims,4,4/8,6468.868414029823,6468.868414029823
10.20.3,10,9,ims,5,5/8,6468.868414029823,6468.868414029823
10.20.3,10,9,ims,6,6/8,6468.868414029823,6468.868414029823
10.20.3,10,9,ims,7,7/8,6468.868414029823,6468.868414029823
10.20.3,10,9,ims,8,8/8,6468.868414029823,6468.868414029823
10.20.3,10,10,ims,0,0/8,6494.424274708526,6468.868414029823
10.20.3,10,10,ims,1,1/8,6468.868414029823,6468.868414029823
10.20.3,10,10,ims,2,2/8,6468.868414029823,6468.868414029823
10.20.3,10,10,ims,3,3/8,6468.868414029823,6468.868414029823
10.20.3,10,10,ims,4,4/8,6468.868414029823,6468.868414029823
10.20.3,10,10,ims,5,5/8,6468.868414029823,6468.868414029823
10.20.3,10,10,ims,6,6/8,6468.868414029823,6468.868414029823
10.20.3,10,10,ims,7,7/8,6468.868414029823,6468.868414029823
10.20.3,10,10,ims,8,8/8,6468.868414029823,6468.868414029823
10.20.3,10,1,sats,0,0/8,8027.465106315518,6468.868414029823
10.20.3,10,1,sats,1,1/8,6468.868414029823,6468.868414029823
10.20.3,10,1,sats,2,2/8,6468.868414029823,6468.868414029823
10.20.3,10,1,sats,3,3/8,6468.868414029823,6468.868414029823
10.20.3,10,1,sats,4,4/8,6468.868414029823,6468.868414029823
10.20.3,10,1,sats,5,5/8,6468.868414029823,6468.868414029823
10.20.3,10,1,sats,6,6/8,6468.868414029823,6468.868414029823
10.20.3,10,1,sats,7,7/8,6468.868414029823,6468.868414029823
10.20.3,10,1,sats,8,8/8,6468.868414029823,6468.868414029823
10.20.3,10,2,sats,0,0/8,7773.018372833387,6468.868414029823
10.20.3,10,2,sats,1,1/8,6468.868414029823,6468.868414029823
10.20.3,10,2,sats,2,2/8,6468.868414029823,6468.868414029823
10.20.3,10,2,sats,3,3/8,6468.868414029823,6468.868414029823
10.20.3,10,2,sats,4,4/8,6468.868414029823,6468.868414029823
10.20.3,10,2,sats,5,5/8,6468.868414029823,6468.868414029823
10.20.3,10,2,sats,6,6/8,6468.868414029823,6468.868414029823
10.20.3,10,2,sats,7,7/8,6468.868414029823,6468.868414029823
10.20.3,10,2,sats,8,8/8,6468.868414029823,6468.868414029823
10.20.3,10,3,sats,0,0/8,6468.868414029823,6468.868414029823
10.20.3,10,3,sats,1,1/8,6468.868414029823,6468.868414029823
10.20.3,10,3,sats,2,2/8,6468.868414029823,6468.868414029823
10.20.3,10,3,sats,3,3/8,6468.868414029823,6468.868414029823
10.20.3,10,3,sats,4,4/8,6468.868414029823,6468.868414029823
10.20.3,10,3,sats,5,5/8,6468.868414029823,6468.868414029823
10.20.3,10,3,sats,6,6/8,6468.868414029823,6468.868414029823
10.20.3,10,3,sats,7,7/8,6468.868414029823,6468.868414029823
10.20.3,10,3,sats,8,8/8,6468.868414029823,6468.868414029823
10.20.3,10,4,sats,0,0/8,6509.166701454937,6468.868414029823
10.20.3,10,4,sats,1,1/8,6468.868414029823,6468.868414029823
10.20.3,10,4,sats,2,2/8,6468.868414029823,6468.868414029823
10.20.3,10,4,sats,3,3/8,6468.868414029823,6468.868414029823
10.20.3,10,4,sats,4,4/8,6468.868414029823,6468.868414029823
10.20.3,10,4,sats,5,5/8,6468.868414029823,6468.868414029823
10.20.3,10,4,sats,6,6/8,6468.868414029823,6468.868414029823
10.20.3,10,4,sats,7,7/8,6468.868414029823,6468.868414029823
10.20.3,10,4,sats,8,8/8,6468.868414029823,6468.868414029823
10.20.3,10,5,sats,0,0/8,6509.166701454937,6468.868414029823
10.20.3,10,5,sats,1,1/8,6468.868414029823,6468.868414029823
10.20.3,10,5,sats,2,2/8,6468.868414029823,6468.868414029823
10.20.3,10,5,sats,3,3/8,6468.868414029823,6468.868414029823
10.20.3,10,5,sats,4,4/8,6468.868414029823,6468.868414029823
10.20.3,10,5,sats,5,5/8,6468.868414029823,6468.868414029823
10.20.3,10,5,sats,6,6/8,6468.868414029823,6468.868414029823
10.20.3,10,5,sats,7,7/8,6468.868414029823,6468.868414029823
10.20.3,10,5,sats,8,8/8,6468.868414029823,6468.868414029823
10.20.3,10,6,sats,0,0/8,6468.868414029823,6468.868414029823
10.20.3,10,6,sats,1,1/8,6468.868414029823,6468.868414029823
10.20.3,10,6,sats,2,2/8,6468.868414029823,6468.868414029823
10.20.3,10,6,sats,3,3/8,6468.868414029823,6468.868414029823
10.20.3,10,6,sats,4,4/8,6468.868414029823,6468.868414029823
10.20.3,10,6,sats,5,5/8,6468.868414029823,6468.868414029823
10.20.3,10,6,sats,6,6/8,6468.868414029823,6468.868414029823
10.20.3,10,6,sats,7,7/8,6468.868414029823,6468.868414029823
10.20.3,10,6,sats,8,8/8,6468.868414029823,6468.868414029823
10.20.3,10,7,sats,0,0/8,7730.172926539908,6468.868414029823
10.20.3,10,7,sats,1,1/8,6468.868414029823,6468.868414029823
10.20.3,10,7,sats,2,2/8,6468.868414029823,6468.868414029823
10.20.3,10,7,sats,3,3/8,6468.868414029823,6468.868414029823
10.20.3,10,7,sats,4,4/8,6468.868414029823,6468.868414029823
10.20.3,10,7,sats,5,5/8,6468.868414029823,6468.868414029823
10.20.3,10,7,sats,6,6/8,6468.868414029823,6468.868414029823
10.20.3,10,7,sats,7,7/8,6468.868414029823,6468.868414029823
10.20.3,10,7,sats,8,8/8,6468.868414029823,6468.868414029823
10.20.3,10,8,sats,0,0/8,7773.018372833387,6468.868414029823
10.20.3,10,8,sats,1,1/8,6468.868414029823,6468.868414029823
10.20.3,10,8,sats,2,2/8,6468.868414029823,6468.868414029823
10.20.3,10,8,sats,3,3/8,6468.868414029823,6468.868414029823
10.20.3,10,8,sats,4,4/8,6468.868414029823,6468.868414029823
10.20.3,10,8,sats,5,5/8,6468.868414029823,6468.868414029823
10.20.3,10,8,sats,6,6/8,6468.868414029823,6468.868414029823
10.20.3,10,8,sats,7,7/8,6468.868414029823,6468.868414029823
10.20.3,10,8,sats,8,8/8,6468.868414029823,6468.868414029823
10.20.3,10,9,sats,0,0/8,9164.48198576981,6468.868414029823
10.20.3,10,9,sats,1,1/8,6468.868414029823,6468.868414029823
10.20.3,10,9,sats,2,2/8,6468.868414029823,6468.868414029823
10.20.3,10,9,sats,3,3/8,6468.868414029823,6468.868414029823
10.20.3,10,9,sats,4,4/8,6468.868414029823,6468.868414029823
10.20.3,10,9,sats,5,5/8,6468.868414029823,6468.868414029823
10.20.3,10,9,sats,6,6/8,6468.868414029823,6468.868414029823
10.20.3,10,9,sats,7,7/8,6468.868414029823,6468.868414029823
10.20.3,10,9,sats,8,8/8,6468.868414029823,6468.868414029823
10.20.3,10,10,sats,0,0/8,6494.424274708526,6468.868414029823
10.20.3,10,10,sats,1,1/8,6468.868414029823,6468.868414029823
10.20.3,10,10,sats,2,2/8,6468.868414029823,6468.868414029823
10.20.3,10,10,sats,3,3/8,6468.868414029823,6468.868414029823
10.20.3,10,10,sats,4,4/8,6468.868414029823,6468.868414029823
10.20.3,10,10,sats,5,5/8,6468.868414029823,6468.868414029823
10.20.3,10,10,sats,6,6/8,6468.868414029823,6468.868414029823
10.20.3,10,10,sats,7,7/8,6468.868414029823,6468.868414029823
10.20.3,10,10,sats,8,8/8,6468.868414029823,6468.868414029823
10.20.4,10,1,ims,0,0/8,6522.022828506222,6469.04259277102
10.20.4,10,1,ims,1,1/8,6469.04259277102,6469.04259277102
10.20.4,10,1,ims,2,2/8,6469.04259277102,6469.04259277102
10.20.4,10,1,ims,3,3/8,6469.04259277102,6469.04259277102
10.20.4,10,1,ims,4,4/8,6469.04259277102,6469.04259277102
10.20.4,10,1,ims,5,5/8,6469.04259277102,6469.04259277102
10.20.4,10,1,ims,6,6/8,6469.04259277102,6469.04259277102
10.20.4,10,1,ims,7,7/8,6469.04259277102,6469.04259277102
10.20.4,10,1,ims,8,8/8,6469.04259277102,6469.04259277102
10.20.4,10,2,ims,0,0/8,6497.5821714329795,6469.04259277102
10.20.4,10,2,ims,1,1/8,6469.04259277102,6469.04259277102
10.20.4,10,2,ims,2,2/8,6469.04259277102,6469.04259277102
10.20.4,10,2,ims,3,3/8,6469.04259277102,6469.04259277102
10.20.4,10,2,ims,4,4/8,6469.04259277102,6469.04259277102
10.20.4,10,2,ims,5,5/8,6469.04259277102,6469.04259277102
10.20.4,10,2,ims,6,6/8,6469.04259277102,6469.04259277102
10.20.4,10,2,ims,7,7/8,6469.04259277102,6469.04259277102
10.20.4,10,2,ims,8,8/8,6469.04259277102,6469.04259277102
10.20.4,10,3,ims,0,0/8,7228.865772046417,6469.04259277102
10.20.4,10,3,ims,1,1/8,6469.04259277102,6469.04259277102
10.20.4,10,3,ims,2,2/8,6469.04259277102,6469.04259277102
10.20.4,10,3,ims,3,3/8,6469.04259277102,6469.04259277102
10.20.4,10,3,ims,4,4/8,6469.04259277102,6469.04259277102
10.20.4,10,3,ims,5,5/8,6469.04259277102,6469.04259277102
10.20.4,10,3,ims,6,6/8,6469.04259277102,6469.04259277102
10.20.4,10,3,ims,7,7/8,6469.04259277102,6469.04259277102
10.20.4,10,3,ims,8,8/8,6469.04259277102,6469.04259277102
10.20.4,10,4,ims,0,0/8,6794.566898448729,6469.04259277102
10.20.4,10,4,ims,1,1/8,6469.04259277102,6469.04259277102
10.20.4,10,4,ims,2,2/8,6469.04259277102,6469.04259277102
10.20.4,10,4,ims,3,3/8,6469.04259277102,6469.04259277102
10.20.4,10,4,ims,4,4/8,6469.04259277102,6469.04259277102
10.20.4,10,4,ims,5,5/8,6469.04259277102,6469.04259277102
10.20.4,10,4,ims,6,6/8,6469.04259277102,6469.04259277102
10.20.4,10,4,ims,7,7/8,6469.04259277102,6469.04259277102
10.20.4,10,4,ims,8,8/8,6469.04259277102,6469.04259277102
10.20.4,10,5,ims,0,0/8,6522.022828506222,6469.04259277102
10.20.4,10,5,ims,1,1/8,6469.04259277102,6469.04259277102
10.20.4,10,5,ims,2,2/8,6469.04259277102,6469.04259277102
10.20.4,10,5,ims,3,3/8,6469.04259277102,6469.04259277102
10.20.4,10,5,ims,4,4/8,6469.04259277102,6469.04259277102
10.20.4,10,5,ims,5,5/8,6469.04259277102,6469.04259277102
10.20.4,10,5,ims,6,6/8,6469.04259277102,6469.04259277102
10.20.4,10,5,ims,7,7/8,6469.04259277102,6469.04259277102
10.20.4,10,5,ims,8,8/8,6469.04259277102,6469.04259277102
10.20.4,10,6,ims,0,0/8,6497.5821714329795,6469.04259277102
10.20.4,10,6,ims,1,1/8,6469.04259277102,6469.04259277102
10.20.4,10,6,ims,2,2/8,6469.04259277102,6469.04259277102
10.20.4,10,6,ims,3,3/8,6469.04259277102,6469.04259277102
10.20.4,10,6,ims,4,4/8,6469.04259277102,6469.04259277102
10.20.4,10,6,ims,5,5/8,6469.04259277102,6469.04259277102
10.20.4,10,6,ims,6,6/8,6469.04259277102,6469.04259277102
10.20.4,10,6,ims,7,7/8,6469.04259277102,6469.04259277102
10.20.4,10,6,ims,8,8/8,6469.04259277102,6469.04259277102
10.20.4,10,7,ims,0,0/8,6497.5821714329795,6469.04259277102
10.20.4,10,7,ims,1,1/8,6469.04259277102,6469.04259277102
10.20.4,10,7,ims,2,2/8,6469.04259277102,6469.04259277102
10.20.4,10,7,ims,3,3/8,6469.04259277102,6469.04259277102
10.20.4,10,7,ims,4,4/8,6469.04259277102,6469.04259277102
10.20.4,10,7,ims,5,5/8,6469.04259277102,6469.04259277102
10.20.4,10,7,ims,6,6/8,6469.04259277102,6469.04259277102
10.20.4,10,7,ims,7,7/8,6469.04259277102,6469.04259277102
10.20.4,10,7,ims,8,8/8,6469.04259277102,6469.04259277102
10.20.4,10,8,ims,0,0/8,7129.4569577884795,6469.04259277102
10.20.4,10,8,ims,1,1/8,6469.04259277102,6469.04259277102
10.20.4,10,8,ims,2,2/8,6469.04259277102,6469.04259277102
10.20.4,10,8,ims,3,3/8,6469.04259277102,6469.04259277102
10.20.4,10,8,ims,4,4/8,6469.04259277102,6469.04259277102
10.20.4,10,8,ims,5,5/8,6469.04259277102,6469.04259277102
10.20.4,10,8,ims,6,6/8,6469.04259277102,6469.04259277102
10.20.4,10,8,ims,7,7/8,6469.04259277102,6469.04259277102
10.20.4,10,8,ims,8,8/8,6469.04259277102,6469.04259277102
10.20.4,10,9,ims,0,0/8,6522.022828506222,6469.04259277102
10.20.4,10,9,ims,1,1/8,6469.04259277102,6469.04259277102
10.20.4,10,9,ims,2,2/8,6469.04259277102,6469.04259277102
10.20.4,10,9,ims,3,3/8,6469.04259277102,6469.04259277102
10.20.4,10,9,ims,4,4/8,6469.04259277102,6469.04259277102
10.20.4,10,9,ims,5,5/8,6469.04259277102,6469.04259277102
10.20.4,10,9,ims,6,6/8,6469.04259277102,6469.04259277102
10.20.4,10,9,ims,7,7/8,6469.04259277102,6469.04259277102
10.20.4,10,9,ims,8,8/8,6469.04259277102,6469.04259277102
10.20.4,10,10,ims,0,0/8,6794.566898448729,6469.04259277102
10.20.4,10,10,ims,1,1/8,6469.04259277102,6469.04259277102
10.20.4,10,10,ims,2,2/8,6469.04259277102,6469.04259277102
10.20.4,10,10,ims,3,3/8,6469.04259277102,6469.04259277102
10.20.4,10,10,ims,4,4/8,6469.04259277102,6469.04259277102
10.20.4,10,10,ims,5,5/8,6469.04259277102,6469.04259277102
10.20.4,10,10,ims,6,6/8,6469.04259277102,6469.04259277102
10.20.4,10,10,ims,7,7/8,6469.04259277102,6469.04259277102
10.20.4,10,10,ims,8,8/8,6469.04259277102,6469.04259277102
10.20.4,10,1,sats,0,0/8,8572.98261436584,6469.04259277102
10.20.4,10,1,sats,1,1/8,6469.04259277102,6469.04259277102
10.20.4,10,1,sats,2,2/8,6469.04259277102,6469.04259277102
10.20.4,10,1,sats,3,3/8,6469.04259277102,6469.04259277102
10.20.4,10,1,sats,4,4/8,6469.04259277102,6469.04259277102
10.20.4,10,1,sats,5,5/8,6469.04259277102,6469.04259277102
10.20.4,10,1,sats,6,6/8,6469.04259277102,6469.04259277102
10.20.4,10,1,sats,7,7/8,6469.04259277102,6469.04259277102
10.20.4,10,1,sats,8,8/8,6469.04259277102,6469.04259277102
10.20.4,10,2,sats,0,0/8,7129.4569577884795,6469.04259277102
10.20.4,10,2,sats,1,1/8,6469.042592771021,6469.04259277102
10.20.4,10,2,sats,2,2/8,6469.042592771021,6469.04259277102
10.20.4,10,2,sats,3,3/8,6469.042592771021,6469.04259277102
10.20.4,10,2,sats,4,4/8,6469.042592771021,6469.04259277102
10.20.4,10,2,sats,5,5/8,6469.042592771021,6469.04259277102
10.20.4,10,2,sats,6,6/8,6469.042592771021,6469.04259277102
10.20.4,10,2,sats,7,7/8,6469.042592771021,6469.04259277102
10.20.4,10,2,sats,8,8/8,6469.042592771021,6469.04259277102
10.20.4,10,3,sats,0,0/8,7228.865772046417,6469.04259277102
10.20.4,10,3,sats,1,1/8,6469.04259277102,6469.04259277102
10.20.4,10,3,sats,2,2/8,6469.04259277102,6469.04259277102
10.20.4,10,3,sats,3,3/8,6469.04259277102,6469.04259277102
10.20.4,10,3,sats,4,4/8,6469.04259277102,6469.04259277102
10.20.4,10,3,sats,5,5/8,6469.04259277102,6469.04259277102
10.20.4,10,3,sats,6,6/8,6469.04259277102,6469.04259277102
10.20.4,10,3,sats,7,7/8,6469.04259277102,6469.04259277102
10.20.4,10,3,sats,8,8/8,6469.04259277102,6469.04259277102
10.20.4,10,4,sats,0,0/8,6794.566898448729,6469.04259277102
10.20.4,10,4,sats,1,1/8,6469.042592771021,6469.04259277102
10.20.4,10,4,sats,2,2/8,6469.042592771021,6469.04259277102
10.20.4,10,4,sats,3,3/8,6469.042592771021,6469.04259277102
10.20.4,10,4,sats,4,4/8,6469.042592771021,6469.04259277102
10.20.4,10,4,sats,5,5/8,6469.042592771021,6469.04259277102
10.20.4,10,4,sats,6,6/8,6469.042592771021,6469.04259277102
10.20.4,10,4,sats,7,7/8,6469.042592771021,6469.04259277102
10.20.4,10,4,sats,8,8/8,6469.042592771021,6469.04259277102
10.20.4,10,5,sats,0,0/8,6794.566898448729,6469.04259277102
10.20.4,10,5,sats,1,1/8,6469.042592771021,6469.04259277102
10.20.4,10,5,sats,2,2/8,6469.042592771021,6469.04259277102
10.20.4,10,5,sats,3,3/8,6469.042592771021,6469.04259277102
10.20.4,10,5,sats,4,4/8,6469.042592771021,6469.04259277102
10.20.4,10,5,sats,5,5/8,6469.042592771021,6469.04259277102
10.20.4,10,5,sats,6,6/8,6469.042592771021,6469.04259277102
10.20.4,10,5,sats,7,7/8,6469.042592771021,6469.04259277102
10.20.4,10,5,sats,8,8/8,6469.042592771021,6469.04259277102
10.20.4,10,6,sats,0,0/8,7228.865772046417,6469.04259277102
10.20.4,10,6,sats,1,1/8,6469.042592771021,6469.04259277102
10.20.4,10,6,sats,2,2/8,6469.042592771021,6469.04259277102
10.20.4,10,6,sats,3,3/8,6469.042592771021,6469.04259277102
10.20.4,10,6,sats,4,4/8,6469.042592771021,6469.04259277102
10.20.4,10,6,sats,5,5/8,6469.042592771021,6469.04259277102
10.20.4,10,6,sats,6,6/8,6469.042592771021,6469.04259277102
10.20.4,10,6,sats,7,7/8,6469.042592771021,6469.04259277102
10.20.4,10,6,sats,8,8/8,6469.042592771021,6469.04259277102
10.20.4,10,7,sats,0,0/8,6497.5821714329795,6469.04259277102
10.20.4,10,7,sats,1,1/8,6469.04259277102,6469.04259277102
10.20.4,10,7,sats,2,2/8,6469.04259277102,6469.04259277102
10.20.4,10,7,sats,3,3/8,6469.04259277102,6469.04259277102
10.20.4,10,7,sats,4,4/8,6469.04259277102,6469.04259277102
10.20.4,10,7,sats,5,5/8,6469.04259277102,6469.04259277102
10.20.4,10,7,sats,6,6/8,6469.04259277102,6469.04259277102
10.20.4,10,7,sats,7,7/8,6469.04259277102,6469.04259277102
10.20.4,10,7,sats,8,8/8,6469.04259277102,6469.04259277102
10.20.4,10,8,sats,0,0/8,7129.4569577884795,6469.04259277102
10.20.4,10,8,sats,1,1/8,6469.042592771021,6469.04259277102
10.20.4,10,8,sats,2,2/8,6469.042592771021,6469.04259277102
10.20.4,10,8,sats,3,3/8,6469.042592771021,6469.04259277102
10.20.4,10,8,sats,4,4/8,6469.042592771021,6469.04259277102
10.20.4,10,8,sats,5,5/8,6469.042592771021,6469.04259277102
10.20.4,10,8,sats,6,6/8,6469.042592771021,6469.04259277102
10.20.4,10,8,sats,7,7/8,6469.042592771021,6469.04259277102
10.20.4,10,8,sats,8,8/8,6469.042592771021,6469.04259277102
10.20.4,10,9,sats,0,0/8,6522.022828506222,6469.04259277102
10.20.4,10,9,sats,1,1/8,6469.04259277102,6469.04259277102
10.20.4,10,9,sats,2,2/8,6469.04259277102,6469.04259277102
10.20.4,10,9,sats,3,3/8,6469.04259277102,6469.04259277102
10.20.4,10,9,sats,4,4/8,6469.04259277102,6469.04259277102
10.20.4,10,9,sats,5,5/8,6469.04259277102,6469.04259277102
10.20.4,10,9,sats,6,6/8,6469.04259277102,6469.04259277102
10.20.4,10,9,sats,7,7/8,6469.04259277102,6469.04259277102
10.20.4,10,9,sats,8,8/8,6469.04259277102,6469.04259277102
10.20.4,10,10,sats,0,0/8,9492.914019860993,6469.04259277102
10.20.4,10,10,sats,1,1/8,6469.04259277102,6469.04259277102
10.20.4,10,10,sats,2,2/8,6469.04259277102,6469.04259277102
10.20.4,10,10,sats,3,3/8,6469.04259277102,6469.04259277102
10.20.4,10,10,sats,4,4/8,6469.04259277102,6469.04259277102
10.20.4,10,10,sats,5,5/8,6469.04259277102,6469.04259277102
10.20.4,10,10,sats,6,6/8,6469.04259277102,6469.04259277102
10.20.4,10,10,sats,7,7/8,6469.04259277102,6469.04259277102
10.20.4,10,10,sats,8,8/8,6469.04259277102,6469.04259277102
10.5.1,10,1,ims,0,0/8,1233.06190498867,1212.9464832192677
10.5.1,10,1,ims,1,1/8,1212.9464832192677,1212.9464832192677
10.5.1,10,1,ims,2,2/8,1212.9464832192677,1212.9464832192677
10.5.1,10,1,ims,3,3/8,1212.9464832192677,1212.9464832192677
10.5.1,10,1,ims,4,4/8,1212.9464832192677,1212.9464832192677
10.5.1,10,1,ims,5,5/8,1212.9464832192677,1212.9464832192677
10.5.1,10,1,ims,6,6/8,1212.9464832192677,1212.9464832192677
10.5.1,10,1,ims,7,7/8,1212.9464832192677,1212.9464832192677
10.5.1,10,1,ims,8,8/8,1212.9464832192677,1212.9464832192677
10.5.1,10,2,ims,0,0/8,1233.06190498867,1212.9464832192677
10.5.1,10,2,ims,1,1/8,1212.9464832192677,1212.9464832192677
10.5.1,10,2,ims,2,2/8,1212.9464832192677,1212.9464832192677
10.5.1,10,2,ims,3,3/8,1212.9464832192677,1212.9464832192677
10.5.1,10,2,ims,4,4/8,1212.9464832192677,1212.9464832192677
10.5.1,10,2,ims,5,5/8,1212.9464832192677,1212.9464832192677
10.5.1,10,2,ims,6,6/8,1212.9464832192677,1212.9464832192677
10.5.1,10,2,ims,7,7/8,1212.9464832192677,1212.9464832192677
10.5.1,10,2,ims,8,8/8,1212.9464832192677,1212.9464832192677
10.5.1,10,3,ims,0,0/8,1212.9464832192677,1212.9464832192677
10.5.1,10,3,ims,1,1/8,1212.9464832192677,1212.9464832192677
10.5.1,10,3,ims,2,2/8,1212.9464832192677,1212.9464832192677
10.5.1,10,3,ims,3,3/8,1212.9464832192677,1212.9464832192677
10.5.1,10,3,ims,4,4/8,1212.9464832192677,1212.9464832192677
10.5.1,10,3,ims,5,5/8,1212.9464832192677,1212.9464832192677
10.5.1,10,3,ims,6,6/8,1212.9464832192677,1212.9464832192677
10.5.1,10,3,ims,7,7/8,1212.9464832192677,1212.9464832192677
10.5.1,10,3,ims,8,8/8,1212.9464832192677,1212.9464832192677
10.5.1,10,4,ims,0,0/8,1233.06190498867,1212.9464832192677
10.5.1,10,4,ims,1,1/8,1212.9464832192677,1212.9464832192677
10.5.1,10,4,ims,2,2/8,1212.9464832192677,1212.9464832192677
10.5.1,10,4,ims,3,3/8,1212.9464832192677,1212.9464832192677
10.5.1,10,4,ims,4,4/8,1212.9464832192677,1212.9464832192677
10.5.1,10,4,ims,5,5/8,1212.9464832192677,1212.9464832192677
10.5.1,10,4,ims,6,6/8,1212.9464832192677,1212.9464832192677
10.5.1,10,4,ims,7,7/8,1212.9464832192677,1212.9464832192677
10.5.1,10,4,ims,8,8/8,1212.9464832192677,1212.9464832192677
10.5.1,10,5,ims,0,0/8,1408.1492574808906,1212.9464832192677
10.5.1,10,5,ims,1,1/8,1212.9464832192677,1212.9464832192677
10.5.1,10,5,ims,2,2/8,1212.9464832192677,1212.9464832192677
10.5.1,10,5,ims,3,3/8,1212.9464832192677,1212.9464832192677
10.5.1,10,5,ims,4,4/8,1212.9464832192677,1212.9464832192677
10.5.1,10,5,ims,5,5/8,1212.9464832192677,1212.9464832192677
10.5.1,10,5,ims,6,6/8,1212.9464832192677,1212.9464832192677
10.5.1,10,5,ims,7,7/8,1212.9464832192677,1212.9464832192677
10.5.1,10,5,ims,8,8/8,1212.9464832192677,1212.9464832192677
10.5.1,10,6,ims,0,0/8,1212.9464832192677,1212.9464832192677
10.5.1,10,6,ims,1,1/8,1212.9464832192677,1212.9464832192677
10.5.1,10,6,ims,2,2/8,1212.9464832192677,1212.9464832192677
10.5.1,10,6,ims,3,3/8,1212.9464832192677,1212.9464832192677
10.5.1,10,6,ims,4,4/8,1212.9464832192677,1212.9464832192677
10.5.1,10,6,ims,5,5/8,1212.9464832192677,1212.9464832192677
10.5.1,10,6,ims,6,6/8,1212.9464832192677,1212.9464832192677
10.5.1,10,6,ims,7,7/8,1212.9464832192677,1212.9464832192677
10.5.1,10,6,ims,8,8/8,1212.9464832192677,1212.9464832192677
10.5.1,10,7,ims,0,0/8,1212.9464832192677,1212.9464832192677
10.5.1,10,7,ims,1,1/8,1212.9464832192677,1212.9464832192677
10.5.1,10,7,ims,2,2/8,1212.9464832192677,1212.9464832192677
10.5.1,10,7,ims,3,3/8,1212.9464832192677,1212.9464832192677
10.5.1,10,7,ims,4,4/8,1212.9464832192677,1212.9464832192677
10.5.1,10,7,ims,5,5/8,1212.9464832192677,1212.9464832192677
10.5.1,10,7,ims,6,6/8,1212.9464832192677,1212.9464832192677
10.5.1,10,7,ims,7,7/8,1212.9464832192677,1212.9464832192677
10.5.1,10,7,ims,8,8/8,1212.9464832192677,1212.9464832192677
10.5.1,10,8,ims,0,0/8,1212.9464832192677,1212.9464832192677
10.5.1,10,8,ims,1,1/8,1212.9464832192677,1212.9464832192677
10.5.1,10,8,ims,2,2/8,1212.9464832192677,1212.9464832192677
10.5.1,10,8,ims,3,3/8,1212.9464832192677,1212.9464832192677
10.5.1,10,8,ims,4,4/8,1212.9464832192677,1212.9464832192677
10.5.1,10,8,ims,5,5/8,1212.9464832192677,1212.9464832192677
10.5.1,10,8,ims,6,6/8,1212.9464832192677,1212.9464832192677
10.5.1,10,8,ims,7,7/8,1212.9464832192677,1212.9464832192677
10.5.1,10,8,ims,8,8/8,1212.9464832192677,1212.9464832192677
10.5.1,10,9,ims,0,0/8,1212.9464832192677,1212.9464832192677
10.5.1,10,9,ims,1,1/8,1212.9464832192677,1212.9464832192677
10.5.1,10,9,ims,2,2/8,1212.9464832192677,1212.9464832192677
10.5.1,10,9,ims,3,3/8,1212.9464832192677,1212.9464832192677
10.5.1,10,9,ims,4,4/8,1212.9464832192677,1212.9464832192677
10.5.1,10,9,ims,5,5/8,1212.9464832192677,1212.9464832192677
10.5.1,10,9,ims,6,6/8,1212.9464832192677,1212.9464832192677
10.5.1,10,9,ims,7,7/8,1212.9464832192677,1212.9464832192677
10.5.1,10,9,ims,8,8/8,1212.9464832192677,1212.9464832192677
10.5.1,10,10,ims,0,0/8,1257.3625817754898,1212.9464832192677
10.5.1,10,10,ims,1,1/8,1212.9464832192677,1212.9464832192677
10.5.1,10,10,ims,2,2/8,1212.9464832192677,1212.9464832192677
10.5.1,10,10,ims,3,3/8,1212.9464832192677,1212.9464832192677
10.5.1,10,10,ims,4,4/8,1212.9464832192677,1212.9464832192677
10.5.1,10,10,ims,5,5/8,1212.9464832192677,1212.9464832192677
10.5.1,10,10,ims,6,6/8,1212.9464832192677,1212.9464832192677
10.5.1,10,10,ims,7,7/8,1212.9464832192677,1212.9464832192677
10.5.1,10,10,ims,8,8/8,1212.9464832192677,1212.9464832192677
10.5.1,10,1,sats,0,0/8,1493.4290266980927,1212.9464832192677
10.5.1,10,1,sats,1,1/8,1212.9464832192677,1212.9464832192677
10.5.1,10,1,sats,2,2/8,1212.9464832192677,1212.9464832192677
10.5.1,10,1,sats,3,3/8,1212.9464832192677,1212.9464832192677
10.5.1,10,1,sats,4,4/8,1212.9464832192677,1212.9464832192677
10.5.1,10,1,sats,5,5/8,1212.9464832192677,1212.9464832192677
10.5.1,10,1,sats,6,6/8,1212.9464832192677,1212.9464832192677
10.5.1,10,1,sats,7,7/8,1212.9464832192677,1212.9464832192677
10.5.1,10,1,sats,8,8/8,1212.9464832192677,1212.9464832192677
10.5.1,10,2,sats,0,0/8,1257.3625817754898,1212.9464832192677
10.5.1,10,2,sats,1,1/8,1212.9464832192677,1212.9464832192677
10.5.1,10,2,sats,2,2/8,1212.9464832192677,1212.9464832192677
10.5.1,10,2,sats,3,3/8,1212.9464832192677,1212.9464832192677
10.5.1,10,2,sats,4,4/8,1212.9464832192677,1212.9464832192677
10.5.1,10,2,sats,5,5/8,1212.9464832192677,1212.9464832192677
10.5.1,10,2,sats,6,6/8,1212.9464832192677,1212.9464832192677
10.5.1,10,2,sats,7,7/8,1212.9464832192677,1212.9464832192677
10.5.1,10,2,sats,8,8/8,1212.9464832192677,1212.9464832192677
10.5.1,10,3,sats,0,0/8,1233.06190498867,1212.9464832192677
10.5.1,10,3,sats,1,1/8,1212.9464832192677,1212.9464832192677
10.5.1,10,3,sats,2,2/8,1212.9464832192677,1212.9464832192677
10.5.1,10,3,sats,3,3/8,1212.9464832192677,1212.9464832192677
10.5.1,10,3,sats,4,4/8,1212.9464832192677,1212.9464832192677
10.5.1,10,3,sats,5,5/8,1212.9464832192677,1212.9464832192677
10.5.1,10,3,sats,6,6/8,1212.9464832192677,1212.9464832192677
10.5.1,10,3,sats,7,7/8,1212.9464832192677,1212.9464832192677
10.5.1,10,3,sats,8,8/8,1212.9464832192677,1212.9464832192677
10.5.1,10,4,sats,0,0/8,1408.1492574808906,1212.9464832192677
10.5.1,10,4,sats,1,1/8,1212.9464832192677,1212.9464832192677
10.5.1,10,4,sats,2,2/8,1212.9464832192677,1212.9464832192677
10.5.1,10,4,sats,3,3/8,1212.9464832192677,1212.9464832192677
10.5.1,10,4,sats,4,4/8,1212.9464832192677,1212.9464832192677
10.5.1,10,4,sats,5,5/8,1212.9464832192677,1212.9464832192677
10.5.1,10,4,sats,6,6/8,1212.9464832192677,1212.9464832192677
10.5.1,10,4,sats,7,7/8,1212.9464832192677,1212.9464832192677
10.5.1,10,4,sats,8,8/8,1212.9464832192677,1212.9464832192677
10.5.1,10,5,sats,0,0/8,1408.1492574808906,1212.9464832192677
10.5.1,10,5,sats,1,1/8,1212.9464832192677,1212.9464832192677
10.5.1,10,5,sats,2,2/8,1212.9464832192677,1212.9464832192677
10.5.1,10,5,sats,3,3/8,1212.9464832192677,1212.9464832192677
10.5.1,10,5,sats,4,4/8,1212.9464832192677,1212.9464832192677
10.5.1,10,5,sats,5,5/8,1212.9464832192677,1212.9464832192677
10.5.1,10,5,sats,6,6/8,1212.9464832192677,1212.9464832192677
10.5.1,10,5,sats,7,7/8,1212.9464832192677,1212.9464832192677
10.5.1,10,5,sats,8,8/8,1212.9464832192677,1212.9464832192677
10.5.1,10,6,sats,0,0/8,1233.06190498867,1212.9464832192677
10.5.1,10,6,sats,1,1/8,1212.9464832192677,1212.9464832192677
10.5.1,10,6,sats,2,2/8,1212.9464832192677,1212.9464832192677
10.5.1,10,6,sats,3,3/8,1212.9464832192677,1212.9464832192677
10.5.1,10,6,sats,4,4/8,1212.9464832192677,1212.9464832192677
10.5.1,10,6,sats,5,5/8,1212.9464832192677,1212.9464832192677
10.5.1,10,6,sats,6,6/8,1212.9464832192677,1212.9464832192677
10.5.1,10,6,sats,7,7/8,1212.9464832192677,1212.9464832192677
10.5.1,10,6,sats,8,8/8,1212.9464832192677,1212.9464832192677
10.5.1,10,7,sats,0,0/8,1300.8742253792902,1212.9464832192677
10.5.1,10,7,sats,1,1/8,1212.9464832192677,1212.9464832192677
10.5.1,10,7,sats,2,2/8,1212.9464832192677,1212.9464832192677
10.5.1,10,7,sats,3,3/8,1212.9464832192677,1212.9464832192677
10.5.1,10,7,sats,4,4/8,1212.9464832192677,1212.9464832192677
10.5.1,10,7,sats,5,5/8,1212.9464832192677,1212.9464832192677
10.5.1,10,7,sats,6,6/8,1212.9464832192677,1212.9464832192677
10.5.1,10,7,sats,7,7/8,1212.9464832192677,1212.9464832192677
10.5.1,10,7,sats,8,8/8,1212.9464832192677,1212.9464832192677
10.5.1,10,8,sats,0,0/8,1257.3625817754898,1212.9464832192677
10.5.1,10,8,sats,1,1/8,1212.9464832192677,1212.9464832192677
10.5.1,10,8,sats,2,2/8,1212.9464832192677,1212.9464832192677
10.5.1,10,8,sats,3,3/8,1212.9464832192677,1212.9464832192677
10.5.1,10,8,sats,4,4/8,1212.9464832192677,1212.9464832192677
10.5.1,10,8,sats,5,5/8,1212.9464832192677,1212.9464832192677
10.5.1,10,8,sats,6,6/8,1212.9464832192677,1212.9464832192677
10.5.1,10,8,sats,7,7/8,1212.9464832192677,1212.9464832192677
10.5.1,10,8,sats,8,8/8,1212.9464832192677,1212.9464832192677
10.5.1,10,9,sats,0,0/8,1444.3405789827207,1212.9464832192677
10.5.1,10,9,sats,1,1/8,1212.9464832192677,1212.9464832192677
10.5.1,10,9,sats,2,2/8,1212.9464832192677,1212.9464832192677
10.5.1,10,9,sats,3,3/8,1212.9464832192677,1212.9464832192677
10.5.1,10,9,sats,4,4/8,1212.9464832192677,1212.9464832192677
10.5.1,10,9,sats,5,5/8,1212.9464832192677,1212.9464832192677
10.5.1,10,9,sats,6,6/8,1212.9464832192677,1212.9464832192677
10.5.1,10,9,sats,7,7/8,1212.9464832192677,1212.9464832192677
10.5.1,10,9,sats,8,8/8,1212.9464832192677,1212.9464832192677
10.5.1,10,10,sats,0,0/8,1749.6333907854562,1212.9464832192677
10.5.1,10,10,sats,1,1/8,1212.9464832192677,1212.9464832192677
10.5.1,10,10,sats,2,2/8,1212.9464832192677,1212.9464832192677
10.5.1,10,10,sats,3,3/8,1212.9464832192677,1212.9464832192677
10.5.1,10,10,sats,4,4/8,1212.9464832192677,1212.9464832192677
10.5.1,10,10,sats,5,5/8,1212.9464832192677,1212.9464832192677
10.5.1,10,10,sats,6,6/8,1212.9464832192677,1212.9464832192677
10.5.1,10,10,sats,7,7/8,1212.9464832192677,1212.9464832192677
10.5.1,10,10,sats,8,8/8,1212.9464832192677,1212.9464832192677
10.5.2,10,1,ims,0,0/8,940.0188885684499,709.2037454135201
10.5.2,10,1,ims,1,1/8,709.2037454135201,709.2037454135201
10.5.2,10,1,ims,2,2/8,709.20374541352,709.2037454135201
10.5.2,10,1,ims,3,3/8,709.20374541352,709.2037454135201
10.5.2,10,1,ims,4,4/8,709.20374541352,709.2037454135201
10.5.2,10,1,ims,5,5/8,709.20374541352,709.2037454135201
10.5.2,10,1,ims,6,6/8,709.20374541352,709.2037454135201
10.5.2,10,1,ims,7,7/8,709.20374541352,709.2037454135201
10.5.2,10,1,ims,8,8/8,709.20374541352,709.2037454135201
10.5.2,10,2,ims,0,0/8,940.0188885684499,709.2037454135201
10.5.2,10,2,ims,1,1/8,709.20374541352,709.2037454135201
10.5.2,10,2,ims,2,2/8,709.20374541352,709.2037454135201
10.5.2,10,2,ims,3,3/8,709.20374541352,709.2037454135201
10.5.2,10,2,ims,4,4/8,709.20374541352,709.2037454135201
10.5.2,10,2,ims,5,5/8,709.20374541352,709.2037454135201
10.5.2,10,2,ims,6,6/8,709.20374541352,709.2037454135201
10.5.2,10,2,ims,7,7/8,709.20374541352,709.2037454135201
10.5.2,10,2,ims,8,8/8,709.20374541352,709.2037454135201
10.5.2,10,3,ims,0,0/8,798.4439513165672,709.2037454135201
10.5.2,10,3,ims,1,1/8,709.20374541352,709.2037454135201
10.5.2,10,3,ims,2,2/8,709.20374541352,709.2037454135201
10.5.2,10,3,ims,3,3/8,709.20374541352,709.2037454135201
10.5.2,10,3,ims,4,4/8,709.20374541352,709.2037454135201
10.5.2,10,3,ims,5,5/8,709.20374541352,709.2037454135201
10.5.2,10,3,ims,6,6/8,709.20374541352,709.2037454135201
10.5.2,10,3,ims,7,7/8,709.20374541352,709.2037454135201
10.5.2,10,3,ims,8,8/8,709.20374541352,709.2037454135201
10.5.2,10,4,ims,0,0/8,940.0188885684499,709.2037454135201
10.5.2,10,4,ims,1,1/8,709.20374541352,709.2037454135201
10.5.2,10,4,ims,2,2/8,709.20374541352,709.2037454135201
10.5.2,10,4,ims,3,3/8,709.20374541352,709.2037454135201
10.5.2,10,4,ims,4,4/8,709.20374541352,709.2037454135201
10.5.2,10,4,ims,5,5/8,709.20374541352,709.2037454135201
10.5.2,10,4,ims,6,6/8,709.20374541352,709.2037454135201
10.5.2,10,4,ims,7,7/8,709.20374541352,709.2037454135201
10.5.2,10,4,ims,8,8/8,709.20374541352,709.2037454135201
10.5.2,10,5,ims,0,0/8,798.4439513165672,709.2037454135201
10.5.2,10,5,ims,1,1/8,709.20374541352,709.2037454135201
10.5.2,10,5,ims,2,2/8,709.20374541352,709.2037454135201
10.5.2,10,5,ims,3,3/8,709.20374541352,709.2037454135201
10.5.2,10,5,ims,4,4/8,709.20374541352,709.2037454135201
10.5.2,10,5,ims,5,5/8,709.20374541352,709.2037454135201
10.5.2,10,5,ims,6,6/8,709.20374541352,709.2037454135201
10.5.2,10,5,ims,7,7/8,709.20374541352,709.2037454135201
10.5.2,10,5,ims,8,8/8,709.20374541352,709.2037454135201
10.5.2,10,6,ims,0,0/8,1097.3016493893551,709.2037454135201
10.5.2,10,6,ims,1,1/8,709.20374541352,709.2037454135201
10.5.2,10,6,ims,2,2/8,709.20374541352,709.2037454135201
10.5.2,10,6,ims,3,3/8,709.20374541352,709.2037454135201
10.5.2,10,6,ims,4,4/8,709.20374541352,709.2037454135201
10.5.2,10,6,ims,5,5/8,709.20374541352,709.2037454135201
10.5.2,10,6,ims,6,6/8,709.20374541352,709.2037454135201
10.5.2,10,6,ims,7,7/8,709.20374541352,709.2037454135201
10.5.2,10,6,ims,8,8/8,709.20374541352,709.2037454135201
10.5.2,10,7,ims,0,0/8,940.0188885684499,709.2037454135201
10.5.2,10,7,ims,1,1/8,709.20374541352,709.2037454135201
10.5.2,10,7,ims,2,2/8,709.20374541352,709.2037454135201
10.5.2,10,7,ims,3,3/8,709.20374541352,709.2037454135201
10.5.2,10,7,ims,4,4/8,709.20374541352,709.2037454135201
10.5.2,10,7,ims,5,5/8,709.20374541352,709.2037454135201
10.5.2,10,7,ims,6,6/8,709.20374541352,709.2037454135201
10.5.2,10,7,ims,7,7/8,709.20374541352,709.2037454135201
10.5.2,10,7,ims,8,8/8,709.20374541352,709.2037454135201
10.5.2,10,8,ims,0,0/8,798.4439513165672,709.2037454135201
10.5.2,10,8,ims,1,1/8,709.20374541352,709.2037454135201
10.5.2,10,8,ims,2,2/8,709.20374541352,709.2037454135201
10.5.2,10,8,ims,3,3/8,709.20374541352,709.2037454135201
10.5.2,10,8,ims,4,4/8,709.20374541352,709.2037454135201
10.5.2,10,8,ims,5,5/8,709.20374541352,709.2037454135201
10.5.2,10,8,ims,6,6/8,709.20374541352,709.2037454135201
10.5.2,10,8,ims,7,7/8,709.20374541352,709.2037454135201
10.5.2,10,8,ims,8,8/8,709.20374541352,709.2037454135201
10.5.2,10,9,ims,0,0/8,986.4481661170884,709.2037454135201
10.5.2,10,9,ims,1,1/8,709.20374541352,709.2037454135201
10.5.2,10,9,ims,2,2/8,709.20374541352,709.2037454135201
10.5.2,10,9,ims,3,3/8,709.20374541352,709.2037454135201
10.5.2,10,9,ims,4,4/8,709.20374541352,709.2037454135201
10.5.2,10,9,ims,5,5/8,709.20374541352,709.2037454135201
10.5.2,10,9,ims,6,6/8,709.20374541352,709.2037454135201
10.5.2,10,9,ims,7,7/8,709.20374541352,709.2037454135201
10.5.2,10,9,ims,8,8/8,709.20374541352,709.2037454135201
10.5.2,10,10,ims,0,0/8,798.4439513165672,709.2037454135201
10.5.2,10,10,ims,1,1/8,709.20374541352,709.2037454135201
10.5.2,10,10,ims,2,2/8,709.20374541352,709.2037454135201
10.5.2,10,10,ims,3,3/8,709.20374541352,709.2037454135201
10.5.2,10,10,ims,4,4/8,709.20374541352,709.2037454135201
10.5.2,10,10,ims,5,5/8,709.20374541352,709.2037454135201
10.5.2,10,10,ims,6,6/8,709.20374541352,709.2037454135201
10.5.2,10,10,ims,7,7/8,709.20374541352,709.2037454135201
10.5.2,10,10,ims,8,8/8,709.20374541352,709.2037454135201
10.5.2,10,1,sats,0,0/8,940.0188885684499,709.2037454135201
10.5.2,10,1,sats,1,1/8,709.20374541352,709.2037454135201
10.5.2,10,1,sats,2,2/8,709.20374541352,709.2037454135201
10.5.2,10,1,sats,3,3/8,709.20374541352,709.2037454135201
10.5.2,10,1,sats,4,4/8,709.20374541352,709.2037454135201
10.5.2,10,1,sats,5,5/8,709.20374541352,709.2037454135201
10.5.2,10,1,sats,6,6/8,709.20374541352,709.2037454135201
10.5.2,10,1,sats,7,7/8,709.20374541352,709.2037454135201
10.5.2,10,1,sats,8,8/8,709.20374541352,709.2037454135201
10.5.2,10,2,sats,0,0/8,1102.6760096340367,709.2037454135201
10.5.2,10,2,sats,1,1/8,709.20374541352,709.2037454135201
10.5.2,10,2,sats,2,2/8,709.20374541352,709.2037454135201
10.5.2,10,2,sats,3,3/8,709.20374541352,709.2037454135201
10.5.2,10,2,sats,4,4/8,709.20374541352,709.2037454135201
10.5.2,10,2,sats,5,5/8,709.20374541352,709.2037454135201
10.5.2,10,2,sats,6,6/8,709.20374541352,709.2037454135201
10.5.2,10,2,sats,7,7/8,709.20374541352,709.2037454135201
10.5.2,10,2,sats,8,8/8,709.20374541352,709.2037454135201
10.5.2,10,3,sats,0,0/8,1097.3016493893551,709.2037454135201
10.5.2,10,3,sats,1,1/8,709.20374541352,709.2037454135201
10.5.2,10,3,sats,2,2/8,709.20374541352,709.2037454135201
10.5.2,10,3,sats,3,3/8,709.20374541352,709.2037454135201
10.5.2,10,3,sats,4,4/8,709.20374541352,709.2037454135201
10.5.2,10,3,sats,5,5/8,709.20374541352,709.2037454135201
10.5.2,10,3,sats,6,6/8,709.20374541352,709.2037454135201
10.5.2,10,3,sats,7,7/8,709.20374541352,709.2037454135201
10.5.2,10,3,sats,8,8/8,709.20374541352,709.2037454135201
10.5.2,10,4,sats,0,0/8,1146.3640656802995,709.2037454135201
10.5.2,10,4,sats,1,1/8,709.2037454135201,709.2037454135201
10.5.2,10,4,sats,2,2/8,709.2037454135201,709.2037454135201
10.5.2,10,4,sats,3,3/8,709.2037454135201,709.2037454135201
10.5.2,10,4,sats,4,4/8,709.2037454135201,709.2037454135201
10.5.2,10,4,sats,5,5/8,709.2037454135201,709.2037454135201
10.5.2,10,4,sats,6,6/8,709.2037454135201,709.2037454135201
10.5.2,10,4,sats,7,7/8,709.2037454135201,709.2037454135201
10.5.2,10,4,sats,8,8/8,709.2037454135201,709.2037454135201
10.5.2,10,5,sats,0,0/8,1146.3640656802995,709.2037454135201
10.5.2,10,5,sats,1,1/8,710.9973689267889,709.2037454135201
10.5.2,10,5,sats,2,2/8,709.2037454135201,709.2037454135201
10.5.2,10,5,sats,3,3/8,709.2037454135201,709.2037454135201
10.5.2,10,5,sats,4,4/8,709.2037454135201,709.2037454135201
10.5.2,10,5,sats,5,5/8,709.2037454135201,709.2037454135201
10.5.2,10,5,sats,6,6/8,709.2037454135201,709.2037454135201
10.5.2,10,5,sats,7,7/8,709.2037454135201,709.2037454135201
10.5.2,10,5,sats,8,8/8,709.2037454135201,709.2037454135201
10.5.2,10,6,sats,0,0/8,1097.3016493893551,709.2037454135201
10.5.2,10,6,sats,1,1/8,709.20374541352,709.2037454135201
10.5.2,10,6,sats,2,2/8,709.20374541352,709.2037454135201
10.5.2,10,6,sats,3,3/8,709.20374541352,709.2037454135201
10.5.2,10,6,sats,4,4/8,709.20374541352,709.2037454135201
10.5.2,10,6,sats,5,5/8,709.20374541352,709.2037454135201
10.5.2,10,6,sats,6,6/8,709.20374541352,709.2037454135201
10.5.2,10,6,sats,7,7/8,709.20374541352,709.2037454135201
10.5.2,10,6,sats,8,8/8,709.20374541352,709.2037454135201
10.5.2,10,7,sats,0,0/8,1172.0993415041664,709.2037454135201
10.5.2,10,7,sats,1,1/8,709.2037454135201,709.2037454135201
10.5.2,10,7,sats,2,2/8,709.2037454135201,709.2037454135201
10.5.2,10,7,sats,3,3/8,709.2037454135201,709.2037454135201
10.5.2,10,7,sats,4,4/8,709.2037454135201,709.2037454135201
10.5.2,10,7,sats,5,5/8,709.2037454135201,709.2037454135201
10.5.2,10,7,sats,6,6/8,709.2037454135201,709.2037454135201
10.5.2,10,7,sats,7,7/8,709.2037454135201,709.2037454135201
10.5.2,10,7,sats,8,8/8,709.2037454135201,709.2037454135201
10.5.2,10,8,sats,0,0/8,1102.6760096340367,709.2037454135201
10.5.2,10,8,sats,1,1/8,709.2037454135201,709.2037454135201
10.5.2,10,8,sats,2,2/8,709.2037454135201,709.2037454135201
10.5.2,10,8,sats,3,3/8,709.2037454135201,709.2037454135201
10.5.2,10,8,sats,4,4/8,709.2037454135201,709.2037454135201
10.5.2,10,8,sats,5,5/8,709.2037454135201,709.2037454135201
10.5.2,10,8,sats,6,6/8,709.2037454135201,709.2037454135201
10.5.2,10,8,sats,7,7/8,709.2037454135201,709.2037454135201
10.5.2,10,8,sats,8,8/8,709.2037454135201,709.2037454135201
10.5.2,10,9,sats,0,0/8,986.4481661170884,709.2037454135201
10.5.2,10,9,sats,1,1/8,709.20374541352,709.2037454135201
10.5.2,10,9,sats,2,2/8,709.20374541352,709.2037454135201
10.5.2,10,9,sats,3,3/8,709.20374541352,709.2037454135201
10.5.2,10,9,sats,4,4/8,709.20374541352,709.2037454135201
10.5.2,10,9,sats,5,5/8,709.20374541352,709.2037454135201
10.5.2,10,9,sats,6,6/8,709.20374541352,709.2037454135201
10.5.2,10,9,sats,7,7/8,709.20374541352,709.2037454135201
10.5.2,10,9,sats,8,8/8,709.20374541352,709.2037454135201
10.5.2,10,10,sats,0,0/8,798.4439513165672,709.2037454135201
10.5.2,10,10,sats,1,1/8,709.2037454135201,709.2037454135201
10.5.2,10,10,sats,2,2/8,709.2037454135201,709.2037454135201
10.5.2,10,10,sats,3,3/8,709.2037454135201,709.2037454135201
10.5.2,10,10,sats,4,4/8,709.2037454135201,709.2037454135201
10.5.2,10,10,sats,5,5/8,709.2037454135201,709.2037454135201
10.5.2,10,10,sats,6,6/8,709.2037454135201,709.2037454135201
10.5.2,10,10,sats,7,7/8,709.2037454135201,709.2037454135201
10.5.2,10,10,sats,8,8/8,709.2037454135201,709.2037454135201
10.5.3,10,1,ims,0,0/8,851.1097055856501,775.6904789217117
10.5.3,10,1,ims,1,1/8,775.6904789217117,775.6904789217117
10.5.3,10,1,ims,2,2/8,775.6904789217117,775.6904789217117
10.5.3,10,1,ims,3,3/8,775.6904789217117,775.6904789217117
10.5.3,10,1,ims,4,4/8,775.6904789217117,775.6904789217117
10.5.3,10,1,ims,5,5/8,775.6904789217117,775.6904789217117
10.5.3,10,1,ims,6,6/8,775.6904789217117,775.6904789217117
10.5.3,10,1,ims,7,7/8,775.6904789217117,775.6904789217117
10.5.3,10,1,ims,8,8/8,775.6904789217117,775.6904789217117
10.5.3,10,2,ims,0,0/8,979.8471374578924,775.6904789217117
10.5.3,10,2,ims,1,1/8,775.6904789217117,775.6904789217117
10.5.3,10,2,ims,2,2/8,775.6904789217117,775.6904789217117
10.5.3,10,2,ims,3,3/8,775.6904789217117,775.6904789217117
10.5.3,10,2,ims,4,4/8,775.6904789217117,775.6904789217117
10.5.3,10,2,ims,5,5/8,775.6904789217117,775.6904789217117
10.5.3,10,2,ims,6,6/8,775.6904789217117,775.6904789217117
10.5.3,10,2,ims,7,7/8,775.6904789217117,775.6904789217117
10.5.3,10,2,ims,8,8/8,775.6904789217117,775.6904789217117
10.5.3,10,3,ims,0,0/8,851.1097055856501,775.6904789217117
10.5.3,10,3,ims,1,1/8,775.6904789217117,775.6904789217117
10.5.3,10,3,ims,2,2/8,775.6904789217117,775.6904789217117
10.5.3,10,3,ims,3,3/8,775.6904789217117,775.6904789217117
10.5.3,10,3,ims,4,4/8,775.6904789217117,775.6904789217117
10.5.3,10,3,ims,5,5/8,775.6904789217117,775.6904789217117
10.5.3,10,3,ims,6,6/8,775.6904789217117,775.6904789217117
10.5.3,10,3,ims,7,7/8,775.6904789217117,775.6904789217117
10.5.3,10,3,ims,8,8/8,775.6904789217117,775.6904789217117
10.5.3,10,4,ims,0,0/8,979.8471374578924,775.6904789217117
10.5.3,10,4,ims,1,1/8,775.6904789217117,775.6904789217117
10.5.3,10,4,ims,2,2/8,775.6904789217117,775.6904789217117
10.5.3,10,4,ims,3,3/8,775.6904789217117,775.6904789217117
10.5.3,10,4,ims,4,4/8,775.6904789217117,775.6904789217117
10.5.3,10,4,ims,5,5/8,775.6904789217117,775.6904789217117
10.5.3,10,4,ims,6,6/8,775.6904789217117,775.6904789217117
10.5.3,10,4,ims,7,7/8,775.6904789217117,775.6904789217117
10.5.3,10,4,ims,8,8/8,775.6904789217117,775.6904789217117
10.5.3,10,5,ims,0,0/8,851.1097055856501,775.6904789217117
10.5.3,10,5,ims,1,1/8,775.6904789217117,775.6904789217117
10.5.3,10,5,ims,2,2/8,775.6904789217117,775.6904789217117
10.5.3,10,5,ims,3,3/8,775.6904789217117,775.6904789217117
10.5.3,10,5,ims,4,4/8,775.6904789217117,775.6904789217117
10.5.3,10,5,ims,5,5/8,775.6904789217117,775.6904789217117
10.5.3,10,5,ims,6,6/8,775.6904789217117,775.6904789217117
10.5.3,10,5,ims,7,7/8,775.6904789217117,775.6904789217117
10.5.3,10,5,ims,8,8/8,775.6904789217117,775.6904789217117
10.5.3,10,6,ims,0,0/8,1073.7815131574562,775.6904789217117
10.5.3,10,6,ims,1,1/8,775.6904789217117,775.6904789217117
10.5.3,10,6,ims,2,2/8,775.6904789217117,775.6904789217117
10.5.3,10,6,ims,3,3/8,775.6904789217117,775.6904789217117
10.5.3,10,6,ims,4,4/8,775.6904789217117,775.6904789217117
10.5.3,10,6,ims,5,5/8,775.6904789217117,775.6904789217117
10.5.3,10,6,ims,6,6/8,775.6904789217117,775.6904789217117
10.5.3,10,6,ims,7,7/8,775.6904789217117,775.6904789217117
10.5.3,10,6,ims,8,8/8,775.6904789217117,775.6904789217117
10.5.3,10,7,ims,0,0/8,851.1097055856501,775.6904789217117
10.5.3,10,7,ims,1,1/8,775.6904789217117,775.6904789217117
10.5.3,10,7,ims,2,2/8,775.6904789217117,775.6904789217117
10.5.3,10,7,ims,3,3/8,775.6904789217117,775.6904789217117
10.5.3,10,7,ims,4,4/8,775.6904789217117,775.6904789217117
10.5.3,10,7,ims,5,5/8,775.6904789217117,775.6904789217117
10.5.3,10,7,ims,6,6/8,775.6904789217117,775.6904789217117
10.5.3,10,7,ims,7,7/8,775.6904789217117,775.6904789217117
10.5.3,10,7,ims,8,8/8,775.6904789217117,775.6904789217117
10.5.3,10,8,ims,0,0/8,851.1097055856501,775.6904789217117
10.5.3,10,8,ims,1,1/8,775.6904789217117,775.6904789217117
10.5.3,10,8,ims,2,2/8,775.6904789217117,775.6904789217117
10.5.3,10,8,ims,3,3/8,775.6904789217117,775.6904789217117
10.5.3,10,8,ims,4,4/8,775.6904789217117,775.6904789217117
10.5.3,10,8,ims,5,5/8,775.6904789217117,775.6904789217117
10.5.3,10,8,ims,6,6/8,775.6904789217117,775.6904789217117
10.5.3,10,8,ims,7,7/8,775.6904789217117,775.6904789217117
10.5.3,10,8,ims,8,8/8,775.6904789217117,775.6904789217117
10.5.3,10,9,ims,0,0/8,851.1097055856501,775.6904789217117
10.5.3,10,9,ims,1,1/8,775.6904789217117,775.6904789217117
10.5.3,10,9,ims,2,2/8,775.6904789217117,775.6904789217117
10.5.3,10,9,ims,3,3/8,775.6904789217117,775.6904789217117
10.5.3,10,9,ims,4,4/8,775.6904789217117,775.6904789217117
10.5.3,10,9,ims,5,5/8,775.6904789217117,775.6904789217117
10.5.3,10,9,ims,6,6/8,775.6904789217117,775.6904789217117
10.5.3,10,9,ims,7,7/8,775.6904789217117,775.6904789217117
10.5.3,10,9,ims,8,8/8,775.6904789217117,775.6904789217117
10.5.3,10,10,ims,0,0/8,851.1097055856501,775.6904789217117
10.5.3,10,10,ims,1,1/8,775.6904789217117,775.6904789217117
10.5.3,10,10,ims,2,2/8,775.6904789217117,775.6904789217117
10.5.3,10,10,ims,3,3/8,775.6904789217117,775.6904789217117
10.5.3,10,10,ims,4,4/8,775.6904789217117,775.6904789217117
10.5.3,10,10,ims,5,5/8,775.6904789217117,775.6904789217117
10.5.3,10,10,ims,6,6/8,775.6904789217117,775.6904789217117
10.5.3,10,10,ims,7,7/8,775.6904789217117,775.6904789217117
10.5.3,10,10,ims,8,8/8,775.6904789217117,775.6904789217117
10.5.3,10,1,sats,0,0/8,979.8471374578924,775.6904789217117
10.5.3,10,1,sats,1,1/8,775.6904789217117,775.6904789217117
10.5.3,10,1,sats,2,2/8,775.6904789217117,775.6904789217117
10.5.3,10,1,sats,3,3/8,775.6904789217117,775.6904789217117
10.5.3,10,1,sats,4,4/8,775.6904789217117,775.6904789217117
10.5.3,10,1,sats,5,5/8,775.6904789217117,775.6904789217117
10.5.3,10,1,sats,6,6/8,775.6904789217117,775.6904789217117
10.5.3,10,1,sats,7,7/8,775.6904789217117,775.6904789217117
10.5.3,10,1,sats,8,8/8,775.6904789217117,775.6904789217117
10.5.3,10,2,sats,0,0/8,1108.6808890514892,775.6904789217117
10.5.3,10,2,sats,1,1/8,775.6904789217117,775.6904789217117
10.5.3,10,2,sats,2,2/8,775.6904789217117,775.6904789217117
10.5.3,10,2,sats,3,3/8,775.6904789217117,775.6904789217117
10.5.3,10,2,sats,4,4/8,775.6904789217117,775.6904789217117
10.5.3,10,2,sats,5,5/8,775.6904789217117,775.6904789217117
10.5.3,10,2,sats,6,6/8,775.6904789217117,775.6904789217117
10.5.3,10,2,sats,7,7/8,775.6904789217117,775.6904789217117
10.5.3,10,2,sats,8,8/8,775.6904789217117,775.6904789217117
10.5.3,10,3,sats,0,0/8,1073.7815131574562,775.6904789217117
10.5.3,10,3,sats,1,1/8,775.6904789217117,775.6904789217117
10.5.3,10,3,sats,2,2/8,775.6904789217117,775.6904789217117
10.5.3,10,3,sats,3,3/8,775.6904789217117,775.6904789217117
10.5.3,10,3,sats,4,4/8,775.6904789217117,775.6904789217117
10.5.3,10,3,sats,5,5/8,775.6904789217117,775.6904789217117
10.5.3,10,3,sats,6,6/8,775.6904789217117,775.6904789217117
10.5.3,10,3,sats,7,7/8,775.6904789217117,775.6904789217117
10.5.3,10,3,sats,8,8/8,775.6904789217117,775.6904789217117
10.5.3,10,4,sats,0,0/8,1117.1753978402392,775.6904789217117
10.5.3,10,4,sats,1,1/8,775.6904789217117,775.6904789217117
10.5.3,10,4,sats,2,2/8,775.6904789217117,775.6904789217117
10.5.3,10,4,sats,3,3/8,775.6904789217117,775.6904789217117
10.5.3,10,4,sats,4,4/8,775.6904789217117,775.6904789217117
10.5.3,10,4,sats,5,5/8,775.6904789217117,775.6904789217117
10.5.3,10,4,sats,6,6/8,775.6904789217117,775.6904789217117
10.5.3,10,4,sats,7,7/8,775.6904789217117,775.6904789217117
10.5.3,10,4,sats,8,8/8,775.6904789217117,775.6904789217117
10.5.3,10,5,sats,0,0/8,1117.1753978402392,775.6904789217117
10.5.3,10,5,sats,1,1/8,775.6904789217117,775.6904789217117
10.5.3,10,5,sats,2,2/8,775.6904789217117,775.6904789217117
10.5.3,10,5,sats,3,3/8,775.6904789217117,775.6904789217117
10.5.3,10,5,sats,4,4/8,775.6904789217117,775.6904789217117
10.5.3,10,5,sats,5,5/8,775.6904789217117,775.6904789217117
10.5.3,10,5,sats,6,6/8,775.6904789217117,775.6904789217117
10.5.3,10,5,sats,7,7/8,775.6904789217117,775.6904789217117
10.5.3,10,5,sats,8,8/8,775.6904789217117,775.6904789217117
10.5.3,10,6,sats,0,0/8,1073.7815131574562,775.6904789217117
10.5.3,10,6,sats,1,1/8,775.6904789217117,775.6904789217117
10.5.3,10,6,sats,2,2/8,775.6904789217117,775.6904789217117
10.5.3,10,6,sats,3,3/8,775.6904789217117,775.6904789217117
10.5.3,10,6,sats,4,4/8,775.6904789217117,775.6904789217117
10.5.3,10,6,sats,5,5/8,775.6904789217117,775.6904789217117
10.5.3,10,6,sats,6,6/8,775.6904789217117,775.6904789217117
10.5.3,10,6,sats,7,7/8,775.6904789217117,775.6904789217117
10.5.3,10,6,sats,8,8/8,775.6904789217117,775.6904789217117
10.5.3,10,7,sats,0,0/8,1142.1757374484673,775.6904789217117
10.5.3,10,7,sats,1,1/8,775.6904789217117,775.6904789217117
10.5.3,10,7,sats,2,2/8,775.6904789217117,775.6904789217117
10.5.3,10,7,sats,3,3/8,775.6904789217117,775.6904789217117
10.5.3,10,7,sats,4,4/8,775.6904789217117,775.6904789217117
10.5.3,10,7,sats,5,5/8,775.6904789217117,775.6904789217117
10.5.3,10,7,sats,6,6/8,775.6904789217117,775.6904789217117
10.5.3,10,7,sats,7,7/8,775.6904789217117,775.6904789217117
10.5.3,10,7,sats,8,8/8,775.6904789217117,775.6904789217117
10.5.3,10,8,sats,0,0/8,1108.6808890514892,775.6904789217117
10.5.3,10,8,sats,1,1/8,775.6904789217117,775.6904789217117
10.5.3,10,8,sats,2,2/8,775.6904789217117,775.6904789217117
10.5.3,10,8,sats,3,3/8,775.6904789217117,775.6904789217117
10.5.3,10,8,sats,4,4/8,775.6904789217117,775.6904789217117
10.5.3,10,8,sats,5,5/8,775.6904789217117,775.6904789217117
10.5.3,10,8,sats,6,6/8,775.6904789217117,775.6904789217117
10.5.3,10,8,sats,7,7/8,775.6904789217117,775.6904789217117
10.5.3,10,8,sats,8,8/8,775.6904789217117,775.6904789217117
10.5.3,10,9,sats,0,0/8,851.1097055856501,775.6904789217117
10.5.3,10,9,sats,1,1/8,775.6904789217117,775.6904789217117
10.5.3,10,9,sats,2,2/8,775.6904789217117,775.6904789217117
10.5.3,10,9,sats,3,3/8,775.6904789217117,775.6904789217117
10.5.3,10,9,sats,4,4/8,775.6904789217117,775.6904789217117
10.5.3,10,9,sats,5,5/8,775.6904789217117,775.6904789217117
10.5.3,10,9,sats,6,6/8,775.6904789217117,775.6904789217117
10.5.3,10,9,sats,7,7/8,775.6904789217117,775.6904789217117
10.5.3,10,9,sats,8,8/8,775.6904789217117,775.6904789217117
10.5.3,10,10,sats,0,0/8,851.1097055856501,775.6904789217117
10.5.3,10,10,sats,1,1/8,775.6904789217117,775.6904789217117
10.5.3,10,10,sats,2,2/8,775.6904789217117,775.6904789217117
10.5.3,10,10,sats,3,3/8,775.6904789217117,775.6904789217117
10.5.3,10,10,sats,4,4/8,775.6904789217117,775.6904789217117
10.5.3,10,10,sats,5,5/8,775.6904789217117,775.6904789217117
10.5.3,10,10,sats,6,6/8,775.6904789217117,775.6904789217117
10.5.3,10,10,sats,7,7/8,775.6904789217117,775.6904789217117
10.5.3,10,10,sats,8,8/8,775.6904789217117,775.6904789217117
10.5.4,10,1,ims,0,0/8,1049.0839476400956,745.4251979411413
10.5.4,10,1,ims,1,1/8,745.4251979411413,745.4251979411413
10.5.4,10,1,ims,2,2/8,745.4251979411413,745.4251979411413
10.5.4,10,1,ims,3,3/8,745.4251979411413,745.4251979411413
10.5.4,10,1,ims,4,4/8,745.4251979411413,745.4251979411413
10.5.4,10,1,ims,5,5/8,745.4251979411413,745.4251979411413
10.5.4,10,1,ims,6,6/8,745.4251979411413,745.4251979411413
10.5.4,10,1,ims,7,7/8,745.4251979411413,745.4251979411413
10.5.4,10,1,ims,8,8/8,745.4251979411413,745.4251979411413
10.5.4,10,2,ims,0,0/8,1214.2765674755758,745.4251979411413
10.5.4,10,2,ims,1,1/8,745.4251979411413,745.4251979411413
10.5.4,10,2,ims,2,2/8,745.4251979411413,745.4251979411413
10.5.4,10,2,ims,3,3/8,745.4251979411413,745.4251979411413
10.5.4,10,2,ims,4,4/8,745.4251979411413,745.4251979411413
10.5.4,10,2,ims,5,5/8,745.4251979411413,745.4251979411413
10.5.4,10,2,ims,6,6/8,745.4251979411413,745.4251979411413
10.5.4,10,2,ims,7,7/8,745.4251979411413,745.4251979411413
10.5.4,10,2,ims,8,8/8,745.4251979411413,745.4251979411413
10.5.4,10,3,ims,0,0/8,1007.0505891290928,745.4251979411413
10.5.4,10,3,ims,1,1/8,745.4251979411413,745.4251979411413
10.5.4,10,3,ims,2,2/8,745.4251979411413,745.4251979411413
10.5.4,10,3,ims,3,3/8,745.4251979411413,745.4251979411413
10.5.4,10,3,ims,4,4/8,745.4251979411413,745.4251979411413
10.5.4,10,3,ims,5,5/8,745.4251979411413,745.4251979411413
10.5.4,10,3,ims,6,6/8,745.4251979411413,745.4251979411413
10.5.4,10,3,ims,7,7/8,745.4251979411413,745.4251979411413
10.5.4,10,3,ims,8,8/8,745.4251979411413,745.4251979411413
10.5.4,10,4,ims,0,0/8,1218.657669158421,745.4251979411413
10.5.4,10,4,ims,1,1/8,745.4251979411413,745.4251979411413
10.5.4,10,4,ims,2,2/8,745.4251979411413,745.4251979411413
10.5.4,10,4,ims,3,3/8,745.4251979411413,745.4251979411413
10.5.4,10,4,ims,4,4/8,745.4251979411413,745.4251979411413
10.5.4,10,4,ims,5,5/8,745.4251979411413,745.4251979411413
10.5.4,10,4,ims,6,6/8,745.4251979411413,745.4251979411413
10.5.4,10,4,ims,7,7/8,745.4251979411413,745.4251979411413
10.5.4,10,4,ims,8,8/8,745.4251979411413,745.4251979411413
10.5.4,10,5,ims,0,0/8,1007.0505891290928,745.4251979411413
10.5.4,10,5,ims,1,1/8,745.4251979411413,745.4251979411413
10.5.4,10,5,ims,2,2/8,745.4251979411413,745.4251979411413
10.5.4,10,5,ims,3,3/8,745.4251979411413,745.4251979411413
10.5.4,10,5,ims,4,4/8,745.4251979411413,745.4251979411413
10.5.4,10,5,ims,5,5/8,745.4251979411413,745.4251979411413
10.5.4,10,5,ims,6,6/8,745.4251979411413,745.4251979411413
10.5.4,10,5,ims,7,7/8,745.4251979411413,745.4251979411413
10.5.4,10,5,ims,8,8/8,745.4251979411413,745.4251979411413
10.5.4,10,6,ims,0,0/8,1218.657669158421,745.4251979411413
10.5.4,10,6,ims,1,1/8,745.4251979411413,745.4251979411413
10.5.4,10,6,ims,2,2/8,745.4251979411413,745.4251979411413
10.5.4,10,6,ims,3,3/8,745.4251979411413,745.4251979411413
10.5.4,10,6,ims,4,4/8,745.4251979411413,745.4251979411413
10.5.4,10,6,ims,5,5/8,745.4251979411413,745.4251979411413
10.5.4,10,6,ims,6,6/8,745.4251979411413,745.4251979411413
10.5.4,10,6,ims,7,7/8,745.4251979411413,745.4251979411413
10.5.4,10,6,ims,8,8/8,745.4251979411413,745.4251979411413
10.5.4,10,7,ims,0,0/8,1049.0839476400956,745.4251979411413
10.5.4,10,7,ims,1,1/8,745.4251979411413,745.4251979411413
10.5.4,10,7,ims,2,2/8,745.4251979411413,745.4251979411413
10.5.4,10,7,ims,3,3/8,745.4251979411413,745.4251979411413
10.5.4,10,7,ims,4,4/8,745.4251979411413,745.4251979411413
10.5.4,10,7,ims,5,5/8,745.4251979411413,745.4251979411413
10.5.4,10,7,ims,6,6/8,745.4251979411413,745.4251979411413
10.5.4,10,7,ims,7,7/8,745.4251979411413,745.4251979411413
10.5.4,10,7,ims,8,8/8,745.4251979411413,745.4251979411413
10.5.4,10,8,ims,0,0/8,1007.0505891290928,745.4251979411413
10.5.4,10,8,ims,1,1/8,745.4251979411413,745.4251979411413
10.5.4,10,8,ims,2,2/8,745.4251979411413,745.4251979411413
10.5.4,10,8,ims,3,3/8,745.4251979411413,745.4251979411413
10.5.4,10,8,ims,4,4/8,745.4251979411413,745.4251979411413
10.5.4,10,8,ims,5,5/8,745.4251979411413,745.4251979411413
10.5.4,10,8,ims,6,6/8,745.4251979411413,745.4251979411413
10.5.4,10,8,ims,7,7/8,745.4251979411413,745.4251979411413
10.5.4,10,8,ims,8,8/8,745.4251979411413,745.4251979411413
10.5.4,10,9,ims,0,0/8,1049.0839476400956,745.4251979411413
10.5.4,10,9,ims,1,1/8,745.4251979411413,745.4251979411413
10.5.4,10,9,ims,2,2/8,745.4251979411413,745.4251979411413
10.5.4,10,9,ims,3,3/8,745.4251979411413,745.4251979411413
10.5.4,10,9,ims,4,4/8,745.4251979411413,745.4251979411413
10.5.4,10,9,ims,5,5/8,745.4251979411413,745.4251979411413
10.5.4,10,9,ims,6,6/8,745.4251979411413,745.4251979411413
10.5.4,10,9,ims,7,7/8,745.4251979411413,745.4251979411413
10.5.4,10,9,ims,8,8/8,745.4251979411413,745.4251979411413
10.5.4,10,10,ims,0,0/8,1007.0505891290928,745.4251979411413
10.5.4,10,10,ims,1,1/8,745.4251979411413,745.4251979411413
10.5.4,10,10,ims,2,2/8,745.4251979411413,745.4251979411413
10.5.4,10,10,ims,3,3/8,745.4251979411413,745.4251979411413
10.5.4,10,10,ims,4,4/8,745.4251979411413,745.4251979411413
10.5.4,10,10,ims,5,5/8,745.4251979411413,745.4251979411413
10.5.4,10,10,ims,6,6/8,745.4251979411413,745.4251979411413
10.5.4,10,10,ims,7,7/8,745.4251979411413,745.4251979411413
10.5.4,10,10,ims,8,8/8,745.4251979411413,745.4251979411413
10.5.4,10,1,sats,0,0/8,1345.6915750659712,745.4251979411413
10.5.4,10,1,sats,1,1/8,745.4251979411413,745.4251979411413
10.5.4,10,1,sats,2,2/8,745.4251979411413,745.4251979411413
10.5.4,10,1,sats,3,3/8,745.4251979411413,745.4251979411413
10.5.4,10,1,sats,4,4/8,745.4251979411413,745.4251979411413
10.5.4,10,1,sats,5,5/8,745.4251979411413,745.4251979411413
10.5.4,10,1,sats,6,6/8,745.4251979411413,745.4251979411413
10.5.4,10,1,sats,7,7/8,745.4251979411413,745.4251979411413
10.5.4,10,1,sats,8,8/8,745.4251979411413,745.4251979411413
10.5.4,10,2,sats,0,0/8,1242.8573830851487,745.4251979411413
10.5.4,10,2,sats,1,1/8,745.4251979411413,745.4251979411413
10.5.4,10,2,sats,2,2/8,745.4251979411413,745.4251979411413
10.5.4,10,2,sats,3,3/8,745.4251979411413,745.4251979411413
10.5.4,10,2,sats,4,4/8,745.4251979411413,745.4251979411413
10.5.4,10,2,sats,5,5/8,745.4251979411413,745.4251979411413
10.5.4,10,2,sats,6,6/8,745.4251979411413,745.4251979411413
10.5.4,10,2,sats,7,7/8,745.4251979411413,745.4251979411413
10.5.4,10,2,sats,8,8/8,745.4251979411413,745.4251979411413
10.5.4,10,3,sats,0,0/8,1218.657669158421,745.4251979411413
10.5.4,10,3,sats,1,1/8,745.4251979411413,745.4251979411413
10.5.4,10,3,sats,2,2/8,745.4251979411413,745.4251979411413
10.5.4,10,3,sats,3,3/8,745.4251979411413,745.4251979411413
10.5.4,10,3,sats,4,4/8,745.4251979411413,745.4251979411413
10.5.4,10,3,sats,5,5/8,745.4251979411413,745.4251979411413
10.5.4,10,3,sats,6,6/8,745.4251979411413,745.4251979411413
10.5.4,10,3,sats,7,7/8,745.4251979411413,745.4251979411413
10.5.4,10,3,sats,8,8/8,745.4251979411413,745.4251979411413
10.5.4,10,4,sats,0,0/8,1345.2762453661453,745.4251979411413
10.5.4,10,4,sats,1,1/8,745.4251979411413,745.4251979411413
10.5.4,10,4,sats,2,2/8,745.4251979411413,745.4251979411413
10.5.4,10,4,sats,3,3/8,745.4251979411413,745.4251979411413
10.5.4,10,4,sats,4,4/8,745.4251979411413,745.4251979411413
10.5.4,10,4,sats,5,5/8,745.4251979411413,745.4251979411413
10.5.4,10,4,sats,6,6/8,745.4251979411413,745.4251979411413
10.5.4,10,4,sats,7,7/8,745.4251979411413,745.4251979411413
10.5.4,10,4,sats,8,8/8,745.4251979411413,745.4251979411413
10.5.4,10,5,sats,0,0/8,1345.2762453661453,745.4251979411413
10.5.4,10,5,sats,1,1/8,745.4251979411413,745.4251979411413
10.5.4,10,5,sats,2,2/8,745.4251979411413,745.4251979411413
10.5.4,10,5,sats,3,3/8,745.4251979411413,745.4251979411413
10.5.4,10,5,sats,4,4/8,745.4251979411413,745.4251979411413
10.5.4,10,5,sats,5,5/8,745.4251979411413,745.4251979411413
10.5.4,10,5,sats,6,6/8,745.4251979411413,745.4251979411413
10.5.4,10,5,sats,7,7/8,745.4251979411413,745.4251979411413
10.5.4,10,5,sats,8,8/8,745.4251979411413,745.4251979411413
10.5.4,10,6,sats,0,0/8,1218.657669158421,745.4251979411413
10.5.4,10,6,sats,1,1/8,745.4251979411413,745.4251979411413
10.5.4,10,6,sats,2,2/8,745.4251979411413,745.4251979411413
10.5.4,10,6,sats,3,3/8,745.4251979411413,745.4251979411413
10.5.4,10,6,sats,4,4/8,745.4251979411413,745.4251979411413
10.5.4,10,6,sats,5,5/8,745.4251979411413,745.4251979411413
10.5.4,10,6,sats,6,6/8,745.4251979411413,745.4251979411413
10.5.4,10,6,sats,7,7/8,745.4251979411413,745.4251979411413
10.5.4,10,6,sats,8,8/8,745.4251979411413,745.4251979411413
10.5.4,10,7,sats,0,0/8,1306.2371102751954,745.4251979411413
10.5.4,10,7,sats,1,1/8,745.4251979411413,745.4251979411413
10.5.4,10,7,sats,2,2/8,745.4251979411413,745.4251979411413
10.5.4,10,7,sats,3,3/8,745.4251979411413,745.4251979411413
10.5.4,10,7,sats,4,4/8,745.4251979411413,745.4251979411413
10.5.4,10,7,sats,5,5/8,745.4251979411413,745.4251979411413
10.5.4,10,7,sats,6,6/8,745.4251979411413,745.4251979411413
10.5.4,10,7,sats,7,7/8,745.4251979411413,745.4251979411413
10.5.4,10,7,sats,8,8/8,745.4251979411413,745.4251979411413
10.5.4,10,8,sats,0,0/8,1242.8573830851487,745.4251979411413
10.5.4,10,8,sats,1,1/8,745.4251979411413,745.4251979411413
10.5.4,10,8,sats,2,2/8,745.4251979411413,745.4251979411413
10.5.4,10,8,sats,3,3/8,745.4251979411413,745.4251979411413
10.5.4,10,8,sats,4,4/8,745.4251979411413,745.4251979411413
10.5.4,10,8,sats,5,5/8,745.4251979411413,745.4251979411413
10.5.4,10,8,sats,6,6/8,745.4251979411413,745.4251979411413
10.5.4,10,8,sats,7,7/8,745.4251979411413,745.4251979411413
10.5.4,10,8,sats,8,8/8,745.4251979411413,745.4251979411413
10.5.4,10,9,sats,0,0/8,1049.0839476400956,745.4251979411413
10.5.4,10,9,sats,1,1/8,745.4251979411413,745.4251979411413
10.5.4,10,9,sats,2,2/8,745.4251979411413,745.4251979411413
10.5.4,10,9,sats,3,3/8,745.4251979411413,745.4251979411413
10.5.4,10,9,sats,4,4/8,745.4251979411413,745.4251979411413
10.5.4,10,9,sats,5,5/8,745.4251979411413,745.4251979411413
10.5.4,10,9,sats,6,6/8,745.4251979411413,745.4251979411413
10.5.4,10,9,sats,7,7/8,745.4251979411413,745.4251979411413
10.5.4,10,9,sats,8,8/8,745.4251979411413,745.4251979411413
10.5.4,10,10,sats,0,0/8,1007.0505891290928,745.4251979411413
10.5.4,10,10,sats,1,1/8,745.4251979411413,745.4251979411413
10.5.4,10,10,sats,2,2/8,745.4251979411413,745.4251979411413
10.5.4,10,10,sats,3,3/8,745.4251979411413,745.4251979411413
10.5.4,10,10,sats,4,4/8,745.4251979411413,745.4251979411413
10.5.4,10,10,sats,5,5/8,745.4251979411413,745.4251979411413
10.5.4,10,10,sats,6,6/8,745.4251979411413,745.4251979411413
10.5.4,10,10,sats,7,7/8,745.4251979411413,745.4251979411413
10.5.4,10,10,sats,8,8/8,745.4251979411413,745.4251979411413
12.10.1,12,1,ims,0,0/8,1791.2668617750555,1669.8569829807207
12.10.1,12,1,ims,1,1/8,1669.8569829807202,1669.8569829807207
12.10.1,12,1,ims,2,2/8,1669.8569829807202,1669.8569829807207
12.10.1,12,1,ims,3,3/8,1669.8569829807202,1669.8569829807207
12.10.1,12,1,ims,4,4/8,1669.8569829807202,1669.8569829807207
12.10.1,12,1,ims,5,5/8,1669.8569829807202,1669.8569829807207
12.10.1,12,1,ims,6,6/8,1669.8569829807202,1669.8569829807207
12.10.1,12,1,ims,7,7/8,1669.8569829807202,1669.8569829807207
12.10.1,12,1,ims,8,8/8,1669.8569829807202,1669.8569829807207
12.10.1,12,2,ims,0,0/8,1929.267281567349,1669.8569829807207
12.10.1,12,2,ims,1,1/8,1669.8569829807202,1669.8569829807207
12.10.1,12,2,ims,2,2/8,1669.8569829807202,1669.8569829807207
12.10.1,12,2,ims,3,3/8,1669.8569829807202,1669.8569829807207
12.10.1,12,2,ims,4,4/8,1669.8569829807202,1669.8569829807207
12.10.1,12,2,ims,5,5/8,1669.8569829807202,1669.8569829807207
12.10.1,12,2,ims,6,6/8,1669.8569829807202,1669.8569829807207
12.10.1,12,2,ims,7,7/8,1669.8569829807202,1669.8569829807207
12.10.1,12,2,ims,8,8/8,1669.8569829807202,1669.8569829807207
12.10.1,12,3,ims,0,0/8,1937.8363560987577,1669.8569829807207
12.10.1,12,3,ims,1,1/8,1669.8569829807204,1669.8569829807207
12.10.1,12,3,ims,2,2/8,1669.8569829807204,1669.8569829807207
12.10.1,12,3,ims,3,3/8,1669.8569829807204,1669.8569829807207
12.10.1,12,3,ims,4,4/8,1669.8569829807204,1669.8569829807207
12.10.1,12,3,ims,5,5/8,1669.8569829807204,1669.8569829807207
12.10.1,12,3,ims,6,6/8,1669.8569829807204,1669.8569829807207
12.10.1,12,3,ims,7,7/8,1669.8569829807204,1669.8569829807207
12.10.1,12,3,ims,8,8/8,1669.8569829807204,1669.8569829807207
12.10.1,12,4,ims,0,0/8,1791.2668617750555,1669.8569829807207
12.10.1,12,4,ims,1,1/8,1669.8569829807202,1669.8569829807207
12.10.1,12,4,ims,2,2/8,1669.8569829807202,1669.8569829807207
12.10.1,12,4,ims,3,3/8,1669.8569829807202,1669.8569829807207
12.10.1,12,4,ims,4,4/8,1669.8569829807202,1669.8569829807207
12.10.1,12,4,ims,5,5/8,1669.8569829807202,1669.8569829807207
12.10.1,12,4,ims,6,6/8,1669.8569829807202,1669.8569829807207
12.10.1,12,4,ims,7,7/8,1669.8569829807202,1669.8569829807207
12.10.1,12,4,ims,8,8/8,1669.8569829807202,1669.8569829807207
12.10.1,12,5,ims,0,0/8,1791.2668617750555,1669.8569829807207
12.10.1,12,5,ims,1,1/8,1669.8569829807202,1669.8569829807207
12.10.1,12,5,ims,2,2/8,1669.8569829807202,1669.8569829807207
12.10.1,12,5,ims,3,3/8,1669.8569829807202,1669.8569829807207
12.10.1,12,5,ims,4,4/8,1669.8569829807202,1669.8569829807207
12.10.1,12,5,ims,5,5/8,1669.8569829807202,1669.8569829807207
12.10.1,12,5,ims,6,6/8,1669.8569829807202,1669.8569829807207
12.10.1,12,5,ims,7,7/8,1669.8569829807202,1669.8569829807207
12.10.1,12,5,ims,8,8/8,1669.8569829807202,1669.8569829807207
12.10.1,12,6,ims,0,0/8,1929.267281567349,1669.8569829807207
12.10.1,12,6,ims,1,1/8,1669.8569829807202,1669.8569829807207
12.10.1,12,6,ims,2,2/8,1669.8569829807202,1669.8569829807207
12.10.1,12,6,ims,3,3/8,1669.8569829807202,1669.8569829807207
12.10.1,12,6,ims,4,4/8,1669.8569829807202,1669.8569829807207
12.10.1,12,6,ims,5,5/8,1669.8569829807202,1669.8569829807207
12.10.1,12,6,ims,6,6/8,1669.8569829807202,1669.8569829807207
12.10.1,12,6,ims,7,7/8,1669.8569829807202,1669.8569829807207
12.10.1,12,6,ims,8,8/8,1669.8569829807202,1669.8569829807207
12.10.1,12,7,ims,0,0/8,1929.267281567349,1669.8569829807207
12.10.1,12,7,ims,1,1/8,1669.8569829807202,1669.8569829807207
12.10.1,12,7,ims,2,2/8,1669.8569829807202,1669.8569829807207
12.10.1,12,7,ims,3,3/8,1669.8569829807202,1669.8569829807207
12.10.1,12,7,ims,4,4/8,1669.8569829807202,1669.8569829807207
12.10.1,12,7,ims,5,5/8,1669.8569829807202,1669.8569829807207
12.10.1,12,7,ims,6,6/8,1669.8569829807202,1669.8569829807207
12.10.1,12,7,ims,7,7/8,1669.8569829807202,1669.8569829807207
12.10.1,12,7,ims,8,8/8,1669.8569829807202,1669.8569829807207
12.10.1,12,8,ims,0,0/8,2195.9771420636393,1669.8569829807207
12.10.1,12,8,ims,1,1/8,1669.8569829807202,1669.8569829807207
12.10.1,12,8,ims,2,2/8,1669.8569829807202,1669.8569829807207
12.10.1,12,8,ims,3,3/8,1669.8569829807202,1669.8569829807207
12.10.1,12,8,ims,4,4/8,1669.8569829807202,1669.8569829807207
12.10.1,12,8,ims,5,5/8,1669.8569829807202,1669.8569829807207
12.10.1,12,8,ims,6,6/8,1669.8569829807202,1669.8569829807207
12.10.1,12,8,ims,7,7/8,1669.8569829807202,1669.8569829807207
12.10.1,12,8,ims,8,8/8,1669.8569829807202,1669.8569829807207
12.10.1,12,9,ims,0,0/8,1791.2668617750555,1669.8569829807207
12.10.1,12,9,ims,1,1/8,1669.8569829807204,1669.8569829807207
12.10.1,12,9,ims,2,2/8,1669.8569829807204,1669.8569829807207
12.10.1,12,9,ims,3,3/8,1669.8569829807204,1669.8569829807207
12.10.1,12,9,ims,4,4/8,1669.8569829807204,1669.8569829807207
12.10.1,12,9,ims,5,5/8,1669.8569829807204,1669.8569829807207
12.10.1,12,9,ims,6,6/8,1669.8569829807204,1669.8569829807207
12.10.1,12,9,ims,7,7/8,1669.8569829807204,1669.8569829807207
12.10.1,12,9,ims,8,8/8,1669.8569829807204,1669.8569829807207
12.10.1,12,10,ims,0,0/8,1791.2668617750555,1669.8569829807207
12.10.1,12,10,ims,1,1/8,1669.8569829807207,1669.8569829807207
12.10.1,12,10,ims,2,2/8,1669.8569829807207,1669.8569829807207
12.10.1,12,10,ims,3,3/8,1669.8569829807207,1669.8569829807207
12.10.1,12,10,ims,4,4/8,1669.8569829807207,1669.8569829807207
12.10.1,12,10,ims,5,5/8,1669.8569829807207,1669.8569829807207
12.10.1,12,10,ims,6,6/8,1669.8569829807207,1669.8569829807207
12.10.1,12,10,ims,7,7/8,1669.8569829807207,1669.8569829807207
12.10.1,12,10,ims,8,8/8,1669.8569829807207,1669.8569829807207
12.10.1,12,1,sats,0,0/8,2270.77163403483,1669.8569829807207
12.10.1,12,1,sats,1,1/8,1669.8569829807207,1669.8569829807207
12.10.1,12,1,sats,2,2/8,1669.8569829807207,1669.8569829807207
12.10.1,12,1,sats,3,3/8,1669.8569829807207,1669.8569829807207
12.10.1,12,1,sats,4,4/8,1669.8569829807207,1669.8569829807207
12.10.1,12,1,sats,5,5/8,1669.8569829807207,1669.8569829807207
12.10.1,12,1,sats,6,6/8,1669.8569829807207,1669.8569829807207
12.10.1,12,1,sats,7,7/8,1669.8569829807207,1669.8569829807207
12.10.1,12,1,sats,8,8/8,1669.8569829807207,1669.8569829807207
12.10.1,12,2,sats,0,0/8,2517.2553023883092,1669.8569829807207
12.10.1,12,2,sats,1,1/8,1669.8569829807207,1669.8569829807207
12.10.1,12,2,sats,2,2/8,1669.8569829807207,1669.8569829807207
12.10.1,12,2,sats,3,3/8,1669.8569829807207,1669.8569829807207
12.10.1,12,2,sats,4,4/8,1669.8569829807207,1669.8569829807207
12.10.1,12,2,sats,5,5/8,1669.8569829807207,1669.8569829807207
12.10.1,12,2,sats,6,6/8,1669.8569829807207,1669.8569829807207
12.10.1,12,2,sats,7,7/8,1669.8569829807207,1669.8569829807207
12.10.1,12,2,sats,8,8/8,1669.8569829807207,1669.8569829807207
12.10.1,12,3,sats,0,0/8,1937.8363560987577,1669.8569829807207
12.10.1,12,3,sats,1,1/8,1669.8569829807204,1669.8569829807207
12.10.1,12,3,sats,2,2/8,1669.8569829807204,1669.8569829807207
12.10.1,12,3,sats,3,3/8,1669.8569829807204,1669.8569829807207
12.10.1,12,3,sats,4,4/8,1669.8569829807204,1669.8569829807207
12.10.1,12,3,sats,5,5/8,1669.8569829807204,1669.8569829807207
12.10.1,12,3,sats,6,6/8,1669.8569829807204,1669.8569829807207
12.10.1,12,3,sats,7,7/8,1669.8569829807204,1669.8569829807207
12.10.1,12,3,sats,8,8/8,1669.8569829807204,1669.8569829807207
12.10.1,12,4,sats,0,0/8,1791.2668617750555,1669.8569829807207
12.10.1,12,4,sats,1,1/8,1669.8569829807207,1669.8569829807207
12.10.1,12,4,sats,2,2/8,1669.8569829807207,1669.8569829807207
12.10.1,12,4,sats,3,3/8,1669.8569829807207,1669.8569829807207
12.10.1,12,4,sats,4,4/8,1669.8569829807207,1669.8569829807207
12.10.1,12,4,sats,5,5/8,1669.8569829807207,1669.8569829807207
12.10.1,12,4,sats,6,6/8,1669.8569829807207,1669.8569829807207
12.10.1,12,4,sats,7,7/8,1669.8569829807207,1669.8569829807207
12.10.1,12,4,sats,8,8/8,1669.8569829807207,1669.8569829807207
12.10.1,12,5,sats,0,0/8,2270.77163403483,1669.8569829807207
12.10.1,12,5,sats,1,1/8,1669.8569829807207,1669.8569829807207
12.10.1,12,5,sats,2,2/8,1669.8569829807207,1669.8569829807207
12.10.1,12,5,sats,3,3/8,1669.8569829807207,1669.8569829807207
12.10.1,12,5,sats,4,4/8,1669.8569829807207,1669.8569829807207
12.10.1,12,5,sats,5,5/8,1669.8569829807207,1669.8569829807207
12.10.1,12,5,sats,6,6/8,1669.8569829807207,1669.8569829807207
12.10.1,12,5,sats,7,7/8,1669.8569829807207,1669.8569829807207
12.10.1,12,5,sats,8,8/8,1669.8569829807207,1669.8569829807207
12.10.1,12,6,sats,0,0/8,1937.8363560987577,1669.8569829807207
12.10.1,12,6,sats,1,1/8,1669.8569829807204,1669.8569829807207
12.10.1,12,6,sats,2,2/8,1669.8569829807204,1669.8569829807207
12.10.1,12,6,sats,3,3/8,1669.8569829807204,1669.8569829807207
12.10.1,12,6,sats,4,4/8,1669.8569829807204,1669.8569829807207
12.10.1,12,6,sats,5,5/8,1669.8569829807204,1669.8569829807207
12.10.1,12,6,sats,6,6/8,1669.8569829807204,1669.8569829807207
12.10.1,12,6,sats,7,7/8,1669.8569829807204,1669.8569829807207
12.10.1,12,6,sats,8,8/8,1669.8569829807204,1669.8569829807207
12.10.1,12,7,sats,0,0/8,1929.267281567349,1669.8569829807207
12.10.1,12,7,sats,1,1/8,1669.8569829807202,1669.8569829807207
12.10.1,12,7,sats,2,2/8,1669.8569829807202,1669.8569829807207
12.10.1,12,7,sats,3,3/8,1669.8569829807202,1669.8569829807207
12.10.1,12,7,sats,4,4/8,1669.8569829807202,1669.8569829807207
12.10.1,12,7,sats,5,5/8,1669.8569829807202,1669.8569829807207
12.10.1,12,7,sats,6,6/8,1669.8569829807202,1669.8569829807207
12.10.1,12,7,sats,7,7/8,1669.8569829807202,1669.8569829807207
12.10.1,12,7,sats,8,8/8,1669.8569829807202,1669.8569829807207
12.10.1,12,8,sats,0,0/8,2517.2553023883092,1669.8569829807207
12.10.1,12,8,sats,1,1/8,1669.8569829807207,1669.8569829807207
12.10.1,12,8,sats,2,2/8,1669.8569829807207,1669.8569829807207
12.10.1,12,8,sats,3,3/8,1669.8569829807207,1669.8569829807207
12.10.1,12,8,sats,4,4/8,1669.8569829807207,1669.8569829807207
12.10.1,12,8,sats,5,5/8,1669.8569829807207,1669.8569829807207
12.10.1,12,8,sats,6,6/8,1669.8569829807207,1669.8569829807207
12.10.1,12,8,sats,7,7/8,1669.8569829807207,1669.8569829807207
12.10.1,12,8,sats,8,8/8,1669.8569829807207,1669.8569829807207
12.10.1,12,9,sats,0,0/8,2291.5013973411938,1669.8569829807207
12.10.1,12,9,sats,1,1/8,1669.8569829807207,1669.8569829807207
12.10.1,12,9,sats,2,2/8,1669.8569829807207,1669.8569829807207
12.10.1,12,9,sats,3,3/8,1669.8569829807207,1669.8569829807207
12.10.1,12,9,sats,4,4/8,1669.8569829807207,1669.8569829807207
12.10.1,12,9,sats,5,5/8,1669.8569829807207,1669.8569829807207
12.10.1,12,9,sats,6,6/8,1669.8569829807207,1669.8569829807207
12.10.1,12,9,sats,7,7/8,1669.8569829807207,1669.8569829807207
12.10.1,12,9,sats,8,8/8,1669.8569829807207,1669.8569829807207
12.10.1,12,10,sats,0,0/8,2195.9771420636393,1669.8569829807207
12.10.1,12,10,sats,1,1/8,1669.8569829807207,1669.8569829807207
12.10.1,12,10,sats,2,2/8,1669.8569829807207,1669.8569829807207
12.10.1,12,10,sats,3,3/8,1669.8569829807207,1669.8569829807207
12.10.1,12,10,sats,4,4/8,1669.8569829807207,1669.8569829807207
12.10.1,12,10,sats,5,5/8,1669.8569829807207,1669.8569829807207
12.10.1,12,10,sats,6,6/8,1669.8569829807207,1669.8569829807207
12.10.1,12,10,sats,7,7/8,1669.8569829807207,1669.8569829807207
12.10.1,12,10,sats,8,8/8,1669.8569829807207,1669.8569829807207
12.10.2,12,1,ims,0,0/8,2084.8173640652717,1670.91224105981
12.10.2,12,1,ims,1,1/8,1670.9122410598097,1670.91224105981
12.10.2,12,1,ims,2,2/8,1670.9122410598097,1670.91224105981
12.10.2,12,1,ims,3,3/8,1670.9122410598097,1670.91224105981
12.10.2,12,1,ims,4,4/8,1670.9122410598097,1670.91224105981
12.10.2,12,1,ims,5,5/8,1670.9122410598097,1670.91224105981
12.10.2,12,1,ims,6,6/8,1670.9122410598097,1670.91224105981
12.10.2,12,1,ims,7,7/8,1670.9122410598097,1670.91224105981
12.10.2,12,1,ims,8,8/8,1670.9122410598097,1670.91224105981
12.10.2,12,2,ims,0,0/8,2084.8173640652717,1670.91224105981
12.10.2,12,2,ims,1,1/8,1670.9122410598097,1670.91224105981
12.10.2,12,2,ims,2,2/8,1670.9122410598097,1670.91224105981
12.10.2,12,2,ims,3,3/8,1670.9122410598097,1670.91224105981
12.10.2,12,2,ims,4,4/8,1670.9122410598097,1670.91224105981
12.10.2,12,2,ims,5,5/8,1670.9122410598097,1670.91224105981
12.10.2,12,2,ims,6,6/8,1670.9122410598097,1670.91224105981
12.10.2,12,2,ims,7,7/8,1670.9122410598097,1670.91224105981
12.10.2,12,2,ims,8,8/8,1670.9122410598097,1670.91224105981
12.10.2,12,3,ims,0,0/8,2068.691138907795,1670.91224105981
12.10.2,12,3,ims,1,1/8,1670.9122410598097,1670.91224105981
12.10.2,12,3,ims,2,2/8,1670.9122410598097,1670.91224105981
12.10.2,12,3,ims,3,3/8,1670.9122410598097,1670.91224105981
12.10.2,12,3,ims,4,4/8,1670.9122410598097,1670.91224105981
12.10.2,12,3,ims,5,5/8,1670.9122410598097,1670.91224105981
12.10.2,12,3,ims,6,6/8,1670.9122410598097,1670.91224105981
12.10.2,12,3,ims,7,7/8,1670.9122410598097,1670.91224105981
12.10.2,12,3,ims,8,8/8,1670.9122410598097,1670.91224105981
12.10.2,12,4,ims,0,0/8,2234.570052152173,1670.91224105981
12.10.2,12,4,ims,1,1/8,1670.9122410598097,1670.91224105981
12.10.2,12,4,ims,2,2/8,1670.9122410598097,1670.91224105981
12.10.2,12,4,ims,3,3/8,1670.9122410598097,1670.91224105981
12.10.2,12,4,ims,4,4/8,1670.9122410598097,1670.91224105981
12.10.2,12,4,ims,5,5/8,1670.9122410598097,1670.91224105981
12.10.2,12,4,ims,6,6/8,1670.9122410598097,1670.91224105981
12.10.2,12,4,ims,7,7/8,1670.9122410598097,1670.91224105981
12.10.2,12,4,ims,8,8/8,1670.9122410598097,1670.91224105981
12.10.2,12,5,ims,0,0/8,2293.4439790979086,1670.91224105981
12.10.2,12,5,ims,1,1/8,1670.9122410598097,1670.91224105981
12.10.2,12,5,ims,2,2/8,1670.9122410598097,1670.91224105981
12.10.2,12,5,ims,3,3/8,1670.9122410598097,1670.91224105981
12.10.2,12,5,ims,4,4/8,1670.9122410598097,1670.91224105981
12.10.2,12,5,ims,5,5/8,1670.9122410598097,1670.91224105981
12.10.2,12,5,ims,6,6/8,1670.9122410598097,1670.91224105981
12.10.2,12,5,ims,7,7/8,1670.9122410598097,1670.91224105981
12.10.2,12,5,ims,8,8/8,1670.9122410598097,1670.91224105981
12.10.2,12,6,ims,0,0/8,2068.691138907795,1670.91224105981
12.10.2,12,6,ims,1,1/8,1670.9122410598097,1670.91224105981
12.10.2,12,6,ims,2,2/8,1670.9122410598097,1670.91224105981
12.10.2,12,6,ims,3,3/8,1670.9122410598097,1670.91224105981
12.10.2,12,6,ims,4,4/8,1670.9122410598097,1670.91224105981
12.10.2,12,6,ims,5,5/8,1670.9122410598097,1670.91224105981
12.10.2,12,6,ims,6,6/8,1670.9122410598097,1670.91224105981
12.10.2,12,6,ims,7,7/8,1670.9122410598097,1670.91224105981
12.10.2,12,6,ims,8,8/8,1670.9122410598097,1670.91224105981
12.10.2,12,7,ims,0,0/8,2068.691138907795,1670.91224105981
12.10.2,12,7,ims,1,1/8,1670.9122410598097,1670.91224105981
12.10.2,12,7,ims,2,2/8,1670.9122410598097,1670.91224105981
12.10.2,12,7,ims,3,3/8,1670.9122410598097,1670.91224105981
12.10.2,12,7,ims,4,4/8,1670.9122410598097,1670.91224105981
12.10.2,12,7,ims,5,5/8,1670.9122410598097,1670.91224105981
12.10.2,12,7,ims,6,6/8,1670.9122410598097,1670.91224105981
12.10.2,12,7,ims,7,7/8,1670.9122410598097,1670.91224105981
12.10.2,12,7,ims,8,8/8,1670.9122410598097,1670.91224105981
12.10.2,12,8,ims,0,0/8,2068.691138907795,1670.91224105981
12.10.2,12,8,ims,1,1/8,1670.9122410598097,1670.91224105981
12.10.2,12,8,ims,2,2/8,1670.9122410598097,1670.91224105981
12.10.2,12,8,ims,3,3/8,1670.9122410598097,1670.91224105981
12.10.2,12,8,ims,4,4/8,1670.9122410598097,1670.91224105981
12.10.2,12,8,ims,5,5/8,1670.9122410598097,1670.91224105981
12.10.2,12,8,ims,6,6/8,1670.9122410598097,1670.91224105981
12.10.2,12,8,ims,7,7/8,1670.9122410598097,1670.91224105981
12.10.2,12,8,ims,8,8/8,1670.9122410598097,1670.91224105981
12.10.2,12,9,ims,0,0/8,2068.691138907795,1670.91224105981
12.10.2,12,9,ims,1,1/8,1670.9122410598097,1670.91224105981
12.10.2,12,9,ims,2,2/8,1670.9122410598097,1670.91224105981
12.10.2,12,9,ims,3,3/8,1670.9122410598097,1670.91224105981
12.10.2,12,9,ims,4,4/8,1670.9122410598097,1670.91224105981
12.10.2,12,9,ims,5,5/8,1670.9122410598097,1670.91224105981
12.10.2,12,9,ims,6,6/8,1670.9122410598097,1670.91224105981
12.10.2,12,9,ims,7,7/8,1670.9122410598097,1670.91224105981
12.10.2,12,9,ims,8,8/8,1670.9122410598097,1670.91224105981
12.10.2,12,10,ims,0,0/8,2084.8173640652717,1670.91224105981
12.10.2,12,10,ims,1,1/8,1670.9122410598097,1670.91224105981
12.10.2,12,10,ims,2,2/8,1670.9122410598097,1670.91224105981
12.10.2,12,10,ims,3,3/8,1670.9122410598097,1670.91224105981
12.10.2,12,10,ims,4,4/8,1670.9122410598097,1670.91224105981
12.10.2,12,10,ims,5,5/8,1670.9122410598097,1670.91224105981
12.10.2,12,10,ims,6,6/8,1670.9122410598097,1670.91224105981
12.10.2,12,10,ims,7,7/8,1670.9122410598097,1670.91224105981
12.10.2,12,10,ims,8,8/8,1670.9122410598097,1670.91224105981
12.10.2,12,1,sats,0,0/8,2584.863929281233,1670.91224105981
12.10.2,12,1,sats,1,1/8,1670.91224105981,1670.91224105981
12.10.2,12,1,sats,2,2/8,1670.91224105981,1670.91224105981
12.10.2,12,1,sats,3,3/8,1670.91224105981,1670.91224105981
12.10.2,12,1,sats,4,4/8,1670.91224105981,1670.91224105981
12.10.2,12,1,sats,5,5/8,1670.91224105981,1670.91224105981
12.10.2,12,1,sats,6,6/8,1670.91224105981,1670.91224105981
12.10.2,12,1,sats,7,7/8,1670.91224105981,1670.91224105981
12.10.2,12,1,sats,8,8/8,1670.91224105981,1670.91224105981
12.10.2,12,2,sats,0,0/8,2084.8173640652717,1670.91224105981
12.10.2,12,2,sats,1,1/8,1670.9122410598097,1670.91224105981
12.10.2,12,2,sats,2,2/8,1670.9122410598097,1670.91224105981
12.10.2,12,2,sats,3,3/8,1670.9122410598097,1670.91224105981
12.10.2,12,2,sats,4,4/8,1670.9122410598097,1670.91224105981
12.10.2,12,2,sats,5,5/8,1670.9122410598097,1670.91224105981
12.10.2,12,2,sats,6,6/8,1670.9122410598097,1670.91224105981
12.10.2,12,2,sats,7,7/8,1670.9122410598097,1670.91224105981
12.10.2,12,2,sats,8,8/8,1670.9122410598097,1670.91224105981
12.10.2,12,3,sats,0,0/8,2922.6921422177957,1670.91224105981
12.10.2,12,3,sats,1,1/8,1670.91224105981,1670.91224105981
12.10.2,12,3,sats,2,2/8,1670.91224105981,1670.91224105981
12.10.2,12,3,sats,3,3/8,1670.91224105981,1670.91224105981
12.10.2,12,3,sats,4,4/8,1670.91224105981,1670.91224105981
12.10.2,12,3,sats,5,5/8,1670.91224105981,1670.91224105981
12.10.2,12,3,sats,6,6/8,1670.91224105981,1670.91224105981
12.10.2,12,3,sats,7,7/8,1670.91224105981,1670.91224105981
12.10.2,12,3,sats,8,8/8,1670.91224105981,1670.91224105981
12.10.2,12,4,sats,0,0/8,2448.6952671170425,1670.91224105981
12.10.2,12,4,sats,1,1/8,1670.91224105981,1670.91224105981
12.10.2,12,4,sats,2,2/8,1670.91224105981,1670.91224105981
12.10.2,12,4,sats,3,3/8,1670.91224105981,1670.91224105981
12.10.2,12,4,sats,4,4/8,1670.91224105981,1670.91224105981
12.10.2,12,4,sats,5,5/8,1670.91224105981,1670.91224105981
12.10.2,12,4,sats,6,6/8,1670.91224105981,1670.91224105981
12.10.2,12,4,sats,7,7/8,1670.91224105981,1670.91224105981
12.10.2,12,4,sats,8,8/8,1670.91224105981,1670.91224105981
12.10.2,12,5,sats,0,0/8,2584.863929281233,1670.91224105981
12.10.2,12,5,sats,1,1/8,1670.9122410598097,1670.91224105981
12.10.2,12,5,sats,2,2/8,1670.9122410598097,1670.91224105981
12.10.2,12,5,sats,3,3/8,1670.9122410598097,1670.91224105981
12.10.2,12,5,sats,4,4/8,1670.9122410598097,1670.91224105981
12.10.2,12,5,sats,5,5/8,1670.9122410598097,1670.91224105981
12.10.2,12,5,sats,6,6/8,1670.9122410598097,1670.91224105981
12.10.2,12,5,sats,7,7/8,1670.9122410598097,1670.91224105981
12.10.2,12,5,sats,8,8/8,1670.9122410598097,1670.91224105981
12.10.2,12,6,sats,0,0/8,2922.6921422177957,1670.91224105981
12.10.2,12,6,sats,1,1/8,1670.9122410598097,1670.91224105981
12.10.2,12,6,sats,2,2/8,1670.9122410598097,1670.91224105981
12.10.2,12,6,sats,3,3/8,1670.9122410598097,1670.91224105981
12.10.2,12,6,sats,4,4/8,1670.9122410598097,1670.91224105981
12.10.2,12,6,sats,5,5/8,1670.9122410598097,1670.91224105981
12.10.2,12,6,sats,6,6/8,1670.9122410598097,1670.91224105981
12.10.2,12,6,sats,7,7/8,1670.9122410598097,1670.91224105981
12.10.2,12,6,sats,8,8/8,1670.9122410598097,1670.91224105981
12.10.2,12,7,sats,0,0/8,2402.9155122026455,1670.91224105981
12.10.2,12,7,sats,1,1/8,1670.91224105981,1670.91224105981
12.10.2,12,7,sats,2,2/8,1670.91224105981,1670.91224105981
12.10.2,12,7,sats,3,3/8,1670.91224105981,1670.91224105981
12.10.2,12,7,sats,4,4/8,1670.91224105981,1670.91224105981
12.10.2,12,7,sats,5,5/8,1670.91224105981,1670.91224105981
12.10.2,12,7,sats,6,6/8,1670.91224105981,1670.91224105981
12.10.2,12,7,sats,7,7/8,1670.91224105981,1670.91224105981
12.10.2,12,7,sats,8,8/8,1670.91224105981,1670.91224105981
12.10.2,12,8,sats,0,0/8,2084.8173640652717,1670.91224105981
12.10.2,12,8,sats,1,1/8,1670.9122410598097,1670.91224105981
12.10.2,12,8,sats,2,2/8,1670.9122410598097,1670.91224105981
12.10.2,12,8,sats,3,3/8,1670.9122410598097,1670.91224105981
12.10.2,12,8,sats,4,4/8,1670.9122410598097,1670.91224105981
12.10.2,12,8,sats,5,5/8,1670.9122410598097,1670.91224105981
12.10.2,12,8,sats,6,6/8,1670.9122410598097,1670.91224105981
12.10.2,12,8,sats,7,7/8,1670.9122410598097,1670.91224105981
12.10.2,12,8,sats,8,8/8,1670.9122410598097,1670.91224105981
12.10.2,12,9,sats,0,0/8,2492.6071124784085,1670.91224105981
12.10.2,12,9,sats,1,1/8,1670.91224105981,1670.91224105981
12.10.2,12,9,sats,2,2/8,1670.91224105981,1670.91224105981
12.10.2,12,9,sats,3,3/8,1670.91224105981,1670.91224105981
12.10.2,12,9,sats,4,4/8,1670.91224105981,1670.91224105981
12.10.2,12,9,sats,5,5/8,1670.91224105981,1670.91224105981
12.10.2,12,9,sats,6,6/8,1670.91224105981,1670.91224105981
12.10.2,12,9,sats,7,7/8,1670.91224105981,1670.91224105981
12.10.2,12,9,sats,8,8/8,1670.91224105981,1670.91224105981
12.10.2,12,10,sats,0,0/8,2293.4439790979086,1670.91224105981
12.10.2,12,10,sats,1,1/8,1670.91224105981,1670.91224105981
12.10.2,12,10,sats,2,2/8,1670.91224105981,1670.91224105981
12.10.2,12,10,sats,3,3/8,1670.91224105981,1670.91224105981
12.10.2,12,10,sats,4,4/8,1670.91224105981,1670.91224105981
12.10.2,12,10,sats,5,5/8,1670.91224105981,1670.91224105981
12.10.2,12,10,sats,6,6/8,1670.91224105981,1670.91224105981
12.10.2,12,10,sats,7,7/8,1670.91224105981,1670.91224105981
12.10.2,12,10,sats,8,8/8,1670.91224105981,1670.91224105981
12.10.3,12,1,ims,0,0/8,1979.4100490765197,1788.491293002548
12.10.3,12,1,ims,1,1/8,1788.4912930025478,1788.491293002548
12.10.3,12,1,ims,2,2/8,1788.4912930025478,1788.491293002548
12.10.3,12,1,ims,3,3/8,1788.4912930025478,1788.491293002548
12.10.3,12,1,ims,4,4/8,1788.4912930025478,1788.491293002548
12.10.3,12,1,ims,5,5/8,1788.4912930025478,1788.491293002548
12.10.3,12,1,ims,6,6/8,1788.4912930025478,1788.491293002548
12.10.3,12,1,ims,7,7/8,1788.4912930025478,1788.491293002548
12.10.3,12,1,ims,8,8/8,1788.4912930025478,1788.491293002548
12.10.3,12,2,ims,0,0/8,1889.4154705218825,1788.491293002548
12.10.3,12,2,ims,1,1/8,1788.4912930025478,1788.491293002548
12.10.3,12,2,ims,2,2/8,1788.4912930025478,1788.491293002548
12.10.3,12,2,ims,3,3/8,1788.4912930025478,1788.491293002548
12.10.3,12,2,ims,4,4/8,1788.4912930025478,1788.491293002548
12.10.3,12,2,ims,5,5/8,1788.4912930025478,1788.491293002548
12.10.3,12,2,ims,6,6/8,1788.4912930025478,1788.491293002548
12.10.3,12,2,ims,7,7/8,1788.4912930025478,1788.491293002548
12.10.3,12,2,ims,8,8/8,1788.4912930025478,1788.491293002548
12.10.3,12,3,ims,0,0/8,1889.4154705218825,1788.491293002548
12.10.3,12,3,ims,1,1/8,1788.4912930025478,1788.491293002548
12.10.3,12,3,ims,2,2/8,1788.4912930025478,1788.491293002548
12.10.3,12,3,ims,3,3/8,1788.4912930025478,1788.491293002548
12.10.3,12,3,ims,4,4/8,1788.4912930025478,1788.491293002548
12.10.3,12,3,ims,5,5/8,1788.4912930025478,1788.491293002548
12.10.3,12,3,ims,6,6/8,1788.4912930025478,1788.491293002548
12.10.3,12,3,ims,7,7/8,1788.4912930025478,1788.491293002548
12.10.3,12,3,ims,8,8/8,1788.4912930025478,1788.491293002548
12.10.3,12,4,ims,0,0/8,2496.6915004920556,1788.491293002548
12.10.3,12,4,ims,1,1/8,1788.4912930025478,1788.491293002548
12.10.3,12,4,ims,2,2/8,1788.4912930025478,1788.491293002548
12.10.3,12,4,ims,3,3/8,1788.4912930025478,1788.491293002548
12.10.3,12,4,ims,4,4/8,1788.4912930025478,1788.491293002548
12.10.3,12,4,ims,5,5/8,1788.4912930025478,1788.491293002548
12.10.3,12,4,ims,6,6/8,1788.4912930025478,1788.491293002548
12.10.3,12,4,ims,7,7/8,1788.4912930025478,1788.491293002548
12.10.3,12,4,ims,8,8/8,1788.4912930025478,1788.491293002548
12.10.3,12,5,ims,0,0/8,2496.6915004920556,1788.491293002548
12.10.3,12,5,ims,1,1/8,1788.4912930025478,1788.491293002548
12.10.3,12,5,ims,2,2/8,1788.4912930025478,1788.491293002548
12.10.3,12,5,ims,3,3/8,1788.4912930025478,1788.491293002548
12.10.3,12,5,ims,4,4/8,1788.4912930025478,1788.491293002548
12.10.3,12,5,ims,5,5/8,1788.4912930025478,1788.491293002548
12.10.3,12,5,ims,6,6/8,1788.4912930025478,1788.491293002548
12.10.3,12,5,ims,7,7/8,1788.4912930025478,1788.491293002548
12.10.3,12,5,ims,8,8/8,1788.4912930025478,1788.491293002548
12.10.3,12,6,ims,0,0/8,1979.4100490765197,1788.491293002548
12.10.3,12,6,ims,1,1/8,1788.4912930025478,1788.491293002548
12.10.3,12,6,ims,2,2/8,1788.4912930025478,1788.491293002548
12.10.3,12,6,ims,3,3/8,1788.4912930025478,1788.491293002548
12.10.3,12,6,ims,4,4/8,1788.4912930025478,1788.491293002548
12.10.3,12,6,ims,5,5/8,1788.4912930025478,1788.491293002548
12.10.3,12,6,ims,6,6/8,1788.4912930025478,1788.491293002548
12.10.3,12,6,ims,7,7/8,1788.4912930025478,1788.491293002548
12.10.3,12,6,ims,8,8/8,1788.4912930025478,1788.491293002548
12.10.3,12,7,ims,0,0/8,1991.6478332861718,1788.491293002548
12.10.3,12,7,ims,1,1/8,1788.4912930025475,1788.491293002548
12.10.3,12,7,ims,2,2/8,1788.4912930025475,1788.491293002548
12.10.3,12,7,ims,3,3/8,1788.4912930025475,1788.491293002548
12.10.3,12,7,ims,4,4/8,1788.4912930025475,1788.491293002548
12.10.3,12,7,ims,5,5/8,1788.4912930025475,1788.491293002548
12.10.3,12,7,ims,6,6/8,1788.4912930025475,1788.491293002548
12.10.3,12,7,ims,7,7/8,1788.4912930025475,1788.491293002548
12.10.3,12,7,ims,8,8/8,1788.4912930025475,1788.491293002548
12.10.3,12,8,ims,0,0/8,1889.4154705218825,1788.491293002548
12.10.3,12,8,ims,1,1/8,1788.4912930025478,1788.491293002548
12.10.3,12,8,ims,2,2/8,1788.4912930025478,1788.491293002548
12.10.3,12,8,ims,3,3/8,1788.4912930025478,1788.491293002548
12.10.3,12,8,ims,4,4/8,1788.4912930025478,1788.491293002548
12.10.3,12,8,ims,5,5/8,1788.4912930025478,1788.491293002548
12.10.3,12,8,ims,6,6/8,1788.4912930025478,1788.491293002548
12.10.3,12,8,ims,7,7/8,1788.4912930025478,1788.491293002548
12.10.3,12,8,ims,8,8/8,1788.4912930025478,1788.491293002548
12.10.3,12,9,ims,0,0/8,1991.6478332861718,1788.491293002548
12.10.3,12,9,ims,1,1/8,1788.4912930025478,1788.491293002548
12.10.3,12,9,ims,2,2/8,1788.4912930025478,1788.491293002548
12.10.3,12,9,ims,3,3/8,1788.4912930025478,1788.491293002548
12.10.3,12,9,ims,4,4/8,1788.4912930025478,1788.491293002548
12.10.3,12,9,ims,5,5/8,1788.4912930025478,1788.491293002548
12.10.3,12,9,ims,6,6/8,1788.4912930025478,1788.491293002548
12.10.3,12,9,ims,7,7/8,1788.4912930025478,1788.491293002548
12.10.3,12,9,ims,8,8/8,1788.4912930025478,1788.491293002548
12.10.3,12,10,ims,0,0/8,2496.6915004920556,1788.491293002548
12.10.3,12,10,ims,1,1/8,1788.4912930025478,1788.491293002548
12.10.3,12,10,ims,2,2/8,1788.4912930025478,1788.491293002548
12.10.3,12,10,ims,3,3/8,1788.4912930025478,1788.491293002548
12.10.3,12,10,ims,4,4/8,1788.4912930025478,1788.491293002548
12.10.3,12,10,ims,5,5/8,1788.4912930025478,1788.491293002548
12.10.3,12,10,ims,6,6/8,1788.4912930025478,1788.491293002548
12.10.3,12,10,ims,7,7/8,1788.4912930025478,1788.491293002548
12.10.3,12,10,ims,8,8/8,1788.4912930025478,1788.491293002548
12.10.3,12,1,sats,0,0/8,3130.356156742908,1788.491293002548
12.10.3,12,1,sats,1,1/8,1788.491293002548,1788.491293002548
12.10.3,12,1,sats,2,2/8,1788.491293002548,1788.491293002548
12.10.3,12,1,sats,3,3/8,1788.491293002548,1788.491293002548
12.10.3,12,1,sats,4,4/8,1788.491293002548,1788.491293002548
12.10.3,12,1,sats,5,5/8,1788.491293002548,1788.491293002548
12.10.3,12,1,sats,6,6/8,1788.491293002548,1788.491293002548
12.10.3,12,1,sats,7,7/8,1788.491293002548,1788.491293002548
12.10.3,12,1,sats,8,8/8,1788.491293002548,1788.491293002548
12.10.3,12,2,sats,0,0/8,2664.621400640494,1788.491293002548
12.10.3,12,2,sats,1,1/8,1788.491293002548,1788.491293002548
12.10.3,12,2,sats,2,2/8,1788.491293002548,1788.491293002548
12.10.3,12,2,sats,3,3/8,1788.491293002548,1788.491293002548
12.10.3,12,2,sats,4,4/8,1788.491293002548,1788.491293002548
12.10.3,12,2,sats,5,5/8,1788.491293002548,1788.491293002548
12.10.3,12,2,sats,6,6/8,1788.491293002548,1788.491293002548
12.10.3,12,2,sats,7,7/8,1788.491293002548,1788.491293002548
12.10.3,12,2,sats,8,8/8,1788.491293002548,1788.491293002548
12.10.3,12,3,sats,0,0/8,1979.4100490765197,1788.491293002548
12.10.3,12,3,sats,1,1/8,1788.4912930025478,1788.491293002548
12.10.3,12,3,sats,2,2/8,1788.4912930025478,1788.491293002548
12.10.3,12,3,sats,3,3/8,1788.4912930025478,1788.491293002548
12.10.3,12,3,sats,4,4/8,1788.4912930025478,1788.491293002548
12.10.3,12,3,sats,5,5/8,1788.4912930025478,1788.491293002548
12.10.3,12,3,sats,6,6/8,1788.4912930025478,1788.491293002548
12.10.3,12,3,sats,7,7/8,1788.4912930025478,1788.491293002548
12.10.3,12,3,sats,8,8/8,1788.4912930025478,1788.491293002548
12.10.3,12,4,sats,0,0/8,2784.171244282622,1788.491293002548
12.10.3,12,4,sats,1,1/8,1788.491293002548,1788.491293002548
12.10.3,12,4,sats,2,2/8,1788.491293002548,1788.491293002548
12.10.3,12,4,sats,3,3/8,1788.491293002548,1788.491293002548
12.10.3,12,4,sats,4,4/8,1788.491293002548,1788.491293002548
12.10.3,12,4,sats,5,5/8,1788.491293002548,1788.491293002548
12.10.3,12,4,sats,6,6/8,1788.491293002548,1788.491293002548
12.10.3,12,4,sats,7,7/8,1788.491293002548,1788.491293002548
12.10.3,12,4,sats,8,8/8,1788.491293002548,1788.491293002548
12.10.3,12,5,sats,0,0/8,3130.356156742908,1788.491293002548
12.10.3,12,5,sats,1,1/8,1788.491293002548,1788.491293002548
12.10.3,12,5,sats,2,2/8,1788.491293002548,1788.491293002548
12.10.3,12,5,sats,3,3/8,1788.491293002548,1788.491293002548
12.10.3,12,5,sats,4,4/8,1788.491293002548,1788.491293002548
12.10.3,12,5,sats,5,5/8,1788.491293002548,1788.491293002548
12.10.3,12,5,sats,6,6/8,1788.491293002548,1788.491293002548
12.10.3,12,5,sats,7,7/8,1788.491293002548,1788.491293002548
12.10.3,12,5,sats,8,8/8,1788.491293002548,1788.491293002548
12.10.3,12,6,sats,0,0/8,1979.4100490765197,1788.491293002548
12.10.3,12,6,sats,1,1/8,1788.491293002548,1788.491293002548
12.10.3,12,6,sats,2,2/8,1788.491293002548,1788.491293002548
12.10.3,12,6,sats,3,3/8,1788.491293002548,1788.491293002548
12.10.3,12,6,sats,4,4/8,1788.491293002548,1788.491293002548
12.10.3,12,6,sats,5,5/8,1788.491293002548,1788.491293002548
12.10.3,12,6,sats,6,6/8,1788.491293002548,1788.491293002548
12.10.3,12,6,sats,7,7/8,1788.491293002548,1788.491293002548
12.10.3,12,6,sats,8,8/8,1788.491293002548,1788.491293002548
12.10.3,12,7,sats,0,0/8,2604.669503382693,1788.491293002548
12.10.3,12,7,sats,1,1/8,1788.4912930025475,1788.491293002548
12.10.3,12,7,sats,2,2/8,1788.4912930025475,1788.491293002548
12.10.3,12,7,sats,3,3/8,1788.4912930025475,1788.491293002548
12.10.3,12,7,sats,4,4/8,1788.4912930025475,1788.491293002548
12.10.3,12,7,sats,5,5/8,1788.4912930025475,1788.491293002548
12.10.3,12,7,sats,6,6/8,1788.4912930025475,1788.491293002548
12.10.3,12,7,sats,7,7/8,1788.4912930025475,1788.491293002548
12.10.3,12,7,sats,8,8/8,1788.4912930025475,1788.491293002548
12.10.3,12,8,sats,0,0/8,2664.621400640494,1788.491293002548
12.10.3,12,8,sats,1,1/8,1788.491293002548,1788.491293002548
12.10.3,12,8,sats,2,2/8,1788.491293002548,1788.491293002548
12.10.3,12,8,sats,3,3/8,1788.491293002548,1788.491293002548
12.10.3,12,8,sats,4,4/8,1788.491293002548,1788.491293002548
12.10.3,12,8,sats,5,5/8,1788.491293002548,1788.491293002548
12.10.3,12,8,sats,6,6/8,1788.491293002548,1788.491293002548
12.10.3,12,8,sats,7,7/8,1788.491293002548,1788.491293002548
12.10.3,12,8,sats,8,8/8,1788.491293002548,1788.491293002548
12.10.3,12,9,sats,0,0/8,2860.4523544056383,1788.491293002548
12.10.3,12,9,sats,1,1/8,1788.4912930025478,1788.491293002548
12.10.3,12,9,sats,2,2/8,1788.4912930025478,1788.491293002548
12.10.3,12,9,sats,3,3/8,1788.4912930025478,1788.491293002548
12.10.3,12,9,sats,4,4/8,1788.4912930025478,1788.491293002548
12.10.3,12,9,sats,5,5/8,1788.4912930025478,1788.491293002548
12.10.3,12,9,sats,6,6/8,1788.4912930025478,1788.491293002548
12.10.3,12,9,sats,7,7/8,1788.4912930025478,1788.491293002548
12.10.3,12,9,sats,8,8/8,1788.4912930025478,1788.491293002548
12.10.3,12,10,sats,0,0/8,3143.624934621912,1788.491293002548
12.10.3,12,10,sats,1,1/8,1788.491293002548,1788.491293002548
12.10.3,12,10,sats,2,2/8,1788.491293002548,1788.491293002548
12.10.3,12,10,sats,3,3/8,1788.491293002548,1788.491293002548
12.10.3,12,10,sats,4,4/8,1788.491293002548,1788.491293002548
12.10.3,12,10,sats,5,5/8,1788.491293002548,1788.491293002548
12.10.3,12,10,sats,6,6/8,1788.491293002548,1788.491293002548
12.10.3,12,10,sats,7,7/8,1788.491293002548,1788.491293002548
12.10.3,12,10,sats,8,8/8,1788.491293002548,1788.491293002548
12.10.4,12,1,ims,0,0/8,2098.346074777391,1719.9583049917032
12.10.4,12,1,ims,1,1/8,1719.958304991703,1719.9583049917032
12.10.4,12,1,ims,2,2/8,1719.958304991703,1719.9583049917032
12.10.4,12,1,ims,3,3/8,1719.958304991703,1719.9583049917032
12.10.4,12,1,ims,4,4/8,1719.958304991703,1719.9583049917032
12.10.4,12,1,ims,5,5/8,1719.958304991703,1719.9583049917032
12.10.4,12,1,ims,6,6/8,1719.958304991703,1719.9583049917032
12.10.4,12,1,ims,7,7/8,1719.958304991703,1719.9583049917032
12.10.4,12,1,ims,8,8/8,1719.958304991703,1719.9583049917032
12.10.4,12,2,ims,0,0/8,2139.0315761601773,1719.9583049917032
12.10.4,12,2,ims,1,1/8,1719.958304991703,1719.9583049917032
12.10.4,12,2,ims,2,2/8,1719.958304991703,1719.9583049917032
12.10.4,12,2,ims,3,3/8,1719.958304991703,1719.9583049917032
12.10.4,12,2,ims,4,4/8,1719.958304991703,1719.9583049917032
12.10.4,12,2,ims,5,5/8,1719.958304991703,1719.9583049917032
12.10.4,12,2,ims,6,6/8,1719.958304991703,1719.9583049917032
12.10.4,12,2,ims,7,7/8,1719.958304991703,1719.9583049917032
12.10.4,12,2,ims,8,8/8,1719.958304991703,1719.9583049917032
12.10.4,12,3,ims,0,0/8,2084.6414895845614,1719.9583049917032
12.10.4,12,3,ims,1,1/8,1719.958304991703,1719.9583049917032
12.10.4,12,3,ims,2,2/8,1719.958304991703,1719.9583049917032
12.10.4,12,3,ims,3,3/8,1719.958304991703,1719.9583049917032
12.10.4,12,3,ims,4,4/8,1719.958304991703,1719.9583049917032
12.10.4,12,3,ims,5,5/8,1719.958304991703,1719.9583049917032
12.10.4,12,3,ims,6,6/8,1719.958304991703,1719.9583049917032
12.10.4,12,3,ims,7,7/8,1719.958304991703,1719.9583049917032
12.10.4,12,3,ims,8,8/8,1719.958304991703,1719.9583049917032
12.10.4,12,4,ims,0,0/8,2098.346074777391,1719.9583049917032
12.10.4,12,4,ims,1,1/8,1719.958304991703,1719.9583049917032
12.10.4,12,4,ims,2,2/8,1719.958304991703,1719.9583049917032
12.10.4,12,4,ims,3,3/8,1719.958304991703,1719.9583049917032
12.10.4,12,4,ims,4,4/8,1719.958304991703,1719.9583049917032
12.10.4,12,4,ims,5,5/8,1719.958304991703,1719.9583049917032
12.10.4,12,4,ims,6,6/8,1719.958304991703,1719.9583049917032
12.10.4,12,4,ims,7,7/8,1719.958304991703,1719.9583049917032
12.10.4,12,4,ims,8,8/8,1719.958304991703,1719.9583049917032
12.10.4,12,5,ims,0,0/8,2098.346074777391,1719.9583049917032
12.10.4,12,5,ims,1,1/8,1719.958304991703,1719.9583049917032
12.10.4,12,5,ims,2,2/8,1719.958304991703,1719.9583049917032
12.10.4,12,5,ims,3,3/8,1719.958304991703,1719.9583049917032
12.10.4,12,5,ims,4,4/8,1719.958304991703,1719.9583049917032
12.10.4,12,5,ims,5,5/8,1719.958304991703,1719.9583049917032
12.10.4,12,5,ims,6,6/8,1719.958304991703,1719.9583049917032
12.10.4,12,5,ims,7,7/8,1719.958304991703,1719.9583049917032
12.10.4,12,5,ims,8,8/8,1719.958304991703,1719.9583049917032
12.10.4,12,6,ims,0,0/8,2084.6414895845614,1719.9583049917032
12.10.4,12,6,ims,1,1/8,1719.958304991703,1719.9583049917032
12.10.4,12,6,ims,2,2/8,1719.958304991703,1719.9583049917032
12.10.4,12,6,ims,3,3/8,1719.958304991703,1719.9583049917032
12.10.4,12,6,ims,4,4/8,1719.958304991703,1719.9583049917032
12.10.4,12,6,ims,5,5/8,1719.958304991703,1719.9583049917032
12.10.4,12,6,ims,6,6/8,1719.958304991703,1719.9583049917032
12.10.4,12,6,ims,7,7/8,1719.958304991703,1719.9583049917032
12.10.4,12,6,ims,8,8/8,1719.958304991703,1719.9583049917032
12.10.4,12,7,ims,0,0/8,2084.6414895845614,1719.9583049917032
12.10.4,12,7,ims,1,1/8,1719.958304991703,1719.9583049917032
12.10.4,12,7,ims,2,2/8,1719.958304991703,1719.9583049917032
12.10.4,12,7,ims,3,3/8,1719.958304991703,1719.9583049917032
12.10.4,12,7,ims,4,4/8,1719.958304991703,1719.9583049917032
12.10.4,12,7,ims,5,5/8,1719.958304991703,1719.9583049917032
12.10.4,12,7,ims,6,6/8,1719.958304991703,1719.9583049917032
12.10.4,12,7,ims,7,7/8,1719.958304991703,1719.9583049917032
12.10.4,12,7,ims,8,8/8,1719.958304991703,1719.9583049917032
12.10.4,12,8,ims,0,0/8,2084.6414895845614,1719.9583049917032
12.10.4,12,8,ims,1,1/8,1719.958304991703,1719.9583049917032
12.10.4,12,8,ims,2,2/8,1719.958304991703,1719.9583049917032
12.10.4,12,8,ims,3,3/8,1719.958304991703,1719.9583049917032
12.10.4,12,8,ims,4,4/8,1719.958304991703,1719.9583049917032
12.10.4,12,8,ims,5,5/8,1719.958304991703,1719.9583049917032
12.10.4,12,8,ims,6,6/8,1719.958304991703,1719.9583049917032
12.10.4,12,8,ims,7,7/8,1719.958304991703,1719.9583049917032
12.10.4,12,8,ims,8,8/8,1719.958304991703,1719.9583049917032
12.10.4,12,9,ims,0,0/8,2084.6414895845614,1719.9583049917032
12.10.4,12,9,ims,1,1/8,1719.958304991703,1719.9583049917032
12.10.4,12,9,ims,2,2/8,1719.958304991703,1719.9583049917032
12.10.4,12,9,ims,3,3/8,1719.958304991703,1719.9583049917032
12.10.4,12,9,ims,4,4/8,1719.958304991703,1719.9583049917032
12.10.4,12,9,ims,5,5/8,1719.958304991703,1719.9583049917032
12.10.4,12,9,ims,6,6/8,1719.958304991703,1719.9583049917032
12.10.4,12,9,ims,7,7/8,1719.958304991703,1719.9583049917032
12.10.4,12,9,ims,8,8/8,1719.958304991703,1719.9583049917032
12.10.4,12,10,ims,0,0/8,2098.346074777391,1719.9583049917032
12.10.4,12,10,ims,1,1/8,1719.958304991703,1719.9583049917032
12.10.4,12,10,ims,2,2/8,1719.958304991703,1719.9583049917032
12.10.4,12,10,ims,3,3/8,1719.958304991703,1719.9583049917032
12.10.4,12,10,ims,4,4/8,1719.958304991703,1719.9583049917032
12.10.4,12,10,ims,5,5/8,1719.958304991703,1719.9583049917032
12.10.4,12,10,ims,6,6/8,1719.958304991703,1719.9583049917032
12.10.4,12,10,ims,7,7/8,1719.958304991703,1719.9583049917032
12.10.4,12,10,ims,8,8/8,1719.958304991703,1719.9583049917032
12.10.4,12,1,sats,0,0/8,2139.0315761601773,1719.9583049917032
12.10.4,12,1,sats,1,1/8,1719.958304991703,1719.9583049917032
12.10.4,12,1,sats,2,2/8,1719.958304991703,1719.9583049917032
12.10.4,12,1,sats,3,3/8,1719.958304991703,1719.9583049917032
12.10.4,12,1,sats,4,4/8,1719.958304991703,1719.9583049917032
12.10.4,12,1,sats,5,5/8,1719.958304991703,1719.9583049917032
12.10.4,12,1,sats,6,6/8,1719.958304991703,1719.9583049917032
12.10.4,12,1,sats,7,7/8,1719.958304991703,1719.9583049917032
12.10.4,12,1,sats,8,8/8,1719.958304991703,1719.9583049917032
12.10.4,12,2,sats,0,0/8,2258.261669481881,1719.9583049917032
12.10.4,12,2,sats,1,1/8,1719.958304991703,1719.9583049917032
12.10.4,12,2,sats,2,2/8,1719.958304991703,1719.9583049917032
12.10.4,12,2,sats,3,3/8,1719.958304991703,1719.9583049917032
12.10.4,12,2,sats,4,4/8,1719.958304991703,1719.9583049917032
12.10.4,12,2,sats,5,5/8,1719.958304991703,1719.9583049917032
12.10.4,12,2,sats,6,6/8,1719.958304991703,1719.9583049917032
12.10.4,12,2,sats,7,7/8,1719.958304991703,1719.9583049917032
12.10.4,12,2,sats,8,8/8,1719.958304991703,1719.9583049917032
12.10.4,12,3,sats,0,0/8,2138.9685859945757,1719.9583049917032
12.10.4,12,3,sats,1,1/8,1719.958304991703,1719.9583049917032
12.10.4,12,3,sats,2,2/8,1719.958304991703,1719.9583049917032
12.10.4,12,3,sats,3,3/8,1719.958304991703,1719.9583049917032
12.10.4,12,3,sats,4,4/8,1719.958304991703,1719.9583049917032
12.10.4,12,3,sats,5,5/8,1719.958304991703,1719.9583049917032
12.10.4,12,3,sats,6,6/8,1719.958304991703,1719.9583049917032
12.10.4,12,3,sats,7,7/8,1719.958304991703,1719.9583049917032
12.10.4,12,3,sats,8,8/8,1719.958304991703,1719.9583049917032
12.10.4,12,4,sats,0,0/8,2098.346074777391,1719.9583049917032
12.10.4,12,4,sats,1,1/8,1719.9583049917032,1719.9583049917032
12.10.4,12,4,sats,2,2/8,1719.9583049917032,1719.9583049917032
12.10.4,12,4,sats,3,3/8,1719.9583049917032,1719.9583049917032
12.10.4,12,4,sats,4,4/8,1719.9583049917032,1719.9583049917032
12.10.4,12,4,sats,5,5/8,1719.9583049917032,1719.9583049917032
12.10.4,12,4,sats,6,6/8,1719.9583049917032,1719.9583049917032
12.10.4,12,4,sats,7,7/8,1719.9583049917032,1719.9583049917032
12.10.4,12,4,sats,8,8/8,1719.9583049917032,1719.9583049917032
12.10.4,12,5,sats,0,0/8,2139.0315761601773,1719.9583049917032
12.10.4,12,5,sats,1,1/8,1719.958304991703,1719.9583049917032
12.10.4,12,5,sats,2,2/8,1719.958304991703,1719.9583049917032
12.10.4,12,5,sats,3,3/8,1719.958304991703,1719.9583049917032
12.10.4,12,5,sats,4,4/8,1719.958304991703,1719.9583049917032
12.10.4,12,5,sats,5,5/8,1719.958304991703,1719.9583049917032
12.10.4,12,5,sats,6,6/8,1719.958304991703,1719.9583049917032
12.10.4,12,5,sats,7,7/8,1719.958304991703,1719.9583049917032
12.10.4,12,5,sats,8,8/8,1719.958304991703,1719.9583049917032
12.10.4,12,6,sats,0,0/8,2138.9685859945757,1719.9583049917032
12.10.4,12,6,sats,1,1/8,1719.9583049917032,1719.9583049917032
12.10.4,12,6,sats,2,2/8,1719.9583049917032,1719.9583049917032
12.10.4,12,6,sats,3,3/8,1719.9583049917032,1719.9583049917032
12.10.4,12,6,sats,4,4/8,1719.9583049917032,1719.9583049917032
12.10.4,12,6,sats,5,5/8,1719.9583049917032,1719.9583049917032
12.10.4,12,6,sats,6,6/8,1719.9583049917032,1719.9583049917032
12.10.4,12,6,sats,7,7/8,1719.9583049917032,1719.9583049917032
12.10.4,12,6,sats,8,8/8,1719.9583049917032,1719.9583049917032
12.10.4,12,7,sats,0,0/8,2826.692036172425,1719.9583049917032
12.10.4,12,7,sats,1,1/8,1719.9583049917032,1719.9583049917032
12.10.4,12,7,sats,2,2/8,1719.9583049917032,1719.9583049917032
12.10.4,12,7,sats,3,3/8,1719.9583049917032,1719.9583049917032
12.10.4,12,7,sats,4,4/8,1719.9583049917032,1719.9583049917032
12.10.4,12,7,sats,5,5/8,1719.9583049917032,1719.9583049917032
12.10.4,12,7,sats,6,6/8,1719.9583049917032,1719.9583049917032
12.10.4,12,7,sats,7,7/8,1719.9583049917032,1719.9583049917032
12.10.4,12,7,sats,8,8/8,1719.9583049917032,1719.9583049917032
12.10.4,12,8,sats,0,0/8,2258.261669481881,1719.9583049917032
12.10.4,12,8,sats,1,1/8,1719.958304991703,1719.9583049917032
12.10.4,12,8,sats,2,2/8,1719.958304991703,1719.9583049917032
12.10.4,12,8,sats,3,3/8,1719.958304991703,1719.9583049917032
12.10.4,12,8,sats,4,4/8,1719.958304991703,1719.9583049917032
12.10.4,12,8,sats,5,5/8,1719.958304991703,1719.9583049917032
12.10.4,12,8,sats,6,6/8,1719.958304991703,1719.9583049917032
12.10.4,12,8,sats,7,7/8,1719.958304991703,1719.9583049917032
12.10.4,12,8,sats,8,8/8,1719.958304991703,1719.9583049917032
12.10.4,12,9,sats,0,0/8,2264.137634072206,1719.9583049917032
12.10.4,12,9,sats,1,1/8,1719.9583049917032,1719.9583049917032
12.10.4,12,9,sats,2,2/8,1719.9583049917032,1719.9583049917032
12.10.4,12,9,sats,3,3/8,1719.9583049917032,1719.9583049917032
12.10.4,12,9,sats,4,4/8,1719.9583049917032,1719.9583049917032
12.10.4,12,9,sats,5,5/8,1719.9583049917032,1719.9583049917032
12.10.4,12,9,sats,6,6/8,1719.9583049917032,1719.9583049917032
12.10.4,12,9,sats,7,7/8,1719.9583049917032,1719.9583049917032
12.10.4,12,9,sats,8,8/8,1719.9583049917032,1719.9583049917032
12.10.4,12,10,sats,0,0/8,2918.3798310111843,1719.9583049917032
12.10.4,12,10,sats,1,1/8,1719.9583049917032,1719.9583049917032
12.10.4,12,10,sats,2,2/8,1719.9583049917032,1719.9583049917032
12.10.4,12,10,sats,3,3/8,1719.9583049917032,1719.9583049917032
12.10.4,12,10,sats,4,4/8,1719.9583049917032,1719.9583049917032
12.10.4,12,10,sats,5,5/8,1719.9583049917032,1719.9583049917032
12.10.4,12,10,sats,6,6/8,1719.9583049917032,1719.9583049917032
12.10.4,12,10,sats,7,7/8,1719.9583049917032,1719.9583049917032
12.10.4,12,10,sats,8,8/8,1719.9583049917032,1719.9583049917032
12.20.1,12,1,ims,0,0/8,8240.622101600888,8240.622101600888
12.20.1,12,1,ims,1,1/8,8240.622101600888,8240.622101600888
12.20.1,12,1,ims,2,2/8,8240.622101600888,8240.622101600888
12.20.1,12,1,ims,3,3/8,8240.622101600888,8240.622101600888
12.20.1,12,1,ims,4,4/8,8240.622101600888,8240.622101600888
12.20.1,12,1,ims,5,5/8,8240.622101600888,8240.622101600888
12.20.1,12,1,ims,6,6/8,8240.622101600888,8240.622101600888
12.20.1,12,1,ims,7,7/8,8240.622101600888,8240.622101600888
12.20.1,12,1,ims,8,8/8,8240.622101600888,8240.622101600888
12.20.1,12,2,ims,0,0/8,8275.552164712983,8240.622101600888
12.20.1,12,2,ims,1,1/8,8240.622101600888,8240.622101600888
12.20.1,12,2,ims,2,2/8,8240.622101600888,8240.622101600888
12.20.1,12,2,ims,3,3/8,8240.622101600888,8240.622101600888
12.20.1,12,2,ims,4,4/8,8240.622101600888,8240.622101600888
12.20.1,12,2,ims,5,5/8,8240.622101600888,8240.622101600888
12.20.1,12,2,ims,6,6/8,8240.622101600888,8240.622101600888
12.20.1,12,2,ims,7,7/8,8240.622101600888,8240.622101600888
12.20.1,12,2,ims,8,8/8,8240.622101600888,8240.622101600888
12.20.1,12,3,ims,0,0/8,8275.552164712983,8240.622101600888
12.20.1,12,3,ims,1,1/8,8240.622101600888,8240.622101600888
12.20.1,12,3,ims,2,2/8,8240.622101600888,8240.622101600888
12.20.1,12,3,ims,3,3/8,8240.622101600888,8240.622101600888
12.20.1,12,3,ims,4,4/8,8240.622101600888,8240.622101600888
12.20.1,12,3,ims,5,5/8,8240.622101600888,8240.622101600888
12.20.1,12,3,ims,6,6/8,8240.622101600888,8240.622101600888
12.20.1,12,3,ims,7,7/8,8240.622101600888,8240.622101600888
12.20.1,12,3,ims,8,8/8,8240.622101600888,8240.622101600888
12.20.1,12,4,ims,0,0/8,8240.622101600888,8240.622101600888
12.20.1,12,4,ims,1,1/8,8240.622101600888,8240.622101600888
12.20.1,12,4,ims,2,2/8,8240.622101600888,8240.622101600888
12.20.1,12,4,ims,3,3/8,8240.622101600888,8240.622101600888
12.20.1,12,4,ims,4,4/8,8240.622101600888,8240.622101600888
12.20.1,12,4,ims,5,5/8,8240.622101600888,8240.622101600888
12.20.1,12,4,ims,6,6/8,8240.622101600888,8240.622101600888
12.20.1,12,4,ims,7,7/8,8240.622101600888,8240.622101600888
12.20.1,12,4,ims,8,8/8,8240.622101600888,8240.622101600888
12.20.1,12,5,ims,0,0/8,8240.622101600888,8240.622101600888
12.20.1,12,5,ims,1,1/8,8240.622101600888,8240.622101600888
12.20.1,12,5,ims,2,2/8,8240.622101600888,8240.622101600888
12.20.1,12,5,ims,3,3/8,8240.622101600888,8240.622101600888
12.20.1,12,5,ims,4,4/8,8240.622101600888,8240.622101600888
12.20.1,12,5,ims,5,5/8,8240.622101600888,8240.622101600888
12.20.1,12,5,ims,6,6/8,8240.622101600888,8240.622101600888
12.20.1,12,5,ims,7,7/8,8240.622101600888,8240.622101600888
12.20.1,12,5,ims,8,8/8,8240.622101600888,8240.622101600888
12.20.1,12,6,ims,0,0/8,9797.791120055552,8240.622101600888
12.20.1,12,6,ims,1,1/8,8240.622101600888,8240.622101600888
12.20.1,12,6,ims,2,2/8,8240.622101600888,8240.622101600888
12.20.1,12,6,ims,3,3/8,8240.622101600888,8240.622101600888
12.20.1,12,6,ims,4,4/8,8240.622101600888,8240.622101600888
12.20.1,12,6,ims,5,5/8,8240.622101600888,8240.622101600888
12.20.1,12,6,ims,6,6/8,8240.622101600888,8240.622101600888
12.20.1,12,6,ims,7,7/8,8240.622101600888,8240.622101600888
12.20.1,12,6,ims,8,8/8,8240.622101600888,8240.622101600888
12.20.1,12,7,ims,0,0/8,8240.622101600888,8240.622101600888
12.20.1,12,7,ims,1,1/8,8240.622101600888,8240.622101600888
12.20.1,12,7,ims,2,2/8,8240.622101600888,8240.622101600888
12.20.1,12,7,ims,3,3/8,8240.622101600888,8240.622101600888
12.20.1,12,7,ims,4,4/8,8240.622101600888,8240.622101600888
12.20.1,12,7,ims,5,5/8,8240.622101600888,8240.622101600888
12.20.1,12,7,ims,6,6/8,8240.622101600888,8240.622101600888
12.20.1,12,7,ims,7,7/8,8240.622101600888,8240.622101600888
12.20.1,12,7,ims,8,8/8,8240.622101600888,8240.622101600888
12.20.1,12,8,ims,0,0/8,9797.791120055552,8240.622101600888
12.20.1,12,8,ims,1,1/8,8240.622101600888,8240.622101600888
12.20.1,12,8,ims,2,2/8,8240.622101600888,8240.622101600888
12.20.1,12,8,ims,3,3/8,8240.622101600888,8240.622101600888
12.20.1,12,8,ims,4,4/8,8240.622101600888,8240.622101600888
12.20.1,12,8,ims,5,5/8,8240.622101600888,8240.622101600888
12.20.1,12,8,ims,6,6/8,8240.622101600888,8240.622101600888
12.20.1,12,8,ims,7,7/8,8240.622101600888,8240.622101600888
12.20.1,12,8,ims,8,8/8,8240.622101600888,8240.622101600888
12.20.1,12,9,ims,0,0/8,8240.622101600888,8240.622101600888
12.20.1,12,9,ims,1,1/8,8240.622101600888,8240.622101600888
12.20.1,12,9,ims,2,2/8,8240.622101600888,8240.622101600888
12.20.1,12,9,ims,3,3/8,8240.622101600888,8240.622101600888
12.20.1,12,9,ims,4,4/8,8240.622101600888,8240.622101600888
12.20.1,12,9,ims,5,5/8,8240.622101600888,8240.622101600888
12.20.1,12,9,ims,6,6/8,8240.622101600888,8240.622101600888
12.20.1,12,9,ims,7,7/8,8240.622101600888,8240.622101600888
12.20.1,12,9,ims,8,8/8,8240.622101600888,8240.622101600888
12.20.1,12,10,ims,0,0/8,8240.622101600888,8240.622101600888
12.20.1,12,10,ims,1,1/8,8240.622101600888,8240.622101600888
12.20.1,12,10,ims,2,2/8,8240.622101600888,8240.622101600888
12.20.1,12,10,ims,3,3/8,8240.622101600888,8240.622101600888
12.20.1,12,10,ims,4,4/8,8240.622101600888,8240.622101600888
12.20.1,12,10,ims,5,5/8,8240.622101600888,8240.622101600888
12.20.1,12,10,ims,6,6/8,8240.622101600888,8240.622101600888
12.20.1,12,10,ims,7,7/8,8240.622101600888,8240.622101600888
12.20.1,12,10,ims,8,8/8,8240.622101600888,8240.622101600888
12.20.1,12,1,sats,0,0/8,8275.552164712983,8240.622101600888
12.20.1,12,1,sats,1,1/8,8240.622101600888,8240.622101600888
12.20.1,12,1,sats,2,2/8,8240.622101600888,8240.622101600888
12.20.1,12,1,sats,3,3/8,8240.622101600888,8240.622101600888
12.20.1,12,1,sats,4,4/8,8240.622101600888,8240.622101600888
12.20.1,12,1,sats,5,5/8,8240.622101600888,8240.622101600888
12.20.1,12,1,sats,6,6/8,8240.622101600888,8240.622101600888
12.20.1,12,1,sats,7,7/8,8240.622101600888,8240.622101600888
12.20.1,12,1,sats,8,8/8,8240.622101600888,8240.622101600888
12.20.1,12,2,sats,0,0/8,9797.791120055552,8240.622101600888
12.20.1,12,2,sats,1,1/8,8240.622101600888,8240.622101600888
12.20.1,12,2,sats,2,2/8,8240.622101600888,8240.622101600888
12.20.1,12,2,sats,3,3/8,8240.622101600888,8240.622101600888
12.20.1,12,2,sats,4,4/8,8240.622101600888,8240.622101600888
12.20.1,12,2,sats,5,5/8,8240.622101600888,8240.622101600888
12.20.1,12,2,sats,6,6/8,8240.622101600888,8240.622101600888
12.20.1,12,2,sats,7,7/8,8240.622101600888,8240.622101600888
12.20.1,12,2,sats,8,8/8,8240.622101600888,8240.622101600888
12.20.1,12,3,sats,0,0/8,10630.792758491843,8240.622101600888
12.20.1,12,3,sats,1,1/8,8240.622101600888,8240.622101600888
12.20.1,12,3,sats,2,2/8,8240.622101600888,8240.622101600888
12.20.1,12,3,sats,3,3/8,8240.622101600888,8240.622101600888
12.20.1,12,3,sats,4,4/8,8240.622101600888,8240.622101600888
12.20.1,12,3,sats,5,5/8,8240.622101600888,8240.622101600888
12.20.1,12,3,sats,6,6/8,8240.622101600888,8240.622101600888
12.20.1,12,3,sats,7,7/8,8240.622101600888,8240.622101600888
12.20.1,12,3,sats,8,8/8,8240.622101600888,8240.622101600888
12.20.1,12,4,sats,0,0/8,9468.80141007,8240.622101600888
12.20.1,12,4,sats,1,1/8,8240.622101600888,8240.622101600888
12.20.1,12,4,sats,2,2/8,8240.622101600888,8240.622101600888
12.20.1,12,4,sats,3,3/8,8240.622101600888,8240.622101600888
12.20.1,12,4,sats,4,4/8,8240.622101600888,8240.622101600888
12.20.1,12,4,sats,5,5/8,8240.622101600888,8240.622101600888
12.20.1,12,4,sats,6,6/8,8240.622101600888,8240.622101600888
12.20.1,12,4,sats,7,7/8,8240.622101600888,8240.622101600888
12.20.1,12,4,sats,8,8/8,8240.622101600888,8240.622101600888
12.20.1,12,5,sats,0,0/8,8275.552164712983,8240.622101600888
12.20.1,12,5,sats,1,1/8,8240.622101600888,8240.622101600888
12.20.1,12,5,sats,2,2/8,8240.622101600888,8240.622101600888
12.20.1,12,5,sats,3,3/8,8240.622101600888,8240.622101600888
12.20.1,12,5,sats,4,4/8,8240.622101600888,8240.622101600888
12.20.1,12,5,sats,5,5/8,8240.622101600888,8240.622101600888
12.20.1,12,5,sats,6,6/8,8240.622101600888,8240.622101600888
12.20.1,12,5,sats,7,7/8,8240.622101600888,8240.622101600888
12.20.1,12,5,sats,8,8/8,8240.622101600888,8240.622101600888
12.20.1,12,6,sats,0,0/8,10630.792758491843,8240.622101600888
12.20.1,12,6,sats,1,1/8,8240.622101600888,8240.622101600888
12.20.1,12,6,sats,2,2/8,8240.622101600888,8240.622101600888
12.20.1,12,6,sats,3,3/8,8240.622101600888,8240.622101600888
12.20.1,12,6,sats,4,4/8,8240.622101600888,8240.622101600888
12.20.1,12,6,sats,5,5/8,8240.622101600888,8240.622101600888
12.20.1,12,6,sats,6,6/8,8240.622101600888,8240.622101600888
12.20.1,12,6,sats,7,7/8,8240.622101600888,8240.622101600888
12.20.1,12,6,sats,8,8/8,8240.622101600888,8240.622101600888
12.20.1,12,7,sats,0,0/8,9988.957522622193,8240.622101600888
12.20.1,12,7,sats,1,1/8,8240.622101600888,8240.622101600888
12.20.1,12,7,sats,2,2/8,8240.622101600888,8240.622101600888
12.20.1,12,7,sats,3,3/8,8240.622101600888,8240.622101600888
12.20.1,12,7,sats,4,4/8,8240.622101600888,8240.622101600888
12.20.1,12,7,sats,5,5/8,8240.622101600888,8240.622101600888
12.20.1,12,7,sats,6,6/8,8240.622101600888,8240.622101600888
12.20.1,12,7,sats,7,7/8,8240.622101600888,8240.622101600888
12.20.1,12,7,sats,8,8/8,8240.622101600888,8240.622101600888
12.20.1,12,8,sats,0,0/8,9797.791120055552,8240.622101600888
12.20.1,12,8,sats,1,1/8,8240.622101600888,8240.622101600888
12.20.1,12,8,sats,2,2/8,8240.622101600888,8240.622101600888
12.20.1,12,8,sats,3,3/8,8240.622101600888,8240.622101600888
12.20.1,12,8,sats,4,4/8,8240.622101600888,8240.622101600888
12.20.1,12,8,sats,5,5/8,8240.622101600888,8240.622101600888
12.20.1,12,8,sats,6,6/8,8240.622101600888,8240.622101600888
12.20.1,12,8,sats,7,7/8,8240.622101600888,8240.622101600888
12.20.1,12,8,sats,8,8/8,8240.622101600888,8240.622101600888
12.20.1,12,9,sats,0,0/8,8240.622101600888,8240.622101600888
12.20.1,12,9,sats,1,1/8,8240.622101600888,8240.622101600888
12.20.1,12,9,sats,2,2/8,8240.622101600888,8240.622101600888
12.20.1,12,9,sats,3,3/8,8240.622101600888,8240.622101600888
12.20.1,12,9,sats,4,4/8,8240.622101600888,8240.622101600888
12.20.1,12,9,sats,5,5/8,8240.622101600888,8240.622101600888
12.20.1,12,9,sats,6,6/8,8240.622101600888,8240.622101600888
12.20.1,12,9,sats,7,7/8,8240.622101600888,8240.622101600888
12.20.1,12,9,sats,8,8/8,8240.622101600888,8240.622101600888
12.20.1,12,10,sats,0,0/8,10168.48789962356,8240.622101600888
12.20.1,12,10,sats,1,1/8,8240.622101600888,8240.622101600888
12.20.1,12,10,sats,2,2/8,8240.622101600888,8240.622101600888
12.20.1,12,10,sats,3,3/8,8240.622101600888,8240.622101600888
12.20.1,12,10,sats,4,4/8,8240.622101600888,8240.622101600888
12.20.1,12,10,sats,5,5/8,8240.622101600888,8240.622101600888
12.20.1,12,10,sats,6,6/8,8240.622101600888,8240.622101600888
12.20.1,12,10,sats,7,7/8,8240.622101600888,8240.622101600888
12.20.1,12,10,sats,8,8/8,8240.622101600888,8240.622101600888
12.20.2,12,1,ims,0,0/8,9009.792295328993,8615.090910921224
12.20.2,12,1,ims,1,1/8,8615.090910921224,8615.090910921224
12.20.2,12,1,ims,2,2/8,8615.090910921224,8615.090910921224
12.20.2,12,1,ims,3,3/8,8615.090910921224,8615.090910921224
12.20.2,12,1,ims,4,4/8,8615.090910921224,8615.090910921224
12.20.2,12,1,ims,5,5/8,8615.090910921224,8615.090910921224
12.20.2,12,1,ims,6,6/8,8615.090910921224,8615.090910921224
12.20.2,12,1,ims,7,7/8,8615.090910921224,8615.090910921224
12.20.2,12,1,ims,8,8/8,8615.090910921224,8615.090910921224
12.20.2,12,2,ims,0,0/8,10228.120364827413,8615.090910921224
12.20.2,12,2,ims,1,1/8,8615.090910921224,8615.090910921224
12.20.2,12,2,ims,2,2/8,8615.090910921224,8615.090910921224
12.20.2,12,2,ims,3,3/8,8615.090910921224,8615.090910921224
12.20.2,12,2,ims,4,4/8,8615.090910921224,8615.090910921224
12.20.2,12,2,ims,5,5/8,8615.090910921224,8615.090910921224
12.20.2,12,2,ims,6,6/8,8615.090910921224,8615.090910921224
12.20.2,12,2,ims,7,7/8,8615.090910921224,8615.090910921224
12.20.2,12,2,ims,8,8/8,8615.090910921224,8615.090910921224
12.20.2,12,3,ims,0,0/8,10332.709339513172,8615.090910921224
12.20.2,12,3,ims,1,1/8,8615.090910921224,8615.090910921224
12.20.2,12,3,ims,2,2/8,8615.090910921224,8615.090910921224
12.20.2,12,3,ims,3,3/8,8615.090910921224,8615.090910921224
12.20.2,12,3,ims,4,4/8,8615.090910921224,8615.090910921224
12.20.2,12,3,ims,5,5/8,8615.090910921224,8615.090910921224
12.20.2,12,3,ims,6,6/8,8615.090910921224,8615.090910921224
12.20.2,12,3,ims,7,7/8,8615.090910921224,8615.090910921224
12.20.2,12,3,ims,8,8/8,8615.090910921224,8615.090910921224
12.20.2,12,4,ims,0,0/8,9105.860413975231,8615.090910921224
12.20.2,12,4,ims,1,1/8,8615.090910921224,8615.090910921224
12.20.2,12,4,ims,2,2/8,8615.090910921224,8615.090910921224
12.20.2,12,4,ims,3,3/8,8615.090910921224,8615.090910921224
12.20.2,12,4,ims,4,4/8,8615.090910921224,8615.090910921224
12.20.2,12,4,ims,5,5/8,8615.090910921224,8615.090910921224
12.20.2,12,4,ims,6,6/8,8615.090910921224,8615.090910921224
12.20.2,12,4,ims,7,7/8,8615.090910921224,8615.090910921224
12.20.2,12,4,ims,8,8/8,8615.090910921224,8615.090910921224
12.20.2,12,5,ims,0,0/8,9009.792295328993,8615.090910921224
12.20.2,12,5,ims,1,1/8,8615.090910921224,8615.090910921224
12.20.2,12,5,ims,2,2/8,8615.090910921224,8615.090910921224
12.20.2,12,5,ims,3,3/8,8615.090910921224,8615.090910921224
12.20.2,12,5,ims,4,4/8,8615.090910921224,8615.090910921224
12.20.2,12,5,ims,5,5/8,8615.090910921224,8615.090910921224
12.20.2,12,5,ims,6,6/8,8615.090910921224,8615.090910921224
12.20.2,12,5,ims,7,7/8,8615.090910921224,8615.090910921224
12.20.2,12,5,ims,8,8/8,8615.090910921224,8615.090910921224
12.20.2,12,6,ims,0,0/8,10228.120364827413,8615.090910921224
12.20.2,12,6,ims,1,1/8,8615.090910921224,8615.090910921224
12.20.2,12,6,ims,2,2/8,8615.090910921224,8615.090910921224
12.20.2,12,6,ims,3,3/8,8615.090910921224,8615.090910921224
12.20.2,12,6,ims,4,4/8,8615.090910921224,8615.090910921224
12.20.2,12,6,ims,5,5/8,8615.090910921224,8615.090910921224
12.20.2,12,6,ims,6,6/8,8615.090910921224,8615.090910921224
12.20.2,12,6,ims,7,7/8,8615.090910921224,8615.090910921224
12.20.2,12,6,ims,8,8/8,8615.090910921224,8615.090910921224
12.20.2,12,7,ims,0,0/8,9009.792295328993,8615.090910921224
12.20.2,12,7,ims,1,1/8,8615.090910921224,8615.090910921224
12.20.2,12,7,ims,2,2/8,8615.090910921224,8615.090910921224
12.20.2,12,7,ims,3,3/8,8615.090910921224,8615.090910921224
12.20.2,12,7,ims,4,4/8,8615.090910921224,8615.090910921224
12.20.2,12,7,ims,5,5/8,8615.090910921224,8615.090910921224
12.20.2,12,7,ims,6,6/8,8615.090910921224,8615.090910921224
12.20.2,12,7,ims,7,7/8,8615.090910921224,8615.090910921224
12.20.2,12,7,ims,8,8/8,8615.090910921224,8615.090910921224
12.20.2,12,8,ims,0,0/8,10258.244256209475,8615.090910921224
12.20.2,12,8,ims,1,1/8,8615.090910921224,8615.090910921224
12.20.2,12,8,ims,2,2/8,8615.090910921224,8615.090910921224
12.20.2,12,8,ims,3,3/8,8615.090910921224,8615.090910921224
12.20.2,12,8,ims,4,4/8,8615.090910921224,8615.090910921224
12.20.2,12,8,ims,5,5/8,8615.090910921224,8615.090910921224
12.20.2,12,8,ims,6,6/8,8615.090910921224,8615.090910921224
12.20.2,12,8,ims,7,7/8,8615.090910921224,8615.090910921224
12.20.2,12,8,ims,8,8/8,8615.090910921224,8615.090910921224
12.20.2,12,9,ims,0,0/8,9009.792295328993,8615.090910921224
12.20.2,12,9,ims,1,1/8,8615.090910921224,8615.090910921224
12.20.2,12,9,ims,2,2/8,8615.090910921224,8615.090910921224
12.20.2,12,9,ims,3,3/8,8615.090910921224,8615.090910921224
12.20.2,12,9,ims,4,4/8,8615.090910921224,8615.090910921224
12.20.2,12,9,ims,5,5/8,8615.090910921224,8615.090910921224
12.20.2,12,9,ims,6,6/8,8615.090910921224,8615.090910921224
12.20.2,12,9,ims,7,7/8,8615.090910921224,8615.090910921224
12.20.2,12,9,ims,8,8/8,8615.090910921224,8615.090910921224
12.20.2,12,10,ims,0,0/8,9105.860413975231,8615.090910921224
12.20.2,12,10,ims,1,1/8,8615.090910921224,8615.090910921224
12.20.2,12,10,ims,2,2/8,8615.090910921224,8615.090910921224
12.20.2,12,10,ims,3,3/8,8615.090910921224,8615.090910921224
12.20.2,12,10,ims,4,4/8,8615.090910921224,8615.090910921224
12.20.2,12,10,ims,5,5/8,8615.090910921224,8615.090910921224
12.20.2,12,10,ims,6,6/8,8615.090910921224,8615.090910921224
12.20.2,12,10,ims,7,7/8,8615.090910921224,8615.090910921224
12.20.2,12,10,ims,8,8/8,8615.090910921224,8615.090910921224
12.20.2,12,1,sats,0,0/8,11250.93521736626,8615.090910921224
12.20.2,12,1,sats,1,1/8,8615.090910921224,8615.090910921224
12.20.2,12,1,sats,2,2/8,8615.090910921224,8615.090910921224
12.20.2,12,1,sats,3,3/8,8615.090910921224,8615.090910921224
12.20.2,12,1,sats,4,4/8,8615.090910921224,8615.090910921224
12.20.2,12,1,sats,5,5/8,8615.090910921224,8615.090910921224
12.20.2,12,1,sats,6,6/8,8615.090910921224,8615.090910921224
12.20.2,12,1,sats,7,7/8,8615.090910921224,8615.090910921224
12.20.2,12,1,sats,8,8/8,8615.090910921224,8615.090910921224
12.20.2,12,2,sats,0,0/8,11038.040255662683,8615.090910921224
12.20.2,12,2,sats,1,1/8,8615.090910921224,8615.090910921224
12.20.2,12,2,sats,2,2/8,8615.090910921224,8615.090910921224
12.20.2,12,2,sats,3,3/8,8615.090910921224,8615.090910921224
12.20.2,12,2,sats,4,4/8,8615.090910921224,8615.090910921224
12.20.2,12,2,sats,5,5/8,8615.090910921224,8615.090910921224
12.20.2,12,2,sats,6,6/8,8615.090910921224,8615.090910921224
12.20.2,12,2,sats,7,7/8,8615.090910921224,8615.090910921224
12.20.2,12,2,sats,8,8/8,8615.090910921224,8615.090910921224
12.20.2,12,3,sats,0,0/8,10463.622202531182,8615.090910921224
12.20.2,12,3,sats,1,1/8,8615.090910921224,8615.090910921224
12.20.2,12,3,sats,2,2/8,8615.090910921224,8615.090910921224
12.20.2,12,3,sats,3,3/8,8615.090910921224,8615.090910921224
12.20.2,12,3,sats,4,4/8,8615.090910921224,8615.090910921224
12.20.2,12,3,sats,5,5/8,8615.090910921224,8615.090910921224
12.20.2,12,3,sats,6,6/8,8615.090910921224,8615.090910921224
12.20.2,12,3,sats,7,7/8,8615.090910921224,8615.090910921224
12.20.2,12,3,sats,8,8/8,8615.090910921224,8615.090910921224
12.20.2,12,4,sats,0,0/8,9105.860413975231,8615.090910921224
12.20.2,12,4,sats,1,1/8,8615.090910921224,8615.090910921224
12.20.2,12,4,sats,2,2/8,8615.090910921224,8615.090910921224
12.20.2,12,4,sats,3,3/8,8615.090910921224,8615.090910921224
12.20.2,12,4,sats,4,4/8,8615.090910921224,8615.090910921224
12.20.2,12,4,sats,5,5/8,8615.090910921224,8615.090910921224
12.20.2,12,4,sats,6,6/8,8615.090910921224,8615.090910921224
12.20.2,12,4,sats,7,7/8,8615.090910921224,8615.090910921224
12.20.2,12,4,sats,8,8/8,8615.090910921224,8615.090910921224
12.20.2,12,5,sats,0,0/8,11250.93521736626,8615.090910921224
12.20.2,12,5,sats,1,1/8,8615.090910921224,8615.090910921224
12.20.2,12,5,sats,2,2/8,8615.090910921224,8615.090910921224
12.20.2,12,5,sats,3,3/8,8615.090910921224,8615.090910921224
12.20.2,12,5,sats,4,4/8,8615.090910921224,8615.090910921224
12.20.2,12,5,sats,5,5/8,8615.090910921224,8615.090910921224
12.20.2,12,5,sats,6,6/8,8615.090910921224,8615.090910921224
12.20.2,12,5,sats,7,7/8,8615.090910921224,8615.090910921224
12.20.2,12,5,sats,8,8/8,8615.090910921224,8615.090910921224
12.20.2,12,6,sats,0,0/8,10463.622202531182,8615.090910921224
12.20.2,12,6,sats,1,1/8,8615.090910921224,8615.090910921224
12.20.2,12,6,sats,2,2/8,8615.090910921224,8615.090910921224
12.20.2,12,6,sats,3,3/8,8615.090910921224,8615.090910921224
12.20.2,12,6,sats,4,4/8,8615.090910921224,8615.090910921224
12.20.2,12,6,sats,5,5/8,8615.090910921224,8615.090910921224
12.20.2,12,6,sats,6,6/8,8615.090910921224,8615.090910921224
12.20.2,12,6,sats,7,7/8,8615.090910921224,8615.090910921224
12.20.2,12,6,sats,8,8/8,8615.090910921224,8615.090910921224
12.20.2,12,7,sats,0,0/8,10228.120364827413,8615.090910921224
12.20.2,12,7,sats,1,1/8,8615.090910921224,8615.090910921224
12.20.2,12,7,sats,2,2/8,8615.090910921224,8615.090910921224
12.20.2,12,7,sats,3,3/8,8615.090910921224,8615.090910921224
12.20.2,12,7,sats,4,4/8,8615.090910921224,8615.090910921224
12.20.2,12,7,sats,5,5/8,8615.090910921224,8615.090910921224
12.20.2,12,7,sats,6,6/8,8615.090910921224,8615.090910921224
12.20.2,12,7,sats,7,7/8,8615.090910921224,8615.090910921224
12.20.2,12,7,sats,8,8/8,8615.090910921224,8615.090910921224
12.20.2,12,8,sats,0,0/8,11038.040255662683,8615.090910921224
12.20.2,12,8,sats,1,1/8,8615.090910921224,8615.090910921224
12.20.2,12,8,sats,2,2/8,8615.090910921224,8615.090910921224
12.20.2,12,8,sats,3,3/8,8615.090910921224,8615.090910921224
12.20.2,12,8,sats,4,4/8,8615.090910921224,8615.090910921224
12.20.2,12,8,sats,5,5/8,8615.090910921224,8615.090910921224
12.20.2,12,8,sats,6,6/8,8615.090910921224,8615.090910921224
12.20.2,12,8,sats,7,7/8,8615.090910921224,8615.090910921224
12.20.2,12,8,sats,8,8/8,8615.090910921224,8615.090910921224
12.20.2,12,9,sats,0,0/8,9009.792295328993,8615.090910921224
12.20.2,12,9,sats,1,1/8,8615.090910921224,8615.090910921224
12.20.2,12,9,sats,2,2/8,8615.090910921224,8615.090910921224
12.20.2,12,9,sats,3,3/8,8615.090910921224,8615.090910921224
12.20.2,12,9,sats,4,4/8,8615.090910921224,8615.090910921224
12.20.2,12,9,sats,5,5/8,8615.090910921224,8615.090910921224
12.20.2,12,9,sats,6,6/8,8615.090910921224,8615.090910921224
12.20.2,12,9,sats,7,7/8,8615.090910921224,8615.090910921224
12.20.2,12,9,sats,8,8/8,8615.090910921224,8615.090910921224
12.20.2,12,10,sats,0,0/8,10258.244256209475,8615.090910921224
12.20.2,12,10,sats,1,1/8,8615.090910921224,8615.090910921224
12.20.2,12,10,sats,2,2/8,8615.090910921224,8615.090910921224
12.20.2,12,10,sats,3,3/8,8615.090910921224,8615.090910921224
12.20.2,12,10,sats,4,4/8,8615.090910921224,8615.090910921224
12.20.2,12,10,sats,5,5/8,8615.090910921224,8615.090910921224
12.20.2,12,10,sats,6,6/8,8615.090910921224,8615.090910921224
12.20.2,12,10,sats,7,7/8,8615.090910921224,8615.090910921224
12.20.2,12,10,sats,8,8/8,8615.090910921224,8615.090910921224
12.20.3,12,1,ims,0,0/8,6056.654390206185,5974.02974337627
12.20.3,12,1,ims,1,1/8,5974.02974337627,5974.02974337627
12.20.3,12,1,ims,2,2/8,5974.02974337627,5974.02974337627
12.20.3,12,1,ims,3,3/8,5974.02974337627,5974.02974337627
12.20.3,12,1,ims,4,4/8,5974.02974337627,5974.02974337627
12.20.3,12,1,ims,5,5/8,5974.02974337627,5974.02974337627
12.20.3,12,1,ims,6,6/8,5974.02974337627,5974.02974337627
12.20.3,12,1,ims,7,7/8,5974.02974337627,5974.02974337627
12.20.3,12,1,ims,8,8/8,5974.02974337627,5974.02974337627
12.20.3,12,2,ims,0,0/8,6048.3506977555435,5974.02974337627
12.20.3,12,2,ims,1,1/8,5974.02974337627,5974.02974337627
12.20.3,12,2,ims,2,2/8,5974.02974337627,5974.02974337627
12.20.3,12,2,ims,3,3/8,5974.02974337627,5974.02974337627
12.20.3,12,2,ims,4,4/8,5974.02974337627,5974.02974337627
12.20.3,12,2,ims,5,5/8,5974.02974337627,5974.02974337627
12.20.3,12,2,ims,6,6/8,5974.02974337627,5974.02974337627
12.20.3,12,2,ims,7,7/8,5974.02974337627,5974.02974337627
12.20.3,12,2,ims,8,8/8,5974.02974337627,5974.02974337627
12.20.3,12,3,ims,0,0/8,6048.3506977555435,5974.02974337627
12.20.3,12,3,ims,1,1/8,5974.02974337627,5974.02974337627
12.20.3,12,3,ims,2,2/8,5974.02974337627,5974.02974337627
12.20.3,12,3,ims,3,3/8,5974.02974337627,5974.02974337627
12.20.3,12,3,ims,4,4/8,5974.02974337627,5974.02974337627
12.20.3,12,3,ims,5,5/8,5974.02974337627,5974.02974337627
12.20.3,12,3,ims,6,6/8,5974.02974337627,5974.02974337627
12.20.3,12,3,ims,7,7/8,5974.02974337627,5974.02974337627
12.20.3,12,3,ims,8,8/8,5974.02974337627,5974.02974337627
12.20.3,12,4,ims,0,0/8,6105.994140451899,5974.02974337627
12.20.3,12,4,ims,1,1/8,5974.02974337627,5974.02974337627
12.20.3,12,4,ims,2,2/8,5974.02974337627,5974.02974337627
12.20.3,12,4,ims,3,3/8,5974.02974337627,5974.02974337627
12.20.3,12,4,ims,4,4/8,5974.02974337627,5974.02974337627
12.20.3,12,4,ims,5,5/8,5974.02974337627,5974.02974337627
12.20.3,12,4,ims,6,6/8,5974.02974337627,5974.02974337627
12.20.3,12,4,ims,7,7/8,5974.02974337627,5974.02974337627
12.20.3,12,4,ims,8,8/8,5974.02974337627,5974.02974337627
12.20.3,12,5,ims,0,0/8,6105.994140451899,5974.02974337627
12.20.3,12,5,ims,1,1/8,5974.02974337627,5974.02974337627
12.20.3,12,5,ims,2,2/8,5974.02974337627,5974.02974337627
12.20.3,12,5,ims,3,3/8,5974.02974337627,5974.02974337627
12.20.3,12,5,ims,4,4/8,5974.02974337627,5974.02974337627
12.20.3,12,5,ims,5,5/8,5974.02974337627,5974.02974337627
12.20.3,12,5,ims,6,6/8,5974.02974337627,5974.02974337627
12.20.3,12,5,ims,7,7/8,5974.02974337627,5974.02974337627
12.20.3,12,5,ims,8,8/8,5974.02974337627,5974.02974337627
12.20.3,12,6,ims,0,0/8,6056.654390206185,5974.02974337627
12.20.3,12,6,ims,1,1/8,5974.02974337627,5974.02974337627
12.20.3,12,6,ims,2,2/8,5974.02974337627,5974.02974337627
12.20.3,12,6,ims,3,3/8,5974.02974337627,5974.02974337627
12.20.3,12,6,ims,4,4/8,5974.02974337627,5974.02974337627
12.20.3,12,6,ims,5,5/8,5974.02974337627,5974.02974337627
12.20.3,12,6,ims,6,6/8,5974.02974337627,5974.02974337627
12.20.3,12,6,ims,7,7/8,5974.02974337627,5974.02974337627
12.20.3,12,6,ims,8,8/8,5974.02974337627,5974.02974337627
12.20.3,12,7,ims,0,0/8,6105.994140451899,5974.02974337627
12.20.3,12,7,ims,1,1/8,5974.02974337627,5974.02974337627
12.20.3,12,7,ims,2,2/8,5974.02974337627,5974.02974337627
12.20.3,12,7,ims,3,3/8,5974.02974337627,5974.02974337627
12.20.3,12,7,ims,4,4/8,5974.02974337627,5974.02974337627
12.20.3,12,7,ims,5,5/8,5974.02974337627,5974.02974337627
12.20.3,12,7,ims,6,6/8,5974.02974337627,5974.02974337627
12.20.3,12,7,ims,7,7/8,5974.02974337627,5974.02974337627
12.20.3,12,7,ims,8,8/8,5974.02974337627,5974.02974337627
12.20.3,12,8,ims,0,0/8,6048.3506977555435,5974.02974337627
12.20.3,12,8,ims,1,1/8,5974.02974337627,5974.02974337627
12.20.3,12,8,ims,2,2/8,5974.02974337627,5974.02974337627
12.20.3,12,8,ims,3,3/8,5974.02974337627,5974.02974337627
12.20.3,12,8,ims,4,4/8,5974.02974337627,5974.02974337627
12.20.3,12,8,ims,5,5/8,5974.02974337627,5974.02974337627
12.20.3,12,8,ims,6,6/8,5974.02974337627,5974.02974337627
12.20.3,12,8,ims,7,7/8,5974.02974337627,5974.02974337627
12.20.3,12,8,ims,8,8/8,5974.02974337627,5974.02974337627
12.20.3,12,9,ims,0,0/8,6289.305558964426,5974.02974337627
12.20.3,12,9,ims,1,1/8,5974.02974337627,5974.02974337627
12.20.3,12,9,ims,2,2/8,5974.02974337627,5974.02974337627
12.20.3,12,9,ims,3,3/8,5974.02974337627,5974.02974337627
12.20.3,12,9,ims,4,4/8,5974.02974337627,5974.02974337627
12.20.3,12,9,ims,5,5/8,5974.02974337627,5974.02974337627
12.20.3,12,9,ims,6,6/8,5974.02974337627,5974.02974337627
12.20.3,12,9,ims,7,7/8,5974.02974337627,5974.02974337627
12.20.3,12,9,ims,8,8/8,5974.02974337627,5974.02974337627
12.20.3,12,10,ims,0,0/8,6105.994140451899,5974.02974337627
12.20.3,12,10,ims,1,1/8,5974.02974337627,5974.02974337627
12.20.3,12,10,ims,2,2/8,5974.02974337627,5974.02974337627
12.20.3,12,10,ims,3,3/8,5974.02974337627,5974.02974337627
12.20.3,12,10,ims,4,4/8,5974.02974337627,5974.02974337627
12.20.3,12,10,ims,5,5/8,5974.02974337627,5974.02974337627
12.20.3,12,10,ims,6,6/8,5974.02974337627,5974.02974337627
12.20.3,12,10,ims,7,7/8,5974.02974337627,5974.02974337627
12.20.3,12,10,ims,8,8/8,5974.02974337627,5974.02974337627
12.20.3,12,1,sats,0,0/8,7019.601869384446,5974.02974337627
12.20.3,12,1,sats,1,1/8,5974.02974337627,5974.02974337627
12.20.3,12,1,sats,2,2/8,5974.02974337627,5974.02974337627
12.20.3,12,1,sats,3,3/8,5974.02974337627,5974.02974337627
12.20.3,12,1,sats,4,4/8,5974.02974337627,5974.02974337627
12.20.3,12,1,sats,5,5/8,5974.02974337627,5974.02974337627
12.20.3,12,1,sats,6,6/8,5974.02974337627,5974.02974337627
12.20.3,12,1,sats,7,7/8,5974.02974337627,5974.02974337627
12.20.3,12,1,sats,8,8/8,5974.02974337627,5974.02974337627
12.20.3,12,2,sats,0,0/8,6111.00190558697,5974.02974337627
12.20.3,12,2,sats,1,1/8,5974.02974337627,5974.02974337627
12.20.3,12,2,sats,2,2/8,5974.02974337627,5974.02974337627
12.20.3,12,2,sats,3,3/8,5974.02974337627,5974.02974337627
12.20.3,12,2,sats,4,4/8,5974.02974337627,5974.02974337627
12.20.3,12,2,sats,5,5/8,5974.02974337627,5974.02974337627
12.20.3,12,2,sats,6,6/8,5974.02974337627,5974.02974337627
12.20.3,12,2,sats,7,7/8,5974.02974337627,5974.02974337627
12.20.3,12,2,sats,8,8/8,5974.02974337627,5974.02974337627
12.20.3,12,3,sats,0,0/8,6056.654390206185,5974.02974337627
12.20.3,12,3,sats,1,1/8,5974.02974337627,5974.02974337627
12.20.3,12,3,sats,2,2/8,5974.02974337627,5974.02974337627
12.20.3,12,3,sats,3,3/8,5974.02974337627,5974.02974337627
12.20.3,12,3,sats,4,4/8,5974.02974337627,5974.02974337627
12.20.3,12,3,sats,5,5/8,5974.02974337627,5974.02974337627
12.20.3,12,3,sats,6,6/8,5974.02974337627,5974.02974337627
12.20.3,12,3,sats,7,7/8,5974.02974337627,5974.02974337627
12.20.3,12,3,sats,8,8/8,5974.02974337627,5974.02974337627
12.20.3,12,4,sats,0,0/8,7089.5481994092115,5974.02974337627
12.20.3,12,4,sats,1,1/8,5974.02974337627,5974.02974337627
12.20.3,12,4,sats,2,2/8,5974.02974337627,5974.02974337627
12.20.3,12,4,sats,3,3/8,5974.02974337627,5974.02974337627
12.20.3,12,4,sats,4,4/8,5974.02974337627,5974.02974337627
12.20.3,12,4,sats,5,5/8,5974.02974337627,5974.02974337627
12.20.3,12,4,sats,6,6/8,5974.02974337627,5974.02974337627
12.20.3,12,4,sats,7,7/8,5974.02974337627,5974.02974337627
12.20.3,12,4,sats,8,8/8,5974.02974337627,5974.02974337627
12.20.3,12,5,sats,0,0/8,7019.601869384446,5974.02974337627
12.20.3,12,5,sats,1,1/8,5974.02974337627,5974.02974337627
12.20.3,12,5,sats,2,2/8,5974.02974337627,5974.02974337627
12.20.3,12,5,sats,3,3/8,5974.02974337627,5974.02974337627
12.20.3,12,5,sats,4,4/8,5974.02974337627,5974.02974337627
12.20.3,12,5,sats,5,5/8,5974.02974337627,5974.02974337627
12.20.3,12,5,sats,6,6/8,5974.02974337627,5974.02974337627
12.20.3,12,5,sats,7,7/8,5974.02974337627,5974.02974337627
12.20.3,12,5,sats,8,8/8,5974.02974337627,5974.02974337627
12.20.3,12,6,sats,0,0/8,6056.654390206185,5974.02974337627
12.20.3,12,6,sats,1,1/8,5974.02974337627,5974.02974337627
12.20.3,12,6,sats,2,2/8,5974.02974337627,5974.02974337627
12.20.3,12,6,sats,3,3/8,5974.02974337627,5974.02974337627
12.20.3,12,6,sats,4,4/8,5974.02974337627,5974.02974337627
12.20.3,12,6,sats,5,5/8,5974.02974337627,5974.02974337627
12.20.3,12,6,sats,6,6/8,5974.02974337627,5974.02974337627
12.20.3,12,6,sats,7,7/8,5974.02974337627,5974.02974337627
12.20.3,12,6,sats,8,8/8,5974.02974337627,5974.02974337627
12.20.3,12,7,sats,0,0/8,6880.645559078923,5974.02974337627
12.20.3,12,7,sats,1,1/8,5974.02974337627,5974.02974337627
12.20.3,12,7,sats,2,2/8,5974.02974337627,5974.02974337627
12.20.3,12,7,sats,3,3/8,5974.02974337627,5974.02974337627
12.20.3,12,7,sats,4,4/8,5974.02974337627,5974.02974337627
12.20.3,12,7,sats,5,5/8,5974.02974337627,5974.02974337627
12.20.3,12,7,sats,6,6/8,5974.02974337627,5974.02974337627
12.20.3,12,7,sats,7,7/8,5974.02974337627,5974.02974337627
12.20.3,12,7,sats,8,8/8,5974.02974337627,5974.02974337627
12.20.3,12,8,sats,0,0/8,6111.00190558697,5974.02974337627
12.20.3,12,8,sats,1,1/8,5974.02974337627,5974.02974337627
12.20.3,12,8,sats,2,2/8,5974.02974337627,5974.02974337627
12.20.3,12,8,sats,3,3/8,5974.02974337627,5974.02974337627
12.20.3,12,8,sats,4,4/8,5974.02974337627,5974.02974337627
12.20.3,12,8,sats,5,5/8,5974.02974337627,5974.02974337627
12.20.3,12,8,sats,6,6/8,5974.02974337627,5974.02974337627
12.20.3,12,8,sats,7,7/8,5974.02974337627,5974.02974337627
12.20.3,12,8,sats,8,8/8,5974.02974337627,5974.02974337627
12.20.3,12,9,sats,0,0/8,7262.994266272595,5974.02974337627
12.20.3,12,9,sats,1,1/8,5974.02974337627,5974.02974337627
12.20.3,12,9,sats,2,2/8,5974.02974337627,5974.02974337627
12.20.3,12,9,sats,3,3/8,5974.02974337627,5974.02974337627
12.20.3,12,9,sats,4,4/8,5974.02974337627,5974.02974337627
12.20.3,12,9,sats,5,5/8,5974.02974337627,5974.02974337627
12.20.3,12,9,sats,6,6/8,5974.02974337627,5974.02974337627
12.20.3,12,9,sats,7,7/8,5974.02974337627,5974.02974337627
12.20.3,12,9,sats,8,8/8,5974.02974337627,5974.02974337627
12.20.3,12,10,sats,0,0/8,6926.508162246251,5974.02974337627
12.20.3,12,10,sats,1,1/8,5974.02974337627,5974.02974337627
12.20.3,12,10,sats,2,2/8,5974.02974337627,5974.02974337627
12.20.3,12,10,sats,3,3/8,5974.02974337627,5974.02974337627
12.20.3,12,10,sats,4,4/8,5974.02974337627,5974.02974337627
12.20.3,12,10,sats,5,5/8,5974.02974337627,5974.02974337627
12.20.3,12,10,sats,6,6/8,5974.02974337627,5974.02974337627
12.20.3,12,10,sats,7,7/8,5974.02974337627,5974.02974337627
12.20.3,12,10,sats,8,8/8,5974.02974337627,5974.02974337627
12.20.4,12,1,ims,0,0/8,8115.136487630589,7417.996848485695
12.20.4,12,1,ims,1,1/8,7417.9968484856945,7417.996848485695
12.20.4,12,1,ims,2,2/8,7417.9968484856945,7417.996848485695
12.20.4,12,1,ims,3,3/8,7417.9968484856945,7417.996848485695
12.20.4,12,1,ims,4,4/8,7417.9968484856945,7417.996848485695
12.20.4,12,1,ims,5,5/8,7417.9968484856945,7417.996848485695
12.20.4,12,1,ims,6,6/8,7417.9968484856945,7417.996848485695
12.20.4,12,1,ims,7,7/8,7417.9968484856945,7417.996848485695
12.20.4,12,1,ims,8,8/8,7417.9968484856945,7417.996848485695
12.20.4,12,2,ims,0,0/8,8115.136487630589,7417.996848485695
12.20.4,12,2,ims,1,1/8,7417.9968484856945,7417.996848485695
12.20.4,12,2,ims,2,2/8,7417.9968484856945,7417.996848485695
12.20.4,12,2,ims,3,3/8,7417.9968484856945,7417.996848485695
12.20.4,12,2,ims,4,4/8,7417.9968484856945,7417.996848485695
12.20.4,12,2,ims,5,5/8,7417.9968484856945,7417.996848485695
12.20.4,12,2,ims,6,6/8,7417.9968484856945,7417.996848485695
12.20.4,12,2,ims,7,7/8,7417.9968484856945,7417.996848485695
12.20.4,12,2,ims,8,8/8,7417.9968484856945,7417.996848485695
12.20.4,12,3,ims,0,0/8,8115.136487630589,7417.996848485695
12.20.4,12,3,ims,1,1/8,7417.9968484856945,7417.996848485695
12.20.4,12,3,ims,2,2/8,7417.9968484856945,7417.996848485695
12.20.4,12,3,ims,3,3/8,7417.9968484856945,7417.996848485695
12.20.4,12,3,ims,4,4/8,7417.9968484856945,7417.996848485695
12.20.4,12,3,ims,5,5/8,7417.9968484856945,7417.996848485695
12.20.4,12,3,ims,6,6/8,7417.9968484856945,7417.996848485695
12.20.4,12,3,ims,7,7/8,7417.9968484856945,7417.996848485695
12.20.4,12,3,ims,8,8/8,7417.9968484856945,7417.996848485695
12.20.4,12,4,ims,0,0/8,7929.81604421112,7417.996848485695
12.20.4,12,4,ims,1,1/8,7417.9968484856945,7417.996848485695
12.20.4,12,4,ims,2,2/8,7417.9968484856945,7417.996848485695
12.20.4,12,4,ims,3,3/8,7417.9968484856945,7417.996848485695
12.20.4,12,4,ims,4,4/8,7417.9968484856945,7417.996848485695
12.20.4,12,4,ims,5,5/8,7417.9968484856945,7417.996848485695
12.20.4,12,4,ims,6,6/8,7417.9968484856945,7417.996848485695
12.20.4,12,4,ims,7,7/8,7417.9968484856945,7417.996848485695
12.20.4,12,4,ims,8,8/8,7417.9968484856945,7417.996848485695
12.20.4,12,5,ims,0,0/8,8115.136487630589,7417.996848485695
12.20.4,12,5,ims,1,1/8,7417.9968484856945,7417.996848485695
12.20.4,12,5,ims,2,2/8,7417.9968484856945,7417.996848485695
12.20.4,12,5,ims,3,3/8,7417.9968484856945,7417.996848485695
12.20.4,12,5,ims,4,4/8,7417.9968484856945,7417.996848485695
12.20.4,12,5,ims,5,5/8,7417.9968484856945,7417.996848485695
12.20.4,12,5,ims,6,6/8,7417.9968484856945,7417.996848485695
12.20.4,12,5,ims,7,7/8,7417.9968484856945,7417.996848485695
12.20.4,12,5,ims,8,8/8,7417.9968484856945,7417.996848485695
12.20.4,12,6,ims,0,0/8,8319.896165467475,7417.996848485695
12.20.4,12,6,ims,1,1/8,7417.9968484856945,7417.996848485695
12.20.4,12,6,ims,2,2/8,7417.9968484856945,7417.996848485695
12.20.4,12,6,ims,3,3/8,7417.9968484856945,7417.996848485695
12.20.4,12,6,ims,4,4/8,7417.9968484856945,7417.996848485695
12.20.4,12,6,ims,5,5/8,7417.9968484856945,7417.996848485695
12.20.4,12,6,ims,6,6/8,7417.9968484856945,7417.996848485695
12.20.4,12,6,ims,7,7/8,7417.9968484856945,7417.996848485695
12.20.4,12,6,ims,8,8/8,7417.9968484856945,7417.996848485695
12.20.4,12,7,ims,0,0/8,8115.136487630589,7417.996848485695
12.20.4,12,7,ims,1,1/8,7417.9968484856945,7417.996848485695
12.20.4,12,7,ims,2,2/8,7417.9968484856945,7417.996848485695
12.20.4,12,7,ims,3,3/8,7417.9968484856945,7417.996848485695
12.20.4,12,7,ims,4,4/8,7417.9968484856945,7417.996848485695
12.20.4,12,7,ims,5,5/8,7417.9968484856945,7417.996848485695
12.20.4,12,7,ims,6,6/8,7417.9968484856945,7417.996848485695
12.20.4,12,7,ims,7,7/8,7417.9968484856945,7417.996848485695
12.20.4,12,7,ims,8,8/8,7417.9968484856945,7417.996848485695
12.20.4,12,8,ims,0,0/8,8766.319326903356,7417.996848485695
12.20.4,12,8,ims,1,1/8,7417.9968484856945,7417.996848485695
12.20.4,12,8,ims,2,2/8,7417.9968484856945,7417.996848485695
12.20.4,12,8,ims,3,3/8,7417.9968484856945,7417.996848485695
12.20.4,12,8,ims,4,4/8,7417.9968484856945,7417.996848485695
12.20.4,12,8,ims,5,5/8,7417.9968484856945,7417.996848485695
12.20.4,12,8,ims,6,6/8,7417.9968484856945,7417.996848485695
12.20.4,12,8,ims,7,7/8,7417.9968484856945,7417.996848485695
12.20.4,12,8,ims,8,8/8,7417.9968484856945,7417.996848485695
12.20.4,12,9,ims,0,0/8,7929.81604421112,7417.996848485695
12.20.4,12,9,ims,1,1/8,7417.9968484856945,7417.996848485695
12.20.4,12,9,ims,2,2/8,7417.9968484856945,7417.996848485695
12.20.4,12,9,ims,3,3/8,7417.9968484856945,7417.996848485695
12.20.4,12,9,ims,4,4/8,7417.9968484856945,7417.996848485695
12.20.4,12,9,ims,5,5/8,7417.9968484856945,7417.996848485695
12.20.4,12,9,ims,6,6/8,7417.9968484856945,7417.996848485695
12.20.4,12,9,ims,7,7/8,7417.9968484856945,7417.996848485695
12.20.4,12,9,ims,8,8/8,7417.9968484856945,7417.996848485695
12.20.4,12,10,ims,0,0/8,7929.81604421112,7417.996848485695
12.20.4,12,10,ims,1,1/8,7417.9968484856945,7417.996848485695
12.20.4,12,10,ims,2,2/8,7417.9968484856945,7417.996848485695
12.20.4,12,10,ims,3,3/8,7417.9968484856945,7417.996848485695
12.20.4,12,10,ims,4,4/8,7417.9968484856945,7417.996848485695
12.20.4,12,10,ims,5,5/8,7417.9968484856945,7417.996848485695
12.20.4,12,10,ims,6,6/8,7417.9968484856945,7417.996848485695
12.20.4,12,10,ims,7,7/8,7417.9968484856945,7417.996848485695
12.20.4,12,10,ims,8,8/8,7417.9968484856945,7417.996848485695
12.20.4,12,1,sats,0,0/8,8115.136487630589,7417.996848485695
12.20.4,12,1,sats,1,1/8,7417.9968484856945,7417.996848485695
12.20.4,12,1,sats,2,2/8,7417.9968484856945,7417.996848485695
12.20.4,12,1,sats,3,3/8,7417.9968484856945,7417.996848485695
12.20.4,12,1,sats,4,4/8,7417.9968484856945,7417.996848485695
12.20.4,12,1,sats,5,5/8,7417.9968484856945,7417.996848485695
12.20.4,12,1,sats,6,6/8,7417.9968484856945,7417.996848485695
12.20.4,12,1,sats,7,7/8,7417.9968484856945,7417.996848485695
12.20.4,12,1,sats,8,8/8,7417.9968484856945,7417.996848485695
12.20.4,12,2,sats,0,0/8,9658.119714156577,7417.996848485695
12.20.4,12,2,sats,1,1/8,7417.996848485695,7417.996848485695
12.20.4,12,2,sats,2,2/8,7417.996848485695,7417.996848485695
12.20.4,12,2,sats,3,3/8,7417.996848485695,7417.996848485695
12.20.4,12,2,sats,4,4/8,7417.996848485695,7417.996848485695
12.20.4,12,2,sats,5,5/8,7417.996848485695,7417.996848485695
12.20.4,12,2,sats,6,6/8,7417.996848485695,7417.996848485695
12.20.4,12,2,sats,7,7/8,7417.996848485695,7417.996848485695
12.20.4,12,2,sats,8,8/8,7417.996848485695,7417.996848485695
12.20.4,12,3,sats,0,0/8,8319.896165467475,7417.996848485695
12.20.4,12,3,sats,1,1/8,7417.9968484856945,7417.996848485695
12.20.4,12,3,sats,2,2/8,7417.9968484856945,7417.996848485695
12.20.4,12,3,sats,3,3/8,7417.9968484856945,7417.996848485695
12.20.4,12,3,sats,4,4/8,7417.9968484856945,7417.996848485695
12.20.4,12,3,sats,5,5/8,7417.9968484856945,7417.996848485695
12.20.4,12,3,sats,6,6/8,7417.9968484856945,7417.996848485695
12.20.4,12,3,sats,7,7/8,7417.9968484856945,7417.996848485695
12.20.4,12,3,sats,8,8/8,7417.9968484856945,7417.996848485695
12.20.4,12,4,sats,0,0/8,9945.56158644838,7417.996848485695
12.20.4,12,4,sats,1,1/8,7417.996848485695,7417.996848485695
12.20.4,12,4,sats,2,2/8,7417.996848485695,7417.996848485695
12.20.4,12,4,sats,3,3/8,7417.996848485695,7417.996848485695
12.20.4,12,4,sats,4,4/8,7417.996848485695,7417.996848485695
12.20.4,12,4,sats,5,5/8,7417.996848485695,7417.996848485695
12.20.4,12,4,sats,6,6/8,7417.996848485695,7417.996848485695
12.20.4,12,4,sats,7,7/8,7417.996848485695,7417.996848485695
12.20.4,12,4,sats,8,8/8,7417.996848485695,7417.996848485695
12.20.4,12,5,sats,0,0/8,8115.136487630589,7417.996848485695
12.20.4,12,5,sats,1,1/8,7417.996848485695,7417.996848485695
12.20.4,12,5,sats,2,2/8,7417.996848485695,7417.996848485695
12.20.4,12,5,sats,3,3/8,7417.996848485695,7417.996848485695
12.20.4,12,5,sats,4,4/8,7417.996848485695,7417.996848485695
12.20.4,12,5,sats,5,5/8,7417.996848485695,7417.996848485695
12.20.4,12,5,sats,6,6/8,7417.996848485695,7417.996848485695
12.20.4,12,5,sats,7,7/8,7417.996848485695,7417.996848485695
12.20.4,12,5,sats,8,8/8,7417.996848485695,7417.996848485695
12.20.4,12,6,sats,0,0/8,8319.896165467475,7417.996848485695
12.20.4,12,6,sats,1,1/8,7417.996848485695,7417.996848485695
12.20.4,12,6,sats,2,2/8,7417.996848485695,7417.996848485695
12.20.4,12,6,sats,3,3/8,7417.996848485695,7417.996848485695
12.20.4,12,6,sats,4,4/8,7417.996848485695,7417.996848485695
12.20.4,12,6,sats,5,5/8,7417.996848485695,7417.996848485695
12.20.4,12,6,sats,6,6/8,7417.996848485695,7417.996848485695
12.20.4,12,6,sats,7,7/8,7417.996848485695,7417.996848485695
12.20.4,12,6,sats,8,8/8,7417.996848485695,7417.996848485695
12.20.4,12,7,sats,0,0/8,9720.66451723738,7417.996848485695
12.20.4,12,7,sats,1,1/8,7417.9968484856945,7417.996848485695
12.20.4,12,7,sats,2,2/8,7417.9968484856945,7417.996848485695
12.20.4,12,7,sats,3,3/8,7417.9968484856945,7417.996848485695
12.20.4,12,7,sats,4,4/8,7417.9968484856945,7417.996848485695
12.20.4,12,7,sats,5,5/8,7417.9968484856945,7417.996848485695
12.20.4,12,7,sats,6,6/8,7417.9968484856945,7417.996848485695
12.20.4,12,7,sats,7,7/8,7417.9968484856945,7417.996848485695
12.20.4,12,7,sats,8,8/8,7417.9968484856945,7417.996848485695
12.20.4,12,8,sats,0,0/8,9658.119714156577,7417.996848485695
12.20.4,12,8,sats,1,1/8,7417.996848485695,7417.996848485695
12.20.4,12,8,sats,2,2/8,7417.996848485695,7417.996848485695
12.20.4,12,8,sats,3,3/8,7417.996848485695,7417.996848485695
12.20.4,12,8,sats,4,4/8,7417.996848485695,7417.996848485695
12.20.4,12,8,sats,5,5/8,7417.996848485695,7417.996848485695
12.20.4,12,8,sats,6,6/8,7417.996848485695,7417.996848485695
12.20.4,12,8,sats,7,7/8,7417.996848485695,7417.996848485695
12.20.4,12,8,sats,8,8/8,7417.996848485695,7417.996848485695
12.20.4,12,9,sats,0,0/8,8115.136487630589,7417.996848485695
12.20.4,12,9,sats,1,1/8,7417.996848485695,7417.996848485695
12.20.4,12,9,sats,2,2/8,7417.996848485695,7417.996848485695
12.20.4,12,9,sats,3,3/8,7417.996848485695,7417.996848485695
12.20.4,12,9,sats,4,4/8,7417.996848485695,7417.996848485695
12.20.4,12,9,sats,5,5/8,7417.996848485695,7417.996848485695
12.20.4,12,9,sats,6,6/8,7417.996848485695,7417.996848485695
12.20.4,12,9,sats,7,7/8,7417.996848485695,7417.996848485695
12.20.4,12,9,sats,8,8/8,7417.996848485695,7417.996848485695
12.20.4,12,10,sats,0,0/8,10011.456690796877,7417.996848485695
12.20.4,12,10,sats,1,1/8,7417.9968484856945,7417.996848485695
12.20.4,12,10,sats,2,2/8,7417.9968484856945,7417.996848485695
12.20.4,12,10,sats,3,3/8,7417.9968484856945,7417.996848485695
12.20.4,12,10,sats,4,4/8,7417.9968484856945,7417.996848485695
12.20.4,12,10,sats,5,5/8,7417.9968484856945,7417.996848485695
12.20.4,12,10,sats,6,6/8,7417.9968484856945,7417.996848485695
12.20.4,12,10,sats,7,7/8,7417.9968484856945,7417.996848485695
12.20.4,12,10,sats,8,8/8,7417.9968484856945,7417.996848485695
12.5.1,12,1,ims,0,0/8,832.365048377459,722.7394361159835
12.5.1,12,1,ims,1,1/8,722.7394361159835,722.7394361159835
12.5.1,12,1,ims,2,2/8,722.7394361159835,722.7394361159835
12.5.1,12,1,ims,3,3/8,722.7394361159835,722.7394361159835
12.5.1,12,1,ims,4,4/8,722.7394361159835,722.7394361159835
12.5.1,12,1,ims,5,5/8,722.7394361159835,722.7394361159835
12.5.1,12,1,ims,6,6/8,722.7394361159835,722.7394361159835
12.5.1,12,1,ims,7,7/8,722.7394361159835,722.7394361159835
12.5.1,12,1,ims,8,8/8,722.7394361159835,722.7394361159835
12.5.1,12,2,ims,0,0/8,892.7874310287415,722.7394361159835
12.5.1,12,2,ims,1,1/8,722.7394361159835,722.7394361159835
12.5.1,12,2,ims,2,2/8,722.7394361159835,722.7394361159835
12.5.1,12,2,ims,3,3/8,722.7394361159835,722.7394361159835
12.5.1,12,2,ims,4,4/8,722.7394361159835,722.7394361159835
12.5.1,12,2,ims,5,5/8,722.7394361159835,722.7394361159835
12.5.1,12,2,ims,6,6/8,722.7394361159835,722.7394361159835
12.5.1,12,2,ims,7,7/8,722.7394361159835,722.7394361159835
12.5.1,12,2,ims,8,8/8,722.7394361159835,722.7394361159835
12.5.1,12,3,ims,0,0/8,826.2518659471281,722.7394361159835
12.5.1,12,3,ims,1,1/8,722.7394361159835,722.7394361159835
12.5.1,12,3,ims,2,2/8,722.7394361159835,722.7394361159835
12.5.1,12,3,ims,3,3/8,722.7394361159835,722.7394361159835
12.5.1,12,3,ims,4,4/8,722.7394361159835,722.7394361159835
12.5.1,12,3,ims,5,5/8,722.7394361159835,722.7394361159835
12.5.1,12,3,ims,6,6/8,722.7394361159835,722.7394361159835
12.5.1,12,3,ims,7,7/8,722.7394361159835,722.7394361159835
12.5.1,12,3,ims,8,8/8,722.7394361159835,722.7394361159835
12.5.1,12,4,ims,0,0/8,892.7874310287415,722.7394361159835
12.5.1,12,4,ims,1,1/8,722.7394361159835,722.7394361159835
12.5.1,12,4,ims,2,2/8,722.7394361159835,722.7394361159835
12.5.1,12,4,ims,3,3/8,722.7394361159835,722.7394361159835
12.5.1,12,4,ims,4,4/8,722.7394361159835,722.7394361159835
12.5.1,12,4,ims,5,5/8,722.7394361159835,722.7394361159835
12.5.1,12,4,ims,6,6/8,722.7394361159835,722.7394361159835
12.5.1,12,4,ims,7,7/8,722.7394361159835,722.7394361159835
12.5.1,12,4,ims,8,8/8,722.7394361159835,722.7394361159835
12.5.1,12,5,ims,0,0/8,837.090746126117,722.7394361159835
12.5.1,12,5,ims,1,1/8,722.7394361159835,722.7394361159835
12.5.1,12,5,ims,2,2/8,722.7394361159835,722.7394361159835
12.5.1,12,5,ims,3,3/8,722.7394361159835,722.7394361159835
12.5.1,12,5,ims,4,4/8,722.7394361159835,722.7394361159835
12.5.1,12,5,ims,5,5/8,722.7394361159835,722.7394361159835
12.5.1,12,5,ims,6,6/8,722.7394361159835,722.7394361159835
12.5.1,12,5,ims,7,7/8,722.7394361159835,722.7394361159835
12.5.1,12,5,ims,8,8/8,722.7394361159835,722.7394361159835
12.5.1,12,6,ims,0,0/8,826.2518659471281,722.7394361159835
12.5.1,12,6,ims,1,1/8,722.7394361159835,722.7394361159835
12.5.1,12,6,ims,2,2/8,722.7394361159835,722.7394361159835
12.5.1,12,6,ims,3,3/8,722.7394361159835,722.7394361159835
12.5.1,12,6,ims,4,4/8,722.7394361159835,722.7394361159835
12.5.1,12,6,ims,5,5/8,722.7394361159835,722.7394361159835
12.5.1,12,6,ims,6,6/8,722.7394361159835,722.7394361159835
12.5.1,12,6,ims,7,7/8,722.7394361159835,722.7394361159835
12.5.1,12,6,ims,8,8/8,722.7394361159835,722.7394361159835
12.5.1,12,7,ims,0,0/8,826.2518659471281,722.7394361159835
12.5.1,12,7,ims,1,1/8,722.7394361159835,722.7394361159835
12.5.1,12,7,ims,2,2/8,722.7394361159835,722.7394361159835
12.5.1,12,7,ims,3,3/8,722.7394361159835,722.7394361159835
12.5.1,12,7,ims,4,4/8,722.7394361159835,722.7394361159835
12.5.1,12,7,ims,5,5/8,722.7394361159835,722.7394361159835
12.5.1,12,7,ims,6,6/8,722.7394361159835,722.7394361159835
12.5.1,12,7,ims,7,7/8,722.7394361159835,722.7394361159835
12.5.1,12,7,ims,8,8/8,722.7394361159835,722.7394361159835
12.5.1,12,8,ims,0,0/8,826.2518659471281,722.7394361159835
12.5.1,12,8,ims,1,1/8,722.7394361159835,722.7394361159835
12.5.1,12,8,ims,2,2/8,722.7394361159835,722.7394361159835
12.5.1,12,8,ims,3,3/8,722.7394361159835,722.7394361159835
12.5.1,12,8,ims,4,4/8,722.7394361159835,722.7394361159835
12.5.1,12,8,ims,5,5/8,722.7394361159835,722.7394361159835
12.5.1,12,8,ims,6,6/8,722.7394361159835,722.7394361159835
12.5.1,12,8,ims,7,7/8,722.7394361159835,722.7394361159835
12.5.1,12,8,ims,8,8/8,722.7394361159835,722.7394361159835
12.5.1,12,9,ims,0,0/8,826.2518659471281,722.7394361159835
12.5.1,12,9,ims,1,1/8,722.7394361159835,722.7394361159835
12.5.1,12,9,ims,2,2/8,722.7394361159835,722.7394361159835
12.5.1,12,9,ims,3,3/8,722.7394361159835,722.7394361159835
12.5.1,12,9,ims,4,4/8,722.7394361159835,722.7394361159835
12.5.1,12,9,ims,5,5/8,722.7394361159835,722.7394361159835
12.5.1,12,9,ims,6,6/8,722.7394361159835,722.7394361159835
12.5.1,12,9,ims,7,7/8,722.7394361159835,722.7394361159835
12.5.1,12,9,ims,8,8/8,722.7394361159835,722.7394361159835
12.5.1,12,10,ims,0,0/8,892.7874310287415,722.7394361159835
12.5.1,12,10,ims,1,1/8,722.7394361159835,722.7394361159835
12.5.1,12,10,ims,2,2/8,722.7394361159835,722.7394361159835
12.5.1,12,10,ims,3,3/8,722.7394361159835,722.7394361159835
12.5.1,12,10,ims,4,4/8,722.7394361159835,722.7394361159835
12.5.1,12,10,ims,5,5/8,722.7394361159835,722.7394361159835
12.5.1,12,10,ims,6,6/8,722.7394361159835,722.7394361159835
12.5.1,12,10,ims,7,7/8,722.7394361159835,722.7394361159835
12.5.1,12,10,ims,8,8/8,722.7394361159835,722.7394361159835
12.5.1,12,1,sats,0,0/8,1205.8762610402543,722.7394361159835
12.5.1,12,1,sats,1,1/8,722.7394361159835,722.7394361159835
12.5.1,12,1,sats,2,2/8,722.7394361159835,722.7394361159835
12.5.1,12,1,sats,3,3/8,722.7394361159835,722.7394361159835
12.5.1,12,1,sats,4,4/8,722.7394361159835,722.7394361159835
12.5.1,12,1,sats,5,5/8,722.7394361159835,722.7394361159835
12.5.1,12,1,sats,6,6/8,722.7394361159835,722.7394361159835
12.5.1,12,1,sats,7,7/8,722.7394361159835,722.7394361159835
12.5.1,12,1,sats,8,8/8,722.7394361159835,722.7394361159835
12.5.1,12,2,sats,0,0/8,1061.7934131342954,722.7394361159835
12.5.1,12,2,sats,1,1/8,722.7394361159836,722.7394361159835
12.5.1,12,2,sats,2,2/8,722.7394361159836,722.7394361159835
12.5.1,12,2,sats,3,3/8,722.7394361159836,722.7394361159835
12.5.1,12,2,sats,4,4/8,722.7394361159836,722.7394361159835
12.5.1,12,2,sats,5,5/8,722.7394361159836,722.7394361159835
12.5.1,12,2,sats,6,6/8,722.7394361159836,722.7394361159835
12.5.1,12,2,sats,7,7/8,722.7394361159836,722.7394361159835
12.5.1,12,2,sats,8,8/8,722.7394361159836,722.7394361159835
12.5.1,12,3,sats,0,0/8,832.365048377459,722.7394361159835
12.5.1,12,3,sats,1,1/8,722.7394361159835,722.7394361159835
12.5.1,12,3,sats,2,2/8,722.7394361159835,722.7394361159835
12.5.1,12,3,sats,3,3/8,722.7394361159835,722.7394361159835
12.5.1,12,3,sats,4,4/8,722.7394361159835,722.7394361159835
12.5.1,12,3,sats,5,5/8,722.7394361159835,722.7394361159835
12.5.1,12,3,sats,6,6/8,722.7394361159835,722.7394361159835
12.5.1,12,3,sats,7,7/8,722.7394361159835,722.7394361159835
12.5.1,12,3,sats,8,8/8,722.7394361159835,722.7394361159835
12.5.1,12,4,sats,0,0/8,892.7874310287415,722.7394361159835
12.5.1,12,4,sats,1,1/8,722.7394361159836,722.7394361159835
12.5.1,12,4,sats,2,2/8,722.7394361159836,722.7394361159835
12.5.1,12,4,sats,3,3/8,722.7394361159836,722.7394361159835
12.5.1,12,4,sats,4,4/8,722.7394361159836,722.7394361159835
12.5.1,12,4,sats,5,5/8,722.7394361159836,722.7394361159835
12.5.1,12,4,sats,6,6/8,722.7394361159836,722.7394361159835
12.5.1,12,4,sats,7,7/8,722.7394361159836,722.7394361159835
12.5.1,12,4,sats,8,8/8,722.7394361159836,722.7394361159835
12.5.1,12,5,sats,0,0/8,1205.8762610402543,722.7394361159835
12.5.1,12,5,sats,1,1/8,722.7394361159835,722.7394361159835
12.5.1,12,5,sats,2,2/8,722.7394361159835,722.7394361159835
12.5.1,12,5,sats,3,3/8,722.7394361159835,722.7394361159835
12.5.1,12,5,sats,4,4/8,722.7394361159835,722.7394361159835
12.5.1,12,5,sats,5,5/8,722.7394361159835,722.7394361159835
12.5.1,12,5,sats,6,6/8,722.7394361159835,722.7394361159835
12.5.1,12,5,sats,7,7/8,722.7394361159835,722.7394361159835
12.5.1,12,5,sats,8,8/8,722.7394361159835,722.7394361159835
12.5.1,12,6,sats,0,0/8,832.365048377459,722.7394361159835
12.5.1,12,6,sats,1,1/8,722.7394361159836,722.7394361159835
12.5.1,12,6,sats,2,2/8,722.7394361159836,722.7394361159835
12.5.1,12,6,sats,3,3/8,722.7394361159836,722.7394361159835
12.5.1,12,6,sats,4,4/8,722.7394361159836,722.7394361159835
12.5.1,12,6,sats,5,5/8,722.7394361159836,722.7394361159835
12.5.1,12,6,sats,6,6/8,722.7394361159836,722.7394361159835
12.5.1,12,6,sats,7,7/8,722.7394361159836,722.7394361159835
12.5.1,12,6,sats,8,8/8,722.7394361159836,722.7394361159835
12.5.1,12,7,sats,0,0/8,1057.1671718152413,722.7394361159835
12.5.1,12,7,sats,1,1/8,722.7394361159836,722.7394361159835
12.5.1,12,7,sats,2,2/8,722.7394361159836,722.7394361159835
12.5.1,12,7,sats,3,3/8,722.7394361159836,722.7394361159835
12.5.1,12,7,sats,4,4/8,722.7394361159836,722.7394361159835
12.5.1,12,7,sats,5,5/8,722.7394361159836,722.7394361159835
12.5.1,12,7,sats,6,6/8,722.7394361159836,722.7394361159835
12.5.1,12,7,sats,7,7/8,722.7394361159836,722.7394361159835
12.5.1,12,7,sats,8,8/8,722.7394361159836,722.7394361159835
12.5.1,12,8,sats,0,0/8,1061.7934131342954,722.7394361159835
12.5.1,12,8,sats,1,1/8,722.7394361159835,722.7394361159835
12.5.1,12,8,sats,2,2/8,722.7394361159835,722.7394361159835
12.5.1,12,8,sats,3,3/8,722.7394361159835,722.7394361159835
12.5.1,12,8,sats,4,4/8,722.7394361159835,722.7394361159835
12.5.1,12,8,sats,5,5/8,722.7394361159835,722.7394361159835
12.5.1,12,8,sats,6,6/8,722.7394361159835,722.7394361159835
12.5.1,12,8,sats,7,7/8,722.7394361159835,722.7394361159835
12.5.1,12,8,sats,8,8/8,722.7394361159835,722.7394361159835
12.5.1,12,9,sats,0,0/8,837.090746126117,722.7394361159835
12.5.1,12,9,sats,1,1/8,722.7394361159836,722.7394361159835
12.5.1,12,9,sats,2,2/8,722.7394361159836,722.7394361159835
12.5.1,12,9,sats,3,3/8,722.7394361159836,722.7394361159835
12.5.1,12,9,sats,4,4/8,722.7394361159836,722.7394361159835
12.5.1,12,9,sats,5,5/8,722.7394361159836,722.7394361159835
12.5.1,12,9,sats,6,6/8,722.7394361159836,722.7394361159835
12.5.1,12,9,sats,7,7/8,722.7394361159836,722.7394361159835
12.5.1,12,9,sats,8,8/8,722.7394361159836,722.7394361159835
12.5.1,12,10,sats,0,0/8,892.7874310287415,722.7394361159835
12.5.1,12,10,sats,1,1/8,722.7394361159836,722.7394361159835
12.5.1,12,10,sats,2,2/8,722.7394361159836,722.7394361159835
12.5.1,12,10,sats,3,3/8,722.7394361159836,722.7394361159835
12.5.1,12,10,sats,4,4/8,722.7394361159836,722.7394361159835
12.5.1,12,10,sats,5,5/8,722.7394361159836,722.7394361159835
12.5.1,12,10,sats,6,6/8,722.7394361159836,722.7394361159835
12.5.1,12,10,sats,7,7/8,722.7394361159836,722.7394361159835
12.5.1,12,10,sats,8,8/8,722.7394361159836,722.7394361159835
12.5.2,12,1,ims,0,0/8,831.3585429038499,682.5606451824856
12.5.2,12,1,ims,1,1/8,682.5606451824856,682.5606451824856
12.5.2,12,1,ims,2,2/8,682.5606451824856,682.5606451824856
12.5.2,12,1,ims,3,3/8,682.5606451824856,682.5606451824856
12.5.2,12,1,ims,4,4/8,682.5606451824856,682.5606451824856
12.5.2,12,1,ims,5,5/8,682.5606451824856,682.5606451824856
12.5.2,12,1,ims,6,6/8,682.5606451824856,682.5606451824856
12.5.2,12,1,ims,7,7/8,682.5606451824856,682.5606451824856
12.5.2,12,1,ims,8,8/8,682.5606451824856,682.5606451824856
12.5.2,12,2,ims,0,0/8,993.9823394119103,682.5606451824856
12.5.2,12,2,ims,1,1/8,682.5606451824856,682.5606451824856
12.5.2,12,2,ims,2,2/8,682.5606451824856,682.5606451824856
12.5.2,12,2,ims,3,3/8,682.5606451824856,682.5606451824856
12.5.2,12,2,ims,4,4/8,682.5606451824856,682.5606451824856
12.5.2,12,2,ims,5,5/8,682.5606451824856,682.5606451824856
12.5.2,12,2,ims,6,6/8,682.5606451824856,682.5606451824856
12.5.2,12,2,ims,7,7/8,682.5606451824856,682.5606451824856
12.5.2,12,2,ims,8,8/8,682.5606451824856,682.5606451824856
12.5.2,12,3,ims,0,0/8,831.3585429038499,682.5606451824856
12.5.2,12,3,ims,1,1/8,682.5606451824856,682.5606451824856
12.5.2,12,3,ims,2,2/8,682.5606451824856,682.5606451824856
12.5.2,12,3,ims,3,3/8,682.5606451824856,682.5606451824856
12.5.2,12,3,ims,4,4/8,682.5606451824856,682.5606451824856
12.5.2,12,3,ims,5,5/8,682.5606451824856,682.5606451824856
12.5.2,12,3,ims,6,6/8,682.5606451824856,682.5606451824856
12.5.2,12,3,ims,7,7/8,682.5606451824856,682.5606451824856
12.5.2,12,3,ims,8,8/8,682.5606451824856,682.5606451824856
12.5.2,12,4,ims,0,0/8,857.7805897254216,682.5606451824856
12.5.2,12,4,ims,1,1/8,682.5606451824856,682.5606451824856
12.5.2,12,4,ims,2,2/8,682.5606451824856,682.5606451824856
12.5.2,12,4,ims,3,3/8,682.5606451824856,682.5606451824856
12.5.2,12,4,ims,4,4/8,682.5606451824856,682.5606451824856
12.5.2,12,4,ims,5,5/8,682.5606451824856,682.5606451824856
12.5.2,12,4,ims,6,6/8,682.5606451824856,682.5606451824856
12.5.2,12,4,ims,7,7/8,682.5606451824856,682.5606451824856
12.5.2,12,4,ims,8,8/8,682.5606451824856,682.5606451824856
12.5.2,12,5,ims,0,0/8,857.7805897254216,682.5606451824856
12.5.2,12,5,ims,1,1/8,682.5606451824856,682.5606451824856
12.5.2,12,5,ims,2,2/8,682.5606451824856,682.5606451824856
12.5.2,12,5,ims,3,3/8,682.5606451824856,682.5606451824856
12.5.2,12,5,ims,4,4/8,682.5606451824856,682.5606451824856
12.5.2,12,5,ims,5,5/8,682.5606451824856,682.5606451824856
12.5.2,12,5,ims,6,6/8,682.5606451824856,682.5606451824856
12.5.2,12,5,ims,7,7/8,682.5606451824856,682.5606451824856
12.5.2,12,5,ims,8,8/8,682.5606451824856,682.5606451824856
12.5.2,12,6,ims,0,0/8,831.3585429038499,682.5606451824856
12.5.2,12,6,ims,1,1/8,682.5606451824856,682.5606451824856
12.5.2,12,6,ims,2,2/8,682.5606451824856,682.5606451824856
12.5.2,12,6,ims,3,3/8,682.5606451824856,682.5606451824856
12.5.2,12,6,ims,4,4/8,682.5606451824856,682.5606451824856
12.5.2,12,6,ims,5,5/8,682.5606451824856,682.5606451824856
12.5.2,12,6,ims,6,6/8,682.5606451824856,682.5606451824856
12.5.2,12,6,ims,7,7/8,682.5606451824856,682.5606451824856
12.5.2,12,6,ims,8,8/8,682.5606451824856,682.5606451824856
12.5.2,12,7,ims,0,0/8,857.7805897254216,682.5606451824856
12.5.2,12,7,ims,1,1/8,682.5606451824856,682.5606451824856
12.5.2,12,7,ims,2,2/8,682.5606451824856,682.5606451824856
12.5.2,12,7,ims,3,3/8,682.5606451824856,682.5606451824856
12.5.2,12,7,ims,4,4/8,682.5606451824856,682.5606451824856
12.5.2,12,7,ims,5,5/8,682.5606451824856,682.5606451824856
12.5.2,12,7,ims,6,6/8,682.5606451824856,682.5606451824856
12.5.2,12,7,ims,7,7/8,682.5606451824856,682.5606451824856
12.5.2,12,7,ims,8,8/8,682.5606451824856,682.5606451824856
12.5.2,12,8,ims,0,0/8,993.9823394119103,682.5606451824856
12.5.2,12,8,ims,1,1/8,682.5606451824856,682.5606451824856
12.5.2,12,8,ims,2,2/8,682.5606451824856,682.5606451824856
12.5.2,12,8,ims,3,3/8,682.5606451824856,682.5606451824856
12.5.2,12,8,ims,4,4/8,682.5606451824856,682.5606451824856
12.5.2,12,8,ims,5,5/8,682.5606451824856,682.5606451824856
12.5.2,12,8,ims,6,6/8,682.5606451824856,682.5606451824856
12.5.2,12,8,ims,7,7/8,682.5606451824856,682.5606451824856
12.5.2,12,8,ims,8,8/8,682.5606451824856,682.5606451824856
12.5.2,12,9,ims,0,0/8,1012.7093627236673,682.5606451824856
12.5.2,12,9,ims,1,1/8,682.5606451824856,682.5606451824856
12.5.2,12,9,ims,2,2/8,682.5606451824856,682.5606451824856
12.5.2,12,9,ims,3,3/8,682.5606451824856,682.5606451824856
12.5.2,12,9,ims,4,4/8,682.5606451824856,682.5606451824856
12.5.2,12,9,ims,5,5/8,682.5606451824856,682.5606451824856
12.5.2,12,9,ims,6,6/8,682.5606451824856,682.5606451824856
12.5.2,12,9,ims,7,7/8,682.5606451824856,682.5606451824856
12.5.2,12,9,ims,8,8/8,682.5606451824856,682.5606451824856
12.5.2,12,10,ims,0,0/8,857.7805897254216,682.5606451824856
12.5.2,12,10,ims,1,1/8,682.5606451824856,682.5606451824856
12.5.2,12,10,ims,2,2/8,682.5606451824856,682.5606451824856
12.5.2,12,10,ims,3,3/8,682.5606451824856,682.5606451824856
12.5.2,12,10,ims,4,4/8,682.5606451824856,682.5606451824856
12.5.2,12,10,ims,5,5/8,682.5606451824856,682.5606451824856
12.5.2,12,10,ims,6,6/8,682.5606451824856,682.5606451824856
12.5.2,12,10,ims,7,7/8,682.5606451824856,682.5606451824856
12.5.2,12,10,ims,8,8/8,682.5606451824856,682.5606451824856
12.5.2,12,1,sats,0,0/8,1012.7093627236673,682.5606451824856
12.5.2,12,1,sats,1,1/8,698.266526513398,682.5606451824856
12.5.2,12,1,sats,2,2/8,682.5606451824856,682.5606451824856
12.5.2,12,1,sats,3,3/8,682.5606451824856,682.5606451824856
12.5.2,12,1,sats,4,4/8,682.5606451824856,682.5606451824856
12.5.2,12,1,sats,5,5/8,682.5606451824856,682.5606451824856
12.5.2,12,1,sats,6,6/8,682.5606451824856,682.5606451824856
12.5.2,12,1,sats,7,7/8,682.5606451824856,682.5606451824856
12.5.2,12,1,sats,8,8/8,682.5606451824856,682.5606451824856
12.5.2,12,2,sats,0,0/8,1057.3407758130916,682.5606451824856
12.5.2,12,2,sats,1,1/8,682.5606451824856,682.5606451824856
12.5.2,12,2,sats,2,2/8,682.5606451824856,682.5606451824856
12.5.2,12,2,sats,3,3/8,682.5606451824856,682.5606451824856
12.5.2,12,2,sats,4,4/8,682.5606451824856,682.5606451824856
12.5.2,12,2,sats,5,5/8,682.5606451824856,682.5606451824856
12.5.2,12,2,sats,6,6/8,682.5606451824856,682.5606451824856
12.5.2,12,2,sats,7,7/8,682.5606451824856,682.5606451824856
12.5.2,12,2,sats,8,8/8,682.5606451824856,682.5606451824856
12.5.2,12,3,sats,0,0/8,831.3585429038499,682.5606451824856
12.5.2,12,3,sats,1,1/8,682.5606451824856,682.5606451824856
12.5.2,12,3,sats,2,2/8,682.5606451824856,682.5606451824856
12.5.2,12,3,sats,3,3/8,682.5606451824856,682.5606451824856
12.5.2,12,3,sats,4,4/8,682.5606451824856,682.5606451824856
12.5.2,12,3,sats,5,5/8,682.5606451824856,682.5606451824856
12.5.2,12,3,sats,6,6/8,682.5606451824856,682.5606451824856
12.5.2,12,3,sats,7,7/8,682.5606451824856,682.5606451824856
12.5.2,12,3,sats,8,8/8,682.5606451824856,682.5606451824856
12.5.2,12,4,sats,0,0/8,1119.5567598471623,682.5606451824856
12.5.2,12,4,sats,1,1/8,682.5606451824856,682.5606451824856
12.5.2,12,4,sats,2,2/8,682.5606451824856,682.5606451824856
12.5.2,12,4,sats,3,3/8,682.5606451824856,682.5606451824856
12.5.2,12,4,sats,4,4/8,682.5606451824856,682.5606451824856
12.5.2,12,4,sats,5,5/8,682.5606451824856,682.5606451824856
12.5.2,12,4,sats,6,6/8,682.5606451824856,682.5606451824856
12.5.2,12,4,sats,7,7/8,682.5606451824856,682.5606451824856
12.5.2,12,4,sats,8,8/8,682.5606451824856,682.5606451824856
12.5.2,12,5,sats,0,0/8,1012.7093627236673,682.5606451824856
12.5.2,12,5,sats,1,1/8,682.5606451824856,682.5606451824856
12.5.2,12,5,sats,2,2/8,682.5606451824856,682.5606451824856
12.5.2,12,5,sats,3,3/8,682.5606451824856,682.5606451824856
12.5.2,12,5,sats,4,4/8,682.5606451824856,682.5606451824856
12.5.2,12,5,sats,5,5/8,682.5606451824856,682.5606451824856
12.5.2,12,5,sats,6,6/8,682.5606451824856,682.5606451824856
12.5.2,12,5,sats,7,7/8,682.5606451824856,682.5606451824856
12.5.2,12,5,sats,8,8/8,682.5606451824856,682.5606451824856
12.5.2,12,6,sats,0,0/8,831.3585429038499,682.5606451824856
12.5.2,12,6,sats,1,1/8,682.5606451824856,682.5606451824856
12.5.2,12,6,sats,2,2/8,682.5606451824856,682.5606451824856
12.5.2,12,6,sats,3,3/8,682.5606451824856,682.5606451824856
12.5.2,12,6,sats,4,4/8,682.5606451824856,682.5606451824856
12.5.2,12,6,sats,5,5/8,682.5606451824856,682.5606451824856
12.5.2,12,6,sats,6,6/8,682.5606451824856,682.5606451824856
12.5.2,12,6,sats,7,7/8,682.5606451824856,682.5606451824856
12.5.2,12,6,sats,8,8/8,682.5606451824856,682.5606451824856
12.5.2,12,7,sats,0,0/8,1063.5059173881114,682.5606451824856
12.5.2,12,7,sats,1,1/8,682.5606451824856,682.5606451824856
12.5.2,12,7,sats,2,2/8,682.5606451824856,682.5606451824856
12.5.2,12,7,sats,3,3/8,682.5606451824856,682.5606451824856
12.5.2,12,7,sats,4,4/8,682.5606451824856,682.5606451824856
12.5.2,12,7,sats,5,5/8,682.5606451824856,682.5606451824856
12.5.2,12,7,sats,6,6/8,682.5606451824856,682.5606451824856
12.5.2,12,7,sats,7,7/8,682.5606451824856,682.5606451824856
12.5.2,12,7,sats,8,8/8,682.5606451824856,682.5606451824856
12.5.2,12,8,sats,0,0/8,1057.3407758130916,682.5606451824856
12.5.2,12,8,sats,1,1/8,682.5606451824856,682.5606451824856
12.5.2,12,8,sats,2,2/8,682.5606451824856,682.5606451824856
12.5.2,12,8,sats,3,3/8,682.5606451824856,682.5606451824856
12.5.2,12,8,sats,4,4/8,682.5606451824856,682.5606451824856
12.5.2,12,8,sats,5,5/8,682.5606451824856,682.5606451824856
12.5.2,12,8,sats,6,6/8,682.5606451824856,682.5606451824856
12.5.2,12,8,sats,7,7/8,682.5606451824856,682.5606451824856
12.5.2,12,8,sats,8,8/8,682.5606451824856,682.5606451824856
12.5.2,12,9,sats,0,0/8,1243.7000708513563,682.5606451824856
12.5.2,12,9,sats,1,1/8,682.5606451824856,682.5606451824856
12.5.2,12,9,sats,2,2/8,682.5606451824856,682.5606451824856
12.5.2,12,9,sats,3,3/8,682.5606451824856,682.5606451824856
12.5.2,12,9,sats,4,4/8,682.5606451824856,682.5606451824856
12.5.2,12,9,sats,5,5/8,682.5606451824856,682.5606451824856
12.5.2,12,9,sats,6,6/8,682.5606451824856,682.5606451824856
12.5.2,12,9,sats,7,7/8,682.5606451824856,682.5606451824856
12.5.2,12,9,sats,8,8/8,682.5606451824856,682.5606451824856
12.5.2,12,10,sats,0,0/8,1120.1424594109249,682.5606451824856
12.5.2,12,10,sats,1,1/8,682.5606451824856,682.5606451824856
12.5.2,12,10,sats,2,2/8,682.5606451824856,682.5606451824856
12.5.2,12,10,sats,3,3/8,682.5606451824856,682.5606451824856
12.5.2,12,10,sats,4,4/8,682.5606451824856,682.5606451824856
12.5.2,12,10,sats,5,5/8,682.5606451824856,682.5606451824856
12.5.2,12,10,sats,6,6/8,682.5606451824856,682.5606451824856
12.5.2,12,10,sats,7,7/8,682.5606451824856,682.5606451824856
12.5.2,12,10,sats,8,8/8,682.5606451824856,682.5606451824856
12.5.3,12,1,ims,0,0/8,1189.9032977552188,1011.0698275268996
12.5.3,12,1,ims,1,1/8,1011.0698275268996,1011.0698275268996
12.5.3,12,1,ims,2,2/8,1011.0698275268996,1011.0698275268996
12.5.3,12,1,ims,3,3/8,1011.0698275268996,1011.0698275268996
12.5.3,12,1,ims,4,4/8,1011.0698275268996,1011.0698275268996
12.5.3,12,1,ims,5,5/8,1011.0698275268996,1011.0698275268996
12.5.3,12,1,ims,6,6/8,1011.0698275268996,1011.0698275268996
12.5.3,12,1,ims,7,7/8,1011.0698275268996,1011.0698275268996
12.5.3,12,1,ims,8,8/8,1011.0698275268996,1011.0698275268996
12.5.3,12,2,ims,0,0/8,1189.9032977552188,1011.0698275268996
12.5.3,12,2,ims,1,1/8,1011.0698275268996,1011.0698275268996
12.5.3,12,2,ims,2,2/8,1011.0698275268996,1011.0698275268996
12.5.3,12,2,ims,3,3/8,1011.0698275268996,1011.0698275268996
12.5.3,12,2,ims,4,4/8,1011.0698275268996,1011.0698275268996
12.5.3,12,2,ims,5,5/8,1011.0698275268996,1011.0698275268996
12.5.3,12,2,ims,6,6/8,1011.0698275268996,1011.0698275268996
12.5.3,12,2,ims,7,7/8,1011.0698275268996,1011.0698275268996
12.5.3,12,2,ims,8,8/8,1011.0698275268996,1011.0698275268996
12.5.3,12,3,ims,0,0/8,1344.6220346415905,1011.0698275268996
12.5.3,12,3,ims,1,1/8,1011.0698275268996,1011.0698275268996
12.5.3,12,3,ims,2,2/8,1011.0698275268996,1011.0698275268996
12.5.3,12,3,ims,3,3/8,1011.0698275268996,1011.0698275268996
12.5.3,12,3,ims,4,4/8,1011.0698275268996,1011.0698275268996
12.5.3,12,3,ims,5,5/8,1011.0698275268996,1011.0698275268996
12.5.3,12,3,ims,6,6/8,1011.0698275268996,1011.0698275268996
12.5.3,12,3,ims,7,7/8,1011.0698275268996,1011.0698275268996
12.5.3,12,3,ims,8,8/8,1011.0698275268996,1011.0698275268996
12.5.3,12,4,ims,0,0/8,1381.1517957579647,1011.0698275268996
12.5.3,12,4,ims,1,1/8,1011.0698275268996,1011.0698275268996
12.5.3,12,4,ims,2,2/8,1011.0698275268996,1011.0698275268996
12.5.3,12,4,ims,3,3/8,1011.0698275268996,1011.0698275268996
12.5.3,12,4,ims,4,4/8,1011.0698275268996,1011.0698275268996
12.5.3,12,4,ims,5,5/8,1011.0698275268996,1011.0698275268996
12.5.3,12,4,ims,6,6/8,1011.0698275268996,1011.0698275268996
12.5.3,12,4,ims,7,7/8,1011.0698275268996,1011.0698275268996
12.5.3,12,4,ims,8,8/8,1011.0698275268996,1011.0698275268996
12.5.3,12,5,ims,0,0/8,1343.9089747737696,1011.0698275268996
12.5.3,12,5,ims,1,1/8,1011.0698275268996,1011.0698275268996
12.5.3,12,5,ims,2,2/8,1011.0698275268996,1011.0698275268996
12.5.3,12,5,ims,3,3/8,1011.0698275268996,1011.0698275268996
12.5.3,12,5,ims,4,4/8,1011.0698275268996,1011.0698275268996
12.5.3,12,5,ims,5,5/8,1011.0698275268996,1011.0698275268996
12.5.3,12,5,ims,6,6/8,1011.0698275268996,1011.0698275268996
12.5.3,12,5,ims,7,7/8,1011.0698275268996,1011.0698275268996
12.5.3,12,5,ims,8,8/8,1011.0698275268996,1011.0698275268996
12.5.3,12,6,ims,0,0/8,1189.9032977552188,1011.0698275268996
12.5.3,12,6,ims,1,1/8,1011.0698275268996,1011.0698275268996
12.5.3,12,6,ims,2,2/8,1011.0698275268996,1011.0698275268996
12.5.3,12,6,ims,3,3/8,1011.0698275268996,1011.0698275268996
12.5.3,12,6,ims,4,4/8,1011.0698275268996,1011.0698275268996
12.5.3,12,6,ims,5,5/8,1011.0698275268996,1011.0698275268996
12.5.3,12,6,ims,6,6/8,1011.0698275268996,1011.0698275268996
12.5.3,12,6,ims,7,7/8,1011.0698275268996,1011.0698275268996
12.5.3,12,6,ims,8,8/8,1011.0698275268996,1011.0698275268996
12.5.3,12,7,ims,0,0/8,1189.9032977552188,1011.0698275268996
12.5.3,12,7,ims,1,1/8,1011.0698275268996,1011.0698275268996
12.5.3,12,7,ims,2,2/8,1011.0698275268996,1011.0698275268996
12.5.3,12,7,ims,3,3/8,1011.0698275268996,1011.0698275268996
12.5.3,12,7,ims,4,4/8,1011.0698275268996,1011.0698275268996
12.5.3,12,7,ims,5,5/8,1011.0698275268996,1011.0698275268996
12.5.3,12,7,ims,6,6/8,1011.0698275268996,1011.0698275268996
12.5.3,12,7,ims,7,7/8,1011.0698275268996,1011.0698275268996
12.5.3,12,7,ims,8,8/8,1011.0698275268996,1011.0698275268996
12.5.3,12,8,ims,0,0/8,1189.9032977552188,1011.0698275268996
12.5.3,12,8,ims,1,1/8,1011.0698275268996,1011.0698275268996
12.5.3,12,8,ims,2,2/8,1011.0698275268996,1011.0698275268996
12.5.3,12,8,ims,3,3/8,1011.0698275268996,1011.0698275268996
12.5.3,12,8,ims,4,4/8,1011.0698275268996,1011.0698275268996
12.5.3,12,8,ims,5,5/8,1011.0698275268996,1011.0698275268996
12.5.3,12,8,ims,6,6/8,1011.0698275268996,1011.0698275268996
12.5.3,12,8,ims,7,7/8,1011.0698275268996,1011.0698275268996
12.5.3,12,8,ims,8,8/8,1011.0698275268996,1011.0698275268996
12.5.3,12,9,ims,0,0/8,1343.9089747737696,1011.0698275268996
12.5.3,12,9,ims,1,1/8,1011.0698275268996,1011.0698275268996
12.5.3,12,9,ims,2,2/8,1011.0698275268996,1011.0698275268996
12.5.3,12,9,ims,3,3/8,1011.0698275268996,1011.0698275268996
12.5.3,12,9,ims,4,4/8,1011.0698275268996,1011.0698275268996
12.5.3,12,9,ims,5,5/8,1011.0698275268996,1011.0698275268996
12.5.3,12,9,ims,6,6/8,1011.0698275268996,1011.0698275268996
12.5.3,12,9,ims,7,7/8,1011.0698275268996,1011.0698275268996
12.5.3,12,9,ims,8,8/8,1011.0698275268996,1011.0698275268996
12.5.3,12,10,ims,0,0/8,1189.9032977552188,1011.0698275268996
12.5.3,12,10,ims,1,1/8,1011.0698275268996,1011.0698275268996
12.5.3,12,10,ims,2,2/8,1011.0698275268996,1011.0698275268996
12.5.3,12,10,ims,3,3/8,1011.0698275268996,1011.0698275268996
12.5.3,12,10,ims,4,4/8,1011.0698275268996,1011.0698275268996
12.5.3,12,10,ims,5,5/8,1011.0698275268996,1011.0698275268996
12.5.3,12,10,ims,6,6/8,1011.0698275268996,1011.0698275268996
12.5.3,12,10,ims,7,7/8,1011.0698275268996,1011.0698275268996
12.5.3,12,10,ims,8,8/8,1011.0698275268996,1011.0698275268996
12.5.3,12,1,sats,0,0/8,1465.459580918145,1011.0698275268996
12.5.3,12,1,sats,1,1/8,1011.0698275268996,1011.0698275268996
12.5.3,12,1,sats,2,2/8,1011.0698275268996,1011.0698275268996
12.5.3,12,1,sats,3,3/8,1011.0698275268996,1011.0698275268996
12.5.3,12,1,sats,4,4/8,1011.0698275268996,1011.0698275268996
12.5.3,12,1,sats,5,5/8,1011.0698275268996,1011.0698275268996
12.5.3,12,1,sats,6,6/8,1011.0698275268996,1011.0698275268996
12.5.3,12,1,sats,7,7/8,1011.0698275268996,1011.0698275268996
12.5.3,12,1,sats,8,8/8,1011.0698275268996,1011.0698275268996
12.5.3,12,2,sats,0,0/8,1189.9032977552188,1011.0698275268996
12.5.3,12,2,sats,1,1/8,1011.0698275268996,1011.0698275268996
12.5.3,12,2,sats,2,2/8,1011.0698275268996,1011.0698275268996
12.5.3,12,2,sats,3,3/8,1011.0698275268996,1011.0698275268996
12.5.3,12,2,sats,4,4/8,1011.0698275268996,1011.0698275268996
12.5.3,12,2,sats,5,5/8,1011.0698275268996,1011.0698275268996
12.5.3,12,2,sats,6,6/8,1011.0698275268996,1011.0698275268996
12.5.3,12,2,sats,7,7/8,1011.0698275268996,1011.0698275268996
12.5.3,12,2,sats,8,8/8,1011.0698275268996,1011.0698275268996
12.5.3,12,3,sats,0,0/8,1372.2912993512427,1011.0698275268996
12.5.3,12,3,sats,1,1/8,1011.0698275268996,1011.0698275268996
12.5.3,12,3,sats,2,2/8,1011.0698275268996,1011.0698275268996
12.5.3,12,3,sats,3,3/8,1011.0698275268996,1011.0698275268996
12.5.3,12,3,sats,4,4/8,1011.0698275268996,1011.0698275268996
12.5.3,12,3,sats,5,5/8,1011.0698275268996,1011.0698275268996
12.5.3,12,3,sats,6,6/8,1011.0698275268996,1011.0698275268996
12.5.3,12,3,sats,7,7/8,1011.0698275268996,1011.0698275268996
12.5.3,12,3,sats,8,8/8,1011.0698275268996,1011.0698275268996
12.5.3,12,4,sats,0,0/8,1381.1517957579647,1011.0698275268996
12.5.3,12,4,sats,1,1/8,1011.0698275268996,1011.0698275268996
12.5.3,12,4,sats,2,2/8,1011.0698275268996,1011.0698275268996
12.5.3,12,4,sats,3,3/8,1011.0698275268996,1011.0698275268996
12.5.3,12,4,sats,4,4/8,1011.0698275268996,1011.0698275268996
12.5.3,12,4,sats,5,5/8,1011.0698275268996,1011.0698275268996
12.5.3,12,4,sats,6,6/8,1011.0698275268996,1011.0698275268996
12.5.3,12,4,sats,7,7/8,1011.0698275268996,1011.0698275268996
12.5.3,12,4,sats,8,8/8,1011.0698275268996,1011.0698275268996
12.5.3,12,5,sats,0,0/8,1465.459580918145,1011.0698275268996
12.5.3,12,5,sats,1,1/8,1011.0698275268996,1011.0698275268996
12.5.3,12,5,sats,2,2/8,1011.0698275268996,1011.0698275268996
12.5.3,12,5,sats,3,3/8,1011.0698275268996,1011.0698275268996
12.5.3,12,5,sats,4,4/8,1011.0698275268996,1011.0698275268996
12.5.3,12,5,sats,5,5/8,1011.0698275268996,1011.0698275268996
12.5.3,12,5,sats,6,6/8,1011.0698275268996,1011.0698275268996
12.5.3,12,5,sats,7,7/8,1011.0698275268996,1011.0698275268996
12.5.3,12,5,sats,8,8/8,1011.0698275268996,1011.0698275268996
12.5.3,12,6,sats,0,0/8,1372.2912993512427,1011.0698275268996
12.5.3,12,6,sats,1,1/8,1011.0698275268996,1011.0698275268996
12.5.3,12,6,sats,2,2/8,1011.0698275268996,1011.0698275268996
12.5.3,12,6,sats,3,3/8,1011.0698275268996,1011.0698275268996
12.5.3,12,6,sats,4,4/8,1011.0698275268996,1011.0698275268996
12.5.3,12,6,sats,5,5/8,1011.0698275268996,1011.0698275268996
12.5.3,12,6,sats,6,6/8,1011.0698275268996,1011.0698275268996
12.5.3,12,6,sats,7,7/8,1011.0698275268996,1011.0698275268996
12.5.3,12,6,sats,8,8/8,1011.0698275268996,1011.0698275268996
12.5.3,12,7,sats,0,0/8,1467.5032292998915,1011.0698275268996
12.5.3,12,7,sats,1,1/8,1011.0698275268996,1011.0698275268996
12.5.3,12,7,sats,2,2/8,1011.0698275268996,1011.0698275268996
12.5.3,12,7,sats,3,3/8,1011.0698275268996,1011.0698275268996
12.5.3,12,7,sats,4,4/8,1011.0698275268996,1011.0698275268996
12.5.3,12,7,sats,5,5/8,1011.0698275268996,1011.0698275268996
12.5.3,12,7,sats,6,6/8,1011.0698275268996,1011.0698275268996
12.5.3,12,7,sats,7,7/8,1011.0698275268996,1011.0698275268996
12.5.3,12,7,sats,8,8/8,1011.0698275268996,1011.0698275268996
12.5.3,12,8,sats,0,0/8,1189.9032977552188,1011.0698275268996
12.5.3,12,8,sats,1,1/8,1011.0698275268996,1011.0698275268996
12.5.3,12,8,sats,2,2/8,1011.0698275268996,1011.0698275268996
12.5.3,12,8,sats,3,3/8,1011.0698275268996,1011.0698275268996
12.5.3,12,8,sats,4,4/8,1011.0698275268996,1011.0698275268996
12.5.3,12,8,sats,5,5/8,1011.0698275268996,1011.0698275268996
12.5.3,12,8,sats,6,6/8,1011.0698275268996,1011.0698275268996
12.5.3,12,8,sats,7,7/8,1011.0698275268996,1011.0698275268996
12.5.3,12,8,sats,8,8/8,1011.0698275268996,1011.0698275268996
12.5.3,12,9,sats,0,0/8,1343.9089747737696,1011.0698275268996
12.5.3,12,9,sats,1,1/8,1011.0698275268996,1011.0698275268996
12.5.3,12,9,sats,2,2/8,1011.0698275268996,1011.0698275268996
12.5.3,12,9,sats,3,3/8,1011.0698275268996,1011.0698275268996
12.5.3,12,9,sats,4,4/8,1011.0698275268996,1011.0698275268996
12.5.3,12,9,sats,5,5/8,1011.0698275268996,1011.0698275268996
12.5.3,12,9,sats,6,6/8,1011.0698275268996,1011.0698275268996
12.5.3,12,9,sats,7,7/8,1011.0698275268996,1011.0698275268996
12.5.3,12,9,sats,8,8/8,1011.0698275268996,1011.0698275268996
12.5.3,12,10,sats,0,0/8,1347.7021050029164,1011.0698275268996
12.5.3,12,10,sats,1,1/8,1011.0698275268996,1011.0698275268996
12.5.3,12,10,sats,2,2/8,1011.0698275268996,1011.0698275268996
12.5.3,12,10,sats,3,3/8,1011.0698275268996,1011.0698275268996
12.5.3,12,10,sats,4,4/8,1011.0698275268996,1011.0698275268996
12.5.3,12,10,sats,5,5/8,1011.0698275268996,1011.0698275268996
12.5.3,12,10,sats,6,6/8,1011.0698275268996,1011.0698275268996
12.5.3,12,10,sats,7,7/8,1011.0698275268996,1011.0698275268996
12.5.3,12,10,sats,8,8/8,1011.0698275268996,1011.0698275268996
12.5.4,12,1,ims,0,0/8,1086.7934326834147,925.8220031419719
12.5.4,12,1,ims,1,1/8,925.8220031419719,925.8220031419719
12.5.4,12,1,ims,2,2/8,925.8220031419719,925.8220031419719
12.5.4,12,1,ims,3,3/8,925.8220031419719,925.8220031419719
12.5.4,12,1,ims,4,4/8,925.8220031419719,925.8220031419719
12.5.4,12,1,ims,5,5/8,925.8220031419719,925.8220031419719
12.5.4,12,1,ims,6,6/8,925.8220031419719,925.8220031419719
12.5.4,12,1,ims,7,7/8,925.8220031419719,925.8220031419719
12.5.4,12,1,ims,8,8/8,925.8220031419719,925.8220031419719
12.5.4,12,2,ims,0,0/8,1100.72031007252,925.8220031419719
12.5.4,12,2,ims,1,1/8,925.8220031419719,925.8220031419719
12.5.4,12,2,ims,2,2/8,925.8220031419719,925.8220031419719
12.5.4,12,2,ims,3,3/8,925.8220031419719,925.8220031419719
12.5.4,12,2,ims,4,4/8,925.8220031419719,925.8220031419719
12.5.4,12,2,ims,5,5/8,925.8220031419719,925.8220031419719
12.5.4,12,2,ims,6,6/8,925.8220031419719,925.8220031419719
12.5.4,12,2,ims,7,7/8,925.8220031419719,925.8220031419719
12.5.4,12,2,ims,8,8/8,925.8220031419719,925.8220031419719
12.5.4,12,3,ims,0,0/8,1096.3257317732578,925.8220031419719
12.5.4,12,3,ims,1,1/8,925.8220031419719,925.8220031419719
12.5.4,12,3,ims,2,2/8,925.8220031419719,925.8220031419719
12.5.4,12,3,ims,3,3/8,925.8220031419719,925.8220031419719
12.5.4,12,3,ims,4,4/8,925.8220031419719,925.8220031419719
12.5.4,12,3,ims,5,5/8,925.8220031419719,925.8220031419719
12.5.4,12,3,ims,6,6/8,925.8220031419719,925.8220031419719
12.5.4,12,3,ims,7,7/8,925.8220031419719,925.8220031419719
12.5.4,12,3,ims,8,8/8,925.8220031419719,925.8220031419719
12.5.4,12,4,ims,0,0/8,1025.2061088273638,925.8220031419719
12.5.4,12,4,ims,1,1/8,925.8220031419719,925.8220031419719
12.5.4,12,4,ims,2,2/8,925.8220031419719,925.8220031419719
12.5.4,12,4,ims,3,3/8,925.8220031419719,925.8220031419719
12.5.4,12,4,ims,4,4/8,925.8220031419719,925.8220031419719
12.5.4,12,4,ims,5,5/8,925.8220031419719,925.8220031419719
12.5.4,12,4,ims,6,6/8,925.8220031419719,925.8220031419719
12.5.4,12,4,ims,7,7/8,925.8220031419719,925.8220031419719
12.5.4,12,4,ims,8,8/8,925.8220031419719,925.8220031419719
12.5.4,12,5,ims,0,0/8,1020.8836419335563,925.8220031419719
12.5.4,12,5,ims,1,1/8,925.8220031419719,925.8220031419719
12.5.4,12,5,ims,2,2/8,925.8220031419719,925.8220031419719
12.5.4,12,5,ims,3,3/8,925.8220031419719,925.8220031419719
12.5.4,12,5,ims,4,4/8,925.8220031419719,925.8220031419719
12.5.4,12,5,ims,5,5/8,925.8220031419719,925.8220031419719
12.5.4,12,5,ims,6,6/8,925.8220031419719,925.8220031419719
12.5.4,12,5,ims,7,7/8,925.8220031419719,925.8220031419719
12.5.4,12,5,ims,8,8/8,925.8220031419719,925.8220031419719
12.5.4,12,6,ims,0,0/8,1096.3257317732578,925.8220031419719
12.5.4,12,6,ims,1,1/8,925.9654008399393,925.8220031419719
12.5.4,12,6,ims,2,2/8,925.8220031419719,925.8220031419719
12.5.4,12,6,ims,3,3/8,925.8220031419719,925.8220031419719
12.5.4,12,6,ims,4,4/8,925.8220031419719,925.8220031419719
12.5.4,12,6,ims,5,5/8,925.8220031419719,925.8220031419719
12.5.4,12,6,ims,6,6/8,925.8220031419719,925.8220031419719
12.5.4,12,6,ims,7,7/8,925.8220031419719,925.8220031419719
12.5.4,12,6,ims,8,8/8,925.8220031419719,925.8220031419719
12.5.4,12,7,ims,0,0/8,1176.2558706018904,925.8220031419719
12.5.4,12,7,ims,1,1/8,925.8220031419719,925.8220031419719
12.5.4,12,7,ims,2,2/8,925.8220031419719,925.8220031419719
12.5.4,12,7,ims,3,3/8,925.8220031419719,925.8220031419719
12.5.4,12,7,ims,4,4/8,925.8220031419719,925.8220031419719
12.5.4,12,7,ims,5,5/8,925.8220031419719,925.8220031419719
12.5.4,12,7,ims,6,6/8,925.8220031419719,925.8220031419719
12.5.4,12,7,ims,7,7/8,925.8220031419719,925.8220031419719
12.5.4,12,7,ims,8,8/8,925.8220031419719,925.8220031419719
12.5.4,12,8,ims,0,0/8,1020.8836419335563,925.8220031419719
12.5.4,12,8,ims,1,1/8,925.8220031419719,925.8220031419719
12.5.4,12,8,ims,2,2/8,925.8220031419719,925.8220031419719
12.5.4,12,8,ims,3,3/8,925.8220031419719,925.8220031419719
12.5.4,12,8,ims,4,4/8,925.8220031419719,925.8220031419719
12.5.4,12,8,ims,5,5/8,925.8220031419719,925.8220031419719
12.5.4,12,8,ims,6,6/8,925.8220031419719,925.8220031419719
12.5.4,12,8,ims,7,7/8,925.8220031419719,925.8220031419719
12.5.4,12,8,ims,8,8/8,925.8220031419719,925.8220031419719
12.5.4,12,9,ims,0,0/8,1025.2061088273638,925.8220031419719
12.5.4,12,9,ims,1,1/8,925.822003141972,925.8220031419719
12.5.4,12,9,ims,2,2/8,925.8220031419719,925.8220031419719
12.5.4,12,9,ims,3,3/8,925.8220031419719,925.8220031419719
12.5.4,12,9,ims,4,4/8,925.8220031419719,925.8220031419719
12.5.4,12,9,ims,5,5/8,925.8220031419719,925.8220031419719
12.5.4,12,9,ims,6,6/8,925.8220031419719,925.8220031419719
12.5.4,12,9,ims,7,7/8,925.8220031419719,925.8220031419719
12.5.4,12,9,ims,8,8/8,925.8220031419719,925.8220031419719
12.5.4,12,10,ims,0,0/8,1020.8836419335563,925.8220031419719
12.5.4,12,10,ims,1,1/8,925.822003141972,925.8220031419719
12.5.4,12,10,ims,2,2/8,925.822003141972,925.8220031419719
12.5.4,12,10,ims,3,3/8,925.822003141972,925.8220031419719
12.5.4,12,10,ims,4,4/8,925.822003141972,925.8220031419719
12.5.4,12,10,ims,5,5/8,925.8220031419719,925.8220031419719
12.5.4,12,10,ims,6,6/8,925.8220031419719,925.8220031419719
12.5.4,12,10,ims,7,7/8,925.8220031419719,925.8220031419719
12.5.4,12,10,ims,8,8/8,925.8220031419719,925.8220031419719
12.5.4,12,1,sats,0,0/8,1293.3117867552885,925.8220031419719
12.5.4,12,1,sats,1,1/8,925.8220031419719,925.8220031419719
12.5.4,12,1,sats,2,2/8,925.8220031419719,925.8220031419719
12.5.4,12,1,sats,3,3/8,925.8220031419719,925.8220031419719
12.5.4,12,1,sats,4,4/8,925.8220031419719,925.8220031419719
12.5.4,12,1,sats,5,5/8,925.8220031419719,925.8220031419719
12.5.4,12,1,sats,6,6/8,925.8220031419719,925.8220031419719
12.5.4,12,1,sats,7,7/8,925.8220031419719,925.8220031419719
12.5.4,12,1,sats,8,8/8,925.8220031419719,925.8220031419719
12.5.4,12,2,sats,0,0/8,1223.8551824551744,925.8220031419719
12.5.4,12,2,sats,1,1/8,925.8220031419719,925.8220031419719
12.5.4,12,2,sats,2,2/8,925.8220031419719,925.8220031419719
12.5.4,12,2,sats,3,3/8,925.8220031419719,925.8220031419719
12.5.4,12,2,sats,4,4/8,925.8220031419719,925.8220031419719
12.5.4,12,2,sats,5,5/8,925.8220031419719,925.8220031419719
12.5.4,12,2,sats,6,6/8,925.8220031419719,925.8220031419719
12.5.4,12,2,sats,7,7/8,925.8220031419719,925.8220031419719
12.5.4,12,2,sats,8,8/8,925.8220031419719,925.8220031419719
12.5.4,12,3,sats,0,0/8,1096.3257317732578,925.8220031419719
12.5.4,12,3,sats,1,1/8,925.8220031419719,925.8220031419719
12.5.4,12,3,sats,2,2/8,925.8220031419719,925.8220031419719
12.5.4,12,3,sats,3,3/8,925.8220031419719,925.8220031419719
12.5.4,12,3,sats,4,4/8,925.8220031419719,925.8220031419719
12.5.4,12,3,sats,5,5/8,925.8220031419719,925.8220031419719
12.5.4,12,3,sats,6,6/8,925.8220031419719,925.8220031419719
12.5.4,12,3,sats,7,7/8,925.8220031419719,925.8220031419719
12.5.4,12,3,sats,8,8/8,925.8220031419719,925.8220031419719
12.5.4,12,4,sats,0,0/8,1086.7934326834147,925.8220031419719
12.5.4,12,4,sats,1,1/8,925.8220031419719,925.8220031419719
12.5.4,12,4,sats,2,2/8,925.8220031419719,925.8220031419719
12.5.4,12,4,sats,3,3/8,925.8220031419719,925.8220031419719
12.5.4,12,4,sats,4,4/8,925.8220031419719,925.8220031419719
12.5.4,12,4,sats,5,5/8,925.8220031419719,925.8220031419719
12.5.4,12,4,sats,6,6/8,925.8220031419719,925.8220031419719
12.5.4,12,4,sats,7,7/8,925.8220031419719,925.8220031419719
12.5.4,12,4,sats,8,8/8,925.8220031419719,925.8220031419719
12.5.4,12,5,sats,0,0/8,1293.3117867552885,925.8220031419719
12.5.4,12,5,sats,1,1/8,925.8220031419719,925.8220031419719
12.5.4,12,5,sats,2,2/8,925.8220031419719,925.8220031419719
12.5.4,12,5,sats,3,3/8,925.8220031419719,925.8220031419719
12.5.4,12,5,sats,4,4/8,925.8220031419719,925.8220031419719
12.5.4,12,5,sats,5,5/8,925.8220031419719,925.8220031419719
12.5.4,12,5,sats,6,6/8,925.8220031419719,925.8220031419719
12.5.4,12,5,sats,7,7/8,925.8220031419719,925.8220031419719
12.5.4,12,5,sats,8,8/8,925.8220031419719,925.8220031419719
12.5.4,12,6,sats,0,0/8,1096.3257317732578,925.8220031419719
12.5.4,12,6,sats,1,1/8,925.822003141972,925.8220031419719
12.5.4,12,6,sats,2,2/8,925.822003141972,925.8220031419719
12.5.4,12,6,sats,3,3/8,925.822003141972,925.8220031419719
12.5.4,12,6,sats,4,4/8,925.822003141972,925.8220031419719
12.5.4,12,6,sats,5,5/8,925.822003141972,925.8220031419719
12.5.4,12,6,sats,6,6/8,925.822003141972,925.8220031419719
12.5.4,12,6,sats,7,7/8,925.822003141972,925.8220031419719
12.5.4,12,6,sats,8,8/8,925.822003141972,925.8220031419719
12.5.4,12,7,sats,0,0/8,1261.063866369985,925.8220031419719
12.5.4,12,7,sats,1,1/8,925.8220031419719,925.8220031419719
12.5.4,12,7,sats,2,2/8,925.8220031419719,925.8220031419719
12.5.4,12,7,sats,3,3/8,925.8220031419719,925.8220031419719
12.5.4,12,7,sats,4,4/8,925.8220031419719,925.8220031419719
12.5.4,12,7,sats,5,5/8,925.8220031419719,925.8220031419719
12.5.4,12,7,sats,6,6/8,925.8220031419719,925.8220031419719
12.5.4,12,7,sats,7,7/8,925.8220031419719,925.8220031419719
12.5.4,12,7,sats,8,8/8,925.8220031419719,925.8220031419719
12.5.4,12,8,sats,0,0/8,1223.8551824551744,925.8220031419719
12.5.4,12,8,sats,1,1/8,925.8220031419719,925.8220031419719
12.5.4,12,8,sats,2,2/8,925.8220031419719,925.8220031419719
12.5.4,12,8,sats,3,3/8,925.8220031419719,925.8220031419719
12.5.4,12,8,sats,4,4/8,925.8220031419719,925.8220031419719
12.5.4,12,8,sats,5,5/8,925.8220031419719,925.8220031419719
12.5.4,12,8,sats,6,6/8,925.8220031419719,925.8220031419719
12.5.4,12,8,sats,7,7/8,925.8220031419719,925.8220031419719
12.5.4,12,8,sats,8,8/8,925.8220031419719,925.8220031419719
12.5.4,12,9,sats,0,0/8,1176.2558706018904,925.8220031419719
12.5.4,12,9,sats,1,1/8,925.8220031419719,925.8220031419719
12.5.4,12,9,sats,2,2/8,925.8220031419719,925.8220031419719
12.5.4,12,9,sats,3,3/8,925.8220031419719,925.8220031419719
12.5.4,12,9,sats,4,4/8,925.8220031419719,925.8220031419719
12.5.4,12,9,sats,5,5/8,925.8220031419719,925.8220031419719
12.5.4,12,9,sats,6,6/8,925.8220031419719,925.8220031419719
12.5.4,12,9,sats,7,7/8,925.8220031419719,925.8220031419719
12.5.4,12,9,sats,8,8/8,925.8220031419719,925.8220031419719
12.5.4,12,10,sats,0,0/8,1020.8836419335563,925.8220031419719
12.5.4,12,10,sats,1,1/8,925.822003141972,925.8220031419719
12.5.4,12,10,sats,2,2/8,925.822003141972,925.8220031419719
12.5.4,12,10,sats,3,3/8,925.822003141972,925.8220031419719
12.5.4,12,10,sats,4,4/8,925.822003141972,925.8220031419719
12.5.4,12,10,sats,5,5/8,925.822003141972,925.8220031419719
12.5.4,12,10,sats,6,6/8,925.822003141972,925.8220031419719
12.5.4,12,10,sats,7,7/8,925.822003141972,925.8220031419719
12.5.4,12,10,sats,8,8/8,925.822003141972,925.8220031419719
20.10.1,20,1,ims,0,0/8,1567.5658298279402,1190.6920375792722
20.10.1,20,1,ims,1,1/8,1190.6920375792722,1190.6920375792722
20.10.1,20,1,ims,2,2/8,1190.6920375792722,1190.6920375792722
20.10.1,20,1,ims,3,3/8,1190.6920375792722,1190.6920375792722
20.10.1,20,1,ims,4,4/8,1190.6920375792722,1190.6920375792722
20.10.1,20,1,ims,5,5/8,1190.6920375792722,1190.6920375792722
20.10.1,20,1,ims,6,6/8,1190.6920375792722,1190.6920375792722
20.10.1,20,1,ims,7,7/8,1190.6920375792722,1190.6920375792722
20.10.1,20,1,ims,8,8/8,1190.6920375792722,1190.6920375792722
20.10.1,20,2,ims,0,0/8,1489.483328618341,1190.6920375792722
20.10.1,20,2,ims,1,1/8,1190.6920375792722,1190.6920375792722
20.10.1,20,2,ims,2,2/8,1190.6920375792722,1190.6920375792722
20.10.1,20,2,ims,3,3/8,1190.6920375792722,1190.6920375792722
20.10.1,20,2,ims,4,4/8,1190.6920375792722,1190.6920375792722
20.10.1,20,2,ims,5,5/8,1190.6920375792722,1190.6920375792722
20.10.1,20,2,ims,6,6/8,1190.6920375792722,1190.6920375792722
20.10.1,20,2,ims,7,7/8,1190.6920375792722,1190.6920375792722
20.10.1,20,2,ims,8,8/8,1190.6920375792722,1190.6920375792722
20.10.1,20,3,ims,0,0/8,1567.5658298279402,1190.6920375792722
20.10.1,20,3,ims,1,1/8,1190.6920375792722,1190.6920375792722
20.10.1,20,3,ims,2,2/8,1190.6920375792722,1190.6920375792722
20.10.1,20,3,ims,3,3/8,1190.6920375792722,1190.6920375792722
20.10.1,20,3,ims,4,4/8,1190.6920375792722,1190.6920375792722
20.10.1,20,3,ims,5,5/8,1190.6920375792722,1190.6920375792722
20.10.1,20,3,ims,6,6/8,1190.6920375792722,1190.6920375792722
20.10.1,20,3,ims,7,7/8,1190.6920375792722,1190.6920375792722
20.10.1,20,3,ims,8,8/8,1190.6920375792722,1190.6920375792722
20.10.1,20,4,ims,0,0/8,1545.7317744531379,1190.6920375792722
20.10.1,20,4,ims,1,1/8,1190.6920375792722,1190.6920375792722
20.10.1,20,4,ims,2,2/8,1190.6920375792722,1190.6920375792722
20.10.1,20,4,ims,3,3/8,1190.6920375792722,1190.6920375792722
20.10.1,20,4,ims,4,4/8,1190.6920375792722,1190.6920375792722
20.10.1,20,4,ims,5,5/8,1190.6920375792722,1190.6920375792722
20.10.1,20,4,ims,6,6/8,1190.6920375792722,1190.6920375792722
20.10.1,20,4,ims,7,7/8,1190.6920375792722,1190.6920375792722
20.10.1,20,4,ims,8,8/8,1190.6920375792722,1190.6920375792722
20.10.1,20,5,ims,0,0/8,1541.1186129559321,1190.6920375792722
20.10.1,20,5,ims,1,1/8,1190.6920375792722,1190.6920375792722
20.10.1,20,5,ims,2,2/8,1190.6920375792722,1190.6920375792722
20.10.1,20,5,ims,3,3/8,1190.6920375792722,1190.6920375792722
20.10.1,20,5,ims,4,4/8,1190.6920375792722,1190.6920375792722
20.10.1,20,5,ims,5,5/8,1190.6920375792722,1190.6920375792722
20.10.1,20,5,ims,6,6/8,1190.6920375792722,1190.6920375792722
20.10.1,20,5,ims,7,7/8,1190.6920375792722,1190.6920375792722
20.10.1,20,5,ims,8,8/8,1190.6920375792722,1190.6920375792722
20.10.1,20,6,ims,0,0/8,1567.5658298279402,1190.6920375792722
20.10.1,20,6,ims,1,1/8,1190.6920375792722,1190.6920375792722
20.10.1,20,6,ims,2,2/8,1190.6920375792722,1190.6920375792722
20.10.1,20,6,ims,3,3/8,1190.6920375792722,1190.6920375792722
20.10.1,20,6,ims,4,4/8,1190.6920375792722,1190.6920375792722
20.10.1,20,6,ims,5,5/8,1190.6920375792722,1190.6920375792722
20.10.1,20,6,ims,6,6/8,1190.6920375792722,1190.6920375792722
20.10.1,20,6,ims,7,7/8,1190.6920375792722,1190.6920375792722
20.10.1,20,6,ims,8,8/8,1190.6920375792722,1190.6920375792722
20.10.1,20,7,ims,0,0/8,1488.462687840153,1190.6920375792722
20.10.1,20,7,ims,1,1/8,1190.6920375792722,1190.6920375792722
20.10.1,20,7,ims,2,2/8,1190.6920375792722,1190.6920375792722
20.10.1,20,7,ims,3,3/8,1190.6920375792722,1190.6920375792722
20.10.1,20,7,ims,4,4/8,1190.6920375792722,1190.6920375792722
20.10.1,20,7,ims,5,5/8,1190.6920375792722,1190.6920375792722
20.10.1,20,7,ims,6,6/8,1190.6920375792722,1190.6920375792722
20.10.1,20,7,ims,7,7/8,1190.6920375792722,1190.6920375792722
20.10.1,20,7,ims,8,8/8,1190.6920375792722,1190.6920375792722
20.10.1,20,8,ims,0,0/8,1782.4666706522712,1190.6920375792722
20.10.1,20,8,ims,1,1/8,1190.6920375792722,1190.6920375792722
20.10.1,20,8,ims,2,2/8,1190.6920375792722,1190.6920375792722
20.10.1,20,8,ims,3,3/8,1190.6920375792722,1190.6920375792722
20.10.1,20,8,ims,4,4/8,1190.6920375792722,1190.6920375792722
20.10.1,20,8,ims,5,5/8,1190.6920375792722,1190.6920375792722
20.10.1,20,8,ims,6,6/8,1190.6920375792722,1190.6920375792722
20.10.1,20,8,ims,7,7/8,1190.6920375792722,1190.6920375792722
20.10.1,20,8,ims,8,8/8,1190.6920375792722,1190.6920375792722
20.10.1,20,9,ims,0,0/8,1541.1186129559321,1190.6920375792722
20.10.1,20,9,ims,1,1/8,1190.6920375792722,1190.6920375792722
20.10.1,20,9,ims,2,2/8,1190.6920375792722,1190.6920375792722
20.10.1,20,9,ims,3,3/8,1190.6920375792722,1190.6920375792722
20.10.1,20,9,ims,4,4/8,1190.6920375792722,1190.6920375792722
20.10.1,20,9,ims,5,5/8,1190.6920375792722,1190.6920375792722
20.10.1,20,9,ims,6,6/8,1190.6920375792722,1190.6920375792722
20.10.1,20,9,ims,7,7/8,1190.6920375792722,1190.6920375792722
20.10.1,20,9,ims,8,8/8,1190.6920375792722,1190.6920375792722
20.10.1,20,10,ims,0,0/8,1594.5478375709608,1190.6920375792722
20.10.1,20,10,ims,1,1/8,1190.6920375792722,1190.6920375792722
20.10.1,20,10,ims,2,2/8,1190.6920375792722,1190.6920375792722
20.10.1,20,10,ims,3,3/8,1190.6920375792722,1190.6920375792722
20.10.1,20,10,ims,4,4/8,1190.6920375792722,1190.6920375792722
20.10.1,20,10,ims,5,5/8,1190.6920375792722,1190.6920375792722
20.10.1,20,10,ims,6,6/8,1190.6920375792722,1190.6920375792722
20.10.1,20,10,ims,7,7/8,1190.6920375792722,1190.6920375792722
20.10.1,20,10,ims,8,8/8,1190.6920375792722,1190.6920375792722
20.10.1,20,1,sats,0,0/8,1748.0903851692174,1190.6920375792722
20.10.1,20,1,sats,1,1/8,1190.6920375792722,1190.6920375792722
20.10.1,20,1,sats,2,2/8,1190.6920375792722,1190.6920375792722
20.10.1,20,1,sats,3,3/8,1190.6920375792722,1190.6920375792722
20.10.1,20,1,sats,4,4/8,1190.6920375792722,1190.6920375792722
20.10.1,20,1,sats,5,5/8,1190.6920375792722,1190.6920375792722
20.10.1,20,1,sats,6,6/8,1190.6920375792722,1190.6920375792722
20.10.1,20,1,sats,7,7/8,1190.6920375792722,1190.6920375792722
20.10.1,20,1,sats,8,8/8,1190.6920375792722,1190.6920375792722
20.10.1,20,2,sats,0,0/8,1782.4666706522712,1190.6920375792722
20.10.1,20,2,sats,1,1/8,1190.6920375792722,1190.6920375792722
20.10.1,20,2,sats,2,2/8,1190.6920375792722,1190.6920375792722
20.10.1,20,2,sats,3,3/8,1190.6920375792722,1190.6920375792722
20.10.1,20,2,sats,4,4/8,1190.6920375792722,1190.6920375792722
20.10.1,20,2,sats,5,5/8,1190.6920375792722,1190.6920375792722
20.10.1,20,2,sats,6,6/8,1190.6920375792722,1190.6920375792722
20.10.1,20,2,sats,7,7/8,1190.6920375792722,1190.6920375792722
20.10.1,20,2,sats,8,8/8,1190.6920375792722,1190.6920375792722
20.10.1,20,3,sats,0,0/8,1567.5658298279402,1190.6920375792722
20.10.1,20,3,sats,1,1/8,1190.6920375792722,1190.6920375792722
20.10.1,20,3,sats,2,2/8,1190.6920375792722,1190.6920375792722
20.10.1,20,3,sats,3,3/8,1190.6920375792722,1190.6920375792722
20.10.1,20,3,sats,4,4/8,1190.6920375792722,1190.6920375792722
20.10.1,20,3,sats,5,5/8,1190.6920375792722,1190.6920375792722
20.10.1,20,3,sats,6,6/8,1190.6920375792722,1190.6920375792722
20.10.1,20,3,sats,7,7/8,1190.6920375792722,1190.6920375792722
20.10.1,20,3,sats,8,8/8,1190.6920375792722,1190.6920375792722
20.10.1,20,4,sats,0,0/8,1668.495208110343,1190.6920375792722
20.10.1,20,4,sats,1,1/8,1190.6920375792722,1190.6920375792722
20.10.1,20,4,sats,2,2/8,1190.6920375792722,1190.6920375792722
20.10.1,20,4,sats,3,3/8,1190.6920375792722,1190.6920375792722
20.10.1,20,4,sats,4,4/8,1190.6920375792722,1190.6920375792722
20.10.1,20,4,sats,5,5/8,1190.6920375792722,1190.6920375792722
20.10.1,20,4,sats,6,6/8,1190.6920375792722,1190.6920375792722
20.10.1,20,4,sats,7,7/8,1190.6920375792722,1190.6920375792722
20.10.1,20,4,sats,8,8/8,1190.6920375792722,1190.6920375792722
20.10.1,20,5,sats,0,0/8,1748.0903851692174,1190.6920375792722
20.10.1,20,5,sats,1,1/8,1206.01570107716,1190.6920375792722
20.10.1,20,5,sats,2,2/8,1190.6920375792722,1190.6920375792722
20.10.1,20,5,sats,3,3/8,1190.6920375792722,1190.6920375792722
20.10.1,20,5,sats,4,4/8,1190.6920375792722,1190.6920375792722
20.10.1,20,5,sats,5,5/8,1190.6920375792722,1190.6920375792722
20.10.1,20,5,sats,6,6/8,1190.6920375792722,1190.6920375792722
20.10.1,20,5,sats,7,7/8,1190.6920375792722,1190.6920375792722
20.10.1,20,5,sats,8,8/8,1190.6920375792722,1190.6920375792722
20.10.1,20,6,sats,0,0/8,1567.5658298279402,1190.6920375792722
20.10.1,20,6,sats,1,1/8,1190.6920375792722,1190.6920375792722
20.10.1,20,6,sats,2,2/8,1190.6920375792722,1190.6920375792722
20.10.1,20,6,sats,3,3/8,1190.6920375792722,1190.6920375792722
20.10.1,20,6,sats,4,4/8,1190.6920375792722,1190.6920375792722
20.10.1,20,6,sats,5,5/8,1190.6920375792722,1190.6920375792722
20.10.1,20,6,sats,6,6/8,1190.6920375792722,1190.6920375792722
20.10.1,20,6,sats,7,7/8,1190.6920375792722,1190.6920375792722
20.10.1,20,6,sats,8,8/8,1190.6920375792722,1190.6920375792722
20.10.1,20,7,sats,0,0/8,1816.085696946536,1190.6920375792722
20.10.1,20,7,sats,1,1/8,1190.6920375792722,1190.6920375792722
20.10.1,20,7,sats,2,2/8,1190.6920375792722,1190.6920375792722
20.10.1,20,7,sats,3,3/8,1190.6920375792722,1190.6920375792722
20.10.1,20,7,sats,4,4/8,1190.6920375792722,1190.6920375792722
20.10.1,20,7,sats,5,5/8,1190.6920375792722,1190.6920375792722
20.10.1,20,7,sats,6,6/8,1190.6920375792722,1190.6920375792722
20.10.1,20,7,sats,7,7/8,1190.6920375792722,1190.6920375792722
20.10.1,20,7,sats,8,8/8,1190.6920375792722,1190.6920375792722
20.10.1,20,8,sats,0,0/8,1800.9461117523865,1190.6920375792722
20.10.1,20,8,sats,1,1/8,1190.6920375792722,1190.6920375792722
20.10.1,20,8,sats,2,2/8,1190.6920375792722,1190.6920375792722
20.10.1,20,8,sats,3,3/8,1190.6920375792722,1190.6920375792722
20.10.1,20,8,sats,4,4/8,1190.6920375792722,1190.6920375792722
20.10.1,20,8,sats,5,5/8,1190.6920375792722,1190.6920375792722
20.10.1,20,8,sats,6,6/8,1190.6920375792722,1190.6920375792722
20.10.1,20,8,sats,7,7/8,1190.6920375792722,1190.6920375792722
20.10.1,20,8,sats,8,8/8,1190.6920375792722,1190.6920375792722
20.10.1,20,9,sats,0,0/8,1541.1186129559321,1190.6920375792722
20.10.1,20,9,sats,1,1/8,1190.6920375792722,1190.6920375792722
20.10.1,20,9,sats,2,2/8,1190.6920375792722,1190.6920375792722
20.10.1,20,9,sats,3,3/8,1190.6920375792722,1190.6920375792722
20.10.1,20,9,sats,4,4/8,1190.6920375792722,1190.6920375792722
20.10.1,20,9,sats,5,5/8,1190.6920375792722,1190.6920375792722
20.10.1,20,9,sats,6,6/8,1190.6920375792722,1190.6920375792722
20.10.1,20,9,sats,7,7/8,1190.6920375792722,1190.6920375792722
20.10.1,20,9,sats,8,8/8,1190.6920375792722,1190.6920375792722
20.10.1,20,10,sats,0,0/8,1792.987069391369,1190.6920375792722
20.10.1,20,10,sats,1,1/8,1190.6920375792722,1190.6920375792722
20.10.1,20,10,sats,2,2/8,1190.6920375792722,1190.6920375792722
20.10.1,20,10,sats,3,3/8,1190.6920375792722,1190.6920375792722
20.10.1,20,10,sats,4,4/8,1190.6920375792722,1190.6920375792722
20.10.1,20,10,sats,5,5/8,1190.6920375792722,1190.6920375792722
20.10.1,20,10,sats,6,6/8,1190.6920375792722,1190.6920375792722
20.10.1,20,10,sats,7,7/8,1190.6920375792722,1190.6920375792722
20.10.1,20,10,sats,8,8/8,1190.6920375792722,1190.6920375792722
20.10.2,20,1,ims,0,0/8,1700.8093572048406,1254.6043475032363
20.10.2,20,1,ims,1,1/8,1305.4793138896684,1254.6043475032363
20.10.2,20,1,ims,2,2/8,1278.8979170067232,1254.6043475032363
20.10.2,20,1,ims,3,3/8,1278.8979170067232,1254.6043475032363
20.10.2,20,1,ims,4,4/8,1278.8979170067232,1254.6043475032363
20.10.2,20,1,ims,5,5/8,1278.8979170067232,1254.6043475032363
20.10.2,20,1,ims,6,6/8,1254.6043475032363,1254.6043475032363
20.10.2,20,1,ims,7,7/8,1254.6043475032363,1254.6043475032363
20.10.2,20,1,ims,8,8/8,1254.6043475032363,1254.6043475032363
20.10.2,20,2,ims,0,0/8,1752.4878553485028,1254.6043475032363
20.10.2,20,2,ims,1,1/8,1254.6043475032363,1254.6043475032363
20.10.2,20,2,ims,2,2/8,1254.6043475032363,1254.6043475032363
20.10.2,20,2,ims,3,3/8,1254.6043475032363,1254.6043475032363
20.10.2,20,2,ims,4,4/8,1254.6043475032363,1254.6043475032363
20.10.2,20,2,ims,5,5/8,1254.6043475032363,1254.6043475032363
20.10.2,20,2,ims,6,6/8,1254.6043475032363,1254.6043475032363
20.10.2,20,2,ims,7,7/8,1254.6043475032363,1254.6043475032363
20.10.2,20,2,ims,8,8/8,1254.6043475032363,1254.6043475032363
20.10.2,20,3,ims,0,0/8,1857.0008677841738,1254.6043475032363
20.10.2,20,3,ims,1,1/8,1279.4735384068426,1254.6043475032363
20.10.2,20,3,ims,2,2/8,1278.989927139242,1254.6043475032363
20.10.2,20,3,ims,3,3/8,1278.989927139242,1254.6043475032363
20.10.2,20,3,ims,4,4/8,1278.989927139242,1254.6043475032363
20.10.2,20,3,ims,5,5/8,1278.989927139242,1254.6043475032363
20.10.2,20,3,ims,6,6/8,1278.8979170067232,1254.6043475032363
20.10.2,20,3,ims,7,7/8,1254.6043475032363,1254.6043475032363
20.10.2,20,3,ims,8,8/8,1254.6043475032363,1254.6043475032363
20.10.2,20,4,ims,0,0/8,1608.8607576259885,1254.6043475032363
20.10.2,20,4,ims,1,1/8,1301.504658324176,1254.6043475032363
20.10.2,20,4,ims,2,2/8,1254.6043475032363,1254.6043475032363
20.10.2,20,4,ims,3,3/8,1254.6043475032363,1254.6043475032363
20.10.2,20,4,ims,4,4/8,1254.6043475032363,1254.6043475032363
20.10.2,20,4,ims,5,5/8,1254.6043475032363,1254.6043475032363
20.10.2,20,4,ims,6,6/8,1254.6043475032363,1254.6043475032363
20.10.2,20,4,ims,7,7/8,1254.6043475032363,1254.6043475032363
20.10.2,20,4,ims,8,8/8,1254.6043475032363,1254.6043475032363
20.10.2,20,5,ims,0,0/8,1608.8607576259885,1254.6043475032363
20.10.2,20,5,ims,1,1/8,1305.4793138896684,1254.6043475032363
20.10.2,20,5,ims,2,2/8,1254.6043475032363,1254.6043475032363
20.10.2,20,5,ims,3,3/8,1254.6043475032363,1254.6043475032363
20.10.2,20,5,ims,4,4/8,1254.6043475032363,1254.6043475032363
20.10.2,20,5,ims,5,5/8,1254.6043475032363,1254.6043475032363
20.10.2,20,5,ims,6,6/8,1254.6043475032363,1254.6043475032363
20.10.2,20,5,ims,7,7/8,1254.6043475032363,1254.6043475032363
20.10.2,20,5,ims,8,8/8,1254.6043475032363,1254.6043475032363
20.10.2,20,6,ims,0,0/8,1701.9740115230245,1254.6043475032363
20.10.2,20,6,ims,1,1/8,1283.9360740352238,1254.6043475032363
20.10.2,20,6,ims,2,2/8,1278.8979170067232,1254.6043475032363
20.10.2,20,6,ims,3,3/8,1254.6043475032363,1254.6043475032363
20.10.2,20,6,ims,4,4/8,1254.6043475032363,1254.6043475032363
20.10.2,20,6,ims,5,5/8,1254.6043475032363,1254.6043475032363
20.10.2,20,6,ims,6,6/8,1254.6043475032363,1254.6043475032363
20.10.2,20,6,ims,7,7/8,1254.6043475032363,1254.6043475032363
20.10.2,20,6,ims,8,8/8,1254.6043475032363,1254.6043475032363
20.10.2,20,7,ims,0,0/8,1737.0910422491982,1254.6043475032363
20.10.2,20,7,ims,1,1/8,1279.4735384068426,1254.6043475032363
20.10.2,20,7,ims,2,2/8,1264.4662005196221,1254.6043475032363
20.10.2,20,7,ims,3,3/8,1254.6043475032363,1254.6043475032363
20.10.2,20,7,ims,4,4/8,1254.6043475032363,1254.6043475032363
20.10.2,20,7,ims,5,5/8,1254.6043475032363,1254.6043475032363
20.10.2,20,7,ims,6,6/8,1254.6043475032363,1254.6043475032363
20.10.2,20,7,ims,7,7/8,1254.6043475032363,1254.6043475032363
20.10.2,20,7,ims,8,8/8,1254.6043475032363,1254.6043475032363
20.10.2,20,8,ims,0,0/8,1737.0910422491982,1254.6043475032363
20.10.2,20,8,ims,1,1/8,1285.3417734826864,1254.6043475032363
20.10.2,20,8,ims,2,2/8,1254.6043475032363,1254.6043475032363
20.10.2,20,8,ims,3,3/8,1254.6043475032363,1254.6043475032363
20.10.2,20,8,ims,4,4/8,1254.6043475032363,1254.6043475032363
20.10.2,20,8,ims,5,5/8,1254.6043475032363,1254.6043475032363
20.10.2,20,8,ims,6,6/8,1254.604347503236,1254.6043475032363
20.10.2,20,8,ims,7,7/8,1254.604347503236,1254.6043475032363
20.10.2,20,8,ims,8,8/8,1254.604347503236,1254.6043475032363
20.10.2,20,9,ims,0,0/8,1752.4878553485028,1254.6043475032363
20.10.2,20,9,ims,1,1/8,1305.4793138896684,1254.6043475032363
20.10.2,20,9,ims,2,2/8,1254.6043475032363,1254.6043475032363
20.10.2,20,9,ims,3,3/8,1254.6043475032363,1254.6043475032363
20.10.2,20,9,ims,4,4/8,1254.6043475032363,1254.6043475032363
20.10.2,20,9,ims,5,5/8,1254.6043475032363,1254.6043475032363
20.10.2,20,9,ims,6,6/8,1254.6043475032363,1254.6043475032363
20.10.2,20,9,ims,7,7/8,1254.6043475032363,1254.6043475032363
20.10.2,20,9,ims,8,8/8,1254.6043475032363,1254.6043475032363
20.10.2,20,10,ims,0,0/8,1700.8093572048406,1254.6043475032363
20.10.2,20,10,ims,1,1/8,1278.989927139242,1254.6043475032363
20.10.2,20,10,ims,2,2/8,1278.989927139242,1254.6043475032363
20.10.2,20,10,ims,3,3/8,1254.6043475032363,1254.6043475032363
20.10.2,20,10,ims,4,4/8,1254.6043475032363,1254.6043475032363
20.10.2,20,10,ims,5,5/8,1254.6043475032363,1254.6043475032363
20.10.2,20,10,ims,6,6/8,1254.6043475032363,1254.6043475032363
20.10.2,20,10,ims,7,7/8,1254.6043475032363,1254.6043475032363
20.10.2,20,10,ims,8,8/8,1254.6043475032363,1254.6043475032363
20.10.2,20,1,sats,0,0/8,1888.6999618257737,1254.6043475032363
20.10.2,20,1,sats,1,1/8,1285.3417734826864,1254.6043475032363
20.10.2,20,1,sats,2,2/8,1278.989927139242,1254.6043475032363
20.10.2,20,1,sats,3,3/8,1278.8979170067232,1254.6043475032363
20.10.2,20,1,sats,4,4/8,1278.8979170067232,1254.6043475032363
20.10.2,20,1,sats,5,5/8,1278.8979170067232,1254.6043475032363
20.10.2,20,1,sats,6,6/8,1254.6043475032363,1254.6043475032363
20.10.2,20,1,sats,7,7/8,1254.6043475032363,1254.6043475032363
20.10.2,20,1,sats,8,8/8,1254.6043475032363,1254.6043475032363
20.10.2,20,2,sats,0,0/8,1916.8838932549097,1254.6043475032363
20.10.2,20,2,sats,1,1/8,1278.8979170067232,1254.6043475032363
20.10.2,20,2,sats,2,2/8,1254.6043475032363,1254.6043475032363
20.10.2,20,2,sats,3,3/8,1254.6043475032363,1254.6043475032363
20.10.2,20,2,sats,4,4/8,1254.6043475032363,1254.6043475032363
20.10.2,20,2,sats,5,5/8,1254.6043475032363,1254.6043475032363
20.10.2,20,2,sats,6,6/8,1254.6043475032363,1254.6043475032363
20.10.2,20,2,sats,7,7/8,1254.6043475032363,1254.6043475032363
20.10.2,20,2,sats,8,8/8,1254.6043475032363,1254.6043475032363
20.10.2,20,3,sats,0,0/8,1857.0008677841738,1254.6043475032363
20.10.2,20,3,sats,1,1/8,1278.989927139242,1254.6043475032363
20.10.2,20,3,sats,2,2/8,1278.989927139242,1254.6043475032363
20.10.2,20,3,sats,3,3/8,1278.989927139242,1254.6043475032363
20.10.2,20,3,sats,4,4/8,1278.989927139242,1254.6043475032363
20.10.2,20,3,sats,5,5/8,1278.8979170067232,1254.6043475032363
20.10.2,20,3,sats,6,6/8,1278.8979170067232,1254.6043475032363
20.10.2,20,3,sats,7,7/8,1278.8979170067232,1254.6043475032363
20.10.2,20,3,sats,8,8/8,1278.8979170067232,1254.6043475032363
20.10.2,20,4,sats,0,0/8,2215.3491575825547,1254.6043475032363
20.10.2,20,4,sats,1,1/8,1254.6043475032363,1254.6043475032363
20.10.2,20,4,sats,2,2/8,1254.6043475032363,1254.6043475032363
20.10.2,20,4,sats,3,3/8,1254.6043475032363,1254.6043475032363
20.10.2,20,4,sats,4,4/8,1254.6043475032363,1254.6043475032363
20.10.2,20,4,sats,5,5/8,1254.6043475032363,1254.6043475032363
20.10.2,20,4,sats,6,6/8,1254.6043475032363,1254.6043475032363
20.10.2,20,4,sats,7,7/8,1254.6043475032363,1254.6043475032363
20.10.2,20,4,sats,8,8/8,1254.6043475032363,1254.6043475032363
20.10.2,20,5,sats,0,0/8,2342.9480917516285,1254.6043475032363
20.10.2,20,5,sats,1,1/8,1305.4793138896684,1254.6043475032363
20.10.2,20,5,sats,2,2/8,1305.4793138896684,1254.6043475032363
20.10.2,20,5,sats,3,3/8,1287.9231335055367,1254.6043475032363
20.10.2,20,5,sats,4,4/8,1279.4735384068426,1254.6043475032363
20.10.2,20,5,sats,5,5/8,1278.8979170067232,1254.6043475032363
20.10.2,20,5,sats,6,6/8,1254.6043475032363,1254.6043475032363
20.10.2,20,5,sats,7,7/8,1254.6043475032363,1254.6043475032363
20.10.2,20,5,sats,8,8/8,1254.6043475032363,1254.6043475032363
20.10.2,20,6,sats,0,0/8,1808.9571139136306,1254.6043475032363
20.10.2,20,6,sats,1,1/8,1285.3417734826864,1254.6043475032363
20.10.2,20,6,sats,2,2/8,1254.6043475032363,1254.6043475032363
20.10.2,20,6,sats,3,3/8,1254.6043475032363,1254.6043475032363
20.10.2,20,6,sats,4,4/8,1254.6043475032363,1254.6043475032363
20.10.2,20,6,sats,5,5/8,1254.6043475032363,1254.6043475032363
20.10.2,20,6,sats,6,6/8,1254.6043475032363,1254.6043475032363
20.10.2,20,6,sats,7,7/8,1254.6043475032363,1254.6043475032363
20.10.2,20,6,sats,8,8/8,1254.6043475032363,1254.6043475032363
20.10.2,20,7,sats,0,0/8,1940.0630429079051,1254.6043475032363
20.10.2,20,7,sats,1,1/8,1278.8979170067232,1254.6043475032363
20.10.2,20,7,sats,2,2/8,1278.8979170067232,1254.6043475032363
20.10.2,20,7,sats,3,3/8,1278.8979170067232,1254.6043475032363
20.10.2,20,7,sats,4,4/8,1254.6043475032363,1254.6043475032363
20.10.2,20,7,sats,5,5/8,1254.6043475032363,1254.6043475032363
20.10.2,20,7,sats,6,6/8,1254.6043475032363,1254.6043475032363
20.10.2,20,7,sats,7,7/8,1254.6043475032363,1254.6043475032363
20.10.2,20,7,sats,8,8/8,1254.6043475032363,1254.6043475032363
20.10.2,20,8,sats,0,0/8,1875.9691802977534,1254.6043475032363
20.10.2,20,8,sats,1,1/8,1285.3417734826864,1254.6043475032363
20.10.2,20,8,sats,2,2/8,1285.3417734826864,1254.6043475032363
20.10.2,20,8,sats,3,3/8,1285.3417734826864,1254.6043475032363
20.10.2,20,8,sats,4,4/8,1278.8979170067232,1254.6043475032363
20.10.2,20,8,sats,5,5/8,1254.604347503236,1254.6043475032363
20.10.2,20,8,sats,6,6/8,1254.604347503236,1254.6043475032363
20.10.2,20,8,sats,7,7/8,1254.604347503236,1254.6043475032363
20.10.2,20,8,sats,8,8/8,1254.604347503236,1254.6043475032363
20.10.2,20,9,sats,0,0/8,1812.8134886290572,1254.6043475032363
20.10.2,20,9,sats,1,1/8,1254.6043475032363,1254.6043475032363
20.10.2,20,9,sats,2,2/8,1254.6043475032363,1254.6043475032363
20.10.2,20,9,sats,3,3/8,1254.6043475032363,1254.6043475032363
20.10.2,20,9,sats,4,4/8,1254.6043475032363,1254.6043475032363
20.10.2,20,9,sats,5,5/8,1254.6043475032363,1254.6043475032363
20.10.2,20,9,sats,6,6/8,1254.6043475032363,1254.6043475032363
20.10.2,20,9,sats,7,7/8,1254.6043475032363,1254.6043475032363
20.10.2,20,9,sats,8,8/8,1254.6043475032363,1254.6043475032363
20.10.2,20,10,sats,0,0/8,1737.0910422491982,1254.6043475032363
20.10.2,20,10,sats,1,1/8,1278.989927139242,1254.6043475032363
20.10.2,20,10,sats,2,2/8,1278.989927139242,1254.6043475032363
20.10.2,20,10,sats,3,3/8,1278.989927139242,1254.6043475032363
20.10.2,20,10,sats,4,4/8,1254.6043475032363,1254.6043475032363
20.10.2,20,10,sats,5,5/8,1254.6043475032363,1254.6043475032363
20.10.2,20,10,sats,6,6/8,1254.6043475032363,1254.6043475032363
20.10.2,20,10,sats,7,7/8,1254.6043475032363,1254.6043475032363
20.10.2,20,10,sats,8,8/8,1254.6043475032363,1254.6043475032363
20.10.3,20,1,ims,0,0/8,1865.6846869900216,1206.1754607013595
20.10.3,20,1,ims,1,1/8,1206.1754607013595,1206.1754607013595
20.10.3,20,1,ims,2,2/8,1206.1754607013595,1206.1754607013595
20.10.3,20,1,ims,3,3/8,1206.1754607013595,1206.1754607013595
20.10.3,20,1,ims,4,4/8,1206.1754607013595,1206.1754607013595
20.10.3,20,1,ims,5,5/8,1206.1754607013595,1206.1754607013595
20.10.3,20,1,ims,6,6/8,1206.1754607013595,1206.1754607013595
20.10.3,20,1,ims,7,7/8,1206.1754607013595,1206.1754607013595
20.10.3,20,1,ims,8,8/8,1206.1754607013595,1206.1754607013595
20.10.3,20,2,ims,0,0/8,1921.9499184540794,1206.1754607013595
20.10.3,20,2,ims,1,1/8,1206.1754607013595,1206.1754607013595
20.10.3,20,2,ims,2,2/8,1206.1754607013595,1206.1754607013595
20.10.3,20,2,ims,3,3/8,1206.1754607013595,1206.1754607013595
20.10.3,20,2,ims,4,4/8,1206.1754607013595,1206.1754607013595
20.10.3,20,2,ims,5,5/8,1206.1754607013595,1206.1754607013595
20.10.3,20,2,ims,6,6/8,1206.1754607013595,1206.1754607013595
20.10.3,20,2,ims,7,7/8,1206.1754607013595,1206.1754607013595
20.10.3,20,2,ims,8,8/8,1206.1754607013595,1206.1754607013595
20.10.3,20,3,ims,0,0/8,1890.450056718668,1206.1754607013595
20.10.3,20,3,ims,1,1/8,1206.1754607013595,1206.1754607013595
20.10.3,20,3,ims,2,2/8,1206.1754607013595,1206.1754607013595
20.10.3,20,3,ims,3,3/8,1206.1754607013595,1206.1754607013595
20.10.3,20,3,ims,4,4/8,1206.1754607013595,1206.1754607013595
20.10.3,20,3,ims,5,5/8,1206.1754607013595,1206.1754607013595
20.10.3,20,3,ims,6,6/8,1206.1754607013595,1206.1754607013595
20.10.3,20,3,ims,7,7/8,1206.1754607013595,1206.1754607013595
20.10.3,20,3,ims,8,8/8,1206.1754607013595,1206.1754607013595
20.10.3,20,4,ims,0,0/8,1940.1625027085763,1206.1754607013595
20.10.3,20,4,ims,1,1/8,1206.1754607013595,1206.1754607013595
20.10.3,20,4,ims,2,2/8,1206.1754607013595,1206.1754607013595
20.10.3,20,4,ims,3,3/8,1206.1754607013595,1206.1754607013595
20.10.3,20,4,ims,4,4/8,1206.1754607013595,1206.1754607013595
20.10.3,20,4,ims,5,5/8,1206.1754607013595,1206.1754607013595
20.10.3,20,4,ims,6,6/8,1206.1754607013595,1206.1754607013595
20.10.3,20,4,ims,7,7/8,1206.1754607013595,1206.1754607013595
20.10.3,20,4,ims,8,8/8,1206.1754607013595,1206.1754607013595
20.10.3,20,5,ims,0,0/8,1940.1625027085763,1206.1754607013595
20.10.3,20,5,ims,1,1/8,1206.1754607013595,1206.1754607013595
20.10.3,20,5,ims,2,2/8,1206.1754607013595,1206.1754607013595
20.10.3,20,5,ims,3,3/8,1206.1754607013595,1206.1754607013595
20.10.3,20,5,ims,4,4/8,1206.1754607013595,1206.1754607013595
20.10.3,20,5,ims,5,5/8,1206.1754607013595,1206.1754607013595
20.10.3,20,5,ims,6,6/8,1206.1754607013595,1206.1754607013595
20.10.3,20,5,ims,7,7/8,1206.1754607013595,1206.1754607013595
20.10.3,20,5,ims,8,8/8,1206.1754607013595,1206.1754607013595
20.10.3,20,6,ims,0,0/8,1940.1625027085763,1206.1754607013595
20.10.3,20,6,ims,1,1/8,1206.1754607013595,1206.1754607013595
20.10.3,20,6,ims,2,2/8,1206.1754607013595,1206.1754607013595
20.10.3,20,6,ims,3,3/8,1206.1754607013595,1206.1754607013595
20.10.3,20,6,ims,4,4/8,1206.1754607013595,1206.1754607013595
20.10.3,20,6,ims,5,5/8,1206.1754607013595,1206.1754607013595
20.10.3,20,6,ims,6,6/8,1206.1754607013595,1206.1754607013595
20.10.3,20,6,ims,7,7/8,1206.1754607013595,1206.1754607013595
20.10.3,20,6,ims,8,8/8,1206.1754607013595,1206.1754607013595
20.10.3,20,7,ims,0,0/8,1782.0460331905788,1206.1754607013595
20.10.3,20,7,ims,1,1/8,1206.1754607013595,1206.1754607013595
20.10.3,20,7,ims,2,2/8,1206.1754607013595,1206.1754607013595
20.10.3,20,7,ims,3,3/8,1206.1754607013595,1206.1754607013595
20.10.3,20,7,ims,4,4/8,1206.1754607013595,1206.1754607013595
20.10.3,20,7,ims,5,5/8,1206.1754607013595,1206.1754607013595
20.10.3,20,7,ims,6,6/8,1206.1754607013595,1206.1754607013595
20.10.3,20,7,ims,7,7/8,1206.1754607013595,1206.1754607013595
20.10.3,20,7,ims,8,8/8,1206.1754607013595,1206.1754607013595
20.10.3,20,8,ims,0,0/8,1938.8079862468032,1206.1754607013595
20.10.3,20,8,ims,1,1/8,1206.1754607013595,1206.1754607013595
20.10.3,20,8,ims,2,2/8,1206.1754607013595,1206.1754607013595
20.10.3,20,8,ims,3,3/8,1206.1754607013595,1206.1754607013595
20.10.3,20,8,ims,4,4/8,1206.1754607013595,1206.1754607013595
20.10.3,20,8,ims,5,5/8,1206.1754607013595,1206.1754607013595
20.10.3,20,8,ims,6,6/8,1206.1754607013595,1206.1754607013595
20.10.3,20,8,ims,7,7/8,1206.1754607013595,1206.1754607013595
20.10.3,20,8,ims,8,8/8,1206.1754607013595,1206.1754607013595
20.10.3,20,9,ims,0,0/8,1612.4298838847621,1206.1754607013595
20.10.3,20,9,ims,1,1/8,1206.1754607013595,1206.1754607013595
20.10.3,20,9,ims,2,2/8,1206.1754607013595,1206.1754607013595
20.10.3,20,9,ims,3,3/8,1206.1754607013595,1206.1754607013595
20.10.3,20,9,ims,4,4/8,1206.1754607013595,1206.1754607013595
20.10.3,20,9,ims,5,5/8,1206.1754607013595,1206.1754607013595
20.10.3,20,9,ims,6,6/8,1206.1754607013595,1206.1754607013595
20.10.3,20,9,ims,7,7/8,1206.1754607013595,1206.1754607013595
20.10.3,20,9,ims,8,8/8,1206.1754607013595,1206.1754607013595
20.10.3,20,10,ims,0,0/8,1983.6208578206779,1206.1754607013595
20.10.3,20,10,ims,1,1/8,1206.1754607013595,1206.1754607013595
20.10.3,20,10,ims,2,2/8,1206.1754607013595,1206.1754607013595
20.10.3,20,10,ims,3,3/8,1206.1754607013595,1206.1754607013595
20.10.3,20,10,ims,4,4/8,1206.1754607013595,1206.1754607013595
20.10.3,20,10,ims,5,5/8,1206.1754607013595,1206.1754607013595
20.10.3,20,10,ims,6,6/8,1206.1754607013595,1206.1754607013595
20.10.3,20,10,ims,7,7/8,1206.1754607013595,1206.1754607013595
20.10.3,20,10,ims,8,8/8,1206.1754607013595,1206.1754607013595
20.10.3,20,1,sats,0,0/8,1940.1625027085763,1206.1754607013595
20.10.3,20,1,sats,1,1/8,1206.1754607013595,1206.1754607013595
20.10.3,20,1,sats,2,2/8,1206.1754607013595,1206.1754607013595
20.10.3,20,1,sats,3,3/8,1206.1754607013595,1206.1754607013595
20.10.3,20,1,sats,4,4/8,1206.1754607013595,1206.1754607013595
20.10.3,20,1,sats,5,5/8,1206.1754607013595,1206.1754607013595
20.10.3,20,1,sats,6,6/8,1206.1754607013595,1206.1754607013595
20.10.3,20,1,sats,7,7/8,1206.1754607013595,1206.1754607013595
20.10.3,20,1,sats,8,8/8,1206.1754607013595,1206.1754607013595
20.10.3,20,2,sats,0,0/8,1951.408571940644,1206.1754607013595
20.10.3,20,2,sats,1,1/8,1206.1754607013595,1206.1754607013595
20.10.3,20,2,sats,2,2/8,1206.1754607013595,1206.1754607013595
20.10.3,20,2,sats,3,3/8,1206.1754607013595,1206.1754607013595
20.10.3,20,2,sats,4,4/8,1206.1754607013595,1206.1754607013595
20.10.3,20,2,sats,5,5/8,1206.1754607013595,1206.1754607013595
20.10.3,20,2,sats,6,6/8,1206.1754607013595,1206.1754607013595
20.10.3,20,2,sats,7,7/8,1206.1754607013595,1206.1754607013595
20.10.3,20,2,sats,8,8/8,1206.1754607013595,1206.1754607013595
20.10.3,20,3,sats,0,0/8,2001.8861109831225,1206.1754607013595
20.10.3,20,3,sats,1,1/8,1206.1754607013595,1206.1754607013595
20.10.3,20,3,sats,2,2/8,1206.1754607013595,1206.1754607013595
20.10.3,20,3,sats,3,3/8,1206.1754607013595,1206.1754607013595
20.10.3,20,3,sats,4,4/8,1206.1754607013595,1206.1754607013595
20.10.3,20,3,sats,5,5/8,1206.1754607013595,1206.1754607013595
20.10.3,20,3,sats,6,6/8,1206.1754607013595,1206.1754607013595
20.10.3,20,3,sats,7,7/8,1206.1754607013595,1206.1754607013595
20.10.3,20,3,sats,8,8/8,1206.1754607013595,1206.1754607013595
20.10.3,20,4,sats,0,0/8,2401.049862338774,1206.1754607013595
20.10.3,20,4,sats,1,1/8,1206.1754607013595,1206.1754607013595
20.10.3,20,4,sats,2,2/8,1206.1754607013595,1206.1754607013595
20.10.3,20,4,sats,3,3/8,1206.1754607013595,1206.1754607013595
20.10.3,20,4,sats,4,4/8,1206.1754607013595,1206.1754607013595
20.10.3,20,4,sats,5,5/8,1206.1754607013595,1206.1754607013595
20.10.3,20,4,sats,6,6/8,1206.1754607013595,1206.1754607013595
20.10.3,20,4,sats,7,7/8,1206.1754607013595,1206.1754607013595
20.10.3,20,4,sats,8,8/8,1206.1754607013595,1206.1754607013595
20.10.3,20,5,sats,0,0/8,1940.1625027085763,1206.1754607013595
20.10.3,20,5,sats,1,1/8,1206.1754607013595,1206.1754607013595
20.10.3,20,5,sats,2,2/8,1206.1754607013595,1206.1754607013595
20.10.3,20,5,sats,3,3/8,1206.1754607013595,1206.1754607013595
20.10.3,20,5,sats,4,4/8,1206.1754607013595,1206.1754607013595
20.10.3,20,5,sats,5,5/8,1206.1754607013595,1206.1754607013595
20.10.3,20,5,sats,6,6/8,1206.1754607013595,1206.1754607013595
20.10.3,20,5,sats,7,7/8,1206.1754607013595,1206.1754607013595
20.10.3,20,5,sats,8,8/8,1206.1754607013595,1206.1754607013595
20.10.3,20,6,sats,0,0/8,2001.8861109831225,1206.1754607013595
20.10.3,20,6,sats,1,1/8,1206.1754607013595,1206.1754607013595
20.10.3,20,6,sats,2,2/8,1206.1754607013595,1206.1754607013595
20.10.3,20,6,sats,3,3/8,1206.1754607013595,1206.1754607013595
20.10.3,20,6,sats,4,4/8,1206.1754607013595,1206.1754607013595
20.10.3,20,6,sats,5,5/8,1206.1754607013595,1206.1754607013595
20.10.3,20,6,sats,6,6/8,1206.1754607013595,1206.1754607013595
20.10.3,20,6,sats,7,7/8,1206.1754607013595,1206.1754607013595
20.10.3,20,6,sats,8,8/8,1206.1754607013595,1206.1754607013595
20.10.3,20,7,sats,0,0/8,2076.6861363891567,1206.1754607013595
20.10.3,20,7,sats,1,1/8,1206.1754607013595,1206.1754607013595
20.10.3,20,7,sats,2,2/8,1206.1754607013595,1206.1754607013595
20.10.3,20,7,sats,3,3/8,1206.1754607013595,1206.1754607013595
20.10.3,20,7,sats,4,4/8,1206.1754607013595,1206.1754607013595
20.10.3,20,7,sats,5,5/8,1206.1754607013595,1206.1754607013595
20.10.3,20,7,sats,6,6/8,1206.1754607013595,1206.1754607013595
20.10.3,20,7,sats,7,7/8,1206.1754607013595,1206.1754607013595
20.10.3,20,7,sats,8,8/8,1206.1754607013595,1206.1754607013595
20.10.3,20,8,sats,0,0/8,1938.8079862468032,1206.1754607013595
20.10.3,20,8,sats,1,1/8,1206.1754607013595,1206.1754607013595
20.10.3,20,8,sats,2,2/8,1206.1754607013595,1206.1754607013595
20.10.3,20,8,sats,3,3/8,1206.1754607013595,1206.1754607013595
20.10.3,20,8,sats,4,4/8,1206.1754607013595,1206.1754607013595
20.10.3,20,8,sats,5,5/8,1206.1754607013595,1206.1754607013595
20.10.3,20,8,sats,6,6/8,1206.1754607013595,1206.1754607013595
20.10.3,20,8,sats,7,7/8,1206.1754607013595,1206.1754607013595
20.10.3,20,8,sats,8,8/8,1206.1754607013595,1206.1754607013595
20.10.3,20,9,sats,0,0/8,2268.1675508743324,1206.1754607013595
20.10.3,20,9,sats,1,1/8,1206.1754607013595,1206.1754607013595
20.10.3,20,9,sats,2,2/8,1206.1754607013595,1206.1754607013595
20.10.3,20,9,sats,3,3/8,1206.1754607013595,1206.1754607013595
20.10.3,20,9,sats,4,4/8,1206.1754607013595,1206.1754607013595
20.10.3,20,9,sats,5,5/8,1206.1754607013595,1206.1754607013595
20.10.3,20,9,sats,6,6/8,1206.1754607013595,1206.1754607013595
20.10.3,20,9,sats,7,7/8,1206.1754607013595,1206.1754607013595
20.10.3,20,9,sats,8,8/8,1206.1754607013595,1206.1754607013595
20.10.3,20,10,sats,0,0/8,2214.7348773377457,1206.1754607013595
20.10.3,20,10,sats,1,1/8,1206.1754607013595,1206.1754607013595
20.10.3,20,10,sats,2,2/8,1206.1754607013595,1206.1754607013595
20.10.3,20,10,sats,3,3/8,1206.1754607013595,1206.1754607013595
20.10.3,20,10,sats,4,4/8,1206.1754607013595,1206.1754607013595
20.10.3,20,10,sats,5,5/8,1206.1754607013595,1206.1754607013595
20.10.3,20,10,sats,6,6/8,1206.1754607013595,1206.1754607013595
20.10.3,20,10,sats,7,7/8,1206.1754607013595,1206.1754607013595
20.10.3,20,10,sats,8,8/8,1206.1754607013595,1206.1754607013595
20.10.4,20,1,ims,0,0/8,1771.638741421139,1325.8547556895428
20.10.4,20,1,ims,1,1/8,1325.8547556895428,1325.8547556895428
20.10.4,20,1,ims,2,2/8,1325.8547556895428,1325.8547556895428
20.10.4,20,1,ims,3,3/8,1325.8547556895428,1325.8547556895428
20.10.4,20,1,ims,4,4/8,1325.8547556895428,1325.8547556895428
20.10.4,20,1,ims,5,5/8,1325.8547556895428,1325.8547556895428
20.10.4,20,1,ims,6,6/8,1325.8547556895428,1325.8547556895428
20.10.4,20,1,ims,7,7/8,1325.8547556895428,1325.8547556895428
20.10.4,20,1,ims,8,8/8,1325.8547556895428,1325.8547556895428
20.10.4,20,2,ims,0,0/8,1814.4069764392932,1325.8547556895428
20.10.4,20,2,ims,1,1/8,1325.8547556895428,1325.8547556895428
20.10.4,20,2,ims,2,2/8,1325.8547556895428,1325.8547556895428
20.10.4,20,2,ims,3,3/8,1325.8547556895428,1325.8547556895428
20.10.4,20,2,ims,4,4/8,1325.8547556895428,1325.8547556895428
20.10.4,20,2,ims,5,5/8,1325.8547556895428,1325.8547556895428
20.10.4,20,2,ims,6,6/8,1325.8547556895428,1325.8547556895428
20.10.4,20,2,ims,7,7/8,1325.8547556895428,1325.8547556895428
20.10.4,20,2,ims,8,8/8,1325.8547556895428,1325.8547556895428
20.10.4,20,3,ims,0,0/8,1771.638741421139,1325.8547556895428
20.10.4,20,3,ims,1,1/8,1325.8547556895428,1325.8547556895428
20.10.4,20,3,ims,2,2/8,1325.8547556895428,1325.8547556895428
20.10.4,20,3,ims,3,3/8,1325.8547556895428,1325.8547556895428
20.10.4,20,3,ims,4,4/8,1325.8547556895428,1325.8547556895428
20.10.4,20,3,ims,5,5/8,1325.8547556895428,1325.8547556895428
20.10.4,20,3,ims,6,6/8,1325.8547556895428,1325.8547556895428
20.10.4,20,3,ims,7,7/8,1325.8547556895428,1325.8547556895428
20.10.4,20,3,ims,8,8/8,1325.8547556895428,1325.8547556895428
20.10.4,20,4,ims,0,0/8,1814.4069764392932,1325.8547556895428
20.10.4,20,4,ims,1,1/8,1325.8547556895428,1325.8547556895428
20.10.4,20,4,ims,2,2/8,1325.8547556895428,1325.8547556895428
20.10.4,20,4,ims,3,3/8,1325.8547556895428,1325.8547556895428
20.10.4,20,4,ims,4,4/8,1325.8547556895428,1325.8547556895428
20.10.4,20,4,ims,5,5/8,1325.8547556895428,1325.8547556895428
20.10.4,20,4,ims,6,6/8,1325.8547556895428,1325.8547556895428
20.10.4,20,4,ims,7,7/8,1325.8547556895428,1325.8547556895428
20.10.4,20,4,ims,8,8/8,1325.8547556895428,1325.8547556895428
20.10.4,20,5,ims,0,0/8,1814.4069764392932,1325.8547556895428
20.10.4,20,5,ims,1,1/8,1325.8547556895428,1325.8547556895428
20.10.4,20,5,ims,2,2/8,1325.8547556895428,1325.8547556895428
20.10.4,20,5,ims,3,3/8,1325.8547556895428,1325.8547556895428
20.10.4,20,5,ims,4,4/8,1325.8547556895428,1325.8547556895428
20.10.4,20,5,ims,5,5/8,1325.8547556895428,1325.8547556895428
20.10.4,20,5,ims,6,6/8,1325.8547556895428,1325.8547556895428
20.10.4,20,5,ims,7,7/8,1325.8547556895428,1325.8547556895428
20.10.4,20,5,ims,8,8/8,1325.8547556895428,1325.8547556895428
20.10.4,20,6,ims,0,0/8,2115.483361418347,1325.8547556895428
20.10.4,20,6,ims,1,1/8,1325.8547556895428,1325.8547556895428
20.10.4,20,6,ims,2,2/8,1325.8547556895428,1325.8547556895428
20.10.4,20,6,ims,3,3/8,1325.8547556895428,1325.8547556895428
20.10.4,20,6,ims,4,4/8,1325.8547556895428,1325.8547556895428
20.10.4,20,6,ims,5,5/8,1325.8547556895428,1325.8547556895428
20.10.4,20,6,ims,6,6/8,1325.8547556895428,1325.8547556895428
20.10.4,20,6,ims,7,7/8,1325.8547556895428,1325.8547556895428
20.10.4,20,6,ims,8,8/8,1325.8547556895428,1325.8547556895428
20.10.4,20,7,ims,0,0/8,1814.4069764392932,1325.8547556895428
20.10.4,20,7,ims,1,1/8,1325.8547556895428,1325.8547556895428
20.10.4,20,7,ims,2,2/8,1325.8547556895428,1325.8547556895428
20.10.4,20,7,ims,3,3/8,1325.8547556895428,1325.8547556895428
20.10.4,20,7,ims,4,4/8,1325.8547556895428,1325.8547556895428
20.10.4,20,7,ims,5,5/8,1325.8547556895428,1325.8547556895428
20.10.4,20,7,ims,6,6/8,1325.8547556895428,1325.8547556895428
20.10.4,20,7,ims,7,7/8,1325.8547556895428,1325.8547556895428
20.10.4,20,7,ims,8,8/8,1325.8547556895428,1325.8547556895428
20.10.4,20,8,ims,0,0/8,2057.6452818769444,1325.8547556895428
20.10.4,20,8,ims,1,1/8,1325.8547556895428,1325.8547556895428
20.10.4,20,8,ims,2,2/8,1325.8547556895428,1325.8547556895428
20.10.4,20,8,ims,3,3/8,1325.8547556895428,1325.8547556895428
20.10.4,20,8,ims,4,4/8,1325.8547556895428,1325.8547556895428
20.10.4,20,8,ims,5,5/8,1325.8547556895428,1325.8547556895428
20.10.4,20,8,ims,6,6/8,1325.8547556895428,1325.8547556895428
20.10.4,20,8,ims,7,7/8,1325.8547556895428,1325.8547556895428
20.10.4,20,8,ims,8,8/8,1325.8547556895428,1325.8547556895428
20.10.4,20,9,ims,0,0/8,1958.8326380398485,1325.8547556895428
20.10.4,20,9,ims,1,1/8,1325.8547556895428,1325.8547556895428
20.10.4,20,9,ims,2,2/8,1325.8547556895428,1325.8547556895428
20.10.4,20,9,ims,3,3/8,1325.8547556895428,1325.8547556895428
20.10.4,20,9,ims,4,4/8,1325.8547556895428,1325.8547556895428
20.10.4,20,9,ims,5,5/8,1325.8547556895428,1325.8547556895428
20.10.4,20,9,ims,6,6/8,1325.8547556895428,1325.8547556895428
20.10.4,20,9,ims,7,7/8,1325.8547556895428,1325.8547556895428
20.10.4,20,9,ims,8,8/8,1325.8547556895428,1325.8547556895428
20.10.4,20,10,ims,0,0/8,1814.4069764392932,1325.8547556895428
20.10.4,20,10,ims,1,1/8,1325.8547556895428,1325.8547556895428
20.10.4,20,10,ims,2,2/8,1325.8547556895428,1325.8547556895428
20.10.4,20,10,ims,3,3/8,1325.8547556895428,1325.8547556895428
20.10.4,20,10,ims,4,4/8,1325.8547556895428,1325.8547556895428
20.10.4,20,10,ims,5,5/8,1325.8547556895428,1325.8547556895428
20.10.4,20,10,ims,6,6/8,1325.8547556895428,1325.8547556895428
20.10.4,20,10,ims,7,7/8,1325.8547556895428,1325.8547556895428
20.10.4,20,10,ims,8,8/8,1325.8547556895428,1325.8547556895428
20.10.4,20,1,sats,0,0/8,1862.9672019371712,1325.8547556895428
20.10.4,20,1,sats,1,1/8,1325.8547556895428,1325.8547556895428
20.10.4,20,1,sats,2,2/8,1325.8547556895428,1325.8547556895428
20.10.4,20,1,sats,3,3/8,1325.8547556895428,1325.8547556895428
20.10.4,20,1,sats,4,4/8,1325.8547556895428,1325.8547556895428
20.10.4,20,1,sats,5,5/8,1325.8547556895428,1325.8547556895428
20.10.4,20,1,sats,6,6/8,1325.8547556895428,1325.8547556895428
20.10.4,20,1,sats,7,7/8,1325.8547556895428,1325.8547556895428
20.10.4,20,1,sats,8,8/8,1325.8547556895428,1325.8547556895428
20.10.4,20,2,sats,0,0/8,2118.5219192472828,1325.8547556895428
20.10.4,20,2,sats,1,1/8,1325.8547556895428,1325.8547556895428
20.10.4,20,2,sats,2,2/8,1325.8547556895428,1325.8547556895428
20.10.4,20,2,sats,3,3/8,1325.8547556895428,1325.8547556895428
20.10.4,20,2,sats,4,4/8,1325.8547556895428,1325.8547556895428
20.10.4,20,2,sats,5,5/8,1325.8547556895428,1325.8547556895428
20.10.4,20,2,sats,6,6/8,1325.8547556895428,1325.8547556895428
20.10.4,20,2,sats,7,7/8,1325.8547556895428,1325.8547556895428
20.10.4,20,2,sats,8,8/8,1325.8547556895428,1325.8547556895428
20.10.4,20,3,sats,0,0/8,2115.483361418347,1325.8547556895428
20.10.4,20,3,sats,1,1/8,1325.8547556895428,1325.8547556895428
20.10.4,20,3,sats,2,2/8,1325.8547556895428,1325.8547556895428
20.10.4,20,3,sats,3,3/8,1325.8547556895428,1325.8547556895428
20.10.4,20,3,sats,4,4/8,1325.8547556895428,1325.8547556895428
20.10.4,20,3,sats,5,5/8,1325.8547556895428,1325.8547556895428
20.10.4,20,3,sats,6,6/8,1325.8547556895428,1325.8547556895428
20.10.4,20,3,sats,7,7/8,1325.8547556895428,1325.8547556895428
20.10.4,20,3,sats,8,8/8,1325.8547556895428,1325.8547556895428
20.10.4,20,4,sats,0,0/8,2666.9820810403385,1325.8547556895428
20.10.4,20,4,sats,1,1/8,1325.8547556895428,1325.8547556895428
20.10.4,20,4,sats,2,2/8,1325.8547556895428,1325.8547556895428
20.10.4,20,4,sats,3,3/8,1325.8547556895428,1325.8547556895428
20.10.4,20,4,sats,4,4/8,1325.8547556895428,1325.8547556895428
20.10.4,20,4,sats,5,5/8,1325.8547556895428,1325.8547556895428
20.10.4,20,4,sats,6,6/8,1325.8547556895428,1325.8547556895428
20.10.4,20,4,sats,7,7/8,1325.8547556895428,1325.8547556895428
20.10.4,20,4,sats,8,8/8,1325.8547556895428,1325.8547556895428
20.10.4,20,5,sats,0,0/8,2128.478863916941,1325.8547556895428
20.10.4,20,5,sats,1,1/8,1325.8547556895428,1325.8547556895428
20.10.4,20,5,sats,2,2/8,1325.8547556895428,1325.8547556895428
20.10.4,20,5,sats,3,3/8,1325.8547556895428,1325.8547556895428
20.10.4,20,5,sats,4,4/8,1325.8547556895428,1325.8547556895428
20.10.4,20,5,sats,5,5/8,1325.8547556895428,1325.8547556895428
20.10.4,20,5,sats,6,6/8,1325.8547556895428,1325.8547556895428
20.10.4,20,5,sats,7,7/8,1325.8547556895428,1325.8547556895428
20.10.4,20,5,sats,8,8/8,1325.8547556895428,1325.8547556895428
20.10.4,20,6,sats,0,0/8,2115.483361418347,1325.8547556895428
20.10.4,20,6,sats,1,1/8,1325.8547556895428,1325.8547556895428
20.10.4,20,6,sats,2,2/8,1325.8547556895428,1325.8547556895428
20.10.4,20,6,sats,3,3/8,1325.8547556895428,1325.8547556895428
20.10.4,20,6,sats,4,4/8,1325.8547556895428,1325.8547556895428
20.10.4,20,6,sats,5,5/8,1325.8547556895428,1325.8547556895428
20.10.4,20,6,sats,6,6/8,1325.8547556895428,1325.8547556895428
20.10.4,20,6,sats,7,7/8,1325.8547556895428,1325.8547556895428
20.10.4,20,6,sats,8,8/8,1325.8547556895428,1325.8547556895428
20.10.4,20,7,sats,0,0/8,1814.4069764392932,1325.8547556895428
20.10.4,20,7,sats,1,1/8,1325.8547556895428,1325.8547556895428
20.10.4,20,7,sats,2,2/8,1325.8547556895428,1325.8547556895428
20.10.4,20,7,sats,3,3/8,1325.8547556895428,1325.8547556895428
20.10.4,20,7,sats,4,4/8,1325.8547556895428,1325.8547556895428
20.10.4,20,7,sats,5,5/8,1325.8547556895428,1325.8547556895428
20.10.4,20,7,sats,6,6/8,1325.8547556895428,1325.8547556895428
20.10.4,20,7,sats,7,7/8,1325.8547556895428,1325.8547556895428
20.10.4,20,7,sats,8,8/8,1325.8547556895428,1325.8547556895428
20.10.4,20,8,sats,0,0/8,2597.1679242045816,1325.8547556895428
20.10.4,20,8,sats,1,1/8,1325.8547556895428,1325.8547556895428
20.10.4,20,8,sats,2,2/8,1325.8547556895428,1325.8547556895428
20.10.4,20,8,sats,3,3/8,1325.8547556895428,1325.8547556895428
20.10.4,20,8,sats,4,4/8,1325.8547556895428,1325.8547556895428
20.10.4,20,8,sats,5,5/8,1325.8547556895428,1325.8547556895428
20.10.4,20,8,sats,6,6/8,1325.8547556895428,1325.8547556895428
20.10.4,20,8,sats,7,7/8,1325.8547556895428,1325.8547556895428
20.10.4,20,8,sats,8,8/8,1325.8547556895428,1325.8547556895428
20.10.4,20,9,sats,0,0/8,1973.9933810245188,1325.8547556895428
20.10.4,20,9,sats,1,1/8,1325.8547556895428,1325.8547556895428
20.10.4,20,9,sats,2,2/8,1325.8547556895428,1325.8547556895428
20.10.4,20,9,sats,3,3/8,1325.8547556895428,1325.8547556895428
20.10.4,20,9,sats,4,4/8,1325.8547556895428,1325.8547556895428
20.10.4,20,9,sats,5,5/8,1325.8547556895428,1325.8547556895428
20.10.4,20,9,sats,6,6/8,1325.8547556895428,1325.8547556895428
20.10.4,20,9,sats,7,7/8,1325.8547556895428,1325.8547556895428
20.10.4,20,9,sats,8,8/8,1325.8547556895428,1325.8547556895428
20.10.4,20,10,sats,0,0/8,1814.4069764392932,1325.8547556895428
20.10.4,20,10,sats,1,1/8,1325.8547556895428,1325.8547556895428
20.10.4,20,10,sats,2,2/8,1325.8547556895428,1325.8547556895428
20.10.4,20,10,sats,3,3/8,1325.8547556895428,1325.8547556895428
20.10.4,20,10,sats,4,4/8,1325.8547556895428,1325.8547556895428
20.10.4,20,10,sats,5,5/8,1325.8547556895428,1325.8547556895428
20.10.4,20,10,sats,6,6/8,1325.8547556895428,1325.8547556895428
20.10.4,20,10,sats,7,7/8,1325.8547556895428,1325.8547556895428
20.10.4,20,10,sats,8,8/8,1325.8547556895428,1325.8547556895428
20.20.1,20,1,ims,0,0/8,5711.5734320182455,4375.996152509832
20.20.1,20,1,ims,1,1/8,4375.996152509832,4375.996152509832
20.20.1,20,1,ims,2,2/8,4375.996152509832,4375.996152509832
20.20.1,20,1,ims,3,3/8,4375.996152509832,4375.996152509832
20.20.1,20,1,ims,4,4/8,4375.996152509832,4375.996152509832
20.20.1,20,1,ims,5,5/8,4375.996152509832,4375.996152509832
20.20.1,20,1,ims,6,6/8,4375.996152509832,4375.996152509832
20.20.1,20,1,ims,7,7/8,4375.996152509832,4375.996152509832
20.20.1,20,1,ims,8,8/8,4375.996152509832,4375.996152509832
20.20.1,20,2,ims,0,0/8,5933.282084963423,4375.996152509832
20.20.1,20,2,ims,1,1/8,4375.996152509832,4375.996152509832
20.20.1,20,2,ims,2,2/8,4375.996152509832,4375.996152509832
20.20.1,20,2,ims,3,3/8,4375.996152509832,4375.996152509832
20.20.1,20,2,ims,4,4/8,4375.996152509832,4375.996152509832
20.20.1,20,2,ims,5,5/8,4375.996152509832,4375.996152509832
20.20.1,20,2,ims,6,6/8,4375.996152509832,4375.996152509832
20.20.1,20,2,ims,7,7/8,4375.996152509832,4375.996152509832
20.20.1,20,2,ims,8,8/8,4375.996152509832,4375.996152509832
20.20.1,20,3,ims,0,0/8,4655.389737353846,4375.996152509832
20.20.1,20,3,ims,1,1/8,4375.996152509832,4375.996152509832
20.20.1,20,3,ims,2,2/8,4375.996152509832,4375.996152509832
20.20.1,20,3,ims,3,3/8,4375.996152509832,4375.996152509832
20.20.1,20,3,ims,4,4/8,4375.996152509832,4375.996152509832
20.20.1,20,3,ims,5,5/8,4375.996152509832,4375.996152509832
20.20.1,20,3,ims,6,6/8,4375.996152509832,4375.996152509832
20.20.1,20,3,ims,7,7/8,4375.996152509832,4375.996152509832
20.20.1,20,3,ims,8,8/8,4375.996152509832,4375.996152509832
20.20.1,20,4,ims,0,0/8,5722.294411882402,4375.996152509832
20.20.1,20,4,ims,1,1/8,4375.996152509832,4375.996152509832
20.20.1,20,4,ims,2,2/8,4375.996152509832,4375.996152509832
20.20.1,20,4,ims,3,3/8,4375.996152509832,4375.996152509832
20.20.1,20,4,ims,4,4/8,4375.996152509832,4375.996152509832
20.20.1,20,4,ims,5,5/8,4375.996152509832,4375.996152509832
20.20.1,20,4,ims,6,6/8,4375.996152509832,4375.996152509832
20.20.1,20,4,ims,7,7/8,4375.996152509832,4375.996152509832
20.20.1,20,4,ims,8,8/8,4375.996152509832,4375.996152509832
20.20.1,20,5,ims,0,0/8,5586.767188019638,4375.996152509832
20.20.1,20,5,ims,1,1/8,4375.996152509832,4375.996152509832
20.20.1,20,5,ims,2,2/8,4375.996152509832,4375.996152509832
20.20.1,20,5,ims,3,3/8,4375.996152509832,4375.996152509832
20.20.1,20,5,ims,4,4/8,4375.996152509832,4375.996152509832
20.20.1,20,5,ims,5,5/8,4375.996152509832,4375.996152509832
20.20.1,20,5,ims,6,6/8,4375.996152509832,4375.996152509832
20.20.1,20,5,ims,7,7/8,4375.996152509832,4375.996152509832
20.20.1,20,5,ims,8,8/8,4375.996152509832,4375.996152509832
20.20.1,20,6,ims,0,0/8,4894.156997063339,4375.996152509832
20.20.1,20,6,ims,1,1/8,4375.996152509832,4375.996152509832
20.20.1,20,6,ims,2,2/8,4375.996152509832,4375.996152509832
20.20.1,20,6,ims,3,3/8,4375.996152509832,4375.996152509832
20.20.1,20,6,ims,4,4/8,4375.996152509832,4375.996152509832
20.20.1,20,6,ims,5,5/8,4375.996152509832,4375.996152509832
20.20.1,20,6,ims,6,6/8,4375.996152509832,4375.996152509832
20.20.1,20,6,ims,7,7/8,4375.996152509832,4375.996152509832
20.20.1,20,6,ims,8,8/8,4375.996152509832,4375.996152509832
20.20.1,20,7,ims,0,0/8,4702.15276208701,4375.996152509832
20.20.1,20,7,ims,1,1/8,4375.996152509832,4375.996152509832
20.20.1,20,7,ims,2,2/8,4375.996152509832,4375.996152509832
20.20.1,20,7,ims,3,3/8,4375.996152509832,4375.996152509832
20.20.1,20,7,ims,4,4/8,4375.996152509832,4375.996152509832
20.20.1,20,7,ims,5,5/8,4375.996152509832,4375.996152509832
20.20.1,20,7,ims,6,6/8,4375.996152509832,4375.996152509832
20.20.1,20,7,ims,7,7/8,4375.996152509832,4375.996152509832
20.20.1,20,7,ims,8,8/8,4375.996152509832,4375.996152509832
20.20.1,20,8,ims,0,0/8,4952.099835019107,4375.996152509832
20.20.1,20,8,ims,1,1/8,4375.996152509832,4375.996152509832
20.20.1,20,8,ims,2,2/8,4375.996152509832,4375.996152509832
20.20.1,20,8,ims,3,3/8,4375.996152509832,4375.996152509832
20.20.1,20,8,ims,4,4/8,4375.996152509832,4375.996152509832
20.20.1,20,8,ims,5,5/8,4375.996152509832,4375.996152509832
20.20.1,20,8,ims,6,6/8,4375.996152509832,4375.996152509832
20.20.1,20,8,ims,7,7/8,4375.996152509832,4375.996152509832
20.20.1,20,8,ims,8,8/8,4375.996152509832,4375.996152509832
20.20.1,20,9,ims,0,0/8,4687.830911128771,4375.996152509832
20.20.1,20,9,ims,1,1/8,4375.996152509832,4375.996152509832
20.20.1,20,9,ims,2,2/8,4375.996152509832,4375.996152509832
20.20.1,20,9,ims,3,3/8,4375.996152509832,4375.996152509832
20.20.1,20,9,ims,4,4/8,4375.996152509832,4375.996152509832
20.20.1,20,9,ims,5,5/8,4375.996152509832,4375.996152509832
20.20.1,20,9,ims,6,6/8,4375.996152509832,4375.996152509832
20.20.1,20,9,ims,7,7/8,4375.996152509832,4375.996152509832
20.20.1,20,9,ims,8,8/8,4375.996152509832,4375.996152509832
20.20.1,20,10,ims,0,0/8,5302.922431834379,4375.996152509832
20.20.1,20,10,ims,1,1/8,4375.996152509832,4375.996152509832
20.20.1,20,10,ims,2,2/8,4375.996152509832,4375.996152509832
20.20.1,20,10,ims,3,3/8,4375.996152509832,4375.996152509832
20.20.1,20,10,ims,4,4/8,4375.996152509832,4375.996152509832
20.20.1,20,10,ims,5,5/8,4375.996152509832,4375.996152509832
20.20.1,20,10,ims,6,6/8,4375.996152509832,4375.996152509832
20.20.1,20,10,ims,7,7/8,4375.996152509832,4375.996152509832
20.20.1,20,10,ims,8,8/8,4375.996152509832,4375.996152509832
20.20.1,20,1,sats,0,0/8,6873.5927222099845,4375.996152509832
20.20.1,20,1,sats,1,1/8,4375.996152509832,4375.996152509832
20.20.1,20,1,sats,2,2/8,4375.996152509832,4375.996152509832
20.20.1,20,1,sats,3,3/8,4375.996152509832,4375.996152509832
20.20.1,20,1,sats,4,4/8,4375.996152509832,4375.996152509832
20.20.1,20,1,sats,5,5/8,4375.996152509832,4375.996152509832
20.20.1,20,1,sats,6,6/8,4375.996152509832,4375.996152509832
20.20.1,20,1,sats,7,7/8,4375.996152509832,4375.996152509832
20.20.1,20,1,sats,8,8/8,4375.996152509832,4375.996152509832
20.20.1,20,2,sats,0,0/8,6551.676731663913,4375.996152509832
20.20.1,20,2,sats,1,1/8,4375.996152509832,4375.996152509832
20.20.1,20,2,sats,2,2/8,4375.996152509832,4375.996152509832
20.20.1,20,2,sats,3,3/8,4375.996152509832,4375.996152509832
20.20.1,20,2,sats,4,4/8,4375.996152509832,4375.996152509832
20.20.1,20,2,sats,5,5/8,4375.996152509832,4375.996152509832
20.20.1,20,2,sats,6,6/8,4375.996152509832,4375.996152509832
20.20.1,20,2,sats,7,7/8,4375.996152509832,4375.996152509832
20.20.1,20,2,sats,8,8/8,4375.996152509832,4375.996152509832
20.20.1,20,3,sats,0,0/8,6167.542153305731,4375.996152509832
20.20.1,20,3,sats,1,1/8,4375.996152509832,4375.996152509832
20.20.1,20,3,sats,2,2/8,4375.996152509832,4375.996152509832
20.20.1,20,3,sats,3,3/8,4375.996152509832,4375.996152509832
20.20.1,20,3,sats,4,4/8,4375.996152509832,4375.996152509832
20.20.1,20,3,sats,5,5/8,4375.996152509832,4375.996152509832
20.20.1,20,3,sats,6,6/8,4375.996152509832,4375.996152509832
20.20.1,20,3,sats,7,7/8,4375.996152509832,4375.996152509832
20.20.1,20,3,sats,8,8/8,4375.996152509832,4375.996152509832
20.20.1,20,4,sats,0,0/8,5722.294411882402,4375.996152509832
20.20.1,20,4,sats,1,1/8,4375.996152509832,4375.996152509832
20.20.1,20,4,sats,2,2/8,4375.996152509832,4375.996152509832
20.20.1,20,4,sats,3,3/8,4375.996152509832,4375.996152509832
20.20.1,20,4,sats,4,4/8,4375.996152509832,4375.996152509832
20.20.1,20,4,sats,5,5/8,4375.996152509832,4375.996152509832
20.20.1,20,4,sats,6,6/8,4375.996152509832,4375.996152509832
20.20.1,20,4,sats,7,7/8,4375.996152509832,4375.996152509832
20.20.1,20,4,sats,8,8/8,4375.996152509832,4375.996152509832
20.20.1,20,5,sats,0,0/8,6873.5927222099845,4375.996152509832
20.20.1,20,5,sats,1,1/8,4375.996152509833,4375.996152509832
20.20.1,20,5,sats,2,2/8,4375.996152509833,4375.996152509832
20.20.1,20,5,sats,3,3/8,4375.996152509833,4375.996152509832
20.20.1,20,5,sats,4,4/8,4375.996152509833,4375.996152509832
20.20.1,20,5,sats,5,5/8,4375.996152509833,4375.996152509832
20.20.1,20,5,sats,6,6/8,4375.996152509833,4375.996152509832
20.20.1,20,5,sats,7,7/8,4375.996152509833,4375.996152509832
20.20.1,20,5,sats,8,8/8,4375.996152509833,4375.996152509832
20.20.1,20,6,sats,0,0/8,6128.585461625198,4375.996152509832
20.20.1,20,6,sats,1,1/8,4375.996152509832,4375.996152509832
20.20.1,20,6,sats,2,2/8,4375.996152509832,4375.996152509832
20.20.1,20,6,sats,3,3/8,4375.996152509832,4375.996152509832
20.20.1,20,6,sats,4,4/8,4375.996152509832,4375.996152509832
20.20.1,20,6,sats,5,5/8,4375.996152509832,4375.996152509832
20.20.1,20,6,sats,6,6/8,4375.996152509832,4375.996152509832
20.20.1,20,6,sats,7,7/8,4375.996152509832,4375.996152509832
20.20.1,20,6,sats,8,8/8,4375.996152509832,4375.996152509832
20.20.1,20,7,sats,0,0/8,6119.768825897049,4375.996152509832
20.20.1,20,7,sats,1,1/8,4779.913562674342,4375.996152509832
20.20.1,20,7,sats,2,2/8,4375.996152509832,4375.996152509832
20.20.1,20,7,sats,3,3/8,4375.996152509832,4375.996152509832
20.20.1,20,7,sats,4,4/8,4375.996152509832,4375.996152509832
20.20.1,20,7,sats,5,5/8,4375.996152509832,4375.996152509832
20.20.1,20,7,sats,6,6/8,4375.996152509832,4375.996152509832
20.20.1,20,7,sats,7,7/8,4375.996152509832,4375.996152509832
20.20.1,20,7,sats,8,8/8,4375.996152509832,4375.996152509832
20.20.1,20,8,sats,0,0/8,5933.282084963423,4375.996152509832
20.20.1,20,8,sats,1,1/8,4375.996152509833,4375.996152509832
20.20.1,20,8,sats,2,2/8,4375.996152509833,4375.996152509832
20.20.1,20,8,sats,3,3/8,4375.996152509833,4375.996152509832
20.20.1,20,8,sats,4,4/8,4375.996152509833,4375.996152509832
20.20.1,20,8,sats,5,5/8,4375.996152509833,4375.996152509832
20.20.1,20,8,sats,6,6/8,4375.996152509833,4375.996152509832
20.20.1,20,8,sats,7,7/8,4375.996152509833,4375.996152509832
20.20.1,20,8,sats,8,8/8,4375.996152509833,4375.996152509832
20.20.1,20,9,sats,0,0/8,6866.27358388086,4375.996152509832
20.20.1,20,9,sats,1,1/8,4375.996152509832,4375.996152509832
20.20.1,20,9,sats,2,2/8,4375.996152509832,4375.996152509832
20.20.1,20,9,sats,3,3/8,4375.996152509832,4375.996152509832
20.20.1,20,9,sats,4,4/8,4375.996152509832,4375.996152509832
20.20.1,20,9,sats,5,5/8,4375.996152509832,4375.996152509832
20.20.1,20,9,sats,6,6/8,4375.996152509832,4375.996152509832
20.20.1,20,9,sats,7,7/8,4375.996152509832,4375.996152509832
20.20.1,20,9,sats,8,8/8,4375.996152509832,4375.996152509832
20.20.1,20,10,sats,0,0/8,5302.922431834379,4375.996152509832
20.20.1,20,10,sats,1,1/8,4375.996152509832,4375.996152509832
20.20.1,20,10,sats,2,2/8,4375.996152509832,4375.996152509832
20.20.1,20,10,sats,3,3/8,4375.996152509832,4375.996152509832
20.20.1,20,10,sats,4,4/8,4375.996152509832,4375.996152509832
20.20.1,20,10,sats,5,5/8,4375.996152509832,4375.996152509832
20.20.1,20,10,sats,6,6/8,4375.996152509832,4375.996152509832
20.20.1,20,10,sats,7,7/8,4375.996152509832,4375.996152509832
20.20.1,20,10,sats,8,8/8,4375.996152509832,4375.996152509832
20.20.2,20,1,ims,0,0/8,5365.416938712894,4041.311867006855
20.20.2,20,1,ims,1,1/8,4041.311867006855,4041.311867006855
20.20.2,20,1,ims,2,2/8,4041.311867006855,4041.311867006855
20.20.2,20,1,ims,3,3/8,4041.311867006855,4041.311867006855
20.20.2,20,1,ims,4,4/8,4041.311867006855,4041.311867006855
20.20.2,20,1,ims,5,5/8,4041.311867006855,4041.311867006855
20.20.2,20,1,ims,6,6/8,4041.311867006855,4041.311867006855
20.20.2,20,1,ims,7,7/8,4041.311867006855,4041.311867006855
20.20.2,20,1,ims,8,8/8,4041.311867006855,4041.311867006855
20.20.2,20,2,ims,0,0/8,4359.858385244481,4041.311867006855
20.20.2,20,2,ims,1,1/8,4041.311867006855,4041.311867006855
20.20.2,20,2,ims,2,2/8,4041.311867006855,4041.311867006855
20.20.2,20,2,ims,3,3/8,4041.311867006855,4041.311867006855
20.20.2,20,2,ims,4,4/8,4041.311867006855,4041.311867006855
20.20.2,20,2,ims,5,5/8,4041.311867006855,4041.311867006855
20.20.2,20,2,ims,6,6/8,4041.311867006855,4041.311867006855
20.20.2,20,2,ims,7,7/8,4041.311867006855,4041.311867006855
20.20.2,20,2,ims,8,8/8,4041.311867006855,4041.311867006855
20.20.2,20,3,ims,0,0/8,4907.411003949572,4041.311867006855
20.20.2,20,3,ims,1,1/8,4041.311867006855,4041.311867006855
20.20.2,20,3,ims,2,2/8,4041.311867006855,4041.311867006855
20.20.2,20,3,ims,3,3/8,4041.311867006855,4041.311867006855
20.20.2,20,3,ims,4,4/8,4041.311867006855,4041.311867006855
20.20.2,20,3,ims,5,5/8,4041.311867006855,4041.311867006855
20.20.2,20,3,ims,6,6/8,4041.311867006855,4041.311867006855
20.20.2,20,3,ims,7,7/8,4041.311867006855,4041.311867006855
20.20.2,20,3,ims,8,8/8,4041.311867006855,4041.311867006855
20.20.2,20,4,ims,0,0/8,4359.858385244481,4041.311867006855
20.20.2,20,4,ims,1,1/8,4041.311867006855,4041.311867006855
20.20.2,20,4,ims,2,2/8,4041.311867006855,4041.311867006855
20.20.2,20,4,ims,3,3/8,4041.311867006855,4041.311867006855
20.20.2,20,4,ims,4,4/8,4041.311867006855,4041.311867006855
20.20.2,20,4,ims,5,5/8,4041.311867006855,4041.311867006855
20.20.2,20,4,ims,6,6/8,4041.311867006855,4041.311867006855
20.20.2,20,4,ims,7,7/8,4041.311867006855,4041.311867006855
20.20.2,20,4,ims,8,8/8,4041.311867006855,4041.311867006855
20.20.2,20,5,ims,0,0/8,4359.858385244481,4041.311867006855
20.20.2,20,5,ims,1,1/8,4041.311867006855,4041.311867006855
20.20.2,20,5,ims,2,2/8,4041.311867006855,4041.311867006855
20.20.2,20,5,ims,3,3/8,4041.311867006855,4041.311867006855
20.20.2,20,5,ims,4,4/8,4041.311867006855,4041.311867006855
20.20.2,20,5,ims,5,5/8,4041.311867006855,4041.311867006855
20.20.2,20,5,ims,6,6/8,4041.311867006855,4041.311867006855
20.20.2,20,5,ims,7,7/8,4041.311867006855,4041.311867006855
20.20.2,20,5,ims,8,8/8,4041.311867006855,4041.311867006855
20.20.2,20,6,ims,0,0/8,4910.456796636336,4041.311867006855
20.20.2,20,6,ims,1,1/8,4041.311867006855,4041.311867006855
20.20.2,20,6,ims,2,2/8,4041.311867006855,4041.311867006855
20.20.2,20,6,ims,3,3/8,4041.311867006855,4041.311867006855
20.20.2,20,6,ims,4,4/8,4041.311867006855,4041.311867006855
20.20.2,20,6,ims,5,5/8,4041.311867006855,4041.311867006855
20.20.2,20,6,ims,6,6/8,4041.311867006855,4041.311867006855
20.20.2,20,6,ims,7,7/8,4041.311867006855,4041.311867006855
20.20.2,20,6,ims,8,8/8,4041.311867006855,4041.311867006855
20.20.2,20,7,ims,0,0/8,4910.456796636336,4041.311867006855
20.20.2,20,7,ims,1,1/8,4041.311867006855,4041.311867006855
20.20.2,20,7,ims,2,2/8,4041.311867006855,4041.311867006855
20.20.2,20,7,ims,3,3/8,4041.311867006855,4041.311867006855
20.20.2,20,7,ims,4,4/8,4041.311867006855,4041.311867006855
20.20.2,20,7,ims,5,5/8,4041.311867006855,4041.311867006855
20.20.2,20,7,ims,6,6/8,4041.311867006855,4041.311867006855
20.20.2,20,7,ims,7,7/8,4041.311867006855,4041.311867006855
20.20.2,20,7,ims,8,8/8,4041.311867006855,4041.311867006855
20.20.2,20,8,ims,0,0/8,5360.185818041563,4041.311867006855
20.20.2,20,8,ims,1,1/8,4041.311867006855,4041.311867006855
20.20.2,20,8,ims,2,2/8,4041.311867006855,4041.311867006855
20.20.2,20,8,ims,3,3/8,4041.311867006855,4041.311867006855
20.20.2,20,8,ims,4,4/8,4041.311867006855,4041.311867006855
20.20.2,20,8,ims,5,5/8,4041.311867006855,4041.311867006855
20.20.2,20,8,ims,6,6/8,4041.311867006855,4041.311867006855
20.20.2,20,8,ims,7,7/8,4041.311867006855,4041.311867006855
20.20.2,20,8,ims,8,8/8,4041.311867006855,4041.311867006855
20.20.2,20,9,ims,0,0/8,5357.140025354799,4041.311867006855
20.20.2,20,9,ims,1,1/8,4041.311867006855,4041.311867006855
20.20.2,20,9,ims,2,2/8,4041.311867006855,4041.311867006855
20.20.2,20,9,ims,3,3/8,4041.311867006855,4041.311867006855
20.20.2,20,9,ims,4,4/8,4041.311867006855,4041.311867006855
20.20.2,20,9,ims,5,5/8,4041.311867006855,4041.311867006855
20.20.2,20,9,ims,6,6/8,4041.311867006855,4041.311867006855
20.20.2,20,9,ims,7,7/8,4041.311867006855,4041.311867006855
20.20.2,20,9,ims,8,8/8,4041.311867006855,4041.311867006855
20.20.2,20,10,ims,0,0/8,4196.36987621232,4041.311867006855
20.20.2,20,10,ims,1,1/8,4041.311867006855,4041.311867006855
20.20.2,20,10,ims,2,2/8,4041.311867006855,4041.311867006855
20.20.2,20,10,ims,3,3/8,4041.311867006855,4041.311867006855
20.20.2,20,10,ims,4,4/8,4041.311867006855,4041.311867006855
20.20.2,20,10,ims,5,5/8,4041.311867006855,4041.311867006855
20.20.2,20,10,ims,6,6/8,4041.311867006855,4041.311867006855
20.20.2,20,10,ims,7,7/8,4041.311867006855,4041.311867006855
20.20.2,20,10,ims,8,8/8,4041.311867006855,4041.311867006855
20.20.2,20,1,sats,0,0/8,6217.396816278228,4041.311867006855
20.20.2,20,1,sats,1,1/8,4041.311867006855,4041.311867006855
20.20.2,20,1,sats,2,2/8,4041.311867006855,4041.311867006855
20.20.2,20,1,sats,3,3/8,4041.311867006855,4041.311867006855
20.20.2,20,1,sats,4,4/8,4041.311867006855,4041.311867006855
20.20.2,20,1,sats,5,5/8,4041.311867006855,4041.311867006855
20.20.2,20,1,sats,6,6/8,4041.311867006855,4041.311867006855
20.20.2,20,1,sats,7,7/8,4041.311867006855,4041.311867006855
20.20.2,20,1,sats,8,8/8,4041.311867006855,4041.311867006855
20.20.2,20,2,sats,0,0/8,6189.424477455393,4041.311867006855
20.20.2,20,2,sats,1,1/8,4041.311867006855,4041.311867006855
20.20.2,20,2,sats,2,2/8,4041.311867006855,4041.311867006855
20.20.2,20,2,sats,3,3/8,4041.311867006855,4041.311867006855
20.20.2,20,2,sats,4,4/8,4041.311867006855,4041.311867006855
20.20.2,20,2,sats,5,5/8,4041.311867006855,4041.311867006855
20.20.2,20,2,sats,6,6/8,4041.311867006855,4041.311867006855
20.20.2,20,2,sats,7,7/8,4041.311867006855,4041.311867006855
20.20.2,20,2,sats,8,8/8,4041.311867006855,4041.311867006855
20.20.2,20,3,sats,0,0/8,6217.396816278228,4041.311867006855
20.20.2,20,3,sats,1,1/8,4041.311867006855,4041.311867006855
20.20.2,20,3,sats,2,2/8,4041.311867006855,4041.311867006855
20.20.2,20,3,sats,3,3/8,4041.311867006855,4041.311867006855
20.20.2,20,3,sats,4,4/8,4041.311867006855,4041.311867006855
20.20.2,20,3,sats,5,5/8,4041.311867006855,4041.311867006855
20.20.2,20,3,sats,6,6/8,4041.311867006855,4041.311867006855
20.20.2,20,3,sats,7,7/8,4041.311867006855,4041.311867006855
20.20.2,20,3,sats,8,8/8,4041.311867006855,4041.311867006855
20.20.2,20,4,sats,0,0/8,6610.998474234714,4041.311867006855
20.20.2,20,4,sats,1,1/8,4041.311867006855,4041.311867006855
20.20.2,20,4,sats,2,2/8,4041.311867006855,4041.311867006855
20.20.2,20,4,sats,3,3/8,4041.311867006855,4041.311867006855
20.20.2,20,4,sats,4,4/8,4041.311867006855,4041.311867006855
20.20.2,20,4,sats,5,5/8,4041.311867006855,4041.311867006855
20.20.2,20,4,sats,6,6/8,4041.311867006855,4041.311867006855
20.20.2,20,4,sats,7,7/8,4041.311867006855,4041.311867006855
20.20.2,20,4,sats,8,8/8,4041.311867006855,4041.311867006855
20.20.2,20,5,sats,0,0/8,4359.858385244481,4041.311867006855
20.20.2,20,5,sats,1,1/8,4041.311867006855,4041.311867006855
20.20.2,20,5,sats,2,2/8,4041.311867006855,4041.311867006855
20.20.2,20,5,sats,3,3/8,4041.311867006855,4041.311867006855
20.20.2,20,5,sats,4,4/8,4041.311867006855,4041.311867006855
20.20.2,20,5,sats,5,5/8,4041.311867006855,4041.311867006855
20.20.2,20,5,sats,6,6/8,4041.311867006855,4041.311867006855
20.20.2,20,5,sats,7,7/8,4041.311867006855,4041.311867006855
20.20.2,20,5,sats,8,8/8,4041.311867006855,4041.311867006855
20.20.2,20,6,sats,0,0/8,6189.424477455393,4041.311867006855
20.20.2,20,6,sats,1,1/8,4041.311867006855,4041.311867006855
20.20.2,20,6,sats,2,2/8,4041.311867006855,4041.311867006855
20.20.2,20,6,sats,3,3/8,4041.311867006855,4041.311867006855
20.20.2,20,6,sats,4,4/8,4041.311867006855,4041.311867006855
20.20.2,20,6,sats,5,5/8,4041.311867006855,4041.311867006855
20.20.2,20,6,sats,6,6/8,4041.311867006855,4041.311867006855
20.20.2,20,6,sats,7,7/8,4041.311867006855,4041.311867006855
20.20.2,20,6,sats,8,8/8,4041.311867006855,4041.311867006855
20.20.2,20,7,sats,0,0/8,6217.396816278228,4041.311867006855
20.20.2,20,7,sats,1,1/8,4041.311867006855,4041.311867006855
20.20.2,20,7,sats,2,2/8,4041.311867006855,4041.311867006855
20.20.2,20,7,sats,3,3/8,4041.311867006855,4041.311867006855
20.20.2,20,7,sats,4,4/8,4041.311867006855,4041.311867006855
20.20.2,20,7,sats,5,5/8,4041.311867006855,4041.311867006855
20.20.2,20,7,sats,6,6/8,4041.311867006855,4041.311867006855
20.20.2,20,7,sats,7,7/8,4041.311867006855,4041.311867006855
20.20.2,20,7,sats,8,8/8,4041.311867006855,4041.311867006855
20.20.2,20,8,sats,0,0/8,5360.185818041563,4041.311867006855
20.20.2,20,8,sats,1,1/8,4041.311867006855,4041.311867006855
20.20.2,20,8,sats,2,2/8,4041.311867006855,4041.311867006855
20.20.2,20,8,sats,3,3/8,4041.311867006855,4041.311867006855
20.20.2,20,8,sats,4,4/8,4041.311867006855,4041.311867006855
20.20.2,20,8,sats,5,5/8,4041.311867006855,4041.311867006855
20.20.2,20,8,sats,6,6/8,4041.311867006855,4041.311867006855
20.20.2,20,8,sats,7,7/8,4041.311867006855,4041.311867006855
20.20.2,20,8,sats,8,8/8,4041.311867006855,4041.311867006855
20.20.2,20,9,sats,0,0/8,6064.813530246398,4041.311867006855
20.20.2,20,9,sats,1,1/8,4041.311867006855,4041.311867006855
20.20.2,20,9,sats,2,2/8,4041.311867006855,4041.311867006855
20.20.2,20,9,sats,3,3/8,4041.311867006855,4041.311867006855
20.20.2,20,9,sats,4,4/8,4041.311867006855,4041.311867006855
20.20.2,20,9,sats,5,5/8,4041.311867006855,4041.311867006855
20.20.2,20,9,sats,6,6/8,4041.311867006855,4041.311867006855
20.20.2,20,9,sats,7,7/8,4041.311867006855,4041.311867006855
20.20.2,20,9,sats,8,8/8,4041.311867006855,4041.311867006855
20.20.2,20,10,sats,0,0/8,6259.858970782545,4041.311867006855
20.20.2,20,10,sats,1,1/8,4041.311867006855,4041.311867006855
20.20.2,20,10,sats,2,2/8,4041.311867006855,4041.311867006855
20.20.2,20,10,sats,3,3/8,4041.311867006855,4041.311867006855
20.20.2,20,10,sats,4,4/8,4041.311867006855,4041.311867006855
20.20.2,20,10,sats,5,5/8,4041.311867006855,4041.311867006855
20.20.2,20,10,sats,6,6/8,4041.311867006855,4041.311867006855
20.20.2,20,10,sats,7,7/8,4041.311867006855,4041.311867006855
20.20.2,20,10,sats,8,8/8,4041.311867006855,4041.311867006855
20.20.3,20,1,ims,0,0/8,6137.811724668207,5069.655033539804
20.20.3,20,1,ims,1,1/8,5505.983606715483,5069.655033539804
20.20.3,20,1,ims,2,2/8,5505.983606715483,5069.655033539804
20.20.3,20,1,ims,3,3/8,5505.983606715483,5069.655033539804
20.20.3,20,1,ims,4,4/8,5505.983606715483,5069.655033539804
20.20.3,20,1,ims,5,5/8,5505.983606715483,5069.655033539804
20.20.3,20,1,ims,6,6/8,5505.983606715483,5069.655033539804
20.20.3,20,1,ims,7,7/8,5505.983606715483,5069.655033539804
20.20.3,20,1,ims,8,8/8,5505.983606715483,5069.655033539804
20.20.3,20,2,ims,0,0/8,6146.9368933421865,5069.655033539804
20.20.3,20,2,ims,1,1/8,5505.983606715483,5069.655033539804
20.20.3,20,2,ims,2,2/8,5505.983606715483,5069.655033539804
20.20.3,20,2,ims,3,3/8,5505.983606715483,5069.655033539804
20.20.3,20,2,ims,4,4/8,5505.983606715483,5069.655033539804
20.20.3,20,2,ims,5,5/8,5505.983606715483,5069.655033539804
20.20.3,20,2,ims,6,6/8,5505.983606715483,5069.655033539804
20.20.3,20,2,ims,7,7/8,5505.983606715483,5069.655033539804
20.20.3,20,2,ims,8,8/8,5505.983606715483,5069.655033539804
20.20.3,20,3,ims,0,0/8,6258.289772578006,5069.655033539804
20.20.3,20,3,ims,1,1/8,5505.983606715483,5069.655033539804
20.20.3,20,3,ims,2,2/8,5505.983606715483,5069.655033539804
20.20.3,20,3,ims,3,3/8,5505.983606715483,5069.655033539804
20.20.3,20,3,ims,4,4/8,5201.22011224673,5069.655033539804
20.20.3,20,3,ims,5,5/8,5201.22011224673,5069.655033539804
20.20.3,20,3,ims,6,6/8,5201.22011224673,5069.655033539804
20.20.3,20,3,ims,7,7/8,5201.22011224673,5069.655033539804
20.20.3,20,3,ims,8,8/8,5069.655033539804,5069.655033539804
20.20.3,20,4,ims,0,0/8,6076.077801426033,5069.655033539804
20.20.3,20,4,ims,1,1/8,5505.983606715483,5069.655033539804
20.20.3,20,4,ims,2,2/8,5505.983606715483,5069.655033539804
20.20.3,20,4,ims,3,3/8,5505.983606715483,5069.655033539804
20.20.3,20,4,ims,4,4/8,5505.983606715483,5069.655033539804
20.20.3,20,4,ims,5,5/8,5505.983606715483,5069.655033539804
20.20.3,20,4,ims,6,6/8,5069.655033539804,5069.655033539804
20.20.3,20,4,ims,7,7/8,5069.655033539804,5069.655033539804
20.20.3,20,4,ims,8,8/8,5069.655033539804,5069.655033539804
20.20.3,20,5,ims,0,0/8,6076.077801426033,5069.655033539804
20.20.3,20,5,ims,1,1/8,5505.983606715483,5069.655033539804
20.20.3,20,5,ims,2,2/8,5505.983606715483,5069.655033539804
20.20.3,20,5,ims,3,3/8,5505.983606715483,5069.655033539804
20.20.3,20,5,ims,4,4/8,5505.983606715483,5069.655033539804
20.20.3,20,5,ims,5,5/8,5069.655033539804,5069.655033539804
20.20.3,20,5,ims,6,6/8,5069.655033539804,5069.655033539804
20.20.3,20,5,ims,7,7/8,5069.655033539804,5069.655033539804
20.20.3,20,5,ims,8,8/8,5069.655033539804,5069.655033539804
20.20.3,20,6,ims,0,0/8,6076.077801426033,5069.655033539804
20.20.3,20,6,ims,1,1/8,5069.655033539804,5069.655033539804
20.20.3,20,6,ims,2,2/8,5069.655033539804,5069.655033539804
20.20.3,20,6,ims,3,3/8,5069.655033539804,5069.655033539804
20.20.3,20,6,ims,4,4/8,5069.655033539804,5069.655033539804
20.20.3,20,6,ims,5,5/8,5069.655033539804,5069.655033539804
20.20.3,20,6,ims,6,6/8,5069.655033539804,5069.655033539804
20.20.3,20,6,ims,7,7/8,5069.655033539804,5069.655033539804
20.20.3,20,6,ims,8,8/8,5069.655033539804,5069.655033539804
20.20.3,20,7,ims,0,0/8,6185.434804127543,5069.655033539804
20.20.3,20,7,ims,1,1/8,5505.983606715483,5069.655033539804
20.20.3,20,7,ims,2,2/8,5505.983606715483,5069.655033539804
20.20.3,20,7,ims,3,3/8,5505.983606715483,5069.655033539804
20.20.3,20,7,ims,4,4/8,5201.22011224673,5069.655033539804
20.20.3,20,7,ims,5,5/8,5201.22011224673,5069.655033539804
20.20.3,20,7,ims,6,6/8,5069.655033539804,5069.655033539804
20.20.3,20,7,ims,7,7/8,5069.655033539804,5069.655033539804
20.20.3,20,7,ims,8,8/8,5069.655033539804,5069.655033539804
20.20.3,20,8,ims,0,0/8,7050.899161575295,5069.655033539804
20.20.3,20,8,ims,1,1/8,5505.983606715483,5069.655033539804
20.20.3,20,8,ims,2,2/8,5505.983606715483,5069.655033539804
20.20.3,20,8,ims,3,3/8,5505.983606715483,5069.655033539804
20.20.3,20,8,ims,4,4/8,5505.983606715483,5069.655033539804
20.20.3,20,8,ims,5,5/8,5505.983606715483,5069.655033539804
20.20.3,20,8,ims,6,6/8,5069.655033539804,5069.655033539804
20.20.3,20,8,ims,7,7/8,5069.655033539804,5069.655033539804
20.20.3,20,8,ims,8,8/8,5069.655033539804,5069.655033539804
20.20.3,20,9,ims,0,0/8,6084.2911121897,5069.655033539804
20.20.3,20,9,ims,1,1/8,5505.983606715483,5069.655033539804
20.20.3,20,9,ims,2,2/8,5069.655033539804,5069.655033539804
20.20.3,20,9,ims,3,3/8,5069.655033539804,5069.655033539804
20.20.3,20,9,ims,4,4/8,5069.655033539804,5069.655033539804
20.20.3,20,9,ims,5,5/8,5069.655033539804,5069.655033539804
20.20.3,20,9,ims,6,6/8,5069.655033539804,5069.655033539804
20.20.3,20,9,ims,7,7/8,5069.655033539804,5069.655033539804
20.20.3,20,9,ims,8,8/8,5069.655033539804,5069.655033539804
20.20.3,20,10,ims,0,0/8,6500.074995281111,5069.655033539804
20.20.3,20,10,ims,1,1/8,5505.983606715483,5069.655033539804
20.20.3,20,10,ims,2,2/8,5505.983606715483,5069.655033539804
20.20.3,20,10,ims,3,3/8,5505.983606715483,5069.655033539804
20.20.3,20,10,ims,4,4/8,5069.655033539804,5069.655033539804
20.20.3,20,10,ims,5,5/8,5069.655033539804,5069.655033539804
20.20.3,20,10,ims,6,6/8,5069.655033539804,5069.655033539804
20.20.3,20,10,ims,7,7/8,5069.655033539804,5069.655033539804
20.20.3,20,10,ims,8,8/8,5069.655033539804,5069.655033539804
20.20.3,20,1,sats,0,0/8,6238.862666336852,5069.655033539804
20.20.3,20,1,sats,1,1/8,5505.983606715483,5069.655033539804
20.20.3,20,1,sats,2,2/8,5505.983606715483,5069.655033539804
20.20.3,20,1,sats,3,3/8,5505.983606715483,5069.655033539804
20.20.3,20,1,sats,4,4/8,5505.983606715483,5069.655033539804
20.20.3,20,1,sats,5,5/8,5505.983606715483,5069.655033539804
20.20.3,20,1,sats,6,6/8,5505.983606715483,5069.655033539804
20.20.3,20,1,sats,7,7/8,5505.983606715483,5069.655033539804
20.20.3,20,1,sats,8,8/8,5505.983606715483,5069.655033539804
20.20.3,20,2,sats,0,0/8,6610.87541321141,5069.655033539804
20.20.3,20,2,sats,1,1/8,5505.983606715483,5069.655033539804
20.20.3,20,2,sats,2,2/8,5505.983606715483,5069.655033539804
20.20.3,20,2,sats,3,3/8,5505.983606715483,5069.655033539804
20.20.3,20,2,sats,4,4/8,5505.983606715483,5069.655033539804
20.20.3,20,2,sats,5,5/8,5505.983606715483,5069.655033539804
20.20.3,20,2,sats,6,6/8,5505.983606715483,5069.655033539804
20.20.3,20,2,sats,7,7/8,5505.983606715483,5069.655033539804
20.20.3,20,2,sats,8,8/8,5505.983606715483,5069.655033539804
20.20.3,20,3,sats,0,0/8,7825.800715129976,5069.655033539804
20.20.3,20,3,sats,1,1/8,5506.357920225586,5069.655033539804
20.20.3,20,3,sats,2,2/8,5505.983606715483,5069.655033539804
20.20.3,20,3,sats,3,3/8,5505.983606715483,5069.655033539804
20.20.3,20,3,sats,4,4/8,5505.983606715483,5069.655033539804
20.20.3,20,3,sats,5,5/8,5505.983606715483,5069.655033539804
20.20.3,20,3,sats,6,6/8,5505.983606715483,5069.655033539804
20.20.3,20,3,sats,7,7/8,5505.983606715483,5069.655033539804
20.20.3,20,3,sats,8,8/8,5505.983606715483,5069.655033539804
20.20.3,20,4,sats,0,0/8,6076.077801426033,5069.655033539804
20.20.3,20,4,sats,1,1/8,5505.983606715483,5069.655033539804
20.20.3,20,4,sats,2,2/8,5505.983606715483,5069.655033539804
20.20.3,20,4,sats,3,3/8,5505.983606715483,5069.655033539804
20.20.3,20,4,sats,4,4/8,5505.983606715483,5069.655033539804
20.20.3,20,4,sats,5,5/8,5505.983606715483,5069.655033539804
20.20.3,20,4,sats,6,6/8,5505.983606715483,5069.655033539804
20.20.3,20,4,sats,7,7/8,5505.983606715483,5069.655033539804
20.20.3,20,4,sats,8,8/8,5337.307940084425,5069.655033539804
20.20.3,20,5,sats,0,0/8,6271.605841637012,5069.655033539804
20.20.3,20,5,sats,1,1/8,5505.983606715483,5069.655033539804
20.20.3,20,5,sats,2,2/8,5069.655033539804,5069.655033539804
20.20.3,20,5,sats,3,3/8,5069.655033539804,5069.655033539804
20.20.3,20,5,sats,4,4/8,5069.655033539804,5069.655033539804
20.20.3,20,5,sats,5,5/8,5069.655033539804,5069.655033539804
20.20.3,20,5,sats,6,6/8,5069.655033539804,5069.655033539804
20.20.3,20,5,sats,7,7/8,5069.655033539804,5069.655033539804
20.20.3,20,5,sats,8,8/8,5069.655033539804,5069.655033539804
20.20.3,20,6,sats,0,0/8,6807.739892120435,5069.655033539804
20.20.3,20,6,sats,1,1/8,5505.983606715483,5069.655033539804
20.20.3,20,6,sats,2,2/8,5505.983606715483,5069.655033539804
20.20.3,20,6,sats,3,3/8,5505.983606715483,5069.655033539804
20.20.3,20,6,sats,4,4/8,5505.983606715483,5069.655033539804
20.20.3,20,6,sats,5,5/8,5505.983606715483,5069.655033539804
20.20.3,20,6,sats,6,6/8,5505.983606715483,5069.655033539804
20.20.3,20,6,sats,7,7/8,5505.983606715483,5069.655033539804
20.20.3,20,6,sats,8,8/8,5069.655033539804,5069.655033539804
20.20.3,20,7,sats,0,0/8,7825.800715129976,5069.655033539804
20.20.3,20,7,sats,1,1/8,5550.096756601123,5069.655033539804
20.20.3,20,7,sats,2,2/8,5505.983606715483,5069.655033539804
20.20.3,20,7,sats,3,3/8,5505.983606715483,5069.655033539804
20.20.3,20,7,sats,4,4/8,5505.983606715483,5069.655033539804
20.20.3,20,7,sats,5,5/8,5069.655033539804,5069.655033539804
20.20.3,20,7,sats,6,6/8,5069.655033539804,5069.655033539804
20.20.3,20,7,sats,7,7/8,5069.655033539804,5069.655033539804
20.20.3,20,7,sats,8,8/8,5069.655033539804,5069.655033539804
20.20.3,20,8,sats,0,0/8,9280.091459431847,5069.655033539804
20.20.3,20,8,sats,1,1/8,5505.983606715483,5069.655033539804
20.20.3,20,8,sats,2,2/8,5505.983606715483,5069.655033539804
20.20.3,20,8,sats,3,3/8,5505.983606715483,5069.655033539804
20.20.3,20,8,sats,4,4/8,5505.983606715483,5069.655033539804
20.20.3,20,8,sats,5,5/8,5505.983606715483,5069.655033539804
20.20.3,20,8,sats,6,6/8,5505.983606715483,5069.655033539804
20.20.3,20,8,sats,7,7/8,5505.983606715483,5069.655033539804
20.20.3,20,8,sats,8,8/8,5372.45779117159,5069.655033539804
20.20.3,20,9,sats,0,0/8,7825.800715129976,5069.655033539804
20.20.3,20,9,sats,1,1/8,5505.983606715483,5069.655033539804
20.20.3,20,9,sats,2,2/8,5505.983606715483,5069.655033539804
20.20.3,20,9,sats,3,3/8,5505.983606715483,5069.655033539804
20.20.3,20,9,sats,4,4/8,5505.983606715483,5069.655033539804
20.20.3,20,9,sats,5,5/8,5069.655033539804,5069.655033539804
20.20.3,20,9,sats,6,6/8,5069.655033539804,5069.655033539804
20.20.3,20,9,sats,7,7/8,5069.655033539804,5069.655033539804
20.20.3,20,9,sats,8,8/8,5069.655033539804,5069.655033539804
20.20.3,20,10,sats,0,0/8,6967.83237010747,5069.655033539804
20.20.3,20,10,sats,1,1/8,5505.983606715483,5069.655033539804
20.20.3,20,10,sats,2,2/8,5505.983606715483,5069.655033539804
20.20.3,20,10,sats,3,3/8,5505.983606715483,5069.655033539804
20.20.3,20,10,sats,4,4/8,5069.655033539804,5069.655033539804
20.20.3,20,10,sats,5,5/8,5069.655033539804,5069.655033539804
20.20.3,20,10,sats,6,6/8,5069.655033539804,5069.655033539804
20.20.3,20,10,sats,7,7/8,5069.655033539804,5069.655033539804
20.20.3,20,10,sats,8,8/8,5069.655033539804,5069.655033539804
20.20.4,20,1,ims,0,0/8,6301.70682994589,4371.301453971331
20.20.4,20,1,ims,1,1/8,4371.301453971331,4371.301453971331
20.20.4,20,1,ims,2,2/8,4371.301453971331,4371.301453971331
20.20.4,20,1,ims,3,3/8,4371.301453971331,4371.301453971331
20.20.4,20,1,ims,4,4/8,4371.301453971331,4371.301453971331
20.20.4,20,1,ims,5,5/8,4371.301453971331,4371.301453971331
20.20.4,20,1,ims,6,6/8,4371.301453971331,4371.301453971331
20.20.4,20,1,ims,7,7/8,4371.301453971331,4371.301453971331
20.20.4,20,1,ims,8,8/8,4371.301453971331,4371.301453971331
20.20.4,20,2,ims,0,0/8,6116.7559201437525,4371.301453971331
20.20.4,20,2,ims,1,1/8,4371.301453971331,4371.301453971331
20.20.4,20,2,ims,2,2/8,4371.301453971331,4371.301453971331
20.20.4,20,2,ims,3,3/8,4371.301453971331,4371.301453971331
20.20.4,20,2,ims,4,4/8,4371.301453971331,4371.301453971331
20.20.4,20,2,ims,5,5/8,4371.301453971331,4371.301453971331
20.20.4,20,2,ims,6,6/8,4371.301453971331,4371.301453971331
20.20.4,20,2,ims,7,7/8,4371.301453971331,4371.301453971331
20.20.4,20,2,ims,8,8/8,4371.301453971331,4371.301453971331
20.20.4,20,3,ims,0,0/8,5667.989142024475,4371.301453971331
20.20.4,20,3,ims,1,1/8,4371.301453971331,4371.301453971331
20.20.4,20,3,ims,2,2/8,4371.301453971331,4371.301453971331
20.20.4,20,3,ims,3,3/8,4371.301453971331,4371.301453971331
20.20.4,20,3,ims,4,4/8,4371.301453971331,4371.301453971331
20.20.4,20,3,ims,5,5/8,4371.301453971331,4371.301453971331
20.20.4,20,3,ims,6,6/8,4371.301453971331,4371.301453971331
20.20.4,20,3,ims,7,7/8,4371.301453971331,4371.301453971331
20.20.4,20,3,ims,8,8/8,4371.301453971331,4371.301453971331
20.20.4,20,4,ims,0,0/8,6301.70682994589,4371.301453971331
20.20.4,20,4,ims,1,1/8,4371.301453971331,4371.301453971331
20.20.4,20,4,ims,2,2/8,4371.301453971331,4371.301453971331
20.20.4,20,4,ims,3,3/8,4371.301453971331,4371.301453971331
20.20.4,20,4,ims,4,4/8,4371.301453971331,4371.301453971331
20.20.4,20,4,ims,5,5/8,4371.301453971331,4371.301453971331
20.20.4,20,4,ims,6,6/8,4371.301453971331,4371.301453971331
20.20.4,20,4,ims,7,7/8,4371.301453971331,4371.301453971331
20.20.4,20,4,ims,8,8/8,4371.301453971331,4371.301453971331
20.20.4,20,5,ims,0,0/8,5743.455619812621,4371.301453971331
20.20.4,20,5,ims,1,1/8,4371.301453971331,4371.301453971331
20.20.4,20,5,ims,2,2/8,4371.301453971331,4371.301453971331
20.20.4,20,5,ims,3,3/8,4371.301453971331,4371.301453971331
20.20.4,20,5,ims,4,4/8,4371.301453971331,4371.301453971331
20.20.4,20,5,ims,5,5/8,4371.301453971331,4371.301453971331
20.20.4,20,5,ims,6,6/8,4371.301453971331,4371.301453971331
20.20.4,20,5,ims,7,7/8,4371.301453971331,4371.301453971331
20.20.4,20,5,ims,8,8/8,4371.301453971331,4371.301453971331
20.20.4,20,6,ims,0,0/8,5858.643042257027,4371.301453971331
20.20.4,20,6,ims,1,1/8,4371.301453971331,4371.301453971331
20.20.4,20,6,ims,2,2/8,4371.301453971331,4371.301453971331
20.20.4,20,6,ims,3,3/8,4371.301453971331,4371.301453971331
20.20.4,20,6,ims,4,4/8,4371.301453971331,4371.301453971331
20.20.4,20,6,ims,5,5/8,4371.301453971331,4371.301453971331
20.20.4,20,6,ims,6,6/8,4371.301453971331,4371.301453971331
20.20.4,20,6,ims,7,7/8,4371.301453971331,4371.301453971331
20.20.4,20,6,ims,8,8/8,4371.301453971331,4371.301453971331
20.20.4,20,7,ims,0,0/8,5858.643042257027,4371.301453971331
20.20.4,20,7,ims,1,1/8,4371.301453971331,4371.301453971331
20.20.4,20,7,ims,2,2/8,4371.301453971331,4371.301453971331
20.20.4,20,7,ims,3,3/8,4371.301453971331,4371.301453971331
20.20.4,20,7,ims,4,4/8,4371.301453971331,4371.301453971331
20.20.4,20,7,ims,5,5/8,4371.301453971331,4371.301453971331
20.20.4,20,7,ims,6,6/8,4371.301453971331,4371.301453971331
20.20.4,20,7,ims,7,7/8,4371.301453971331,4371.301453971331
20.20.4,20,7,ims,8,8/8,4371.301453971331,4371.301453971331
20.20.4,20,8,ims,0,0/8,5743.455619812621,4371.301453971331
20.20.4,20,8,ims,1,1/8,4487.471161661539,4371.301453971331
20.20.4,20,8,ims,2,2/8,4371.301453971331,4371.301453971331
20.20.4,20,8,ims,3,3/8,4371.301453971331,4371.301453971331
20.20.4,20,8,ims,4,4/8,4371.301453971331,4371.301453971331
20.20.4,20,8,ims,5,5/8,4371.301453971331,4371.301453971331
20.20.4,20,8,ims,6,6/8,4371.301453971331,4371.301453971331
20.20.4,20,8,ims,7,7/8,4371.301453971331,4371.301453971331
20.20.4,20,8,ims,8,8/8,4371.301453971331,4371.301453971331
20.20.4,20,9,ims,0,0/8,6552.9673667130455,4371.301453971331
20.20.4,20,9,ims,1,1/8,4386.386069767424,4371.301453971331
20.20.4,20,9,ims,2,2/8,4371.301453971331,4371.301453971331
20.20.4,20,9,ims,3,3/8,4371.301453971331,4371.301453971331
20.20.4,20,9,ims,4,4/8,4371.301453971331,4371.301453971331
20.20.4,20,9,ims,5,5/8,4371.301453971331,4371.301453971331
20.20.4,20,9,ims,6,6/8,4371.301453971331,4371.301453971331
20.20.4,20,9,ims,7,7/8,4371.301453971331,4371.301453971331
20.20.4,20,9,ims,8,8/8,4371.301453971331,4371.301453971331
20.20.4,20,10,ims,0,0/8,5714.693638378882,4371.301453971331
20.20.4,20,10,ims,1,1/8,4371.301453971331,4371.301453971331
20.20.4,20,10,ims,2,2/8,4371.301453971331,4371.301453971331
20.20.4,20,10,ims,3,3/8,4371.301453971331,4371.301453971331
20.20.4,20,10,ims,4,4/8,4371.301453971331,4371.301453971331
20.20.4,20,10,ims,5,5/8,4371.301453971331,4371.301453971331
20.20.4,20,10,ims,6,6/8,4371.301453971331,4371.301453971331
20.20.4,20,10,ims,7,7/8,4371.301453971331,4371.301453971331
20.20.4,20,10,ims,8,8/8,4371.301453971331,4371.301453971331
20.20.4,20,1,sats,0,0/8,6939.209567454429,4371.301453971331
20.20.4,20,1,sats,1,1/8,4371.301453971331,4371.301453971331
20.20.4,20,1,sats,2,2/8,4371.301453971331,4371.301453971331
20.20.4,20,1,sats,3,3/8,4371.301453971331,4371.301453971331
20.20.4,20,1,sats,4,4/8,4371.301453971331,4371.301453971331
20.20.4,20,1,sats,5,5/8,4371.301453971331,4371.301453971331
20.20.4,20,1,sats,6,6/8,4371.301453971331,4371.301453971331
20.20.4,20,1,sats,7,7/8,4371.301453971331,4371.301453971331
20.20.4,20,1,sats,8,8/8,4371.301453971331,4371.301453971331
20.20.4,20,2,sats,0,0/8,6772.713214192079,4371.301453971331
20.20.4,20,2,sats,1,1/8,4386.386069767424,4371.301453971331
20.20.4,20,2,sats,2,2/8,4371.301453971331,4371.301453971331
20.20.4,20,2,sats,3,3/8,4371.301453971331,4371.301453971331
20.20.4,20,2,sats,4,4/8,4371.301453971331,4371.301453971331
20.20.4,20,2,sats,5,5/8,4371.301453971331,4371.301453971331
20.20.4,20,2,sats,6,6/8,4371.301453971331,4371.301453971331
20.20.4,20,2,sats,7,7/8,4371.301453971331,4371.301453971331
20.20.4,20,2,sats,8,8/8,4371.301453971331,4371.301453971331
20.20.4,20,3,sats,0,0/8,7278.668970451622,4371.301453971331
20.20.4,20,3,sats,1,1/8,4441.2565549010105,4371.301453971331
20.20.4,20,3,sats,2,2/8,4371.301453971331,4371.301453971331
20.20.4,20,3,sats,3,3/8,4371.301453971331,4371.301453971331
20.20.4,20,3,sats,4,4/8,4371.301453971331,4371.301453971331
20.20.4,20,3,sats,5,5/8,4371.301453971331,4371.301453971331
20.20.4,20,3,sats,6,6/8,4371.301453971331,4371.301453971331
20.20.4,20,3,sats,7,7/8,4371.301453971331,4371.301453971331
20.20.4,20,3,sats,8,8/8,4371.301453971331,4371.301453971331
20.20.4,20,4,sats,0,0/8,8907.699156957096,4371.301453971331
20.20.4,20,4,sats,1,1/8,4487.471161661539,4371.301453971331
20.20.4,20,4,sats,2,2/8,4371.301453971331,4371.301453971331
20.20.4,20,4,sats,3,3/8,4371.301453971331,4371.301453971331
20.20.4,20,4,sats,4,4/8,4371.301453971331,4371.301453971331
20.20.4,20,4,sats,5,5/8,4371.301453971331,4371.301453971331
20.20.4,20,4,sats,6,6/8,4371.301453971331,4371.301453971331
20.20.4,20,4,sats,7,7/8,4371.301453971331,4371.301453971331
20.20.4,20,4,sats,8,8/8,4371.301453971331,4371.301453971331
20.20.4,20,5,sats,0,0/8,6543.954536783609,4371.301453971331
20.20.4,20,5,sats,1,1/8,4545.910425689823,4371.301453971331
20.20.4,20,5,sats,2,2/8,4487.471161661539,4371.301453971331
20.20.4,20,5,sats,3,3/8,4414.00861460602,4371.301453971331
20.20.4,20,5,sats,4,4/8,4414.00861460602,4371.301453971331
20.20.4,20,5,sats,5,5/8,4371.301453971331,4371.301453971331
20.20.4,20,5,sats,6,6/8,4371.301453971331,4371.301453971331
20.20.4,20,5,sats,7,7/8,4371.301453971331,4371.301453971331
20.20.4,20,5,sats,8,8/8,4371.301453971331,4371.301453971331
20.20.4,20,6,sats,0,0/8,6483.144109666676,4371.301453971331
20.20.4,20,6,sats,1,1/8,4371.301453971331,4371.301453971331
20.20.4,20,6,sats,2,2/8,4371.301453971331,4371.301453971331
20.20.4,20,6,sats,3,3/8,4371.301453971331,4371.301453971331
20.20.4,20,6,sats,4,4/8,4371.301453971331,4371.301453971331
20.20.4,20,6,sats,5,5/8,4371.301453971331,4371.301453971331
20.20.4,20,6,sats,6,6/8,4371.301453971331,4371.301453971331
20.20.4,20,6,sats,7,7/8,4371.301453971331,4371.301453971331
20.20.4,20,6,sats,8,8/8,4371.301453971331,4371.301453971331
20.20.4,20,7,sats,0,0/8,8349.155362059057,4371.301453971331
20.20.4,20,7,sats,1,1/8,4371.301453971331,4371.301453971331
20.20.4,20,7,sats,2,2/8,4371.301453971331,4371.301453971331
20.20.4,20,7,sats,3,3/8,4371.301453971331,4371.301453971331
20.20.4,20,7,sats,4,4/8,4371.301453971331,4371.301453971331
20.20.4,20,7,sats,5,5/8,4371.301453971331,4371.301453971331
20.20.4,20,7,sats,6,6/8,4371.301453971331,4371.301453971331
20.20.4,20,7,sats,7,7/8,4371.301453971331,4371.301453971331
20.20.4,20,7,sats,8,8/8,4371.301453971331,4371.301453971331
20.20.4,20,8,sats,0,0/8,7798.945285847884,4371.301453971331
20.20.4,20,8,sats,1,1/8,4487.471161661539,4371.301453971331
20.20.4,20,8,sats,2,2/8,4371.301453971331,4371.301453971331
20.20.4,20,8,sats,3,3/8,4371.301453971331,4371.301453971331
20.20.4,20,8,sats,4,4/8,4371.301453971331,4371.301453971331
20.20.4,20,8,sats,5,5/8,4371.301453971331,4371.301453971331
20.20.4,20,8,sats,6,6/8,4371.301453971331,4371.301453971331
20.20.4,20,8,sats,7,7/8,4371.301453971331,4371.301453971331
20.20.4,20,8,sats,8,8/8,4371.301453971331,4371.301453971331
20.20.4,20,9,sats,0,0/8,6552.9673667130455,4371.301453971331
20.20.4,20,9,sats,1,1/8,4371.301453971331,4371.301453971331
20.20.4,20,9,sats,2,2/8,4371.301453971331,4371.301453971331
20.20.4,20,9,sats,3,3/8,4371.301453971331,4371.301453971331
20.20.4,20,9,sats,4,4/8,4371.301453971331,4371.301453971331
20.20.4,20,9,sats,5,5/8,4371.301453971331,4371.301453971331
20.20.4,20,9,sats,6,6/8,4371.301453971331,4371.301453971331
20.20.4,20,9,sats,7,7/8,4371.301453971331,4371.301453971331
20.20.4,20,9,sats,8,8/8,4371.301453971331,4371.301453971331
20.20.4,20,10,sats,0,0/8,6552.9673667130455,4371.301453971331
20.20.4,20,10,sats,1,1/8,4638.715405000102,4371.301453971331
20.20.4,20,10,sats,2,2/8,4371.301453971331,4371.301453971331
20.20.4,20,10,sats,3,3/8,4371.301453971331,4371.301453971331
20.20.4,20,10,sats,4,4/8,4371.301453971331,4371.301453971331
20.20.4,20,10,sats,5,5/8,4371.301453971331,4371.301453971331
20.20.4,20,10,sats,6,6/8,4371.301453971331,4371.301453971331
20.20.4,20,10,sats,7,7/8,4371.301453971331,4371.301453971331
20.20.4,20,10,sats,8,8/8,4371.301453971331,4371.301453971331
20.5.1,20,1,ims,0,0/8,884.046727903825,626.0038177239053
20.5.1,20,1,ims,1,1/8,626.6325838861852,626.0038177239053
20.5.1,20,1,ims,2,2/8,626.6144547983876,626.0038177239053
20.5.1,20,1,ims,3,3/8,626.0038177239053,626.0038177239053
20.5.1,20,1,ims,4,4/8,626.0038177239053,626.0038177239053
20.5.1,20,1,ims,5,5/8,626.0038177239053,626.0038177239053
20.5.1,20,1,ims,6,6/8,626.0038177239053,626.0038177239053
20.5.1,20,1,ims,7,7/8,626.0038177239053,626.0038177239053
20.5.1,20,1,ims,8,8/8,626.0038177239053,626.0038177239053
20.5.1,20,2,ims,0,0/8,943.8017127567472,626.0038177239053
20.5.1,20,2,ims,1,1/8,626.0038177239053,626.0038177239053
20.5.1,20,2,ims,2,2/8,626.0038177239053,626.0038177239053
20.5.1,20,2,ims,3,3/8,626.0038177239053,626.0038177239053
20.5.1,20,2,ims,4,4/8,626.0038177239053,626.0038177239053
20.5.1,20,2,ims,5,5/8,626.0038177239053,626.0038177239053
20.5.1,20,2,ims,6,6/8,626.0038177239053,626.0038177239053
20.5.1,20,2,ims,7,7/8,626.0038177239053,626.0038177239053
20.5.1,20,2,ims,8,8/8,626.0038177239053,626.0038177239053
20.5.1,20,3,ims,0,0/8,923.5478781636093,626.0038177239053
20.5.1,20,3,ims,1,1/8,626.6144547983874,626.0038177239053
20.5.1,20,3,ims,2,2/8,626.0038177239053,626.0038177239053
20.5.1,20,3,ims,3,3/8,626.0038177239053,626.0038177239053
20.5.1,20,3,ims,4,4/8,626.0038177239053,626.0038177239053
20.5.1,20,3,ims,5,5/8,626.0038177239053,626.0038177239053
20.5.1,20,3,ims,6,6/8,626.0038177239053,626.0038177239053
20.5.1,20,3,ims,7,7/8,626.0038177239053,626.0038177239053
20.5.1,20,3,ims,8,8/8,626.0038177239053,626.0038177239053
20.5.1,20,4,ims,0,0/8,903.2290503796855,626.0038177239053
20.5.1,20,4,ims,1,1/8,626.6144547983876,626.0038177239053
20.5.1,20,4,ims,2,2/8,626.0038177239053,626.0038177239053
20.5.1,20,4,ims,3,3/8,626.0038177239053,626.0038177239053
20.5.1,20,4,ims,4,4/8,626.0038177239053,626.0038177239053
20.5.1,20,4,ims,5,5/8,626.0038177239053,626.0038177239053
20.5.1,20,4,ims,6,6/8,626.0038177239053,626.0038177239053
20.5.1,20,4,ims,7,7/8,626.0038177239053,626.0038177239053
20.5.1,20,4,ims,8,8/8,626.0038177239053,626.0038177239053
20.5.1,20,5,ims,0,0/8,884.046727903825,626.0038177239053
20.5.1,20,5,ims,1,1/8,626.6144547983874,626.0038177239053
20.5.1,20,5,ims,2,2/8,626.6144547983874,626.0038177239053
20.5.1,20,5,ims,3,3/8,626.6144547983874,626.0038177239053
20.5.1,20,5,ims,4,4/8,626.6144547983874,626.0038177239053
20.5.1,20,5,ims,5,5/8,626.6144547983874,626.0038177239053
20.5.1,20,5,ims,6,6/8,626.0038177239053,626.0038177239053
20.5.1,20,5,ims,7,7/8,626.0038177239053,626.0038177239053
20.5.1,20,5,ims,8,8/8,626.0038177239053,626.0038177239053
20.5.1,20,6,ims,0,0/8,996.3433355160664,626.0038177239053
20.5.1,20,6,ims,1,1/8,626.6144547983874,626.0038177239053
20.5.1,20,6,ims,2,2/8,626.6144547983874,626.0038177239053
20.5.1,20,6,ims,3,3/8,626.0038177239053,626.0038177239053
20.5.1,20,6,ims,4,4/8,626.0038177239053,626.0038177239053
20.5.1,20,6,ims,5,5/8,626.0038177239053,626.0038177239053
20.5.1,20,6,ims,6,6/8,626.0038177239053,626.0038177239053
20.5.1,20,6,ims,7,7/8,626.0038177239053,626.0038177239053
20.5.1,20,6,ims,8,8/8,626.0038177239053,626.0038177239053
20.5.1,20,7,ims,0,0/8,889.6224326605474,626.0038177239053
20.5.1,20,7,ims,1,1/8,626.0038177239053,626.0038177239053
20.5.1,20,7,ims,2,2/8,626.0038177239053,626.0038177239053
20.5.1,20,7,ims,3,3/8,626.0038177239053,626.0038177239053
20.5.1,20,7,ims,4,4/8,626.0038177239053,626.0038177239053
20.5.1,20,7,ims,5,5/8,626.0038177239053,626.0038177239053
20.5.1,20,7,ims,6,6/8,626.0038177239053,626.0038177239053
20.5.1,20,7,ims,7,7/8,626.0038177239053,626.0038177239053
20.5.1,20,7,ims,8,8/8,626.0038177239053,626.0038177239053
20.5.1,20,8,ims,0,0/8,789.6888475794445,626.0038177239053
20.5.1,20,8,ims,1,1/8,626.0038177239053,626.0038177239053
20.5.1,20,8,ims,2,2/8,626.0038177239053,626.0038177239053
20.5.1,20,8,ims,3,3/8,626.0038177239053,626.0038177239053
20.5.1,20,8,ims,4,4/8,626.0038177239053,626.0038177239053
20.5.1,20,8,ims,5,5/8,626.0038177239053,626.0038177239053
20.5.1,20,8,ims,6,6/8,626.0038177239053,626.0038177239053
20.5.1,20,8,ims,7,7/8,626.0038177239053,626.0038177239053
20.5.1,20,8,ims,8,8/8,626.0038177239053,626.0038177239053
20.5.1,20,9,ims,0,0/8,847.437109127584,626.0038177239053
20.5.1,20,9,ims,1,1/8,626.6144547983874,626.0038177239053
20.5.1,20,9,ims,2,2/8,626.6144547983874,626.0038177239053
20.5.1,20,9,ims,3,3/8,626.0038177239053,626.0038177239053
20.5.1,20,9,ims,4,4/8,626.0038177239053,626.0038177239053
20.5.1,20,9,ims,5,5/8,626.0038177239053,626.0038177239053
20.5.1,20,9,ims,6,6/8,626.0038177239053,626.0038177239053
20.5.1,20,9,ims,7,7/8,626.0038177239053,626.0038177239053
20.5.1,20,9,ims,8,8/8,626.0038177239053,626.0038177239053
20.5.1,20,10,ims,0,0/8,884.046727903825,626.0038177239053
20.5.1,20,10,ims,1,1/8,626.6325838861852,626.0038177239053
20.5.1,20,10,ims,2,2/8,626.6144547983876,626.0038177239053
20.5.1,20,10,ims,3,3/8,626.0038177239053,626.0038177239053
20.5.1,20,10,ims,4,4/8,626.0038177239053,626.0038177239053
20.5.1,20,10,ims,5,5/8,626.0038177239053,626.0038177239053
20.5.1,20,10,ims,6,6/8,626.0038177239053,626.0038177239053
20.5.1,20,10,ims,7,7/8,626.0038177239053,626.0038177239053
20.5.1,20,10,ims,8,8/8,626.0038177239053,626.0038177239053
20.5.1,20,1,sats,0,0/8,943.7835836689495,626.0038177239053
20.5.1,20,1,sats,1,1/8,626.0038177239053,626.0038177239053
20.5.1,20,1,sats,2,2/8,626.0038177239053,626.0038177239053
20.5.1,20,1,sats,3,3/8,626.0038177239053,626.0038177239053
20.5.1,20,1,sats,4,4/8,626.0038177239053,626.0038177239053
20.5.1,20,1,sats,5,5/8,626.0038177239053,626.0038177239053
20.5.1,20,1,sats,6,6/8,626.0038177239053,626.0038177239053
20.5.1,20,1,sats,7,7/8,626.0038177239053,626.0038177239053
20.5.1,20,1,sats,8,8/8,626.0038177239053,626.0038177239053
20.5.1,20,2,sats,0,0/8,1039.2043052163629,626.0038177239053
20.5.1,20,2,sats,1,1/8,626.6144547983876,626.0038177239053
20.5.1,20,2,sats,2,2/8,626.0038177239053,626.0038177239053
20.5.1,20,2,sats,3,3/8,626.0038177239053,626.0038177239053
20.5.1,20,2,sats,4,4/8,626.0038177239053,626.0038177239053
20.5.1,20,2,sats,5,5/8,626.0038177239053,626.0038177239053
20.5.1,20,2,sats,6,6/8,626.0038177239053,626.0038177239053
20.5.1,20,2,sats,7,7/8,626.0038177239053,626.0038177239053
20.5.1,20,2,sats,8,8/8,626.0038177239053,626.0038177239053
20.5.1,20,3,sats,0,0/8,1132.3472663290463,626.0038177239053
20.5.1,20,3,sats,1,1/8,626.6325838861852,626.0038177239053
20.5.1,20,3,sats,2,2/8,626.6144547983876,626.0038177239053
20.5.1,20,3,sats,3,3/8,626.0038177239053,626.0038177239053
20.5.1,20,3,sats,4,4/8,626.0038177239053,626.0038177239053
20.5.1,20,3,sats,5,5/8,626.0038177239053,626.0038177239053
20.5.1,20,3,sats,6,6/8,626.0038177239053,626.0038177239053
20.5.1,20,3,sats,7,7/8,626.0038177239053,626.0038177239053
20.5.1,20,3,sats,8,8/8,626.0038177239053,626.0038177239053
20.5.1,20,4,sats,0,0/8,1132.3472663290463,626.0038177239053
20.5.1,20,4,sats,1,1/8,626.6144547983874,626.0038177239053
20.5.1,20,4,sats,2,2/8,626.6144547983874,626.0038177239053
20.5.1,20,4,sats,3,3/8,626.0038177239053,626.0038177239053
20.5.1,20,4,sats,4,4/8,626.0038177239053,626.0038177239053
20.5.1,20,4,sats,5,5/8,626.0038177239053,626.0038177239053
20.5.1,20,4,sats,6,6/8,626.0038177239053,626.0038177239053
20.5.1,20,4,sats,7,7/8,626.0038177239053,626.0038177239053
20.5.1,20,4,sats,8,8/8,626.0038177239053,626.0038177239053
20.5.1,20,5,sats,0,0/8,884.046727903825,626.0038177239053
20.5.1,20,5,sats,1,1/8,626.6325838861852,626.0038177239053
20.5.1,20,5,sats,2,2/8,626.6144547983876,626.0038177239053
20.5.1,20,5,sats,3,3/8,626.6144547983876,626.0038177239053
20.5.1,20,5,sats,4,4/8,626.6144547983876,626.0038177239053
20.5.1,20,5,sats,5,5/8,626.6144547983876,626.0038177239053
20.5.1,20,5,sats,6,6/8,626.6144547983876,626.0038177239053
20.5.1,20,5,sats,7,7/8,626.0038177239053,626.0038177239053
20.5.1,20,5,sats,8,8/8,626.0038177239053,626.0038177239053
20.5.1,20,6,sats,0,0/8,1183.883549448442,626.0038177239053
20.5.1,20,6,sats,1,1/8,626.0038177239053,626.0038177239053
20.5.1,20,6,sats,2,2/8,626.0038177239053,626.0038177239053
20.5.1,20,6,sats,3,3/8,626.0038177239053,626.0038177239053
20.5.1,20,6,sats,4,4/8,626.0038177239053,626.0038177239053
20.5.1,20,6,sats,5,5/8,626.0038177239053,626.0038177239053
20.5.1,20,6,sats,6,6/8,626.0038177239053,626.0038177239053
20.5.1,20,6,sats,7,7/8,626.0038177239053,626.0038177239053
20.5.1,20,6,sats,8,8/8,626.0038177239053,626.0038177239053
20.5.1,20,7,sats,0,0/8,996.3433355160664,626.0038177239053
20.5.1,20,7,sats,1,1/8,626.0038177239053,626.0038177239053
20.5.1,20,7,sats,2,2/8,626.0038177239053,626.0038177239053
20.5.1,20,7,sats,3,3/8,626.0038177239053,626.0038177239053
20.5.1,20,7,sats,4,4/8,626.0038177239053,626.0038177239053
20.5.1,20,7,sats,5,5/8,626.0038177239053,626.0038177239053
20.5.1,20,7,sats,6,6/8,626.0038177239053,626.0038177239053
20.5.1,20,7,sats,7,7/8,626.0038177239053,626.0038177239053
20.5.1,20,7,sats,8,8/8,626.0038177239053,626.0038177239053
20.5.1,20,8,sats,0,0/8,1165.482544097082,626.0038177239053
20.5.1,20,8,sats,1,1/8,626.0038177239053,626.0038177239053
20.5.1,20,8,sats,2,2/8,626.0038177239053,626.0038177239053
20.5.1,20,8,sats,3,3/8,626.0038177239053,626.0038177239053
20.5.1,20,8,sats,4,4/8,626.0038177239053,626.0038177239053
20.5.1,20,8,sats,5,5/8,626.0038177239053,626.0038177239053
20.5.1,20,8,sats,6,6/8,626.0038177239053,626.0038177239053
20.5.1,20,8,sats,7,7/8,626.0038177239053,626.0038177239053
20.5.1,20,8,sats,8,8/8,626.0038177239053,626.0038177239053
20.5.1,20,9,sats,0,0/8,953.9205584926688,626.0038177239053
20.5.1,20,9,sats,1,1/8,626.6144547983876,626.0038177239053
20.5.1,20,9,sats,2,2/8,626.0038177239053,626.0038177239053
20.5.1,20,9,sats,3,3/8,626.0038177239053,626.0038177239053
20.5.1,20,9,sats,4,4/8,626.0038177239053,626.0038177239053
20.5.1,20,9,sats,5,5/8,626.0038177239053,626.0038177239053
20.5.1,20,9,sats,6,6/8,626.0038177239053,626.0038177239053
20.5.1,20,9,sats,7,7/8,626.0038177239053,626.0038177239053
20.5.1,20,9,sats,8,8/8,626.0038177239053,626.0038177239053
20.5.1,20,10,sats,0,0/8,969.6631064386005,626.0038177239053
20.5.1,20,10,sats,1,1/8,626.6144547983874,626.0038177239053
20.5.1,20,10,sats,2,2/8,626.6144547983874,626.0038177239053
20.5.1,20,10,sats,3,3/8,626.6144547983874,626.0038177239053
20.5.1,20,10,sats,4,4/8,626.6144547983874,626.0038177239053
20.5.1,20,10,sats,5,5/8,626.0038177239053,626.0038177239053
20.5.1,20,10,sats,6,6/8,626.0038177239053,626.0038177239053
20.5.1,20,10,sats,7,7/8,626.0038177239053,626.0038177239053
20.5.1,20,10,sats,8,8/8,626.0038177239053,626.0038177239053
20.5.2,20,1,ims,0,0/8,795.9640978084767,711.9602671858845
20.5.2,20,1,ims,1,1/8,711.9602671858845,711.9602671858845
20.5.2,20,1,ims,2,2/8,711.9602671858845,711.9602671858845
20.5.2,20,1,ims,3,3/8,711.9602671858845,711.9602671858845
20.5.2,20,1,ims,4,4/8,711.9602671858845,711.9602671858845
20.5.2,20,1,ims,5,5/8,711.9602671858845,711.9602671858845
20.5.2,20,1,ims,6,6/8,711.9602671858845,711.9602671858845
20.5.2,20,1,ims,7,7/8,711.9602671858845,711.9602671858845
20.5.2,20,1,ims,8,8/8,711.9602671858845,711.9602671858845
20.5.2,20,2,ims,0,0/8,840.6475387085404,711.9602671858845
20.5.2,20,2,ims,1,1/8,712.1069823768553,711.9602671858845
20.5.2,20,2,ims,2,2/8,711.9602671858845,711.9602671858845
20.5.2,20,2,ims,3,3/8,711.9602671858845,711.9602671858845
20.5.2,20,2,ims,4,4/8,711.9602671858845,711.9602671858845
20.5.2,20,2,ims,5,5/8,711.9602671858845,711.9602671858845
20.5.2,20,2,ims,6,6/8,711.9602671858845,711.9602671858845
20.5.2,20,2,ims,7,7/8,711.9602671858845,711.9602671858845
20.5.2,20,2,ims,8,8/8,711.9602671858845,711.9602671858845
20.5.2,20,3,ims,0,0/8,840.6475387085404,711.9602671858845
20.5.2,20,3,ims,1,1/8,712.1069823768553,711.9602671858845
20.5.2,20,3,ims,2,2/8,711.9602671858845,711.9602671858845
20.5.2,20,3,ims,3,3/8,711.9602671858845,711.9602671858845
20.5.2,20,3,ims,4,4/8,711.9602671858845,711.9602671858845
20.5.2,20,3,ims,5,5/8,711.9602671858845,711.9602671858845
20.5.2,20,3,ims,6,6/8,711.9602671858845,711.9602671858845
20.5.2,20,3,ims,7,7/8,711.9602671858845,711.9602671858845
20.5.2,20,3,ims,8,8/8,711.9602671858845,711.9602671858845
20.5.2,20,4,ims,0,0/8,837.248805407781,711.9602671858845
20.5.2,20,4,ims,1,1/8,711.9602671858845,711.9602671858845
20.5.2,20,4,ims,2,2/8,711.9602671858845,711.9602671858845
20.5.2,20,4,ims,3,3/8,711.9602671858845,711.9602671858845
20.5.2,20,4,ims,4,4/8,711.9602671858845,711.9602671858845
20.5.2,20,4,ims,5,5/8,711.9602671858845,711.9602671858845
20.5.2,20,4,ims,6,6/8,711.9602671858845,711.9602671858845
20.5.2,20,4,ims,7,7/8,711.9602671858845,711.9602671858845
20.5.2,20,4,ims,8,8/8,711.9602671858845,711.9602671858845
20.5.2,20,5,ims,0,0/8,840.6475387085404,711.9602671858845
20.5.2,20,5,ims,1,1/8,711.9602671858845,711.9602671858845
20.5.2,20,5,ims,2,2/8,711.9602671858845,711.9602671858845
20.5.2,20,5,ims,3,3/8,711.9602671858845,711.9602671858845
20.5.2,20,5,ims,4,4/8,711.9602671858845,711.9602671858845
20.5.2,20,5,ims,5,5/8,711.9602671858845,711.9602671858845
20.5.2,20,5,ims,6,6/8,711.9602671858845,711.9602671858845
20.5.2,20,5,ims,7,7/8,711.9602671858845,711.9602671858845
20.5.2,20,5,ims,8,8/8,711.9602671858845,711.9602671858845
20.5.2,20,6,ims,0,0/8,903.6481054219014,711.9602671858845
20.5.2,20,6,ims,1,1/8,712.1069823768553,711.9602671858845
20.5.2,20,6,ims,2,2/8,712.1069823768553,711.9602671858845
20.5.2,20,6,ims,3,3/8,711.9602671858845,711.9602671858845
20.5.2,20,6,ims,4,4/8,711.9602671858845,711.9602671858845
20.5.2,20,6,ims,5,5/8,711.9602671858845,711.9602671858845
20.5.2,20,6,ims,6,6/8,711.9602671858845,711.9602671858845
20.5.2,20,6,ims,7,7/8,711.9602671858845,711.9602671858845
20.5.2,20,6,ims,8,8/8,711.9602671858845,711.9602671858845
20.5.2,20,7,ims,0,0/8,937.138808710413,711.9602671858845
20.5.2,20,7,ims,1,1/8,712.1069823768553,711.9602671858845
20.5.2,20,7,ims,2,2/8,712.1069823768553,711.9602671858845
20.5.2,20,7,ims,3,3/8,711.9602671858845,711.9602671858845
20.5.2,20,7,ims,4,4/8,711.9602671858845,711.9602671858845
20.5.2,20,7,ims,5,5/8,711.9602671858845,711.9602671858845
20.5.2,20,7,ims,6,6/8,711.9602671858845,711.9602671858845
20.5.2,20,7,ims,7,7/8,711.9602671858845,711.9602671858845
20.5.2,20,7,ims,8,8/8,711.9602671858845,711.9602671858845
20.5.2,20,8,ims,0,0/8,903.6481054219014,711.9602671858845
20.5.2,20,8,ims,1,1/8,712.1069823768553,711.9602671858845
20.5.2,20,8,ims,2,2/8,711.9602671858845,711.9602671858845
20.5.2,20,8,ims,3,3/8,711.9602671858845,711.9602671858845
20.5.2,20,8,ims,4,4/8,711.9602671858845,711.9602671858845
20.5.2,20,8,ims,5,5/8,711.9602671858845,711.9602671858845
20.5.2,20,8,ims,6,6/8,711.9602671858845,711.9602671858845
20.5.2,20,8,ims,7,7/8,711.9602671858845,711.9602671858845
20.5.2,20,8,ims,8,8/8,711.9602671858845,711.9602671858845
20.5.2,20,9,ims,0,0/8,1015.5382932727257,711.9602671858845
20.5.2,20,9,ims,1,1/8,711.9602671858845,711.9602671858845
20.5.2,20,9,ims,2,2/8,711.9602671858845,711.9602671858845
20.5.2,20,9,ims,3,3/8,711.9602671858845,711.9602671858845
20.5.2,20,9,ims,4,4/8,711.9602671858845,711.9602671858845
20.5.2,20,9,ims,5,5/8,711.9602671858845,711.9602671858845
20.5.2,20,9,ims,6,6/8,711.9602671858845,711.9602671858845
20.5.2,20,9,ims,7,7/8,711.9602671858845,711.9602671858845
20.5.2,20,9,ims,8,8/8,711.9602671858845,711.9602671858845
20.5.2,20,10,ims,0,0/8,854.6017938792843,711.9602671858845
20.5.2,20,10,ims,1,1/8,712.1069823768553,711.9602671858845
20.5.2,20,10,ims,2,2/8,712.1069823768553,711.9602671858845
20.5.2,20,10,ims,3,3/8,711.9602671858845,711.9602671858845
20.5.2,20,10,ims,4,4/8,711.9602671858845,711.9602671858845
20.5.2,20,10,ims,5,5/8,711.9602671858845,711.9602671858845
20.5.2,20,10,ims,6,6/8,711.9602671858845,711.9602671858845
20.5.2,20,10,ims,7,7/8,711.9602671858845,711.9602671858845
20.5.2,20,10,ims,8,8/8,711.9602671858845,711.9602671858845
20.5.2,20,1,sats,0,0/8,840.6475387085404,711.9602671858845
20.5.2,20,1,sats,1,1/8,711.9602671858845,711.9602671858845
20.5.2,20,1,sats,2,2/8,711.9602671858845,711.9602671858845
20.5.2,20,1,sats,3,3/8,711.9602671858845,711.9602671858845
20.5.2,20,1,sats,4,4/8,711.9602671858845,711.9602671858845
20.5.2,20,1,sats,5,5/8,711.9602671858845,711.9602671858845
20.5.2,20,1,sats,6,6/8,711.9602671858845,711.9602671858845
20.5.2,20,1,sats,7,7/8,711.9602671858845,711.9602671858845
20.5.2,20,1,sats,8,8/8,711.9602671858845,711.9602671858845
20.5.2,20,2,sats,0,0/8,1012.7363897958064,711.9602671858845
20.5.2,20,2,sats,1,1/8,711.9602671858845,711.9602671858845
20.5.2,20,2,sats,2,2/8,711.9602671858845,711.9602671858845
20.5.2,20,2,sats,3,3/8,711.9602671858845,711.9602671858845
20.5.2,20,2,sats,4,4/8,711.9602671858845,711.9602671858845
20.5.2,20,2,sats,5,5/8,711.9602671858845,711.9602671858845
20.5.2,20,2,sats,6,6/8,711.9602671858845,711.9602671858845
20.5.2,20,2,sats,7,7/8,711.9602671858845,711.9602671858845
20.5.2,20,2,sats,8,8/8,711.9602671858845,711.9602671858845
20.5.2,20,3,sats,0,0/8,1205.0782815798575,711.9602671858845
20.5.2,20,3,sats,1,1/8,711.9602671858845,711.9602671858845
20.5.2,20,3,sats,2,2/8,711.9602671858845,711.9602671858845
20.5.2,20,3,sats,3,3/8,711.9602671858845,711.9602671858845
20.5.2,20,3,sats,4,4/8,711.9602671858845,711.9602671858845
20.5.2,20,3,sats,5,5/8,711.9602671858845,711.9602671858845
20.5.2,20,3,sats,6,6/8,711.9602671858845,711.9602671858845
20.5.2,20,3,sats,7,7/8,711.9602671858845,711.9602671858845
20.5.2,20,3,sats,8,8/8,711.9602671858845,711.9602671858845
20.5.2,20,4,sats,0,0/8,1194.1350006857258,711.9602671858845
20.5.2,20,4,sats,1,1/8,711.9602671858845,711.9602671858845
20.5.2,20,4,sats,2,2/8,711.9602671858845,711.9602671858845
20.5.2,20,4,sats,3,3/8,711.9602671858845,711.9602671858845
20.5.2,20,4,sats,4,4/8,711.9602671858845,711.9602671858845
20.5.2,20,4,sats,5,5/8,711.9602671858845,711.9602671858845
20.5.2,20,4,sats,6,6/8,711.9602671858845,711.9602671858845
20.5.2,20,4,sats,7,7/8,711.9602671858845,711.9602671858845
20.5.2,20,4,sats,8,8/8,711.9602671858845,711.9602671858845
20.5.2,20,5,sats,0,0/8,840.6475387085404,711.9602671858845
20.5.2,20,5,sats,1,1/8,712.1069823768553,711.9602671858845
20.5.2,20,5,sats,2,2/8,711.9602671858845,711.9602671858845
20.5.2,20,5,sats,3,3/8,711.9602671858845,711.9602671858845
20.5.2,20,5,sats,4,4/8,711.9602671858845,711.9602671858845
20.5.2,20,5,sats,5,5/8,711.9602671858845,711.9602671858845
20.5.2,20,5,sats,6,6/8,711.9602671858845,711.9602671858845
20.5.2,20,5,sats,7,7/8,711.9602671858845,711.9602671858845
20.5.2,20,5,sats,8,8/8,711.9602671858845,711.9602671858845
20.5.2,20,6,sats,0,0/8,1182.2521865784836,711.9602671858845
20.5.2,20,6,sats,1,1/8,712.1069823768553,711.9602671858845
20.5.2,20,6,sats,2,2/8,711.9602671858845,711.9602671858845
20.5.2,20,6,sats,3,3/8,711.9602671858845,711.9602671858845
20.5.2,20,6,sats,4,4/8,711.9602671858845,711.9602671858845
20.5.2,20,6,sats,5,5/8,711.9602671858845,711.9602671858845
20.5.2,20,6,sats,6,6/8,711.9602671858845,711.9602671858845
20.5.2,20,6,sats,7,7/8,711.9602671858845,711.9602671858845
20.5.2,20,6,sats,8,8/8,711.9602671858845,711.9602671858845
20.5.2,20,7,sats,0,0/8,1315.0028599009518,711.9602671858845
20.5.2,20,7,sats,1,1/8,711.9602671858845,711.9602671858845
20.5.2,20,7,sats,2,2/8,711.9602671858845,711.9602671858845
20.5.2,20,7,sats,3,3/8,711.9602671858845,711.9602671858845
20.5.2,20,7,sats,4,4/8,711.9602671858845,711.9602671858845
20.5.2,20,7,sats,5,5/8,711.9602671858845,711.9602671858845
20.5.2,20,7,sats,6,6/8,711.9602671858845,711.9602671858845
20.5.2,20,7,sats,7,7/8,711.9602671858845,711.9602671858845
20.5.2,20,7,sats,8,8/8,711.9602671858845,711.9602671858845
20.5.2,20,8,sats,0,0/8,1315.0026300801806,711.9602671858845
20.5.2,20,8,sats,1,1/8,711.9602671858845,711.9602671858845
20.5.2,20,8,sats,2,2/8,711.9602671858845,711.9602671858845
20.5.2,20,8,sats,3,3/8,711.9602671858845,711.9602671858845
20.5.2,20,8,sats,4,4/8,711.9602671858845,711.9602671858845
20.5.2,20,8,sats,5,5/8,711.9602671858845,711.9602671858845
20.5.2,20,8,sats,6,6/8,711.9602671858845,711.9602671858845
20.5.2,20,8,sats,7,7/8,711.9602671858845,711.9602671858845
20.5.2,20,8,sats,8,8/8,711.9602671858845,711.9602671858845
20.5.2,20,9,sats,0,0/8,1306.8072186908075,711.9602671858845
20.5.2,20,9,sats,1,1/8,712.1069823768553,711.9602671858845
20.5.2,20,9,sats,2,2/8,712.1069823768553,711.9602671858845
20.5.2,20,9,sats,3,3/8,711.9602671858845,711.9602671858845
20.5.2,20,9,sats,4,4/8,711.9602671858845,711.9602671858845
20.5.2,20,9,sats,5,5/8,711.9602671858845,711.9602671858845
20.5.2,20,9,sats,6,6/8,711.9602671858845,711.9602671858845
20.5.2,20,9,sats,7,7/8,711.9602671858845,711.9602671858845
20.5.2,20,9,sats,8,8/8,711.9602671858845,711.9602671858845
20.5.2,20,10,sats,0,0/8,1204.6756333607182,711.9602671858845
20.5.2,20,10,sats,1,1/8,712.1069823768553,711.9602671858845
20.5.2,20,10,sats,2,2/8,712.1069823768553,711.9602671858845
20.5.2,20,10,sats,3,3/8,712.1069823768553,711.9602671858845
20.5.2,20,10,sats,4,4/8,711.9602671858845,711.9602671858845
20.5.2,20,10,sats,5,5/8,711.9602671858845,711.9602671858845
20.5.2,20,10,sats,6,6/8,711.9602671858845,711.9602671858845
20.5.2,20,10,sats,7,7/8,711.9602671858845,711.9602671858845
20.5.2,20,10,sats,8,8/8,711.9602671858845,711.9602671858845
20.5.3,20,1,ims,0,0/8,866.0951741514484,499.81231236662194
20.5.3,20,1,ims,1,1/8,499.81231236662194,499.81231236662194
20.5.3,20,1,ims,2,2/8,499.81231236662194,499.81231236662194
20.5.3,20,1,ims,3,3/8,499.81231236662194,499.81231236662194
20.5.3,20,1,ims,4,4/8,499.81231236662194,499.81231236662194
20.5.3,20,1,ims,5,5/8,499.81231236662194,499.81231236662194
20.5.3,20,1,ims,6,6/8,499.81231236662194,499.81231236662194
20.5.3,20,1,ims,7,7/8,499.81231236662194,499.81231236662194
20.5.3,20,1,ims,8,8/8,499.81231236662194,499.81231236662194
20.5.3,20,2,ims,0,0/8,846.7029234852906,499.81231236662194
20.5.3,20,2,ims,1,1/8,501.2589432719106,499.81231236662194
20.5.3,20,2,ims,2,2/8,501.2589432719106,499.81231236662194
20.5.3,20,2,ims,3,3/8,501.2589432719106,499.81231236662194
20.5.3,20,2,ims,4,4/8,499.81231236662194,499.81231236662194
20.5.3,20,2,ims,5,5/8,499.81231236662194,499.81231236662194
20.5.3,20,2,ims,6,6/8,499.81231236662194,499.81231236662194
20.5.3,20,2,ims,7,7/8,499.81231236662194,499.81231236662194
20.5.3,20,2,ims,8,8/8,499.81231236662194,499.81231236662194
20.5.3,20,3,ims,0,0/8,779.741002799782,499.81231236662194
20.5.3,20,3,ims,1,1/8,506.76821611125916,499.81231236662194
20.5.3,20,3,ims,2,2/8,499.81231236662194,499.81231236662194
20.5.3,20,3,ims,3,3/8,499.81231236662194,499.81231236662194
20.5.3,20,3,ims,4,4/8,499.81231236662194,499.81231236662194
20.5.3,20,3,ims,5,5/8,499.81231236662194,499.81231236662194
20.5.3,20,3,ims,6,6/8,499.81231236662194,499.81231236662194
20.5.3,20,3,ims,7,7/8,499.81231236662194,499.81231236662194
20.5.3,20,3,ims,8,8/8,499.81231236662194,499.81231236662194
20.5.3,20,4,ims,0,0/8,785.3825984308144,499.81231236662194
20.5.3,20,4,ims,1,1/8,499.81231236662194,499.81231236662194
20.5.3,20,4,ims,2,2/8,499.81231236662194,499.81231236662194
20.5.3,20,4,ims,3,3/8,499.81231236662194,499.81231236662194
20.5.3,20,4,ims,4,4/8,499.81231236662194,499.81231236662194
20.5.3,20,4,ims,5,5/8,499.81231236662194,499.81231236662194
20.5.3,20,4,ims,6,6/8,499.81231236662194,499.81231236662194
20.5.3,20,4,ims,7,7/8,499.81231236662194,499.81231236662194
20.5.3,20,4,ims,8,8/8,499.81231236662194,499.81231236662194
20.5.3,20,5,ims,0,0/8,822.7042373192041,499.81231236662194
20.5.3,20,5,ims,1,1/8,506.76821611125916,499.81231236662194
20.5.3,20,5,ims,2,2/8,499.81231236662194,499.81231236662194
20.5.3,20,5,ims,3,3/8,499.81231236662194,499.81231236662194
20.5.3,20,5,ims,4,4/8,499.81231236662194,499.81231236662194
20.5.3,20,5,ims,5,5/8,499.81231236662194,499.81231236662194
20.5.3,20,5,ims,6,6/8,499.81231236662194,499.81231236662194
20.5.3,20,5,ims,7,7/8,499.81231236662194,499.81231236662194
20.5.3,20,5,ims,8,8/8,499.81231236662194,499.81231236662194
20.5.3,20,6,ims,0,0/8,759.9735051736312,499.81231236662194
20.5.3,20,6,ims,1,1/8,499.81231236662194,499.81231236662194
20.5.3,20,6,ims,2,2/8,499.81231236662194,499.81231236662194
20.5.3,20,6,ims,3,3/8,499.81231236662194,499.81231236662194
20.5.3,20,6,ims,4,4/8,499.81231236662194,499.81231236662194
20.5.3,20,6,ims,5,5/8,499.81231236662194,499.81231236662194
20.5.3,20,6,ims,6,6/8,499.81231236662194,499.81231236662194
20.5.3,20,6,ims,7,7/8,499.81231236662194,499.81231236662194
20.5.3,20,6,ims,8,8/8,499.81231236662194,499.81231236662194
20.5.3,20,7,ims,0,0/8,725.9698781908228,499.81231236662194
20.5.3,20,7,ims,1,1/8,499.81231236662194,499.81231236662194
20.5.3,20,7,ims,2,2/8,499.81231236662194,499.81231236662194
20.5.3,20,7,ims,3,3/8,499.81231236662194,499.81231236662194
20.5.3,20,7,ims,4,4/8,499.81231236662194,499.81231236662194
20.5.3,20,7,ims,5,5/8,499.81231236662194,499.81231236662194
20.5.3,20,7,ims,6,6/8,499.81231236662194,499.81231236662194
20.5.3,20,7,ims,7,7/8,499.81231236662194,499.81231236662194
20.5.3,20,7,ims,8,8/8,499.81231236662194,499.81231236662194
20.5.3,20,8,ims,0,0/8,785.3825984308144,499.81231236662194
20.5.3,20,8,ims,1,1/8,506.76821611125916,499.81231236662194
20.5.3,20,8,ims,2,2/8,499.81231236662194,499.81231236662194
20.5.3,20,8,ims,3,3/8,499.81231236662194,499.81231236662194
20.5.3,20,8,ims,4,4/8,499.81231236662194,499.81231236662194
20.5.3,20,8,ims,5,5/8,499.81231236662194,499.81231236662194
20.5.3,20,8,ims,6,6/8,499.81231236662194,499.81231236662194
20.5.3,20,8,ims,7,7/8,499.81231236662194,499.81231236662194
20.5.3,20,8,ims,8,8/8,499.81231236662194,499.81231236662194
20.5.3,20,9,ims,0,0/8,779.741002799782,499.81231236662194
20.5.3,20,9,ims,1,1/8,499.81231236662194,499.81231236662194
20.5.3,20,9,ims,2,2/8,499.81231236662194,499.81231236662194
20.5.3,20,9,ims,3,3/8,499.81231236662194,499.81231236662194
20.5.3,20,9,ims,4,4/8,499.81231236662194,499.81231236662194
20.5.3,20,9,ims,5,5/8,499.81231236662194,499.81231236662194
20.5.3,20,9,ims,6,6/8,499.81231236662194,499.81231236662194
20.5.3,20,9,ims,7,7/8,499.81231236662194,499.81231236662194
20.5.3,20,9,ims,8,8/8,499.81231236662194,499.81231236662194
20.5.3,20,10,ims,0,0/8,785.3825984308144,499.81231236662194
20.5.3,20,10,ims,1,1/8,512.6659845398145,499.81231236662194
20.5.3,20,10,ims,2,2/8,499.81231236662194,499.81231236662194
20.5.3,20,10,ims,3,3/8,499.81231236662194,499.81231236662194
20.5.3,20,10,ims,4,4/8,499.81231236662194,499.81231236662194
20.5.3,20,10,ims,5,5/8,499.81231236662194,499.81231236662194
20.5.3,20,10,ims,6,6/8,499.81231236662194,499.81231236662194
20.5.3,20,10,ims,7,7/8,499.81231236662194,499.81231236662194
20.5.3,20,10,ims,8,8/8,499.81231236662194,499.81231236662194
20.5.3,20,1,sats,0,0/8,1027.7026517431857,499.81231236662194
20.5.3,20,1,sats,1,1/8,503.0870599840321,499.81231236662194
20.5.3,20,1,sats,2,2/8,499.81231236662194,499.81231236662194
20.5.3,20,1,sats,3,3/8,499.81231236662194,499.81231236662194
20.5.3,20,1,sats,4,4/8,499.81231236662194,499.81231236662194
20.5.3,20,1,sats,5,5/8,499.81231236662194,499.81231236662194
20.5.3,20,1,sats,6,6/8,499.81231236662194,499.81231236662194
20.5.3,20,1,sats,7,7/8,499.81231236662194,499.81231236662194
20.5.3,20,1,sats,8,8/8,499.81231236662194,499.81231236662194
20.5.3,20,2,sats,0,0/8,846.7029234852906,499.81231236662194
20.5.3,20,2,sats,1,1/8,506.76821611125916,499.81231236662194
20.5.3,20,2,sats,2,2/8,506.76821611125916,499.81231236662194
20.5.3,20,2,sats,3,3/8,499.81231236662194,499.81231236662194
20.5.3,20,2,sats,4,4/8,499.81231236662194,499.81231236662194
20.5.3,20,2,sats,5,5/8,499.81231236662194,499.81231236662194
20.5.3,20,2,sats,6,6/8,499.81231236662194,499.81231236662194
20.5.3,20,2,sats,7,7/8,499.81231236662194,499.81231236662194
20.5.3,20,2,sats,8,8/8,499.81231236662194,499.81231236662194
20.5.3,20,3,sats,0,0/8,903.3752231027836,499.81231236662194
20.5.3,20,3,sats,1,1/8,506.76821611125916,499.81231236662194
20.5.3,20,3,sats,2,2/8,499.81231236662194,499.81231236662194
20.5.3,20,3,sats,3,3/8,499.81231236662194,499.81231236662194
20.5.3,20,3,sats,4,4/8,499.81231236662194,499.81231236662194
20.5.3,20,3,sats,5,5/8,499.81231236662194,499.81231236662194
20.5.3,20,3,sats,6,6/8,499.81231236662194,499.81231236662194
20.5.3,20,3,sats,7,7/8,499.81231236662194,499.81231236662194
20.5.3,20,3,sats,8,8/8,499.81231236662194,499.81231236662194
20.5.3,20,4,sats,0,0/8,831.5204903512052,499.81231236662194
20.5.3,20,4,sats,1,1/8,506.76821611125916,499.81231236662194
20.5.3,20,4,sats,2,2/8,501.2589432719106,499.81231236662194
20.5.3,20,4,sats,3,3/8,501.2589432719106,499.81231236662194
20.5.3,20,4,sats,4,4/8,499.81231236662194,499.81231236662194
20.5.3,20,4,sats,5,5/8,499.81231236662194,499.81231236662194
20.5.3,20,4,sats,6,6/8,499.81231236662194,499.81231236662194
20.5.3,20,4,sats,7,7/8,499.81231236662194,499.81231236662194
20.5.3,20,4,sats,8,8/8,499.81231236662194,499.81231236662194
20.5.3,20,5,sats,0,0/8,1075.597100133882,499.81231236662194
20.5.3,20,5,sats,1,1/8,506.76821611125916,499.81231236662194
20.5.3,20,5,sats,2,2/8,506.76821611125916,499.81231236662194
20.5.3,20,5,sats,3,3/8,499.81231236662194,499.81231236662194
20.5.3,20,5,sats,4,4/8,499.81231236662194,499.81231236662194
20.5.3,20,5,sats,5,5/8,499.81231236662194,499.81231236662194
20.5.3,20,5,sats,6,6/8,499.81231236662194,499.81231236662194
20.5.3,20,5,sats,7,7/8,499.81231236662194,499.81231236662194
20.5.3,20,5,sats,8,8/8,499.81231236662194,499.81231236662194
20.5.3,20,6,sats,0,0/8,818.0872750312444,499.81231236662194
20.5.3,20,6,sats,1,1/8,499.81231236662194,499.81231236662194
20.5.3,20,6,sats,2,2/8,499.81231236662194,499.81231236662194
20.5.3,20,6,sats,3,3/8,499.81231236662194,499.81231236662194
20.5.3,20,6,sats,4,4/8,499.81231236662194,499.81231236662194
20.5.3,20,6,sats,5,5/8,499.81231236662194,499.81231236662194
20.5.3,20,6,sats,6,6/8,499.81231236662194,499.81231236662194
20.5.3,20,6,sats,7,7/8,499.81231236662194,499.81231236662194
20.5.3,20,6,sats,8,8/8,499.81231236662194,499.81231236662194
20.5.3,20,7,sats,0,0/8,822.7042373192041,499.81231236662194
20.5.3,20,7,sats,1,1/8,499.81231236662194,499.81231236662194
20.5.3,20,7,sats,2,2/8,499.81231236662194,499.81231236662194
20.5.3,20,7,sats,3,3/8,499.81231236662194,499.81231236662194
20.5.3,20,7,sats,4,4/8,499.81231236662194,499.81231236662194
20.5.3,20,7,sats,5,5/8,499.81231236662194,499.81231236662194
20.5.3,20,7,sats,6,6/8,499.81231236662194,499.81231236662194
20.5.3,20,7,sats,7,7/8,499.81231236662194,499.81231236662194
20.5.3,20,7,sats,8,8/8,499.81231236662194,499.81231236662194
20.5.3,20,8,sats,0,0/8,887.5630519585933,499.81231236662194
20.5.3,20,8,sats,1,1/8,499.81231236662194,499.81231236662194
20.5.3,20,8,sats,2,2/8,499.81231236662194,499.81231236662194
20.5.3,20,8,sats,3,3/8,499.81231236662194,499.81231236662194
20.5.3,20,8,sats,4,4/8,499.81231236662194,499.81231236662194
20.5.3,20,8,sats,5,5/8,499.81231236662194,499.81231236662194
20.5.3,20,8,sats,6,6/8,499.81231236662194,499.81231236662194
20.5.3,20,8,sats,7,7/8,499.81231236662194,499.81231236662194
20.5.3,20,8,sats,8,8/8,499.81231236662194,499.81231236662194
20.5.3,20,9,sats,0,0/8,892.0702556198635,499.81231236662194
20.5.3,20,9,sats,1,1/8,499.81231236662194,499.81231236662194
20.5.3,20,9,sats,2,2/8,499.81231236662194,499.81231236662194
20.5.3,20,9,sats,3,3/8,499.81231236662194,499.81231236662194
20.5.3,20,9,sats,4,4/8,499.81231236662194,499.81231236662194
20.5.3,20,9,sats,5,5/8,499.81231236662194,499.81231236662194
20.5.3,20,9,sats,6,6/8,499.81231236662194,499.81231236662194
20.5.3,20,9,sats,7,7/8,499.81231236662194,499.81231236662194
20.5.3,20,9,sats,8,8/8,499.81231236662194,499.81231236662194
20.5.3,20,10,sats,0,0/8,845.8252242970167,499.81231236662194
20.5.3,20,10,sats,1,1/8,506.76821611125916,499.81231236662194
20.5.3,20,10,sats,2,2/8,506.76821611125916,499.81231236662194
20.5.3,20,10,sats,3,3/8,506.76821611125916,499.81231236662194
20.5.3,20,10,sats,4,4/8,499.81231236662194,499.81231236662194
20.5.3,20,10,sats,5,5/8,499.81231236662194,499.81231236662194
20.5.3,20,10,sats,6,6/8,499.81231236662194,499.81231236662194
20.5.3,20,10,sats,7,7/8,499.81231236662194,499.81231236662194
20.5.3,20,10,sats,8,8/8,499.81231236662194,499.81231236662194
20.5.4,20,1,ims,0,0/8,761.498160307993,518.3642017631608
20.5.4,20,1,ims,1,1/8,527.3753509853575,518.3642017631608
20.5.4,20,1,ims,2,2/8,521.6313535884119,518.3642017631608
20.5.4,20,1,ims,3,3/8,518.3642017631608,518.3642017631608
20.5.4,20,1,ims,4,4/8,518.3642017631608,518.3642017631608
20.5.4,20,1,ims,5,5/8,518.3642017631608,518.3642017631608
20.5.4,20,1,ims,6,6/8,518.3642017631608,518.3642017631608
20.5.4,20,1,ims,7,7/8,518.3642017631608,518.3642017631608
20.5.4,20,1,ims,8,8/8,518.3642017631608,518.3642017631608
20.5.4,20,2,ims,0,0/8,729.3275723771649,518.3642017631608
20.5.4,20,2,ims,1,1/8,518.3642017631608,518.3642017631608
20.5.4,20,2,ims,2,2/8,518.3642017631608,518.3642017631608
20.5.4,20,2,ims,3,3/8,518.3642017631608,518.3642017631608
20.5.4,20,2,ims,4,4/8,518.3642017631608,518.3642017631608
20.5.4,20,2,ims,5,5/8,518.3642017631608,518.3642017631608
20.5.4,20,2,ims,6,6/8,518.3642017631608,518.3642017631608
20.5.4,20,2,ims,7,7/8,518.3642017631608,518.3642017631608
20.5.4,20,2,ims,8,8/8,518.3642017631608,518.3642017631608
20.5.4,20,3,ims,0,0/8,740.6578324525561,518.3642017631608
20.5.4,20,3,ims,1,1/8,527.3753509853575,518.3642017631608
20.5.4,20,3,ims,2,2/8,525.1654581544425,518.3642017631608
20.5.4,20,3,ims,3,3/8,518.3642017631608,518.3642017631608
20.5.4,20,3,ims,4,4/8,518.3642017631608,518.3642017631608
20.5.4,20,3,ims,5,5/8,518.3642017631608,518.3642017631608
20.5.4,20,3,ims,6,6/8,518.3642017631608,518.3642017631608
20.5.4,20,3,ims,7,7/8,518.3642017631608,518.3642017631608
20.5.4,20,3,ims,8,8/8,518.3642017631608,518.3642017631608
20.5.4,20,4,ims,0,0/8,726.7570753668913,518.3642017631608
20.5.4,20,4,ims,1,1/8,528.1000552731567,518.3642017631608
20.5.4,20,4,ims,2,2/8,518.364201763161,518.3642017631608
20.5.4,20,4,ims,3,3/8,518.364201763161,518.3642017631608
20.5.4,20,4,ims,4,4/8,518.364201763161,518.3642017631608
20.5.4,20,4,ims,5,5/8,518.3642017631608,518.3642017631608
20.5.4,20,4,ims,6,6/8,518.3642017631608,518.3642017631608
20.5.4,20,4,ims,7,7/8,518.3642017631608,518.3642017631608
20.5.4,20,4,ims,8,8/8,518.3642017631608,518.3642017631608
20.5.4,20,5,ims,0,0/8,726.7570753668913,518.3642017631608
20.5.4,20,5,ims,1,1/8,523.8046373158214,518.3642017631608
20.5.4,20,5,ims,2,2/8,523.8046373158214,518.3642017631608
20.5.4,20,5,ims,3,3/8,518.3642017631608,518.3642017631608
20.5.4,20,5,ims,4,4/8,518.3642017631608,518.3642017631608
20.5.4,20,5,ims,5,5/8,518.3642017631608,518.3642017631608
20.5.4,20,5,ims,6,6/8,518.3642017631608,518.3642017631608
20.5.4,20,5,ims,7,7/8,518.3642017631608,518.3642017631608
20.5.4,20,5,ims,8,8/8,518.3642017631608,518.3642017631608
20.5.4,20,6,ims,0,0/8,740.6578324525561,518.3642017631608
20.5.4,20,6,ims,1,1/8,543.819115192446,518.3642017631608
20.5.4,20,6,ims,2,2/8,518.364201763161,518.3642017631608
20.5.4,20,6,ims,3,3/8,518.364201763161,518.3642017631608
20.5.4,20,6,ims,4,4/8,518.364201763161,518.3642017631608
20.5.4,20,6,ims,5,5/8,518.364201763161,518.3642017631608
20.5.4,20,6,ims,6,6/8,518.364201763161,518.3642017631608
20.5.4,20,6,ims,7,7/8,518.364201763161,518.3642017631608
20.5.4,20,6,ims,8,8/8,518.3642017631608,518.3642017631608
20.5.4,20,7,ims,0,0/8,811.744064042028,518.3642017631608
20.5.4,20,7,ims,1,1/8,527.3753509853575,518.3642017631608
20.5.4,20,7,ims,2,2/8,523.8046373158214,518.3642017631608
20.5.4,20,7,ims,3,3/8,518.3642017631608,518.3642017631608
20.5.4,20,7,ims,4,4/8,518.3642017631608,518.3642017631608
20.5.4,20,7,ims,5,5/8,518.3642017631608,518.3642017631608
20.5.4,20,7,ims,6,6/8,518.3642017631608,518.3642017631608
20.5.4,20,7,ims,7,7/8,518.3642017631608,518.3642017631608
20.5.4,20,7,ims,8,8/8,518.3642017631608,518.3642017631608
20.5.4,20,8,ims,0,0/8,740.6578324525561,518.3642017631608
20.5.4,20,8,ims,1,1/8,527.3753509853575,518.3642017631608
20.5.4,20,8,ims,2,2/8,521.6313535884119,518.3642017631608
20.5.4,20,8,ims,3,3/8,521.6313535884119,518.3642017631608
20.5.4,20,8,ims,4,4/8,521.6313535884119,518.3642017631608
20.5.4,20,8,ims,5,5/8,521.6313535884119,518.3642017631608
20.5.4,20,8,ims,6,6/8,518.3642017631608,518.3642017631608
20.5.4,20,8,ims,7,7/8,518.3642017631608,518.3642017631608
20.5.4,20,8,ims,8,8/8,518.3642017631608,518.3642017631608
20.5.4,20,9,ims,0,0/8,739.2373988574661,518.3642017631608
20.5.4,20,9,ims,1,1/8,528.1000552731567,518.3642017631608
20.5.4,20,9,ims,2,2/8,525.1654581544425,518.3642017631608
20.5.4,20,9,ims,3,3/8,518.3642017631608,518.3642017631608
20.5.4,20,9,ims,4,4/8,518.3642017631608,518.3642017631608
20.5.4,20,9,ims,5,5/8,518.3642017631608,518.3642017631608
20.5.4,20,9,ims,6,6/8,518.3642017631608,518.3642017631608
20.5.4,20,9,ims,7,7/8,518.3642017631608,518.3642017631608
20.5.4,20,9,ims,8,8/8,518.3642017631608,518.3642017631608
20.5.4,20,10,ims,0,0/8,729.3275723771649,518.3642017631608
20.5.4,20,10,ims,1,1/8,528.1000552731567,518.3642017631608
20.5.4,20,10,ims,2,2/8,518.3642017631608,518.3642017631608
20.5.4,20,10,ims,3,3/8,518.3642017631608,518.3642017631608
20.5.4,20,10,ims,4,4/8,518.3642017631608,518.3642017631608
20.5.4,20,10,ims,5,5/8,518.3642017631608,518.3642017631608
20.5.4,20,10,ims,6,6/8,518.3642017631608,518.3642017631608
20.5.4,20,10,ims,7,7/8,518.3642017631608,518.3642017631608
20.5.4,20,10,ims,8,8/8,518.3642017631608,518.3642017631608
20.5.4,20,1,sats,0,0/8,905.1676136333716,518.3642017631608
20.5.4,20,1,sats,1,1/8,527.3753509853575,518.3642017631608
20.5.4,20,1,sats,2,2/8,518.364201763161,518.3642017631608
20.5.4,20,1,sats,3,3/8,518.364201763161,518.3642017631608
20.5.4,20,1,sats,4,4/8,518.364201763161,518.3642017631608
20.5.4,20,1,sats,5,5/8,518.364201763161,518.3642017631608
20.5.4,20,1,sats,6,6/8,518.364201763161,518.3642017631608
20.5.4,20,1,sats,7,7/8,518.364201763161,518.3642017631608
20.5.4,20,1,sats,8,8/8,518.364201763161,518.3642017631608
20.5.4,20,2,sats,0,0/8,867.8727482794479,518.3642017631608
20.5.4,20,2,sats,1,1/8,527.3753509853576,518.3642017631608
20.5.4,20,2,sats,2,2/8,523.8046373158214,518.3642017631608
20.5.4,20,2,sats,3,3/8,518.3642017631608,518.3642017631608
20.5.4,20,2,sats,4,4/8,518.3642017631608,518.3642017631608
20.5.4,20,2,sats,5,5/8,518.3642017631608,518.3642017631608
20.5.4,20,2,sats,6,6/8,518.3642017631608,518.3642017631608
20.5.4,20,2,sats,7,7/8,518.3642017631608,518.3642017631608
20.5.4,20,2,sats,8,8/8,518.3642017631608,518.3642017631608
20.5.4,20,3,sats,0,0/8,758.7851055705084,518.3642017631608
20.5.4,20,3,sats,1,1/8,533.7519773121779,518.3642017631608
20.5.4,20,3,sats,2,2/8,527.3753509853575,518.3642017631608
20.5.4,20,3,sats,3,3/8,525.1654581544425,518.3642017631608
20.5.4,20,3,sats,4,4/8,525.1654581544425,518.3642017631608
20.5.4,20,3,sats,5,5/8,518.3642017631608,518.3642017631608
20.5.4,20,3,sats,6,6/8,518.3642017631608,518.3642017631608
20.5.4,20,3,sats,7,7/8,518.3642017631608,518.3642017631608
20.5.4,20,3,sats,8,8/8,518.3642017631608,518.3642017631608
20.5.4,20,4,sats,0,0/8,735.7539662894761,518.3642017631608
20.5.4,20,4,sats,1,1/8,528.1000552731567,518.3642017631608
20.5.4,20,4,sats,2,2/8,522.8671762508644,518.3642017631608
20.5.4,20,4,sats,3,3/8,522.8671762508644,518.3642017631608
20.5.4,20,4,sats,4,4/8,518.364201763161,518.3642017631608
20.5.4,20,4,sats,5,5/8,518.364201763161,518.3642017631608
20.5.4,20,4,sats,6,6/8,518.364201763161,518.3642017631608
20.5.4,20,4,sats,7,7/8,518.364201763161,518.3642017631608
20.5.4,20,4,sats,8,8/8,518.364201763161,518.3642017631608
20.5.4,20,5,sats,0,0/8,784.4047295550721,518.3642017631608
20.5.4,20,5,sats,1,1/8,525.1654581544425,518.3642017631608
20.5.4,20,5,sats,2,2/8,525.1654581544425,518.3642017631608
20.5.4,20,5,sats,3,3/8,525.1654581544425,518.3642017631608
20.5.4,20,5,sats,4,4/8,518.3642017631608,518.3642017631608
20.5.4,20,5,sats,5,5/8,518.3642017631608,518.3642017631608
20.5.4,20,5,sats,6,6/8,518.3642017631608,518.3642017631608
20.5.4,20,5,sats,7,7/8,518.3642017631608,518.3642017631608
20.5.4,20,5,sats,8,8/8,518.3642017631608,518.3642017631608
20.5.4,20,6,sats,0,0/8,740.6578324525561,518.3642017631608
20.5.4,20,6,sats,1,1/8,525.1654581544425,518.3642017631608
20.5.4,20,6,sats,2,2/8,525.1654581544425,518.3642017631608
20.5.4,20,6,sats,3,3/8,525.1654581544425,518.3642017631608
20.5.4,20,6,sats,4,4/8,525.1654581544425,518.3642017631608
20.5.4,20,6,sats,5,5/8,518.364201763161,518.3642017631608
20.5.4,20,6,sats,6,6/8,518.364201763161,518.3642017631608
20.5.4,20,6,sats,7,7/8,518.364201763161,518.3642017631608
20.5.4,20,6,sats,8,8/8,518.364201763161,518.3642017631608
20.5.4,20,7,sats,0,0/8,1087.0828025458234,518.3642017631608
20.5.4,20,7,sats,1,1/8,525.1654581544425,518.3642017631608
20.5.4,20,7,sats,2,2/8,525.1654581544425,518.3642017631608
20.5.4,20,7,sats,3,3/8,518.364201763161,518.3642017631608
20.5.4,20,7,sats,4,4/8,518.364201763161,518.3642017631608
20.5.4,20,7,sats,5,5/8,518.364201763161,518.3642017631608
20.5.4,20,7,sats,6,6/8,518.364201763161,518.3642017631608
20.5.4,20,7,sats,7,7/8,518.364201763161,518.3642017631608
20.5.4,20,7,sats,8,8/8,518.364201763161,518.3642017631608
20.5.4,20,8,sats,0,0/8,761.498160307993,518.3642017631608
20.5.4,20,8,sats,1,1/8,527.3753509853575,518.3642017631608
20.5.4,20,8,sats,2,2/8,518.3642017631608,518.3642017631608
20.5.4,20,8,sats,3,3/8,518.3642017631608,518.3642017631608
20.5.4,20,8,sats,4,4/8,518.3642017631608,518.3642017631608
20.5.4,20,8,sats,5,5/8,518.3642017631608,518.3642017631608
20.5.4,20,8,sats,6,6/8,518.3642017631608,518.3642017631608
20.5.4,20,8,sats,7,7/8,518.3642017631608,518.3642017631608
20.5.4,20,8,sats,8,8/8,518.3642017631608,518.3642017631608
20.5.4,20,9,sats,0,0/8,1009.5744231362431,518.3642017631608
20.5.4,20,9,sats,1,1/8,518.3642017631608,518.3642017631608
20.5.4,20,9,sats,2,2/8,518.3642017631608,518.3642017631608
20.5.4,20,9,sats,3,3/8,518.3642017631608,518.3642017631608
20.5.4,20,9,sats,4,4/8,518.3642017631608,518.3642017631608
20.5.4,20,9,sats,5,5/8,518.3642017631608,518.3642017631608
20.5.4,20,9,sats,6,6/8,518.3642017631608,518.3642017631608
20.5.4,20,9,sats,7,7/8,518.3642017631608,518.3642017631608
20.5.4,20,9,sats,8,8/8,518.3642017631608,518.3642017631608
20.5.4,20,10,sats,0,0/8,976.9429358577617,518.3642017631608
20.5.4,20,10,sats,1,1/8,525.1654581544425,518.3642017631608
20.5.4,20,10,sats,2,2/8,525.1654581544425,518.3642017631608
20.5.4,20,10,sats,3,3/8,525.1654581544425,518.3642017631608
20.5.4,20,10,sats,4,4/8,525.1654581544425,518.3642017631608
20.5.4,20,10,sats,5,5/8,525.1654581544425,518.3642017631608
20.5.4,20,10,sats,6,6/8,518.364201763161,518.3642017631608
20.5.4,20,10,sats,7,7/8,518.364201763161,518.3642017631608
20.5.4,20,10,sats,8,8/8,518.364201763161,518.3642017631608
50.10.1,50,1,ims,0,0/8,2201.442842286852,1893.3764241835136
50.10.1,50,1,ims,1,1/8,1893.3764241835136,1893.3764241835136
50.10.1,50,1,ims,2,2/8,1893.3764241835136,1893.3764241835136
50.10.1,50,1,ims,3,3/8,1893.3764241835136,1893.3764241835136
50.10.1,50,1,ims,4,4/8,1893.3764241835136,1893.3764241835136
50.10.1,50,1,ims,5,5/8,1893.3764241835136,1893.3764241835136
50.10.1,50,1,ims,6,6/8,1893.3764241835136,1893.3764241835136
50.10.1,50,1,ims,7,7/8,1893.3764241835136,1893.3764241835136
50.10.1,50,1,ims,8,8/8,1893.3764241835136,1893.3764241835136
50.10.1,50,2,ims,0,0/8,2351.762278563543,1893.3764241835136
50.10.1,50,2,ims,1,1/8,1893.3764241835136,1893.3764241835136
50.10.1,50,2,ims,2,2/8,1893.3764241835136,1893.3764241835136
50.10.1,50,2,ims,3,3/8,1893.3764241835136,1893.3764241835136
50.10.1,50,2,ims,4,4/8,1893.3764241835136,1893.3764241835136
50.10.1,50,2,ims,5,5/8,1893.3764241835136,1893.3764241835136
50.10.1,50,2,ims,6,6/8,1893.3764241835136,1893.3764241835136
50.10.1,50,2,ims,7,7/8,1893.3764241835136,1893.3764241835136
50.10.1,50,2,ims,8,8/8,1893.3764241835136,1893.3764241835136
50.10.1,50,3,ims,0,0/8,2273.351546676695,1893.3764241835136
50.10.1,50,3,ims,1,1/8,1893.3764241835136,1893.3764241835136
50.10.1,50,3,ims,2,2/8,1893.3764241835136,1893.3764241835136
50.10.1,50,3,ims,3,3/8,1893.3764241835136,1893.3764241835136
50.10.1,50,3,ims,4,4/8,1893.3764241835136,1893.3764241835136
50.10.1,50,3,ims,5,5/8,1893.3764241835136,1893.3764241835136
50.10.1,50,3,ims,6,6/8,1893.3764241835136,1893.3764241835136
50.10.1,50,3,ims,7,7/8,1893.3764241835136,1893.3764241835136
50.10.1,50,3,ims,8,8/8,1893.3764241835136,1893.3764241835136
50.10.1,50,4,ims,0,0/8,2710.834779889648,1893.3764241835136
50.10.1,50,4,ims,1,1/8,1893.3764241835138,1893.3764241835136
50.10.1,50,4,ims,2,2/8,1893.3764241835136,1893.3764241835136
50.10.1,50,4,ims,3,3/8,1893.3764241835136,1893.3764241835136
50.10.1,50,4,ims,4,4/8,1893.3764241835136,1893.3764241835136
50.10.1,50,4,ims,5,5/8,1893.3764241835136,1893.3764241835136
50.10.1,50,4,ims,6,6/8,1893.3764241835136,1893.3764241835136
50.10.1,50,4,ims,7,7/8,1893.3764241835136,1893.3764241835136
50.10.1,50,4,ims,8,8/8,1893.3764241835136,1893.3764241835136
50.10.1,50,5,ims,0,0/8,2285.348001691257,1893.3764241835136
50.10.1,50,5,ims,1,1/8,1893.3764241835136,1893.3764241835136
50.10.1,50,5,ims,2,2/8,1893.3764241835136,1893.3764241835136
50.10.1,50,5,ims,3,3/8,1893.3764241835136,1893.3764241835136
50.10.1,50,5,ims,4,4/8,1893.3764241835136,1893.3764241835136
50.10.1,50,5,ims,5,5/8,1893.3764241835136,1893.3764241835136
50.10.1,50,5,ims,6,6/8,1893.3764241835136,1893.3764241835136
50.10.1,50,5,ims,7,7/8,1893.3764241835136,1893.3764241835136
50.10.1,50,5,ims,8,8/8,1893.3764241835136,1893.3764241835136
50.10.1,50,6,ims,0,0/8,2556.3412158594324,1893.3764241835136
50.10.1,50,6,ims,1,1/8,1893.3764241835136,1893.3764241835136
50.10.1,50,6,ims,2,2/8,1893.3764241835136,1893.3764241835136
50.10.1,50,6,ims,3,3/8,1893.3764241835136,1893.3764241835136
50.10.1,50,6,ims,4,4/8,1893.3764241835136,1893.3764241835136
50.10.1,50,6,ims,5,5/8,1893.3764241835136,1893.3764241835136
50.10.1,50,6,ims,6,6/8,1893.3764241835136,1893.3764241835136
50.10.1,50,6,ims,7,7/8,1893.3764241835136,1893.3764241835136
50.10.1,50,6,ims,8,8/8,1893.3764241835136,1893.3764241835136
50.10.1,50,7,ims,0,0/8,2351.762278563543,1893.3764241835136
50.10.1,50,7,ims,1,1/8,1893.3764241835136,1893.3764241835136
50.10.1,50,7,ims,2,2/8,1893.3764241835136,1893.3764241835136
50.10.1,50,7,ims,3,3/8,1893.3764241835136,1893.3764241835136
50.10.1,50,7,ims,4,4/8,1893.3764241835136,1893.3764241835136
50.10.1,50,7,ims,5,5/8,1893.3764241835136,1893.3764241835136
50.10.1,50,7,ims,6,6/8,1893.3764241835136,1893.3764241835136
50.10.1,50,7,ims,7,7/8,1893.3764241835136,1893.3764241835136
50.10.1,50,7,ims,8,8/8,1893.3764241835136,1893.3764241835136
50.10.1,50,8,ims,0,0/8,2201.442842286852,1893.3764241835136
50.10.1,50,8,ims,1,1/8,1893.3764241835136,1893.3764241835136
50.10.1,50,8,ims,2,2/8,1893.3764241835136,1893.3764241835136
50.10.1,50,8,ims,3,3/8,1893.3764241835136,1893.3764241835136
50.10.1,50,8,ims,4,4/8,1893.3764241835136,1893.3764241835136
50.10.1,50,8,ims,5,5/8,1893.3764241835136,1893.3764241835136
50.10.1,50,8,ims,6,6/8,1893.3764241835136,1893.3764241835136
50.10.1,50,8,ims,7,7/8,1893.3764241835136,1893.3764241835136
50.10.1,50,8,ims,8,8/8,1893.3764241835136,1893.3764241835136
50.10.1,50,9,ims,0,0/8,2246.522352721923,1893.3764241835136
50.10.1,50,9,ims,1,1/8,1893.3764241835136,1893.3764241835136
50.10.1,50,9,ims,2,2/8,1893.3764241835136,1893.3764241835136
50.10.1,50,9,ims,3,3/8,1893.3764241835136,1893.3764241835136
50.10.1,50,9,ims,4,4/8,1893.3764241835136,1893.3764241835136
50.10.1,50,9,ims,5,5/8,1893.3764241835136,1893.3764241835136
50.10.1,50,9,ims,6,6/8,1893.3764241835136,1893.3764241835136
50.10.1,50,9,ims,7,7/8,1893.3764241835136,1893.3764241835136
50.10.1,50,9,ims,8,8/8,1893.3764241835136,1893.3764241835136
50.10.1,50,10,ims,0,0/8,2341.045311387442,1893.3764241835136
50.10.1,50,10,ims,1,1/8,1893.3764241835136,1893.3764241835136
50.10.1,50,10,ims,2,2/8,1893.3764241835136,1893.3764241835136
50.10.1,50,10,ims,3,3/8,1893.3764241835136,1893.3764241835136
50.10.1,50,10,ims,4,4/8,1893.3764241835136,1893.3764241835136
50.10.1,50,10,ims,5,5/8,1893.3764241835136,1893.3764241835136
50.10.1,50,10,ims,6,6/8,1893.3764241835136,1893.3764241835136
50.10.1,50,10,ims,7,7/8,1893.3764241835136,1893.3764241835136
50.10.1,50,10,ims,8,8/8,1893.3764241835136,1893.3764241835136
50.10.1,50,1,sats,0,0/8,2369.150121182896,1893.3764241835136
50.10.1,50,1,sats,1,1/8,1893.3764241835138,1893.3764241835136
50.10.1,50,1,sats,2,2/8,1893.3764241835138,1893.3764241835136
50.10.1,50,1,sats,3,3/8,1893.3764241835138,1893.3764241835136
50.10.1,50,1,sats,4,4/8,1893.3764241835138,1893.3764241835136
50.10.1,50,1,sats,5,5/8,1893.3764241835138,1893.3764241835136
50.10.1,50,1,sats,6,6/8,1893.3764241835138,1893.3764241835136
50.10.1,50,1,sats,7,7/8,1893.3764241835138,1893.3764241835136
50.10.1,50,1,sats,8,8/8,1893.3764241835138,1893.3764241835136
50.10.1,50,2,sats,0,0/8,2418.0032327539852,1893.3764241835136
50.10.1,50,2,sats,1,1/8,1893.3764241835138,1893.3764241835136
50.10.1,50,2,sats,2,2/8,1893.3764241835138,1893.3764241835136
50.10.1,50,2,sats,3,3/8,1893.3764241835138,1893.3764241835136
50.10.1,50,2,sats,4,4/8,1893.3764241835138,1893.3764241835136
50.10.1,50,2,sats,5,5/8,1893.3764241835138,1893.3764241835136
50.10.1,50,2,sats,6,6/8,1893.3764241835138,1893.3764241835136
50.10.1,50,2,sats,7,7/8,1893.3764241835138,1893.3764241835136
50.10.1,50,2,sats,8,8/8,1893.3764241835138,1893.3764241835136
50.10.1,50,3,sats,0,0/8,2273.351546676695,1893.3764241835136
50.10.1,50,3,sats,1,1/8,1893.3764241835136,1893.3764241835136
50.10.1,50,3,sats,2,2/8,1893.3764241835136,1893.3764241835136
50.10.1,50,3,sats,3,3/8,1893.3764241835136,1893.3764241835136
50.10.1,50,3,sats,4,4/8,1893.3764241835136,1893.3764241835136
50.10.1,50,3,sats,5,5/8,1893.3764241835136,1893.3764241835136
50.10.1,50,3,sats,6,6/8,1893.3764241835136,1893.3764241835136
50.10.1,50,3,sats,7,7/8,1893.3764241835136,1893.3764241835136
50.10.1,50,3,sats,8,8/8,1893.3764241835136,1893.3764241835136
50.10.1,50,4,sats,0,0/8,2710.834779889648,1893.3764241835136
50.10.1,50,4,sats,1,1/8,1894.182383330053,1893.3764241835136
50.10.1,50,4,sats,2,2/8,1893.3764241835136,1893.3764241835136
50.10.1,50,4,sats,3,3/8,1893.3764241835136,1893.3764241835136
50.10.1,50,4,sats,4,4/8,1893.3764241835136,1893.3764241835136
50.10.1,50,4,sats,5,5/8,1893.3764241835136,1893.3764241835136
50.10.1,50,4,sats,6,6/8,1893.3764241835136,1893.3764241835136
50.10.1,50,4,sats,7,7/8,1893.3764241835136,1893.3764241835136
50.10.1,50,4,sats,8,8/8,1893.3764241835136,1893.3764241835136
50.10.1,50,5,sats,0,0/8,2556.3412158594324,1893.3764241835136
50.10.1,50,5,sats,1,1/8,1893.3764241835138,1893.3764241835136
50.10.1,50,5,sats,2,2/8,1893.3764241835138,1893.3764241835136
50.10.1,50,5,sats,3,3/8,1893.3764241835138,1893.3764241835136
50.10.1,50,5,sats,4,4/8,1893.3764241835138,1893.3764241835136
50.10.1,50,5,sats,5,5/8,1893.3764241835138,1893.3764241835136
50.10.1,50,5,sats,6,6/8,1893.3764241835138,1893.3764241835136
50.10.1,50,5,sats,7,7/8,1893.3764241835138,1893.3764241835136
50.10.1,50,5,sats,8,8/8,1893.3764241835138,1893.3764241835136
50.10.1,50,6,sats,0,0/8,2972.5561267723156,1893.3764241835136
50.10.1,50,6,sats,1,1/8,1894.1823833300532,1893.3764241835136
50.10.1,50,6,sats,2,2/8,1893.3764241835136,1893.3764241835136
50.10.1,50,6,sats,3,3/8,1893.3764241835136,1893.3764241835136
50.10.1,50,6,sats,4,4/8,1893.3764241835136,1893.3764241835136
50.10.1,50,6,sats,5,5/8,1893.3764241835136,1893.3764241835136
50.10.1,50,6,sats,6,6/8,1893.3764241835136,1893.3764241835136
50.10.1,50,6,sats,7,7/8,1893.3764241835136,1893.3764241835136
50.10.1,50,6,sats,8,8/8,1893.3764241835136,1893.3764241835136
50.10.1,50,7,sats,0,0/8,3085.00680286987,1893.3764241835136
50.10.1,50,7,sats,1,1/8,1893.3764241835136,1893.3764241835136
50.10.1,50,7,sats,2,2/8,1893.3764241835136,1893.3764241835136
50.10.1,50,7,sats,3,3/8,1893.3764241835136,1893.3764241835136
50.10.1,50,7,sats,4,4/8,1893.3764241835136,1893.3764241835136
50.10.1,50,7,sats,5,5/8,1893.3764241835136,1893.3764241835136
50.10.1,50,7,sats,6,6/8,1893.3764241835136,1893.3764241835136
50.10.1,50,7,sats,7,7/8,1893.3764241835136,1893.3764241835136
50.10.1,50,7,sats,8,8/8,1893.3764241835136,1893.3764241835136
50.10.1,50,8,sats,0,0/8,3071.2742223963824,1893.3764241835136
50.10.1,50,8,sats,1,1/8,1964.1008324319992,1893.3764241835136
50.10.1,50,8,sats,2,2/8,1894.182383330053,1893.3764241835136
50.10.1,50,8,sats,3,3/8,1893.3764241835138,1893.3764241835136
50.10.1,50,8,sats,4,4/8,1893.3764241835138,1893.3764241835136
50.10.1,50,8,sats,5,5/8,1893.3764241835138,1893.3764241835136
50.10.1,50,8,sats,6,6/8,1893.3764241835138,1893.3764241835136
50.10.1,50,8,sats,7,7/8,1893.3764241835138,1893.3764241835136
50.10.1,50,8,sats,8,8/8,1893.3764241835138,1893.3764241835136
50.10.1,50,9,sats,0,0/8,2246.522352721923,1893.3764241835136
50.10.1,50,9,sats,1,1/8,1893.3764241835136,1893.3764241835136
50.10.1,50,9,sats,2,2/8,1893.3764241835136,1893.3764241835136
50.10.1,50,9,sats,3,3/8,1893.3764241835136,1893.3764241835136
50.10.1,50,9,sats,4,4/8,1893.3764241835136,1893.3764241835136
50.10.1,50,9,sats,5,5/8,1893.3764241835136,1893.3764241835136
50.10.1,50,9,sats,6,6/8,1893.3764241835136,1893.3764241835136
50.10.1,50,9,sats,7,7/8,1893.3764241835136,1893.3764241835136
50.10.1,50,9,sats,8,8/8,1893.3764241835136,1893.3764241835136
50.10.1,50,10,sats,0,0/8,2902.7595337652706,1893.3764241835136
50.10.1,50,10,sats,1,1/8,1893.3764241835136,1893.3764241835136
50.10.1,50,10,sats,2,2/8,1893.3764241835136,1893.3764241835136
50.10.1,50,10,sats,3,3/8,1893.3764241835136,1893.3764241835136
50.10.1,50,10,sats,4,4/8,1893.3764241835136,1893.3764241835136
50.10.1,50,10,sats,5,5/8,1893.3764241835136,1893.3764241835136
50.10.1,50,10,sats,6,6/8,1893.3764241835136,1893.3764241835136
50.10.1,50,10,sats,7,7/8,1893.3764241835136,1893.3764241835136
50.10.1,50,10,sats,8,8/8,1893.3764241835136,1893.3764241835136
50.10.2,50,1,ims,0,0/8,2274.8020470580836,1551.8213832018114
50.10.2,50,1,ims,1,1/8,1557.3178935070973,1551.8213832018114
50.10.2,50,1,ims,2,2/8,1557.2980841912777,1551.8213832018114
50.10.2,50,1,ims,3,3/8,1551.0805229747389,1551.8213832018114
50.10.2,50,1,ims,4,4/8,1551.0805229747389,1551.8213832018114
50.10.2,50,1,ims,5,5/8,1543.6861586127707,1551.8213832018114
50.10.2,50,1,ims,6,6/8,1543.6861586127707,1551.8213832018114
50.10.2,50,1,ims,7,7/8,1543.6861586127707,1551.8213832018114
50.10.2,50,1,ims,8,8/8,1543.6861586127707,1551.8213832018114
50.10.2,50,2,ims,0,0/8,2323.0934029178375,1551.8213832018114
50.10.2,50,2,ims,1,1/8,1557.3178935070973,1551.8213832018114
50.10.2,50,2,ims,2,2/8,1557.3178935070973,1551.8213832018114
50.10.2,50,2,ims,3,3/8,1549.619745122918,1551.8213832018114
50.10.2,50,2,ims,4,4/8,1549.619745122918,1551.8213832018114
50.10.2,50,2,ims,5,5/8,1549.619745122918,1551.8213832018114
50.10.2,50,2,ims,6,6/8,1549.619745122918,1551.8213832018114
50.10.2,50,2,ims,7,7/8,1549.619745122918,1551.8213832018114
50.10.2,50,2,ims,8,8/8,1549.619745122918,1551.8213832018114
50.10.2,50,3,ims,0,0/8,2186.537490469186,1551.8213832018114
50.10.2,50,3,ims,1,1/8,1557.3342200703573,1551.8213832018114
50.10.2,50,3,ims,2,2/8,1545.1204889657313,1551.8213832018114
50.10.2,50,3,ims,3,3/8,1545.1204889657313,1551.8213832018114
50.10.2,50,3,ims,4,4/8,1545.1204889657313,1551.8213832018114
50.10.2,50,3,ims,5,5/8,1545.1204889657313,1551.8213832018114
50.10.2,50,3,ims,6,6/8,1545.1204889657313,1551.8213832018114
50.10.2,50,3,ims,7,7/8,1545.1204889657313,1551.8213832018114
50.10.2,50,3,ims,8,8/8,1545.1204889657313,1551.8213832018114
50.10.2,50,4,ims,0,0/8,2160.030983042662,1551.8213832018114
50.10.2,50,4,ims,1,1/8,1557.3178935070973,1551.8213832018114
50.10.2,50,4,ims,2,2/8,1555.880080401577,1551.8213832018114
50.10.2,50,4,ims,3,3/8,1548.6297193734258,1551.8213832018114
50.10.2,50,4,ims,4,4/8,1548.6297193734258,1551.8213832018114
50.10.2,50,4,ims,5,5/8,1548.6297193734258,1551.8213832018114
50.10.2,50,4,ims,6,6/8,1543.6861586127707,1551.8213832018114
50.10.2,50,4,ims,7,7/8,1543.6861586127707,1551.8213832018114
50.10.2,50,4,ims,8,8/8,1543.6861586127707,1551.8213832018114
50.10.2,50,5,ims,0,0/8,2304.2963145723193,1551.8213832018114
50.10.2,50,5,ims,1,1/8,1553.709671900459,1551.8213832018114
50.10.2,50,5,ims,2,2/8,1553.709671900459,1551.8213832018114
50.10.2,50,5,ims,3,3/8,1545.1204889657313,1551.8213832018114
50.10.2,50,5,ims,4,4/8,1545.1204889657313,1551.8213832018114
50.10.2,50,5,ims,5,5/8,1545.1204889657313,1551.8213832018114
50.10.2,50,5,ims,6,6/8,1544.8554615787334,1551.8213832018114
50.10.2,50,5,ims,7,7/8,1544.8554615787332,1551.8213832018114
50.10.2,50,5,ims,8,8/8,1543.6861586127707,1551.8213832018114
50.10.2,50,6,ims,0,0/8,2233.9878388904685,1551.8213832018114
50.10.2,50,6,ims,1,1/8,1557.3178935070973,1551.8213832018114
50.10.2,50,6,ims,2,2/8,1557.314410754538,1551.8213832018114
50.10.2,50,6,ims,3,3/8,1557.2980841912774,1551.8213832018114
50.10.2,50,6,ims,4,4/8,1553.6049623414135,1551.8213832018114
50.10.2,50,6,ims,5,5/8,1543.6861586127707,1551.8213832018114
50.10.2,50,6,ims,6,6/8,1543.6861586127707,1551.8213832018114
50.10.2,50,6,ims,7,7/8,1543.6861586127707,1551.8213832018114
50.10.2,50,6,ims,8,8/8,1543.6861586127707,1551.8213832018114
50.10.2,50,7,ims,0,0/8,2217.010102336004,1551.8213832018114
50.10.2,50,7,ims,1,1/8,1557.3178935070973,1551.8213832018114
50.10.2,50,7,ims,2,2/8,1545.1204889657313,1551.8213832018114
50.10.2,50,7,ims,3,3/8,1545.1204889657313,1551.8213832018114
50.10.2,50,7,ims,4,4/8,1545.1204889657313,1551.8213832018114
50.10.2,50,7,ims,5,5/8,1543.6861586127707,1551.8213832018114
50.10.2,50,7,ims,6,6/8,1543.6861586127707,1551.8213832018114
50.10.2,50,7,ims,7,7/8,1543.6861586127707,1551.8213832018114
50.10.2,50,7,ims,8,8/8,1543.6861586127707,1551.8213832018114
50.10.2,50,8,ims,0,0/8,2193.1918924073398,1551.8213832018114
50.10.2,50,8,ims,1,1/8,1557.2980841912777,1551.8213832018114
50.10.2,50,8,ims,2,2/8,1552.7632239966604,1551.8213832018114
50.10.2,50,8,ims,3,3/8,1552.7632239966604,1551.8213832018114
50.10.2,50,8,ims,4,4/8,1552.7632239966604,1551.8213832018114
50.10.2,50,8,ims,5,5/8,1552.7632239966604,1551.8213832018114
50.10.2,50,8,ims,6,6/8,1545.1204889657313,1551.8213832018114
50.10.2,50,8,ims,7,7/8,1545.1204889657313,1551.8213832018114
50.10.2,50,8,ims,8,8/8,1545.1204889657313,1551.8213832018114
50.10.2,50,9,ims,0,0/8,2220.425650520323,1551.8213832018114
50.10.2,50,9,ims,1,1/8,1554.8447885257792,1551.8213832018114
50.10.2,50,9,ims,2,2/8,1553.651796778791,1551.8213832018114
50.10.2,50,9,ims,3,3/8,1552.755164064748,1551.8213832018114
50.10.2,50,9,ims,4,4/8,1544.4501071807022,1551.8213832018114
50.10.2,50,9,ims,5,5/8,1544.4501071807022,1551.8213832018114
50.10.2,50,9,ims,6,6/8,1544.4501071807022,1551.8213832018114
50.10.2,50,9,ims,7,7/8,1544.4501071807022,1551.8213832018114
50.10.2,50,9,ims,8,8/8,1544.4501071807022,1551.8213832018114
50.10.2,50,10,ims,0,0/8,2149.4333357849796,1551.8213832018114
50.10.2,50,10,ims,1,1/8,1552.3369959913423,1551.8213832018114
50.10.2,50,10,ims,2,2/8,1552.3369959913423,1551.8213832018114
50.10.2,50,10,ims,3,3/8,1552.3369959913423,1551.8213832018114
50.10.2,50,10,ims,4,4/8,1548.6297193734258,1551.8213832018114
50.10.2,50,10,ims,5,5/8,1543.6861586127707,1551.8213832018114
50.10.2,50,10,ims,6,6/8,1543.6861586127707,1551.8213832018114
50.10.2,50,10,ims,7,7/8,1543.6861586127707,1551.8213832018114
50.10.2,50,10,ims,8,8/8,1543.6861586127707,1551.8213832018114
50.10.2,50,1,sats,0,0/8,2364.8197531250294,1551.8213832018114
50.10.2,50,1,sats,1,1/8,1557.3342200703573,1551.8213832018114
50.10.2,50,1,sats,2,2/8,1557.3342200703573,1551.8213832018114
50.10.2,50,1,sats,3,3/8,1557.3178935070973,1551.8213832018114
50.10.2,50,1,sats,4,4/8,1557.3178935070973,1551.8213832018114
50.10.2,50,1,sats,5,5/8,1557.3178935070973,1551.8213832018114
50.10.2,50,1,sats,6,6/8,1557.3178935070973,1551.8213832018114
50.10.2,50,1,sats,7,7/8,1555.0280947708588,1551.8213832018114
50.10.2,50,1,sats,8,8/8,1555.0280947708588,1551.8213832018114
50.10.2,50,2,sats,0,0/8,3193.6462978631544,1551.8213832018114
50.10.2,50,2,sats,1,1/8,1560.00028102539,1551.8213832018114
50.10.2,50,2,sats,2,2/8,1558.768550423318,1551.8213832018114
50.10.2,50,2,sats,3,3/8,1557.3178935070973,1551.8213832018114
50.10.2,50,2,sats,4,4/8,1557.3178935070973,1551.8213832018114
50.10.2,50,2,sats,5,5/8,1557.3178935070973,1551.8213832018114
50.10.2,50,2,sats,6,6/8,1557.3178935070973,1551.8213832018114
50.10.2,50,2,sats,7,7/8,1557.3178935070973,1551.8213832018114
50.10.2,50,2,sats,8,8/8,1557.3178935070973,1551.8213832018114
50.10.2,50,3,sats,0,0/8,2553.239716995464,1551.8213832018114
50.10.2,50,3,sats,1,1/8,1557.3178935070973,1551.8213832018114
50.10.2,50,3,sats,2,2/8,1545.1204889657313,1551.8213832018114
50.10.2,50,3,sats,3,3/8,1545.1204889657313,1551.8213832018114
50.10.2,50,3,sats,4,4/8,1545.1204889657313,1551.8213832018114
50.10.2,50,3,sats,5,5/8,1545.1204889657313,1551.8213832018114
50.10.2,50,3,sats,6,6/8,1545.1204889657313,1551.8213832018114
50.10.2,50,3,sats,7,7/8,1545.1204889657313,1551.8213832018114
50.10.2,50,3,sats,8,8/8,1545.1204889657313,1551.8213832018114
50.10.2,50,4,sats,0,0/8,2218.2509920637244,1551.8213832018114
50.10.2,50,4,sats,1,1/8,1558.768550423318,1551.8213832018114
50.10.2,50,4,sats,2,2/8,1558.768550423318,1551.8213832018114
50.10.2,50,4,sats,3,3/8,1557.3342200703573,1551.8213832018114
50.10.2,50,4,sats,4,4/8,1557.3178935070973,1551.8213832018114
50.10.2,50,4,sats,5,5/8,1557.3178935070973,1551.8213832018114
50.10.2,50,4,sats,6,6/8,1557.3178935070973,1551.8213832018114
50.10.2,50,4,sats,7,7/8,1557.3178935070973,1551.8213832018114
50.10.2,50,4,sats,8,8/8,1557.3178935070973,1551.8213832018114
50.10.2,50,5,sats,0,0/8,2457.602338231108,1551.8213832018114
50.10.2,50,5,sats,1,1/8,1557.3178935070973,1551.8213832018114
50.10.2,50,5,sats,2,2/8,1557.3178935070973,1551.8213832018114
50.10.2,50,5,sats,3,3/8,1557.3178935070973,1551.8213832018114
50.10.2,50,5,sats,4,4/8,1557.3178935070973,1551.8213832018114
50.10.2,50,5,sats,5,5/8,1557.3178935070973,1551.8213832018114
50.10.2,50,5,sats,6,6/8,1553.709671900459,1551.8213832018114
50.10.2,50,5,sats,7,7/8,1545.1204889657313,1551.8213832018114
50.10.2,50,5,sats,8,8/8,1544.8554615787332,1551.8213832018114
50.10.2,50,6,sats,0,0/8,2233.9878388904685,1551.8213832018114
50.10.2,50,6,sats,1,1/8,1569.7272910919066,1551.8213832018114
50.10.2,50,6,sats,2,2/8,1557.314410754538,1551.8213832018114
50.10.2,50,6,sats,3,3/8,1557.314410754538,1551.8213832018114
50.10.2,50,6,sats,4,4/8,1557.314410754538,1551.8213832018114
50.10.2,50,6,sats,5,5/8,1556.7976169066612,1551.8213832018114
50.10.2,50,6,sats,6,6/8,1551.4082903386693,1551.8213832018114
50.10.2,50,6,sats,7,7/8,1551.4082903386693,1551.8213832018114
50.10.2,50,6,sats,8,8/8,1551.4082903386693,1551.8213832018114
50.10.2,50,7,sats,0,0/8,2887.1624534261946,1551.8213832018114
50.10.2,50,7,sats,1,1/8,1560.9235629382995,1551.8213832018114
50.10.2,50,7,sats,2,2/8,1557.3178935070973,1551.8213832018114
50.10.2,50,7,sats,3,3/8,1557.3178935070973,1551.8213832018114
50.10.2,50,7,sats,4,4/8,1557.3178935070973,1551.8213832018114
50.10.2,50,7,sats,5,5/8,1557.3178935070973,1551.8213832018114
50.10.2,50,7,sats,6,6/8,1556.6752021027592,1551.8213832018114
50.10.2,50,7,sats,7,7/8,1556.6752021027592,1551.8213832018114
50.10.2,50,7,sats,8,8/8,1556.6752021027592,1551.8213832018114
50.10.2,50,8,sats,0,0/8,2339.1662637307704,1551.8213832018114
50.10.2,50,8,sats,1,1/8,1557.3342200703573,1551.8213832018114
50.10.2,50,8,sats,2,2/8,1557.3178935070973,1551.8213832018114
50.10.2,50,8,sats,3,3/8,1557.3178935070973,1551.8213832018114
50.10.2,50,8,sats,4,4/8,1557.3178935070973,1551.8213832018114
50.10.2,50,8,sats,5,5/8,1555.863753838317,1551.8213832018114
50.10.2,50,8,sats,6,6/8,1555.863753838317,1551.8213832018114
50.10.2,50,8,sats,7,7/8,1554.4560924354046,1551.8213832018114
50.10.2,50,8,sats,8,8/8,1554.4560924354046,1551.8213832018114
50.10.2,50,9,sats,0,0/8,2760.31489211848,1551.8213832018114
50.10.2,50,9,sats,1,1/8,1557.3178935070973,1551.8213832018114
50.10.2,50,9,sats,2,2/8,1557.3178935070973,1551.8213832018114
50.10.2,50,9,sats,3,3/8,1557.3178935070973,1551.8213832018114
50.10.2,50,9,sats,4,4/8,1557.3178935070973,1551.8213832018114
50.10.2,50,9,sats,5,5/8,1557.3178935070973,1551.8213832018114
50.10.2,50,9,sats,6,6/8,1557.3178935070973,1551.8213832018114
50.10.2,50,9,sats,7,7/8,1557.3178935070973,1551.8213832018114
50.10.2,50,9,sats,8,8/8,1557.3178935070973,1551.8213832018114
50.10.2,50,10,sats,0,0/8,3205.1758142507297,1551.8213832018114
50.10.2,50,10,sats,1,1/8,1552.3369959913423,1551.8213832018114
50.10.2,50,10,sats,2,2/8,1552.3369959913423,1551.8213832018114
50.10.2,50,10,sats,3,3/8,1552.3369959913423,1551.8213832018114
50.10.2,50,10,sats,4,4/8,1548.6297193734258,1551.8213832018114
50.10.2,50,10,sats,5,5/8,1543.6861586127707,1551.8213832018114
50.10.2,50,10,sats,6,6/8,1543.6861586127707,1551.8213832018114
50.10.2,50,10,sats,7,7/8,1543.6861586127707,1551.8213832018114
50.10.2,50,10,sats,8,8/8,1543.6861586127707,1551.8213832018114
50.10.3,50,1,ims,0,0/8,2364.0165229466743,1512.4058810954446
50.10.3,50,1,ims,1,1/8,1533.6142290403059,1512.4058810954446
50.10.3,50,1,ims,2,2/8,1516.2879583425186,1512.4058810954446
50.10.3,50,1,ims,3,3/8,1516.2879583425186,1512.4058810954446
50.10.3,50,1,ims,4,4/8,1516.2879583425186,1512.4058810954446
50.10.3,50,1,ims,5,5/8,1513.6045945352942,1512.4058810954446
50.10.3,50,1,ims,6,6/8,1513.567189981597,1512.4058810954446
50.10.3,50,1,ims,7,7/8,1513.567189981597,1512.4058810954446
50.10.3,50,1,ims,8,8/8,1512.4058810954446,1512.4058810954446
50.10.3,50,2,ims,0,0/8,2537.825564425134,1512.4058810954446
50.10.3,50,2,ims,1,1/8,1528.1020826171266,1512.4058810954446
50.10.3,50,2,ims,2,2/8,1516.2879583425186,1512.4058810954446
50.10.3,50,2,ims,3,3/8,1516.2879583425186,1512.4058810954446
50.10.3,50,2,ims,4,4/8,1516.2879583425186,1512.4058810954446
50.10.3,50,2,ims,5,5/8,1513.722200318423,1512.4058810954446
50.10.3,50,2,ims,6,6/8,1513.567189981597,1512.4058810954446
50.10.3,50,2,ims,7,7/8,1511.2011884729018,1512.4058810954446
50.10.3,50,2,ims,8,8/8,1511.2011884729018,1512.4058810954446
50.10.3,50,3,ims,0,0/8,2380.2950173952863,1512.4058810954446
50.10.3,50,3,ims,1,1/8,1513.567189981597,1512.4058810954446
50.10.3,50,3,ims,2,2/8,1513.567189981597,1512.4058810954446
50.10.3,50,3,ims,3,3/8,1513.567189981597,1512.4058810954446
50.10.3,50,3,ims,4,4/8,1513.567189981597,1512.4058810954446
50.10.3,50,3,ims,5,5/8,1513.567189981597,1512.4058810954446
50.10.3,50,3,ims,6,6/8,1513.567189981597,1512.4058810954446
50.10.3,50,3,ims,7,7/8,1513.567189981597,1512.4058810954446
50.10.3,50,3,ims,8,8/8,1513.567189981597,1512.4058810954446
50.10.3,50,4,ims,0,0/8,2230.0284636612305,1512.4058810954446
50.10.3,50,4,ims,1,1/8,1517.4866717823681,1512.4058810954446
50.10.3,50,4,ims,2,2/8,1517.4866717823681,1512.4058810954446
50.10.3,50,4,ims,3,3/8,1513.6045945352942,1512.4058810954446
50.10.3,50,4,ims,4,4/8,1513.6045945352942,1512.4058810954446
50.10.3,50,4,ims,5,5/8,1513.6045945352942,1512.4058810954446
50.10.3,50,4,ims,6,6/8,1512.4058810954446,1512.4058810954446
50.10.3,50,4,ims,7,7/8,1512.4058810954446,1512.4058810954446
50.10.3,50,4,ims,8,8/8,1511.2011884729018,1512.4058810954446
50.10.3,50,5,ims,0,0/8,2447.990648077247,1512.4058810954446
50.10.3,50,5,ims,1,1/8,1522.732441878115,1512.4058810954446
50.10.3,50,5,ims,2,2/8,1515.0832657199755,1512.4058810954446
50.10.3,50,5,ims,3,3/8,1515.0832657199755,1512.4058810954446
50.10.3,50,5,ims,4,4/8,1515.0832657199755,1512.4058810954446
50.10.3,50,5,ims,5,5/8,1512.4058810954446,1512.4058810954446
50.10.3,50,5,ims,6,6/8,1512.4058810954446,1512.4058810954446
50.10.3,50,5,ims,7,7/8,1511.2011884729018,1512.4058810954446
50.10.3,50,5,ims,8,8/8,1511.2011884729018,1512.4058810954446
50.10.3,50,6,ims,0,0/8,2144.213078125584,1512.4058810954446
50.10.3,50,6,ims,1,1/8,1533.666826479009,1512.4058810954446
50.10.3,50,6,ims,2,2/8,1527.725786298467,1512.4058810954446
50.10.3,50,6,ims,3,3/8,1513.722200318423,1512.4058810954446
50.10.3,50,6,ims,4,4/8,1513.722200318423,1512.4058810954446
50.10.3,50,6,ims,5,5/8,1513.722200318423,1512.4058810954446
50.10.3,50,6,ims,6,6/8,1513.722200318423,1512.4058810954446
50.10.3,50,6,ims,7,7/8,1513.722200318423,1512.4058810954446
50.10.3,50,6,ims,8,8/8,1513.722200318423,1512.4058810954446
50.10.3,50,7,ims,0,0/8,2415.7119134691948,1512.4058810954446
50.10.3,50,7,ims,1,1/8,1519.7206888815344,1512.4058810954446
50.10.3,50,7,ims,2,2/8,1516.2879583425186,1512.4058810954446
50.10.3,50,7,ims,3,3/8,1516.2879583425186,1512.4058810954446
50.10.3,50,7,ims,4,4/8,1516.2879583425186,1512.4058810954446
50.10.3,50,7,ims,5,5/8,1516.2879583425186,1512.4058810954446
50.10.3,50,7,ims,6,6/8,1513.567189981597,1512.4058810954446
50.10.3,50,7,ims,7,7/8,1513.567189981597,1512.4058810954446
50.10.3,50,7,ims,8,8/8,1513.567189981597,1512.4058810954446
50.10.3,50,8,ims,0,0/8,2481.748048704932,1512.4058810954446
50.10.3,50,8,ims,1,1/8,1513.6045945352942,1512.4058810954446
50.10.3,50,8,ims,2,2/8,1513.6045945352942,1512.4058810954446
50.10.3,50,8,ims,3,3/8,1513.6045945352942,1512.4058810954446
50.10.3,50,8,ims,4,4/8,1511.2011884729018,1512.4058810954446
50.10.3,50,8,ims,5,5/8,1511.2011884729018,1512.4058810954446
50.10.3,50,8,ims,6,6/8,1511.2011884729018,1512.4058810954446
50.10.3,50,8,ims,7,7/8,1511.2011884729018,1512.4058810954446
50.10.3,50,8,ims,8,8/8,1511.2011884729018,1512.4058810954446
50.10.3,50,9,ims,0,0/8,2288.2482735014028,1512.4058810954446
50.10.3,50,9,ims,1,1/8,1531.6541230625592,1512.4058810954446
50.10.3,50,9,ims,2,2/8,1511.0050516725973,1512.4058810954446
50.10.3,50,9,ims,3,3/8,1511.0050516725973,1512.4058810954446
50.10.3,50,9,ims,4,4/8,1511.0050516725973,1512.4058810954446
50.10.3,50,9,ims,5,5/8,1511.0050516725973,1512.4058810954446
50.10.3,50,9,ims,6,6/8,1511.0050516725973,1512.4058810954446
50.10.3,50,9,ims,7,7/8,1511.0050516725973,1512.4058810954446
50.10.3,50,9,ims,8,8/8,1511.0050516725973,1512.4058810954446
50.10.3,50,10,ims,0,0/8,2164.435360606372,1512.4058810954446
50.10.3,50,10,ims,1,1/8,1517.486671782368,1512.4058810954446
50.10.3,50,10,ims,2,2/8,1516.2879583425186,1512.4058810954446
50.10.3,50,10,ims,3,3/8,1516.2879583425186,1512.4058810954446
50.10.3,50,10,ims,4,4/8,1516.2879583425186,1512.4058810954446
50.10.3,50,10,ims,5,5/8,1513.986918081786,1512.4058810954446
50.10.3,50,10,ims,6,6/8,1513.986918081786,1512.4058810954446
50.10.3,50,10,ims,7,7/8,1512.6281730177907,1512.4058810954446
50.10.3,50,10,ims,8,8/8,1512.4058810954446,1512.4058810954446
50.10.3,50,1,sats,0,0/8,3006.477425970688,1512.4058810954446
50.10.3,50,1,sats,1,1/8,1545.642020308517,1512.4058810954446
50.10.3,50,1,sats,2,2/8,1543.5281225128222,1512.4058810954446
50.10.3,50,1,sats,3,3/8,1543.5281225128222,1512.4058810954446
50.10.3,50,1,sats,4,4/8,1532.388903429318,1512.4058810954446
50.10.3,50,1,sats,5,5/8,1516.2879583425186,1512.4058810954446
50.10.3,50,1,sats,6,6/8,1515.0832657199758,1512.4058810954446
50.10.3,50,1,sats,7,7/8,1515.0832657199758,1512.4058810954446
50.10.3,50,1,sats,8,8/8,1515.0832657199758,1512.4058810954446
50.10.3,50,2,sats,0,0/8,2656.34047014254,1512.4058810954446
50.10.3,50,2,sats,1,1/8,1528.1020826171266,1512.4058810954446
50.10.3,50,2,sats,2,2/8,1526.620885586852,1512.4058810954446
50.10.3,50,2,sats,3,3/8,1526.620885586852,1512.4058810954446
50.10.3,50,2,sats,4,4/8,1526.620885586852,1512.4058810954446
50.10.3,50,2,sats,5,5/8,1526.620885586852,1512.4058810954446
50.10.3,50,2,sats,6,6/8,1516.2879583425186,1512.4058810954446
50.10.3,50,2,sats,7,7/8,1516.2879583425186,1512.4058810954446
50.10.3,50,2,sats,8,8/8,1516.2879583425186,1512.4058810954446
50.10.3,50,3,sats,0,0/8,2478.2647976037506,1512.4058810954446
50.10.3,50,3,sats,1,1/8,1522.2027623125518,1512.4058810954446
50.10.3,50,3,sats,2,2/8,1522.2027623125518,1512.4058810954446
50.10.3,50,3,sats,3,3/8,1522.2027623125518,1512.4058810954446
50.10.3,50,3,sats,4,4/8,1522.2027623125518,1512.4058810954446
50.10.3,50,3,sats,5,5/8,1516.2879583425186,1512.4058810954446
50.10.3,50,3,sats,6,6/8,1516.2879583425186,1512.4058810954446
50.10.3,50,3,sats,7,7/8,1516.2879583425186,1512.4058810954446
50.10.3,50,3,sats,8,8/8,1515.0832657199758,1512.4058810954446
50.10.3,50,4,sats,0,0/8,3051.866913237105,1512.4058810954446
50.10.3,50,4,sats,1,1/8,1533.666826479009,1512.4058810954446
50.10.3,50,4,sats,2,2/8,1533.666826479009,1512.4058810954446
50.10.3,50,4,sats,3,3/8,1533.666826479009,1512.4058810954446
50.10.3,50,4,sats,4,4/8,1517.4866717823681,1512.4058810954446
50.10.3,50,4,sats,5,5/8,1516.2879583425186,1512.4058810954446
50.10.3,50,4,sats,6,6/8,1516.2879583425186,1512.4058810954446
50.10.3,50,4,sats,7,7/8,1516.2879583425186,1512.4058810954446
50.10.3,50,4,sats,8,8/8,1516.2879583425186,1512.4058810954446
50.10.3,50,5,sats,0,0/8,2559.5043797274593,1512.4058810954446
50.10.3,50,5,sats,1,1/8,1536.5839157565906,1512.4058810954446
50.10.3,50,5,sats,2,2/8,1526.620885586852,1512.4058810954446
50.10.3,50,5,sats,3,3/8,1526.620885586852,1512.4058810954446
50.10.3,50,5,sats,4,4/8,1514.680448779803,1512.4058810954446
50.10.3,50,5,sats,5,5/8,1514.680448779803,1512.4058810954446
50.10.3,50,5,sats,6,6/8,1514.680448779803,1512.4058810954446
50.10.3,50,5,sats,7,7/8,1513.722200318423,1512.4058810954446
50.10.3,50,5,sats,8,8/8,1513.722200318423,1512.4058810954446
50.10.3,50,6,sats,0,0/8,2478.2647976037506,1512.4058810954446
50.10.3,50,6,sats,1,1/8,1561.3282189860577,1512.4058810954446
50.10.3,50,6,sats,2,2/8,1552.869304601298,1512.4058810954446
50.10.3,50,6,sats,3,3/8,1536.5839157565906,1512.4058810954446
50.10.3,50,6,sats,4,4/8,1526.620885586852,1512.4058810954446
50.10.3,50,6,sats,5,5/8,1526.620885586852,1512.4058810954446
50.10.3,50,6,sats,6,6/8,1526.620885586852,1512.4058810954446
50.10.3,50,6,sats,7,7/8,1526.620885586852,1512.4058810954446
50.10.3,50,6,sats,8,8/8,1516.2879583425186,1512.4058810954446
50.10.3,50,7,sats,0,0/8,2562.042172357461,1512.4058810954446
50.10.3,50,7,sats,1,1/8,1562.750030581392,1512.4058810954446
50.10.3,50,7,sats,2,2/8,1533.6668264790092,1512.4058810954446
50.10.3,50,7,sats,3,3/8,1532.634279607352,1512.4058810954446
50.10.3,50,7,sats,4,4/8,1518.2751827104735,1512.4058810954446
50.10.3,50,7,sats,5,5/8,1518.2751827104735,1512.4058810954446
50.10.3,50,7,sats,6,6/8,1516.2879583425186,1512.4058810954446
50.10.3,50,7,sats,7,7/8,1516.2879583425186,1512.4058810954446
50.10.3,50,7,sats,8,8/8,1516.2879583425186,1512.4058810954446
50.10.3,50,8,sats,0,0/8,2517.983222674901,1512.4058810954446
50.10.3,50,8,sats,1,1/8,1552.8693046012982,1512.4058810954446
50.10.3,50,8,sats,2,2/8,1527.725786298467,1512.4058810954446
50.10.3,50,8,sats,3,3/8,1512.4058810954446,1512.4058810954446
50.10.3,50,8,sats,4,4/8,1511.2011884729018,1512.4058810954446
50.10.3,50,8,sats,5,5/8,1511.2011884729018,1512.4058810954446
50.10.3,50,8,sats,6,6/8,1511.2011884729018,1512.4058810954446
50.10.3,50,8,sats,7,7/8,1511.2011884729018,1512.4058810954446
50.10.3,50,8,sats,8,8/8,1511.2011884729018,1512.4058810954446
50.10.3,50,9,sats,0,0/8,2288.2482735014028,1512.4058810954446
50.10.3,50,9,sats,1,1/8,1534.0575291249515,1512.4058810954446
50.10.3,50,9,sats,2,2/8,1525.1303089725247,1512.4058810954446
50.10.3,50,9,sats,3,3/8,1525.1303089725247,1512.4058810954446
50.10.3,50,9,sats,4,4/8,1525.1303089725247,1512.4058810954446
50.10.3,50,9,sats,5,5/8,1525.1303089725247,1512.4058810954446
50.10.3,50,9,sats,6,6/8,1525.1303089725247,1512.4058810954446
50.10.3,50,9,sats,7,7/8,1517.4866717823681,1512.4058810954446
50.10.3,50,9,sats,8,8/8,1516.2879583425186,1512.4058810954446
50.10.3,50,10,sats,0,0/8,2557.5721491096665,1512.4058810954446
50.10.3,50,10,sats,1,1/8,1517.486671782368,1512.4058810954446
50.10.3,50,10,sats,2,2/8,1517.486671782368,1512.4058810954446
50.10.3,50,10,sats,3,3/8,1517.486671782368,1512.4058810954446
50.10.3,50,10,sats,4,4/8,1517.486671782368,1512.4058810954446
50.10.3,50,10,sats,5,5/8,1516.2879583425186,1512.4058810954446
50.10.3,50,10,sats,6,6/8,1513.6045945352942,1512.4058810954446
50.10.3,50,10,sats,7,7/8,1513.6045945352942,1512.4058810954446
50.10.3,50,10,sats,8,8/8,1513.6045945352942,1512.4058810954446
50.10.4,50,1,ims,0,0/8,2104.859941909632,1455.8578212932475
50.10.4,50,1,ims,1,1/8,1455.8578212932475,1455.8578212932475
50.10.4,50,1,ims,2,2/8,1455.8578212932475,1455.8578212932475
50.10.4,50,1,ims,3,3/8,1455.8578212932475,1455.8578212932475
50.10.4,50,1,ims,4,4/8,1455.8578212932475,1455.8578212932475
50.10.4,50,1,ims,5,5/8,1455.8578212932475,1455.8578212932475
50.10.4,50,1,ims,6,6/8,1455.8578212932475,1455.8578212932475
50.10.4,50,1,ims,7,7/8,1455.8578212932475,1455.8578212932475
50.10.4,50,1,ims,8,8/8,1455.8578212932475,1455.8578212932475
50.10.4,50,2,ims,0,0/8,2116.7462616038897,1455.8578212932475
50.10.4,50,2,ims,1,1/8,1455.8578212932475,1455.8578212932475
50.10.4,50,2,ims,2,2/8,1455.8578212932475,1455.8578212932475
50.10.4,50,2,ims,3,3/8,1455.8578212932475,1455.8578212932475
50.10.4,50,2,ims,4,4/8,1455.8578212932475,1455.8578212932475
50.10.4,50,2,ims,5,5/8,1455.8578212932475,1455.8578212932475
50.10.4,50,2,ims,6,6/8,1455.8578212932475,1455.8578212932475
50.10.4,50,2,ims,7,7/8,1455.8578212932475,1455.8578212932475
50.10.4,50,2,ims,8,8/8,1455.8578212932475,1455.8578212932475
50.10.4,50,3,ims,0,0/8,2120.897171311383,1455.8578212932475
50.10.4,50,3,ims,1,1/8,1458.6406057977533,1455.8578212932475
50.10.4,50,3,ims,2,2/8,1455.8578212932475,1455.8578212932475
50.10.4,50,3,ims,3,3/8,1455.8578212932475,1455.8578212932475
50.10.4,50,3,ims,4,4/8,1455.8578212932475,1455.8578212932475
50.10.4,50,3,ims,5,5/8,1455.8578212932475,1455.8578212932475
50.10.4,50,3,ims,6,6/8,1455.8578212932475,1455.8578212932475
50.10.4,50,3,ims,7,7/8,1455.8578212932475,1455.8578212932475
50.10.4,50,3,ims,8,8/8,1455.8578212932475,1455.8578212932475
50.10.4,50,4,ims,0,0/8,2036.8763574206064,1455.8578212932475
50.10.4,50,4,ims,1,1/8,1455.8578212932475,1455.8578212932475
50.10.4,50,4,ims,2,2/8,1455.8578212932475,1455.8578212932475
50.10.4,50,4,ims,3,3/8,1455.8578212932475,1455.8578212932475
50.10.4,50,4,ims,4,4/8,1455.8578212932475,1455.8578212932475
50.10.4,50,4,ims,5,5/8,1455.8578212932475,1455.8578212932475
50.10.4,50,4,ims,6,6/8,1455.8578212932475,1455.8578212932475
50.10.4,50,4,ims,7,7/8,1455.8578212932475,1455.8578212932475
50.10.4,50,4,ims,8,8/8,1455.8578212932475,1455.8578212932475
50.10.4,50,5,ims,0,0/8,2308.0532180009704,1455.8578212932475
50.10.4,50,5,ims,1,1/8,1458.6406057977533,1455.8578212932475
50.10.4,50,5,ims,2,2/8,1455.8578212932475,1455.8578212932475
50.10.4,50,5,ims,3,3/8,1455.8578212932475,1455.8578212932475
50.10.4,50,5,ims,4,4/8,1455.8578212932475,1455.8578212932475
50.10.4,50,5,ims,5,5/8,1455.8578212932475,1455.8578212932475
50.10.4,50,5,ims,6,6/8,1455.8578212932475,1455.8578212932475
50.10.4,50,5,ims,7,7/8,1455.8578212932475,1455.8578212932475
50.10.4,50,5,ims,8,8/8,1455.8578212932475,1455.8578212932475
50.10.4,50,6,ims,0,0/8,2101.139135486911,1455.8578212932475
50.10.4,50,6,ims,1,1/8,1465.1535709087614,1455.8578212932475
50.10.4,50,6,ims,2,2/8,1455.8578212932475,1455.8578212932475
50.10.4,50,6,ims,3,3/8,1455.8578212932475,1455.8578212932475
50.10.4,50,6,ims,4,4/8,1455.8578212932475,1455.8578212932475
50.10.4,50,6,ims,5,5/8,1455.8578212932475,1455.8578212932475
50.10.4,50,6,ims,6,6/8,1455.8578212932475,1455.8578212932475
50.10.4,50,6,ims,7,7/8,1455.8578212932475,1455.8578212932475
50.10.4,50,6,ims,8,8/8,1455.8578212932475,1455.8578212932475
50.10.4,50,7,ims,0,0/8,2183.3981971761323,1455.8578212932475
50.10.4,50,7,ims,1,1/8,1469.7444855496458,1455.8578212932475
50.10.4,50,7,ims,2,2/8,1458.6406057977533,1455.8578212932475
50.10.4,50,7,ims,3,3/8,1455.8578212932475,1455.8578212932475
50.10.4,50,7,ims,4,4/8,1455.8578212932475,1455.8578212932475
50.10.4,50,7,ims,5,5/8,1455.8578212932475,1455.8578212932475
50.10.4,50,7,ims,6,6/8,1455.8578212932475,1455.8578212932475
50.10.4,50,7,ims,7,7/8,1455.8578212932475,1455.8578212932475
50.10.4,50,7,ims,8,8/8,1455.8578212932475,1455.8578212932475
50.10.4,50,8,ims,0,0/8,2020.335267649109,1455.8578212932475
50.10.4,50,8,ims,1,1/8,1456.040310688827,1455.8578212932475
50.10.4,50,8,ims,2,2/8,1455.8578212932475,1455.8578212932475
50.10.4,50,8,ims,3,3/8,1455.8578212932475,1455.8578212932475
50.10.4,50,8,ims,4,4/8,1455.8578212932475,1455.8578212932475
50.10.4,50,8,ims,5,5/8,1455.8578212932475,1455.8578212932475
50.10.4,50,8,ims,6,6/8,1455.8578212932475,1455.8578212932475
50.10.4,50,8,ims,7,7/8,1455.8578212932475,1455.8578212932475
50.10.4,50,8,ims,8,8/8,1455.8578212932475,1455.8578212932475
50.10.4,50,9,ims,0,0/8,2062.8264600844773,1455.8578212932475
50.10.4,50,9,ims,1,1/8,1458.6406057977533,1455.8578212932475
50.10.4,50,9,ims,2,2/8,1455.8578212932475,1455.8578212932475
50.10.4,50,9,ims,3,3/8,1455.8578212932475,1455.8578212932475
50.10.4,50,9,ims,4,4/8,1455.8578212932475,1455.8578212932475
50.10.4,50,9,ims,5,5/8,1455.8578212932475,1455.8578212932475
50.10.4,50,9,ims,6,6/8,1455.8578212932475,1455.8578212932475
50.10.4,50,9,ims,7,7/8,1455.8578212932475,1455.8578212932475
50.10.4,50,9,ims,8,8/8,1455.8578212932475,1455.8578212932475
50.10.4,50,10,ims,0,0/8,2232.0837323410906,1455.8578212932475
50.10.4,50,10,ims,1,1/8,1457.8494332994362,1455.8578212932475
50.10.4,50,10,ims,2,2/8,1455.8578212932475,1455.8578212932475
50.10.4,50,10,ims,3,3/8,1455.8578212932475,1455.8578212932475
50.10.4,50,10,ims,4,4/8,1455.8578212932475,1455.8578212932475
50.10.4,50,10,ims,5,5/8,1455.8578212932475,1455.8578212932475
50.10.4,50,10,ims,6,6/8,1455.8578212932475,1455.8578212932475
50.10.4,50,10,ims,7,7/8,1455.8578212932475,1455.8578212932475
50.10.4,50,10,ims,8,8/8,1455.8578212932475,1455.8578212932475
50.10.4,50,1,sats,0,0/8,2228.5820102707007,1455.8578212932475
50.10.4,50,1,sats,1,1/8,1455.8578212932475,1455.8578212932475
50.10.4,50,1,sats,2,2/8,1455.8578212932475,1455.8578212932475
50.10.4,50,1,sats,3,3/8,1455.8578212932475,1455.8578212932475
50.10.4,50,1,sats,4,4/8,1455.8578212932475,1455.8578212932475
50.10.4,50,1,sats,5,5/8,1455.8578212932475,1455.8578212932475
50.10.4,50,1,sats,6,6/8,1455.8578212932475,1455.8578212932475
50.10.4,50,1,sats,7,7/8,1455.8578212932475,1455.8578212932475
50.10.4,50,1,sats,8,8/8,1455.8578212932475,1455.8578212932475
50.10.4,50,2,sats,0,0/8,2812.3970075007696,1455.8578212932475
50.10.4,50,2,sats,1,1/8,1478.4161124578818,1455.8578212932475
50.10.4,50,2,sats,2,2/8,1455.8578212932475,1455.8578212932475
50.10.4,50,2,sats,3,3/8,1455.8578212932475,1455.8578212932475
50.10.4,50,2,sats,4,4/8,1455.8578212932475,1455.8578212932475
50.10.4,50,2,sats,5,5/8,1455.8578212932475,1455.8578212932475
50.10.4,50,2,sats,6,6/8,1455.8578212932475,1455.8578212932475
50.10.4,50,2,sats,7,7/8,1455.8578212932475,1455.8578212932475
50.10.4,50,2,sats,8,8/8,1455.8578212932475,1455.8578212932475
50.10.4,50,3,sats,0,0/8,2289.1629999368174,1455.8578212932475
50.10.4,50,3,sats,1,1/8,1476.8170679804437,1455.8578212932475
50.10.4,50,3,sats,2,2/8,1476.8170679804437,1455.8578212932475
50.10.4,50,3,sats,3,3/8,1463.6969402371096,1455.8578212932475
50.10.4,50,3,sats,4,4/8,1456.040310688827,1455.8578212932475
50.10.4,50,3,sats,5,5/8,1456.040310688827,1455.8578212932475
50.10.4,50,3,sats,6,6/8,1455.8578212932475,1455.8578212932475
50.10.4,50,3,sats,7,7/8,1455.8578212932475,1455.8578212932475
50.10.4,50,3,sats,8,8/8,1455.8578212932475,1455.8578212932475
50.10.4,50,4,sats,0,0/8,2915.025697879284,1455.8578212932475
50.10.4,50,4,sats,1,1/8,1466.3016545466714,1455.8578212932475
50.10.4,50,4,sats,2,2/8,1462.3707864042553,1455.8578212932475
50.10.4,50,4,sats,3,3/8,1462.3707864042553,1455.8578212932475
50.10.4,50,4,sats,4,4/8,1460.6322178039422,1455.8578212932475
50.10.4,50,4,sats,5,5/8,1455.8578212932475,1455.8578212932475
50.10.4,50,4,sats,6,6/8,1455.8578212932475,1455.8578212932475
50.10.4,50,4,sats,7,7/8,1455.8578212932475,1455.8578212932475
50.10.4,50,4,sats,8,8/8,1455.8578212932475,1455.8578212932475
50.10.4,50,5,sats,0,0/8,2381.367828403244,1455.8578212932475
50.10.4,50,5,sats,1,1/8,1462.3707864042553,1455.8578212932475
50.10.4,50,5,sats,2,2/8,1455.8578212932475,1455.8578212932475
50.10.4,50,5,sats,3,3/8,1455.8578212932475,1455.8578212932475
50.10.4,50,5,sats,4,4/8,1455.8578212932475,1455.8578212932475
50.10.4,50,5,sats,5,5/8,1455.8578212932475,1455.8578212932475
50.10.4,50,5,sats,6,6/8,1455.8578212932475,1455.8578212932475
50.10.4,50,5,sats,7,7/8,1455.8578212932475,1455.8578212932475
50.10.4,50,5,sats,8,8/8,1455.8578212932475,1455.8578212932475
50.10.4,50,6,sats,0,0/8,2486.7310338493908,1455.8578212932475
50.10.4,50,6,sats,1,1/8,1457.8494332994362,1455.8578212932475
50.10.4,50,6,sats,2,2/8,1455.8578212932475,1455.8578212932475
50.10.4,50,6,sats,3,3/8,1455.8578212932475,1455.8578212932475
50.10.4,50,6,sats,4,4/8,1455.8578212932475,1455.8578212932475
50.10.4,50,6,sats,5,5/8,1455.8578212932475,1455.8578212932475
50.10.4,50,6,sats,6,6/8,1455.8578212932475,1455.8578212932475
50.10.4,50,6,sats,7,7/8,1455.8578212932475,1455.8578212932475
50.10.4,50,6,sats,8,8/8,1455.8578212932475,1455.8578212932475
50.10.4,50,7,sats,0,0/8,2399.3777767199626,1455.8578212932475
50.10.4,50,7,sats,1,1/8,1473.2110360445108,1455.8578212932475
50.10.4,50,7,sats,2,2/8,1473.2110360445108,1455.8578212932475
50.10.4,50,7,sats,3,3/8,1457.1764669504664,1455.8578212932475
50.10.4,50,7,sats,4,4/8,1455.8578212932475,1455.8578212932475
50.10.4,50,7,sats,5,5/8,1455.8578212932475,1455.8578212932475
50.10.4,50,7,sats,6,6/8,1455.8578212932475,1455.8578212932475
50.10.4,50,7,sats,7,7/8,1455.8578212932475,1455.8578212932475
50.10.4,50,7,sats,8,8/8,1455.8578212932475,1455.8578212932475
50.10.4,50,8,sats,0,0/8,2465.908176080734,1455.8578212932475
50.10.4,50,8,sats,1,1/8,1455.8578212932475,1455.8578212932475
50.10.4,50,8,sats,2,2/8,1455.8578212932475,1455.8578212932475
50.10.4,50,8,sats,3,3/8,1455.8578212932475,1455.8578212932475
50.10.4,50,8,sats,4,4/8,1455.8578212932475,1455.8578212932475
50.10.4,50,8,sats,5,5/8,1455.8578212932475,1455.8578212932475
50.10.4,50,8,sats,6,6/8,1455.8578212932475,1455.8578212932475
50.10.4,50,8,sats,7,7/8,1455.8578212932475,1455.8578212932475
50.10.4,50,8,sats,8,8/8,1455.8578212932475,1455.8578212932475
50.10.4,50,9,sats,0,0/8,2758.3816396220827,1455.8578212932475
50.10.4,50,9,sats,1,1/8,1458.6406057977533,1455.8578212932475
50.10.4,50,9,sats,2,2/8,1458.6406057977533,1455.8578212932475
50.10.4,50,9,sats,3,3/8,1458.6406057977533,1455.8578212932475
50.10.4,50,9,sats,4,4/8,1455.8578212932475,1455.8578212932475
50.10.4,50,9,sats,5,5/8,1455.8578212932475,1455.8578212932475
50.10.4,50,9,sats,6,6/8,1455.8578212932475,1455.8578212932475
50.10.4,50,9,sats,7,7/8,1455.8578212932475,1455.8578212932475
50.10.4,50,9,sats,8,8/8,1455.8578212932475,1455.8578212932475
50.10.4,50,10,sats,0,0/8,2475.690149401213,1455.8578212932475
50.10.4,50,10,sats,1,1/8,1494.5136485578544,1455.8578212932475
50.10.4,50,10,sats,2,2/8,1478.4161124578818,1455.8578212932475
50.10.4,50,10,sats,3,3/8,1469.7444855496456,1455.8578212932475
50.10.4,50,10,sats,4,4/8,1469.7444855496456,1455.8578212932475
50.10.4,50,10,sats,5,5/8,1469.7444855496456,1455.8578212932475
50.10.4,50,10,sats,6,6/8,1469.7444855496456,1455.8578212932475
50.10.4,50,10,sats,7,7/8,1469.7444855496456,1455.8578212932475
50.10.4,50,10,sats,8,8/8,1458.6406057977533,1455.8578212932475
50.20.1,50,1,ims,0,0/8,6168.768188882134,4182.09111960489
50.20.1,50,1,ims,1,1/8,4182.09111960489,4182.09111960489
50.20.1,50,1,ims,2,2/8,4182.09111960489,4182.09111960489
50.20.1,50,1,ims,3,3/8,4182.09111960489,4182.09111960489
50.20.1,50,1,ims,4,4/8,4182.09111960489,4182.09111960489
50.20.1,50,1,ims,5,5/8,4182.09111960489,4182.09111960489
50.20.1,50,1,ims,6,6/8,4182.09111960489,4182.09111960489
50.20.1,50,1,ims,7,7/8,4182.09111960489,4182.09111960489
50.20.1,50,1,ims,8,8/8,4182.09111960489,4182.09111960489
50.20.1,50,2,ims,0,0/8,7219.153600799555,4182.09111960489
50.20.1,50,2,ims,1,1/8,4224.283443496239,4182.09111960489
50.20.1,50,2,ims,2,2/8,4224.283443496239,4182.09111960489
50.20.1,50,2,ims,3,3/8,4224.283443496239,4182.09111960489
50.20.1,50,2,ims,4,4/8,4194.048484882342,4182.09111960489
50.20.1,50,2,ims,5,5/8,4194.048484882342,4182.09111960489
50.20.1,50,2,ims,6,6/8,4194.048484882342,4182.09111960489
50.20.1,50,2,ims,7,7/8,4194.048484882342,4182.09111960489
50.20.1,50,2,ims,8,8/8,4194.048484882342,4182.09111960489
50.20.1,50,3,ims,0,0/8,6804.737315663121,4182.09111960489
50.20.1,50,3,ims,1,1/8,4224.283443496239,4182.09111960489
50.20.1,50,3,ims,2,2/8,4224.283443496239,4182.09111960489
50.20.1,50,3,ims,3,3/8,4224.283443496239,4182.09111960489
50.20.1,50,3,ims,4,4/8,4194.705590894106,4182.09111960489
50.20.1,50,3,ims,5,5/8,4194.705590894106,4182.09111960489
50.20.1,50,3,ims,6,6/8,4194.048484882342,4182.09111960489
50.20.1,50,3,ims,7,7/8,4194.048484882342,4182.09111960489
50.20.1,50,3,ims,8,8/8,4194.048484882342,4182.09111960489
50.20.1,50,4,ims,0,0/8,5367.503484551953,4182.09111960489
50.20.1,50,4,ims,1,1/8,4239.149237899036,4182.09111960489
50.20.1,50,4,ims,2,2/8,4194.048484882342,4182.09111960489
50.20.1,50,4,ims,3,3/8,4194.048484882342,4182.09111960489
50.20.1,50,4,ims,4,4/8,4194.048484882342,4182.09111960489
50.20.1,50,4,ims,5,5/8,4194.048484882342,4182.09111960489
50.20.1,50,4,ims,6,6/8,4194.048484882342,4182.09111960489
50.20.1,50,4,ims,7,7/8,4194.048484882342,4182.09111960489
50.20.1,50,4,ims,8,8/8,4182.09111960489,4182.09111960489
50.20.1,50,5,ims,0,0/8,8175.365787740697,4182.09111960489
50.20.1,50,5,ims,1,1/8,4182.09111960489,4182.09111960489
50.20.1,50,5,ims,2,2/8,4182.09111960489,4182.09111960489
50.20.1,50,5,ims,3,3/8,4182.09111960489,4182.09111960489
50.20.1,50,5,ims,4,4/8,4182.09111960489,4182.09111960489
50.20.1,50,5,ims,5,5/8,4182.09111960489,4182.09111960489
50.20.1,50,5,ims,6,6/8,4182.09111960489,4182.09111960489
50.20.1,50,5,ims,7,7/8,4182.09111960489,4182.09111960489
50.20.1,50,5,ims,8,8/8,4182.09111960489,4182.09111960489
50.20.1,50,6,ims,0,0/8,7692.790286268984,4182.09111960489
50.20.1,50,6,ims,1,1/8,4182.09111960489,4182.09111960489
50.20.1,50,6,ims,2,2/8,4182.09111960489,4182.09111960489
50.20.1,50,6,ims,3,3/8,4182.09111960489,4182.09111960489
50.20.1,50,6,ims,4,4/8,4182.09111960489,4182.09111960489
50.20.1,50,6,ims,5,5/8,4182.09111960489,4182.09111960489
50.20.1,50,6,ims,6,6/8,4182.09111960489,4182.09111960489
50.20.1,50,6,ims,7,7/8,4182.09111960489,4182.09111960489
50.20.1,50,6,ims,8,8/8,4182.09111960489,4182.09111960489
50.20.1,50,7,ims,0,0/8,6994.025768616435,4182.09111960489
50.20.1,50,7,ims,1,1/8,4182.09111960489,4182.09111960489
50.20.1,50,7,ims,2,2/8,4182.09111960489,4182.09111960489
50.20.1,50,7,ims,3,3/8,4182.09111960489,4182.09111960489
50.20.1,50,7,ims,4,4/8,4182.09111960489,4182.09111960489
50.20.1,50,7,ims,5,5/8,4182.09111960489,4182.09111960489
50.20.1,50,7,ims,6,6/8,4182.09111960489,4182.09111960489
50.20.1,50,7,ims,7,7/8,4182.09111960489,4182.09111960489
50.20.1,50,7,ims,8,8/8,4182.09111960489,4182.09111960489
50.20.1,50,8,ims,0,0/8,6887.466452268368,4182.09111960489
50.20.1,50,8,ims,1,1/8,4224.283443496239,4182.09111960489
50.20.1,50,8,ims,2,2/8,4194.048484882342,4182.09111960489
50.20.1,50,8,ims,3,3/8,4182.09111960489,4182.09111960489
50.20.1,50,8,ims,4,4/8,4182.09111960489,4182.09111960489
50.20.1,50,8,ims,5,5/8,4182.09111960489,4182.09111960489
50.20.1,50,8,ims,6,6/8,4182.09111960489,4182.09111960489
50.20.1,50,8,ims,7,7/8,4182.09111960489,4182.09111960489
50.20.1,50,8,ims,8,8/8,4182.09111960489,4182.09111960489
50.20.1,50,9,ims,0,0/8,6907.94258909017,4182.09111960489
50.20.1,50,9,ims,1,1/8,4239.150196425969,4182.09111960489
50.20.1,50,9,ims,2,2/8,4194.048484882342,4182.09111960489
50.20.1,50,9,ims,3,3/8,4194.048484882342,4182.09111960489
50.20.1,50,9,ims,4,4/8,4188.408390255006,4182.09111960489
50.20.1,50,9,ims,5,5/8,4188.408390255006,4182.09111960489
50.20.1,50,9,ims,6,6/8,4182.446939441012,4182.09111960489
50.20.1,50,9,ims,7,7/8,4182.446939441012,4182.09111960489
50.20.1,50,9,ims,8,8/8,4182.09111960489,4182.09111960489
50.20.1,50,10,ims,0,0/8,7094.1053854450065,4182.09111960489
50.20.1,50,10,ims,1,1/8,4224.283443496239,4182.09111960489
50.20.1,50,10,ims,2,2/8,4182.09111960489,4182.09111960489
50.20.1,50,10,ims,3,3/8,4182.09111960489,4182.09111960489
50.20.1,50,10,ims,4,4/8,4182.09111960489,4182.09111960489
50.20.1,50,10,ims,5,5/8,4182.09111960489,4182.09111960489
50.20.1,50,10,ims,6,6/8,4182.09111960489,4182.09111960489
50.20.1,50,10,ims,7,7/8,4182.09111960489,4182.09111960489
50.20.1,50,10,ims,8,8/8,4182.09111960489,4182.09111960489
50.20.1,50,1,sats,0,0/8,9689.485945804714,4182.09111960489
50.20.1,50,1,sats,1,1/8,4244.896724111551,4182.09111960489
50.20.1,50,1,sats,2,2/8,4239.150196425969,4182.09111960489
50.20.1,50,1,sats,3,3/8,4239.150196425969,4182.09111960489
50.20.1,50,1,sats,4,4/8,4239.150196425969,4182.09111960489
50.20.1,50,1,sats,5,5/8,4224.283443496239,4182.09111960489
50.20.1,50,1,sats,6,6/8,4224.283443496239,4182.09111960489
50.20.1,50,1,sats,7,7/8,4224.283443496239,4182.09111960489
50.20.1,50,1,sats,8,8/8,4224.283443496239,4182.09111960489
50.20.1,50,2,sats,0,0/8,8546.572410138018,4182.09111960489
50.20.1,50,2,sats,1,1/8,4229.981247354082,4182.09111960489
50.20.1,50,2,sats,2,2/8,4229.981247354082,4182.09111960489
50.20.1,50,2,sats,3,3/8,4229.981247354082,4182.09111960489
50.20.1,50,2,sats,4,4/8,4194.048484882342,4182.09111960489
50.20.1,50,2,sats,5,5/8,4194.048484882342,4182.09111960489
50.20.1,50,2,sats,6,6/8,4194.048484882342,4182.09111960489
50.20.1,50,2,sats,7,7/8,4194.048484882342,4182.09111960489
50.20.1,50,2,sats,8,8/8,4194.048484882342,4182.09111960489
50.20.1,50,3,sats,0,0/8,8718.802926265289,4182.09111960489
50.20.1,50,3,sats,1,1/8,4266.193079069511,4182.09111960489
50.20.1,50,3,sats,2,2/8,4244.896724111551,4182.09111960489
50.20.1,50,3,sats,3,3/8,4244.896724111551,4182.09111960489
50.20.1,50,3,sats,4,4/8,4239.149237899036,4182.09111960489
50.20.1,50,3,sats,5,5/8,4239.149237899036,4182.09111960489
50.20.1,50,3,sats,6,6/8,4224.283443496239,4182.09111960489
50.20.1,50,3,sats,7,7/8,4224.283443496239,4182.09111960489
50.20.1,50,3,sats,8,8/8,4194.705590894106,4182.09111960489
50.20.1,50,4,sats,0,0/8,8641.88614049073,4182.09111960489
50.20.1,50,4,sats,1,1/8,4239.149237899036,4182.09111960489
50.20.1,50,4,sats,2,2/8,4239.149237899036,4182.09111960489
50.20.1,50,4,sats,3,3/8,4239.149237899036,4182.09111960489
50.20.1,50,4,sats,4,4/8,4239.149237899036,4182.09111960489
50.20.1,50,4,sats,5,5/8,4239.149237899036,4182.09111960489
50.20.1,50,4,sats,6,6/8,4239.149237899036,4182.09111960489
50.20.1,50,4,sats,7,7/8,4239.149237899036,4182.09111960489
50.20.1,50,4,sats,8,8/8,4239.149237899036,4182.09111960489
50.20.1,50,5,sats,0,0/8,8935.207782421186,4182.09111960489
50.20.1,50,5,sats,1,1/8,4244.89672411155,4182.09111960489
50.20.1,50,5,sats,2,2/8,4244.89672411155,4182.09111960489
50.20.1,50,5,sats,3,3/8,4244.89672411155,4182.09111960489
50.20.1,50,5,sats,4,4/8,4194.048484882342,4182.09111960489
50.20.1,50,5,sats,5,5/8,4194.048484882342,4182.09111960489
50.20.1,50,5,sats,6,6/8,4194.048484882342,4182.09111960489
50.20.1,50,5,sats,7,7/8,4194.048484882342,4182.09111960489
50.20.1,50,5,sats,8,8/8,4194.048484882342,4182.09111960489
50.20.1,50,6,sats,0,0/8,9213.093540355123,4182.09111960489
50.20.1,50,6,sats,1,1/8,4182.09111960489,4182.09111960489
50.20.1,50,6,sats,2,2/8,4182.09111960489,4182.09111960489
50.20.1,50,6,sats,3,3/8,4182.09111960489,4182.09111960489
50.20.1,50,6,sats,4,4/8,4182.09111960489,4182.09111960489
50.20.1,50,6,sats,5,5/8,4182.09111960489,4182.09111960489
50.20.1,50,6,sats,6,6/8,4182.09111960489,4182.09111960489
50.20.1,50,6,sats,7,7/8,4182.09111960489,4182.09111960489
50.20.1,50,6,sats,8,8/8,4182.09111960489,4182.09111960489
50.20.1,50,7,sats,0,0/8,6994.025768616435,4182.09111960489
50.20.1,50,7,sats,1,1/8,4182.09111960489,4182.09111960489
50.20.1,50,7,sats,2,2/8,4182.09111960489,4182.09111960489
50.20.1,50,7,sats,3,3/8,4182.09111960489,4182.09111960489
50.20.1,50,7,sats,4,4/8,4182.09111960489,4182.09111960489
50.20.1,50,7,sats,5,5/8,4182.09111960489,4182.09111960489
50.20.1,50,7,sats,6,6/8,4182.09111960489,4182.09111960489
50.20.1,50,7,sats,7,7/8,4182.09111960489,4182.09111960489
50.20.1,50,7,sats,8,8/8,4182.09111960489,4182.09111960489
50.20.1,50,8,sats,0,0/8,8727.126991478111,4182.09111960489
50.20.1,50,8,sats,1,1/8,4239.149237899036,4182.09111960489
50.20.1,50,8,sats,2,2/8,4224.283443496239,4182.09111960489
50.20.1,50,8,sats,3,3/8,4194.705590894106,4182.09111960489
50.20.1,50,8,sats,4,4/8,4194.705590894106,4182.09111960489
50.20.1,50,8,sats,5,5/8,4194.705590894106,4182.09111960489
50.20.1,50,8,sats,6,6/8,4182.09111960489,4182.09111960489
50.20.1,50,8,sats,7,7/8,4182.09111960489,4182.09111960489
50.20.1,50,8,sats,8,8/8,4182.09111960489,4182.09111960489
50.20.1,50,9,sats,0,0/8,8971.3950957938,4182.09111960489
50.20.1,50,9,sats,1,1/8,4658.125115763161,4182.09111960489
50.20.1,50,9,sats,2,2/8,4194.048484882342,4182.09111960489
50.20.1,50,9,sats,3,3/8,4194.048484882342,4182.09111960489
50.20.1,50,9,sats,4,4/8,4194.048484882342,4182.09111960489
50.20.1,50,9,sats,5,5/8,4194.048484882342,4182.09111960489
50.20.1,50,9,sats,6,6/8,4194.048484882342,4182.09111960489
50.20.1,50,9,sats,7,7/8,4194.048484882342,4182.09111960489
50.20.1,50,9,sats,8,8/8,4194.048484882342,4182.09111960489
50.20.1,50,10,sats,0,0/8,9689.485945804714,4182.09111960489
50.20.1,50,10,sats,1,1/8,4244.897682638482,4182.09111960489
50.20.1,50,10,sats,2,2/8,4194.048484882342,4182.09111960489
50.20.1,50,10,sats,3,3/8,4194.048484882342,4182.09111960489
50.20.1,50,10,sats,4,4/8,4194.048484882342,4182.09111960489
50.20.1,50,10,sats,5,5/8,4194.048484882342,4182.09111960489
50.20.1,50,10,sats,6,6/8,4194.048484882342,4182.09111960489
50.20.1,50,10,sats,7,7/8,4194.048484882342,4182.09111960489
50.20.1,50,10,sats,8,8/8,4194.048484882342,4182.09111960489
50.20.2,50,1,ims,0,0/8,6346.618986676576,4239.8820130716895
50.20.2,50,1,ims,1,1/8,4239.8820130716895,4239.8820130716895
50.20.2,50,1,ims,2,2/8,4239.8820130716895,4239.8820130716895
50.20.2,50,1,ims,3,3/8,4239.8820130716895,4239.8820130716895
50.20.2,50,1,ims,4,4/8,4239.8820130716895,4239.8820130716895
50.20.2,50,1,ims,5,5/8,4239.8820130716895,4239.8820130716895
50.20.2,50,1,ims,6,6/8,4239.8820130716895,4239.8820130716895
50.20.2,50,1,ims,7,7/8,4239.8820130716895,4239.8820130716895
50.20.2,50,1,ims,8,8/8,4239.8820130716895,4239.8820130716895
50.20.2,50,2,ims,0,0/8,6409.167026702227,4239.8820130716895
50.20.2,50,2,ims,1,1/8,4239.8820130716895,4239.8820130716895
50.20.2,50,2,ims,2,2/8,4239.8820130716895,4239.8820130716895
50.20.2,50,2,ims,3,3/8,4239.8820130716895,4239.8820130716895
50.20.2,50,2,ims,4,4/8,4239.8820130716895,4239.8820130716895
50.20.2,50,2,ims,5,5/8,4239.8820130716895,4239.8820130716895
50.20.2,50,2,ims,6,6/8,4239.8820130716895,4239.8820130716895
50.20.2,50,2,ims,7,7/8,4239.8820130716895,4239.8820130716895
50.20.2,50,2,ims,8,8/8,4239.8820130716895,4239.8820130716895
50.20.2,50,3,ims,0,0/8,6292.278030402247,4239.8820130716895
50.20.2,50,3,ims,1,1/8,4239.8820130716895,4239.8820130716895
50.20.2,50,3,ims,2,2/8,4239.8820130716895,4239.8820130716895
50.20.2,50,3,ims,3,3/8,4239.8820130716895,4239.8820130716895
50.20.2,50,3,ims,4,4/8,4239.8820130716895,4239.8820130716895
50.20.2,50,3,ims,5,5/8,4239.8820130716895,4239.8820130716895
50.20.2,50,3,ims,6,6/8,4239.8820130716895,4239.8820130716895
50.20.2,50,3,ims,7,7/8,4239.8820130716895,4239.8820130716895
50.20.2,50,3,ims,8,8/8,4239.8820130716895,4239.8820130716895
50.20.2,50,4,ims,0,0/8,6193.188298224983,4239.8820130716895
50.20.2,50,4,ims,1,1/8,4287.270165336001,4239.8820130716895
50.20.2,50,4,ims,2,2/8,4239.8820130716895,4239.8820130716895
50.20.2,50,4,ims,3,3/8,4239.8820130716895,4239.8820130716895
50.20.2,50,4,ims,4,4/8,4239.8820130716895,4239.8820130716895
50.20.2,50,4,ims,5,5/8,4239.8820130716895,4239.8820130716895
50.20.2,50,4,ims,6,6/8,4239.8820130716895,4239.8820130716895
50.20.2,50,4,ims,7,7/8,4239.8820130716895,4239.8820130716895
50.20.2,50,4,ims,8,8/8,4239.8820130716895,4239.8820130716895
50.20.2,50,5,ims,0,0/8,5884.726950407663,4239.8820130716895
50.20.2,50,5,ims,1,1/8,4239.8820130716895,4239.8820130716895
50.20.2,50,5,ims,2,2/8,4239.8820130716895,4239.8820130716895
50.20.2,50,5,ims,3,3/8,4239.8820130716895,4239.8820130716895
50.20.2,50,5,ims,4,4/8,4239.8820130716895,4239.8820130716895
50.20.2,50,5,ims,5,5/8,4239.8820130716895,4239.8820130716895
50.20.2,50,5,ims,6,6/8,4239.8820130716895,4239.8820130716895
50.20.2,50,5,ims,7,7/8,4239.8820130716895,4239.8820130716895
50.20.2,50,5,ims,8,8/8,4239.8820130716895,4239.8820130716895
50.20.2,50,6,ims,0,0/8,6416.7819719834715,4239.8820130716895
50.20.2,50,6,ims,1,1/8,4239.8820130716895,4239.8820130716895
50.20.2,50,6,ims,2,2/8,4239.8820130716895,4239.8820130716895
50.20.2,50,6,ims,3,3/8,4239.8820130716895,4239.8820130716895
50.20.2,50,6,ims,4,4/8,4239.8820130716895,4239.8820130716895
50.20.2,50,6,ims,5,5/8,4239.8820130716895,4239.8820130716895
50.20.2,50,6,ims,6,6/8,4239.8820130716895,4239.8820130716895
50.20.2,50,6,ims,7,7/8,4239.8820130716895,4239.8820130716895
50.20.2,50,6,ims,8,8/8,4239.8820130716895,4239.8820130716895
50.20.2,50,7,ims,0,0/8,5465.40954674181,4239.8820130716895
50.20.2,50,7,ims,1,1/8,4239.8820130716895,4239.8820130716895
50.20.2,50,7,ims,2,2/8,4239.8820130716895,4239.8820130716895
50.20.2,50,7,ims,3,3/8,4239.8820130716895,4239.8820130716895
50.20.2,50,7,ims,4,4/8,4239.8820130716895,4239.8820130716895
50.20.2,50,7,ims,5,5/8,4239.8820130716895,4239.8820130716895
50.20.2,50,7,ims,6,6/8,4239.8820130716895,4239.8820130716895
50.20.2,50,7,ims,7,7/8,4239.8820130716895,4239.8820130716895
50.20.2,50,7,ims,8,8/8,4239.8820130716895,4239.8820130716895
50.20.2,50,8,ims,0,0/8,5941.3208478860415,4239.8820130716895
50.20.2,50,8,ims,1,1/8,4239.8820130716895,4239.8820130716895
50.20.2,50,8,ims,2,2/8,4239.8820130716895,4239.8820130716895
50.20.2,50,8,ims,3,3/8,4239.8820130716895,4239.8820130716895
50.20.2,50,8,ims,4,4/8,4239.8820130716895,4239.8820130716895
50.20.2,50,8,ims,5,5/8,4239.8820130716895,4239.8820130716895
50.20.2,50,8,ims,6,6/8,4239.8820130716895,4239.8820130716895
50.20.2,50,8,ims,7,7/8,4239.8820130716895,4239.8820130716895
50.20.2,50,8,ims,8,8/8,4239.8820130716895,4239.8820130716895
50.20.2,50,9,ims,0,0/8,6310.274704406811,4239.8820130716895
50.20.2,50,9,ims,1,1/8,4239.8820130716895,4239.8820130716895
50.20.2,50,9,ims,2,2/8,4239.8820130716895,4239.8820130716895
50.20.2,50,9,ims,3,3/8,4239.8820130716895,4239.8820130716895
50.20.2,50,9,ims,4,4/8,4239.8820130716895,4239.8820130716895
50.20.2,50,9,ims,5,5/8,4239.8820130716895,4239.8820130716895
50.20.2,50,9,ims,6,6/8,4239.8820130716895,4239.8820130716895
50.20.2,50,9,ims,7,7/8,4239.8820130716895,4239.8820130716895
50.20.2,50,9,ims,8,8/8,4239.8820130716895,4239.8820130716895
50.20.2,50,10,ims,0,0/8,6402.034523599081,4239.8820130716895
50.20.2,50,10,ims,1,1/8,4239.8820130716895,4239.8820130716895
50.20.2,50,10,ims,2,2/8,4239.8820130716895,4239.8820130716895
50.20.2,50,10,ims,3,3/8,4239.8820130716895,4239.8820130716895
50.20.2,50,10,ims,4,4/8,4239.8820130716895,4239.8820130716895
50.20.2,50,10,ims,5,5/8,4239.8820130716895,4239.8820130716895
50.20.2,50,10,ims,6,6/8,4239.8820130716895,4239.8820130716895
50.20.2,50,10,ims,7,7/8,4239.8820130716895,4239.8820130716895
50.20.2,50,10,ims,8,8/8,4239.8820130716895,4239.8820130716895
50.20.2,50,1,sats,0,0/8,6425.397211325291,4239.8820130716895
50.20.2,50,1,sats,1,1/8,4239.8820130716895,4239.8820130716895
50.20.2,50,1,sats,2,2/8,4239.8820130716895,4239.8820130716895
50.20.2,50,1,sats,3,3/8,4239.8820130716895,4239.8820130716895
50.20.2,50,1,sats,4,4/8,4239.8820130716895,4239.8820130716895
50.20.2,50,1,sats,5,5/8,4239.8820130716895,4239.8820130716895
50.20.2,50,1,sats,6,6/8,4239.8820130716895,4239.8820130716895
50.20.2,50,1,sats,7,7/8,4239.8820130716895,4239.8820130716895
50.20.2,50,1,sats,8,8/8,4239.8820130716895,4239.8820130716895
50.20.2,50,2,sats,0,0/8,7509.458194519079,4239.8820130716895
50.20.2,50,2,sats,1,1/8,4280.0679819411525,4239.8820130716895
50.20.2,50,2,sats,2,2/8,4280.0679819411525,4239.8820130716895
50.20.2,50,2,sats,3,3/8,4239.8820130716895,4239.8820130716895
50.20.2,50,2,sats,4,4/8,4239.8820130716895,4239.8820130716895
50.20.2,50,2,sats,5,5/8,4239.8820130716895,4239.8820130716895
50.20.2,50,2,sats,6,6/8,4239.8820130716895,4239.8820130716895
50.20.2,50,2,sats,7,7/8,4239.8820130716895,4239.8820130716895
50.20.2,50,2,sats,8,8/8,4239.8820130716895,4239.8820130716895
50.20.2,50,3,sats,0,0/8,8006.045862506484,4239.8820130716895
50.20.2,50,3,sats,1,1/8,4239.8820130716895,4239.8820130716895
50.20.2,50,3,sats,2,2/8,4239.8820130716895,4239.8820130716895
50.20.2,50,3,sats,3,3/8,4239.8820130716895,4239.8820130716895
50.20.2,50,3,sats,4,4/8,4239.8820130716895,4239.8820130716895
50.20.2,50,3,sats,5,5/8,4239.8820130716895,4239.8820130716895
50.20.2,50,3,sats,6,6/8,4239.8820130716895,4239.8820130716895
50.20.2,50,3,sats,7,7/8,4239.8820130716895,4239.8820130716895
50.20.2,50,3,sats,8,8/8,4239.8820130716895,4239.8820130716895
50.20.2,50,4,sats,0,0/8,6193.188298224983,4239.8820130716895
50.20.2,50,4,sats,1,1/8,5125.255312456993,4239.8820130716895
50.20.2,50,4,sats,2,2/8,4239.8820130716895,4239.8820130716895
50.20.2,50,4,sats,3,3/8,4239.8820130716895,4239.8820130716895
50.20.2,50,4,sats,4,4/8,4239.8820130716895,4239.8820130716895
50.20.2,50,4,sats,5,5/8,4239.8820130716895,4239.8820130716895
50.20.2,50,4,sats,6,6/8,4239.8820130716895,4239.8820130716895
50.20.2,50,4,sats,7,7/8,4239.8820130716895,4239.8820130716895
50.20.2,50,4,sats,8,8/8,4239.8820130716895,4239.8820130716895
50.20.2,50,5,sats,0,0/8,6505.428002083781,4239.8820130716895
50.20.2,50,5,sats,1,1/8,4239.8820130716895,4239.8820130716895
50.20.2,50,5,sats,2,2/8,4239.8820130716895,4239.8820130716895
50.20.2,50,5,sats,3,3/8,4239.8820130716895,4239.8820130716895
50.20.2,50,5,sats,4,4/8,4239.8820130716895,4239.8820130716895
50.20.2,50,5,sats,5,5/8,4239.8820130716895,4239.8820130716895
50.20.2,50,5,sats,6,6/8,4239.8820130716895,4239.8820130716895
50.20.2,50,5,sats,7,7/8,4239.8820130716895,4239.8820130716895
50.20.2,50,5,sats,8,8/8,4239.8820130716895,4239.8820130716895
50.20.2,50,6,sats,0,0/8,6509.505863089404,4239.8820130716895
50.20.2,50,6,sats,1,1/8,4273.513723371691,4239.8820130716895
50.20.2,50,6,sats,2,2/8,4239.8820130716895,4239.8820130716895
50.20.2,50,6,sats,3,3/8,4239.8820130716895,4239.8820130716895
50.20.2,50,6,sats,4,4/8,4239.8820130716895,4239.8820130716895
50.20.2,50,6,sats,5,5/8,4239.8820130716895,4239.8820130716895
50.20.2,50,6,sats,6,6/8,4239.8820130716895,4239.8820130716895
50.20.2,50,6,sats,7,7/8,4239.8820130716895,4239.8820130716895
50.20.2,50,6,sats,8,8/8,4239.8820130716895,4239.8820130716895
50.20.2,50,7,sats,0,0/8,6267.24210430094,4239.8820130716895
50.20.2,50,7,sats,1,1/8,4239.8820130716895,4239.8820130716895
50.20.2,50,7,sats,2,2/8,4239.8820130716895,4239.8820130716895
50.20.2,50,7,sats,3,3/8,4239.8820130716895,4239.8820130716895
50.20.2,50,7,sats,4,4/8,4239.8820130716895,4239.8820130716895
50.20.2,50,7,sats,5,5/8,4239.8820130716895,4239.8820130716895
50.20.2,50,7,sats,6,6/8,4239.8820130716895,4239.8820130716895
50.20.2,50,7,sats,7,7/8,4239.8820130716895,4239.8820130716895
50.20.2,50,7,sats,8,8/8,4239.8820130716895,4239.8820130716895
50.20.2,50,8,sats,0,0/8,6422.463009797933,4239.8820130716895
50.20.2,50,8,sats,1,1/8,4287.270165336002,4239.8820130716895
50.20.2,50,8,sats,2,2/8,4283.049209672777,4239.8820130716895
50.20.2,50,8,sats,3,3/8,4239.8820130716895,4239.8820130716895
50.20.2,50,8,sats,4,4/8,4239.8820130716895,4239.8820130716895
50.20.2,50,8,sats,5,5/8,4239.8820130716895,4239.8820130716895
50.20.2,50,8,sats,6,6/8,4239.8820130716895,4239.8820130716895
50.20.2,50,8,sats,7,7/8,4239.8820130716895,4239.8820130716895
50.20.2,50,8,sats,8,8/8,4239.8820130716895,4239.8820130716895
50.20.2,50,9,sats,0,0/8,7480.287233965555,4239.8820130716895
50.20.2,50,9,sats,1,1/8,4239.8820130716895,4239.8820130716895
50.20.2,50,9,sats,2,2/8,4239.8820130716895,4239.8820130716895
50.20.2,50,9,sats,3,3/8,4239.8820130716895,4239.8820130716895
50.20.2,50,9,sats,4,4/8,4239.8820130716895,4239.8820130716895
50.20.2,50,9,sats,5,5/8,4239.8820130716895,4239.8820130716895
50.20.2,50,9,sats,6,6/8,4239.8820130716895,4239.8820130716895
50.20.2,50,9,sats,7,7/8,4239.8820130716895,4239.8820130716895
50.20.2,50,9,sats,8,8/8,4239.8820130716895,4239.8820130716895
50.20.2,50,10,sats,0,0/8,6550.579694864988,4239.8820130716895
50.20.2,50,10,sats,1,1/8,4311.804890091449,4239.8820130716895
50.20.2,50,10,sats,2,2/8,4283.049209672778,4239.8820130716895
50.20.2,50,10,sats,3,3/8,4283.049209672778,4239.8820130716895
50.20.2,50,10,sats,4,4/8,4239.8820130716895,4239.8820130716895
50.20.2,50,10,sats,5,5/8,4239.8820130716895,4239.8820130716895
50.20.2,50,10,sats,6,6/8,4239.8820130716895,4239.8820130716895
50.20.2,50,10,sats,7,7/8,4239.8820130716895,4239.8820130716895
50.20.2,50,10,sats,8,8/8,4239.8820130716895,4239.8820130716895
50.20.3,50,1,ims,0,0/8,8688.477345884488,4711.898720148452
50.20.3,50,1,ims,1,1/8,4711.898720148452,4711.898720148452
50.20.3,50,1,ims,2,2/8,4711.898720148452,4711.898720148452
50.20.3,50,1,ims,3,3/8,4711.898720148452,4711.898720148452
50.20.3,50,1,ims,4,4/8,4711.898720148452,4711.898720148452
50.20.3,50,1,ims,5,5/8,4711.898720148452,4711.898720148452
50.20.3,50,1,ims,6,6/8,4711.898720148452,4711.898720148452
50.20.3,50,1,ims,7,7/8,4711.898720148452,4711.898720148452
50.20.3,50,1,ims,8,8/8,4711.898720148452,4711.898720148452
50.20.3,50,2,ims,0,0/8,7856.687352304377,4711.898720148452
50.20.3,50,2,ims,1,1/8,4826.271188179687,4711.898720148452
50.20.3,50,2,ims,2,2/8,4711.898720148452,4711.898720148452
50.20.3,50,2,ims,3,3/8,4711.898720148452,4711.898720148452
50.20.3,50,2,ims,4,4/8,4700.008218819873,4711.898720148452
50.20.3,50,2,ims,5,5/8,4700.008218819873,4711.898720148452
50.20.3,50,2,ims,6,6/8,4700.008218819873,4711.898720148452
50.20.3,50,2,ims,7,7/8,4700.008218819873,4711.898720148452
50.20.3,50,2,ims,8,8/8,4700.008218819873,4711.898720148452
50.20.3,50,3,ims,0,0/8,8301.154304707765,4711.898720148452
50.20.3,50,3,ims,1,1/8,5308.35355036785,4711.898720148452
50.20.3,50,3,ims,2,2/8,4711.898720148452,4711.898720148452
50.20.3,50,3,ims,3,3/8,4711.898720148452,4711.898720148452
50.20.3,50,3,ims,4,4/8,4711.898720148452,4711.898720148452
50.20.3,50,3,ims,5,5/8,4614.738181391734,4711.898720148452
50.20.3,50,3,ims,6,6/8,4614.738181391734,4711.898720148452
50.20.3,50,3,ims,7,7/8,4614.738181391734,4711.898720148452
50.20.3,50,3,ims,8,8/8,4614.738181391734,4711.898720148452
50.20.3,50,4,ims,0,0/8,8162.03854107284,4711.898720148452
50.20.3,50,4,ims,1,1/8,5099.423583096335,4711.898720148452
50.20.3,50,4,ims,2,2/8,4711.898720148452,4711.898720148452
50.20.3,50,4,ims,3,3/8,4711.898720148452,4711.898720148452
50.20.3,50,4,ims,4,4/8,4711.898720148452,4711.898720148452
50.20.3,50,4,ims,5,5/8,4711.898720148452,4711.898720148452
50.20.3,50,4,ims,6,6/8,4711.898720148452,4711.898720148452
50.20.3,50,4,ims,7,7/8,4711.898720148452,4711.898720148452
50.20.3,50,4,ims,8,8/8,4711.898720148452,4711.898720148452
50.20.3,50,5,ims,0,0/8,8302.124525594229,4711.898720148452
50.20.3,50,5,ims,1,1/8,4711.898720148452,4711.898720148452
50.20.3,50,5,ims,2,2/8,4711.898720148452,4711.898720148452
50.20.3,50,5,ims,3,3/8,4711.898720148452,4711.898720148452
50.20.3,50,5,ims,4,4/8,4711.898720148452,4711.898720148452
50.20.3,50,5,ims,5,5/8,4711.898720148452,4711.898720148452
50.20.3,50,5,ims,6,6/8,4711.898720148452,4711.898720148452
50.20.3,50,5,ims,7,7/8,4711.898720148452,4711.898720148452
50.20.3,50,5,ims,8,8/8,4711.898720148452,4711.898720148452
50.20.3,50,6,ims,0,0/8,7287.835801926143,4711.898720148452
50.20.3,50,6,ims,1,1/8,4826.725591700718,4711.898720148452
50.20.3,50,6,ims,2,2/8,4826.725591700718,4711.898720148452
50.20.3,50,6,ims,3,3/8,4711.898720148452,4711.898720148452
50.20.3,50,6,ims,4,4/8,4711.898720148452,4711.898720148452
50.20.3,50,6,ims,5,5/8,4711.898720148452,4711.898720148452
50.20.3,50,6,ims,6,6/8,4711.898720148452,4711.898720148452
50.20.3,50,6,ims,7,7/8,4711.898720148452,4711.898720148452
50.20.3,50,6,ims,8,8/8,4614.738181391734,4711.898720148452
50.20.3,50,7,ims,0,0/8,8489.018722051469,4711.898720148452
50.20.3,50,7,ims,1,1/8,5336.629849927292,4711.898720148452
50.20.3,50,7,ims,2,2/8,4711.898720148452,4711.898720148452
50.20.3,50,7,ims,3,3/8,4711.898720148452,4711.898720148452
50.20.3,50,7,ims,4,4/8,4711.898720148452,4711.898720148452
50.20.3,50,7,ims,5,5/8,4711.898720148452,4711.898720148452
50.20.3,50,7,ims,6,6/8,4711.898720148452,4711.898720148452
50.20.3,50,7,ims,7,7/8,4711.898720148452,4711.898720148452
50.20.3,50,7,ims,8,8/8,4711.898720148452,4711.898720148452
50.20.3,50,8,ims,0,0/8,8375.379883922053,4711.898720148452
50.20.3,50,8,ims,1,1/8,4711.898720148452,4711.898720148452
50.20.3,50,8,ims,2,2/8,4711.898720148452,4711.898720148452
50.20.3,50,8,ims,3,3/8,4711.898720148452,4711.898720148452
50.20.3,50,8,ims,4,4/8,4711.898720148452,4711.898720148452
50.20.3,50,8,ims,5,5/8,4711.898720148452,4711.898720148452
50.20.3,50,8,ims,6,6/8,4711.898720148452,4711.898720148452
50.20.3,50,8,ims,7,7/8,4711.898720148452,4711.898720148452
50.20.3,50,8,ims,8,8/8,4711.898720148452,4711.898720148452
50.20.3,50,9,ims,0,0/8,8651.79139344212,4711.898720148452
50.20.3,50,9,ims,1,1/8,5336.629849927292,4711.898720148452
50.20.3,50,9,ims,2,2/8,5099.423583096335,4711.898720148452
50.20.3,50,9,ims,3,3/8,5099.423583096335,4711.898720148452
50.20.3,50,9,ims,4,4/8,4735.773330738902,4711.898720148452
50.20.3,50,9,ims,5,5/8,4711.898720148452,4711.898720148452
50.20.3,50,9,ims,6,6/8,4711.898720148452,4711.898720148452
50.20.3,50,9,ims,7,7/8,4711.898720148452,4711.898720148452
50.20.3,50,9,ims,8,8/8,4711.898720148452,4711.898720148452
50.20.3,50,10,ims,0,0/8,8582.89045301381,4711.898720148452
50.20.3,50,10,ims,1,1/8,4711.898720148452,4711.898720148452
50.20.3,50,10,ims,2,2/8,4711.898720148452,4711.898720148452
50.20.3,50,10,ims,3,3/8,4711.898720148452,4711.898720148452
50.20.3,50,10,ims,4,4/8,4711.898720148452,4711.898720148452
50.20.3,50,10,ims,5,5/8,4711.898720148452,4711.898720148452
50.20.3,50,10,ims,6,6/8,4711.898720148452,4711.898720148452
50.20.3,50,10,ims,7,7/8,4688.945086924323,4711.898720148452
50.20.3,50,10,ims,8,8/8,4688.945086924323,4711.898720148452
50.20.3,50,1,sats,0,0/8,8718.770721583309,4711.898720148452
50.20.3,50,1,sats,1,1/8,5356.485167141942,4711.898720148452
50.20.3,50,1,sats,2,2/8,5356.485167141942,4711.898720148452
50.20.3,50,1,sats,3,3/8,5355.395742350855,4711.898720148452
50.20.3,50,1,sats,4,4/8,5355.395742350855,4711.898720148452
50.20.3,50,1,sats,5,5/8,4854.472301404524,4711.898720148452
50.20.3,50,1,sats,6,6/8,4854.472301404524,4711.898720148452
50.20.3,50,1,sats,7,7/8,4854.472301404524,4711.898720148452
50.20.3,50,1,sats,8,8/8,4854.472301404524,4711.898720148452
50.20.3,50,2,sats,0,0/8,7856.687352304377,4711.898720148452
50.20.3,50,2,sats,1,1/8,5492.758023899778,4711.898720148452
50.20.3,50,2,sats,2,2/8,5336.629849927292,4711.898720148452
50.20.3,50,2,sats,3,3/8,4995.400093196471,4711.898720148452
50.20.3,50,2,sats,4,4/8,4995.400093196471,4711.898720148452
50.20.3,50,2,sats,5,5/8,4995.400093196471,4711.898720148452
50.20.3,50,2,sats,6,6/8,4753.814515555062,4711.898720148452
50.20.3,50,2,sats,7,7/8,4711.898720148452,4711.898720148452
50.20.3,50,2,sats,8,8/8,4711.898720148452,4711.898720148452
50.20.3,50,3,sats,0,0/8,9246.113390682678,4711.898720148452
50.20.3,50,3,sats,1,1/8,5336.629849927292,4711.898720148452
50.20.3,50,3,sats,2,2/8,5336.629849927292,4711.898720148452
50.20.3,50,3,sats,3,3/8,5336.629849927292,4711.898720148452
50.20.3,50,3,sats,4,4/8,4614.738181391734,4711.898720148452
50.20.3,50,3,sats,5,5/8,4614.738181391734,4711.898720148452
50.20.3,50,3,sats,6,6/8,4614.738181391734,4711.898720148452
50.20.3,50,3,sats,7,7/8,4614.738181391734,4711.898720148452
50.20.3,50,3,sats,8,8/8,4614.738181391734,4711.898720148452
50.20.3,50,4,sats,0,0/8,8944.117516120668,4711.898720148452
50.20.3,50,4,sats,1,1/8,5099.423583096335,4711.898720148452
50.20.3,50,4,sats,2,2/8,5099.423583096335,4711.898720148452
50.20.3,50,4,sats,3,3/8,5099.423583096335,4711.898720148452
50.20.3,50,4,sats,4,4/8,4711.898720148452,4711.898720148452
50.20.3,50,4,sats,5,5/8,4711.898720148452,4711.898720148452
50.20.3,50,4,sats,6,6/8,4711.898720148452,4711.898720148452
50.20.3,50,4,sats,7,7/8,4711.898720148452,4711.898720148452
50.20.3,50,4,sats,8,8/8,4711.898720148452,4711.898720148452
50.20.3,50,5,sats,0,0/8,8493.708736763609,4711.898720148452
50.20.3,50,5,sats,1,1/8,5506.297870344291,4711.898720148452
50.20.3,50,5,sats,2,2/8,4711.898720148452,4711.898720148452
50.20.3,50,5,sats,3,3/8,4711.898720148452,4711.898720148452
50.20.3,50,5,sats,4,4/8,4711.898720148452,4711.898720148452
50.20.3,50,5,sats,5,5/8,4711.898720148452,4711.898720148452
50.20.3,50,5,sats,6,6/8,4711.898720148452,4711.898720148452
50.20.3,50,5,sats,7,7/8,4711.898720148452,4711.898720148452
50.20.3,50,5,sats,8,8/8,4711.898720148452,4711.898720148452
50.20.3,50,6,sats,0,0/8,9020.383300435384,4711.898720148452
50.20.3,50,6,sats,1,1/8,5099.423583096335,4711.898720148452
50.20.3,50,6,sats,2,2/8,5099.423583096335,4711.898720148452
50.20.3,50,6,sats,3,3/8,5099.423583096335,4711.898720148452
50.20.3,50,6,sats,4,4/8,5099.423583096335,4711.898720148452
50.20.3,50,6,sats,5,5/8,5099.423583096335,4711.898720148452
50.20.3,50,6,sats,6,6/8,4711.898720148452,4711.898720148452
50.20.3,50,6,sats,7,7/8,4711.898720148452,4711.898720148452
50.20.3,50,6,sats,8,8/8,4711.898720148452,4711.898720148452
50.20.3,50,7,sats,0,0/8,8652.035623094524,4711.898720148452
50.20.3,50,7,sats,1,1/8,5337.126477719127,4711.898720148452
50.20.3,50,7,sats,2,2/8,4711.898720148452,4711.898720148452
50.20.3,50,7,sats,3,3/8,4711.898720148452,4711.898720148452
50.20.3,50,7,sats,4,4/8,4711.898720148452,4711.898720148452
50.20.3,50,7,sats,5,5/8,4711.898720148452,4711.898720148452
50.20.3,50,7,sats,6,6/8,4711.898720148452,4711.898720148452
50.20.3,50,7,sats,7,7/8,4711.898720148452,4711.898720148452
50.20.3,50,7,sats,8,8/8,4711.898720148452,4711.898720148452
50.20.3,50,8,sats,0,0/8,9087.717068839916,4711.898720148452
50.20.3,50,8,sats,1,1/8,5308.35355036785,4711.898720148452
50.20.3,50,8,sats,2,2/8,5308.35355036785,4711.898720148452
50.20.3,50,8,sats,3,3/8,4711.898720148452,4711.898720148452
50.20.3,50,8,sats,4,4/8,4711.898720148452,4711.898720148452
50.20.3,50,8,sats,5,5/8,4711.898720148452,4711.898720148452
50.20.3,50,8,sats,6,6/8,4711.898720148452,4711.898720148452
50.20.3,50,8,sats,7,7/8,4711.898720148452,4711.898720148452
50.20.3,50,8,sats,8,8/8,4711.898720148452,4711.898720148452
50.20.3,50,9,sats,0,0/8,8651.79139344212,4711.898720148452
50.20.3,50,9,sats,1,1/8,5358.602884404926,4711.898720148452
50.20.3,50,9,sats,2,2/8,5308.35355036785,4711.898720148452
50.20.3,50,9,sats,3,3/8,5308.35355036785,4711.898720148452
50.20.3,50,9,sats,4,4/8,5127.289363522513,4711.898720148452
50.20.3,50,9,sats,5,5/8,5127.289363522513,4711.898720148452
50.20.3,50,9,sats,6,6/8,5127.289363522513,4711.898720148452
50.20.3,50,9,sats,7,7/8,4772.827833932872,4711.898720148452
50.20.3,50,9,sats,8,8/8,4772.827833932872,4711.898720148452
50.20.3,50,10,sats,0,0/8,8582.89045301381,4711.898720148452
50.20.3,50,10,sats,1,1/8,5283.359411106082,4711.898720148452
50.20.3,50,10,sats,2,2/8,4711.898720148452,4711.898720148452
50.20.3,50,10,sats,3,3/8,4711.898720148452,4711.898720148452
50.20.3,50,10,sats,4,4/8,4711.898720148452,4711.898720148452
50.20.3,50,10,sats,5,5/8,4711.898720148452,4711.898720148452
50.20.3,50,10,sats,6,6/8,4711.898720148452,4711.898720148452
50.20.3,50,10,sats,7,7/8,4711.898720148452,4711.898720148452
50.20.3,50,10,sats,8,8/8,4711.898720148452,4711.898720148452
50.20.4,50,1,ims,0,0/8,8927.55665376229,4531.5985742643925
50.20.4,50,1,ims,1,1/8,5593.208612890705,4531.5985742643925
50.20.4,50,1,ims,2,2/8,5593.208612890705,4531.5985742643925
50.20.4,50,1,ims,3,3/8,4561.371302199013,4531.5985742643925
50.20.4,50,1,ims,4,4/8,4531.5985742643925,4531.5985742643925
50.20.4,50,1,ims,5,5/8,4531.5985742643925,4531.5985742643925
50.20.4,50,1,ims,6,6/8,4531.5985742643925,4531.5985742643925
50.20.4,50,1,ims,7,7/8,4531.5985742643925,4531.5985742643925
50.20.4,50,1,ims,8,8/8,4529.6603036857105,4531.5985742643925
50.20.4,50,2,ims,0,0/8,8451.789988405528,4531.5985742643925
50.20.4,50,2,ims,1,1/8,5534.646078735235,4531.5985742643925
50.20.4,50,2,ims,2,2/8,5534.646078735235,4531.5985742643925
50.20.4,50,2,ims,3,3/8,4654.014909289347,4531.5985742643925
50.20.4,50,2,ims,4,4/8,4561.413853442659,4531.5985742643925
50.20.4,50,2,ims,5,5/8,4561.413853442659,4531.5985742643925
50.20.4,50,2,ims,6,6/8,4561.413853442659,4531.5985742643925
50.20.4,50,2,ims,7,7/8,4561.413853442659,4531.5985742643925
50.20.4,50,2,ims,8,8/8,4561.413853442659,4531.5985742643925
50.20.4,50,3,ims,0,0/8,8867.01238293288,4531.5985742643925
50.20.4,50,3,ims,1,1/8,5695.984397854949,4531.5985742643925
50.20.4,50,3,ims,2,2/8,5672.309379409066,4531.5985742643925
50.20.4,50,3,ims,3,3/8,5598.004190362764,4531.5985742643925
50.20.4,50,3,ims,4,4/8,4561.371302199013,4531.5985742643925
50.20.4,50,3,ims,5,5/8,4561.371302199013,4531.5985742643925
50.20.4,50,3,ims,6,6/8,4561.371302199013,4531.5985742643925
50.20.4,50,3,ims,7,7/8,4561.371302199013,4531.5985742643925
50.20.4,50,3,ims,8,8/8,4561.371302199013,4531.5985742643925
50.20.4,50,4,ims,0,0/8,8424.413943182972,4531.5985742643925
50.20.4,50,4,ims,1,1/8,5445.435476421601,4531.5985742643925
50.20.4,50,4,ims,2,2/8,4529.6603036857105,4531.5985742643925
50.20.4,50,4,ims,3,3/8,4529.6603036857105,4531.5985742643925
50.20.4,50,4,ims,4,4/8,4529.6603036857105,4531.5985742643925
50.20.4,50,4,ims,5,5/8,4529.6603036857105,4531.5985742643925
50.20.4,50,4,ims,6,6/8,4529.6603036857105,4531.5985742643925
50.20.4,50,4,ims,7,7/8,4529.6603036857105,4531.5985742643925
50.20.4,50,4,ims,8,8/8,4529.6603036857105,4531.5985742643925
50.20.4,50,5,ims,0,0/8,8500.721655498086,4531.5985742643925
50.20.4,50,5,ims,1,1/8,5595.138833849147,4531.5985742643925
50.20.4,50,5,ims,2,2/8,4804.36263625922,4531.5985742643925
50.20.4,50,5,ims,3,3/8,4804.36263625922,4531.5985742643925
50.20.4,50,5,ims,4,4/8,4804.36263625922,4531.5985742643925
50.20.4,50,5,ims,5,5/8,4529.6603036857105,4531.5985742643925
50.20.4,50,5,ims,6,6/8,4529.6603036857105,4531.5985742643925
50.20.4,50,5,ims,7,7/8,4529.6603036857105,4531.5985742643925
50.20.4,50,5,ims,8,8/8,4529.6603036857105,4531.5985742643925
50.20.4,50,6,ims,0,0/8,9022.84902395511,4531.5985742643925
50.20.4,50,6,ims,1,1/8,5639.875056494901,4531.5985742643925
50.20.4,50,6,ims,2,2/8,5531.612023083768,4531.5985742643925
50.20.4,50,6,ims,3,3/8,4824.3661875466805,4531.5985742643925
50.20.4,50,6,ims,4,4/8,4824.3661875466805,4531.5985742643925
50.20.4,50,6,ims,5,5/8,4824.3661875466805,4531.5985742643925
50.20.4,50,6,ims,6,6/8,4529.6603036857105,4531.5985742643925
50.20.4,50,6,ims,7,7/8,4529.6603036857105,4531.5985742643925
50.20.4,50,6,ims,8,8/8,4529.6603036857105,4531.5985742643925
50.20.4,50,7,ims,0,0/8,8401.74693671249,4531.5985742643925
50.20.4,50,7,ims,1,1/8,5593.208612890705,4531.5985742643925
50.20.4,50,7,ims,2,2/8,5593.208612890705,4531.5985742643925
50.20.4,50,7,ims,3,3/8,4653.718297939242,4531.5985742643925
50.20.4,50,7,ims,4,4/8,4653.718297939242,4531.5985742643925
50.20.4,50,7,ims,5,5/8,4529.6603036857105,4531.5985742643925
50.20.4,50,7,ims,6,6/8,4529.6603036857105,4531.5985742643925
50.20.4,50,7,ims,7,7/8,4529.6603036857105,4531.5985742643925
50.20.4,50,7,ims,8,8/8,4529.6603036857105,4531.5985742643925
50.20.4,50,8,ims,0,0/8,8425.239796141623,4531.5985742643925
50.20.4,50,8,ims,1,1/8,5445.507043381741,4531.5985742643925
50.20.4,50,8,ims,2,2/8,4654.014909289347,4531.5985742643925
50.20.4,50,8,ims,3,3/8,4654.014909289347,4531.5985742643925
50.20.4,50,8,ims,4,4/8,4654.014909289347,4531.5985742643925
50.20.4,50,8,ims,5,5/8,4654.014909289347,4531.5985742643925
50.20.4,50,8,ims,6,6/8,4654.014909289347,4531.5985742643925
50.20.4,50,8,ims,7,7/8,4654.014909289347,4531.5985742643925
50.20.4,50,8,ims,8,8/8,4529.6603036857105,4531.5985742643925
50.20.4,50,9,ims,0,0/8,9132.50640710669,4531.5985742643925
50.20.4,50,9,ims,1,1/8,4547.719838934767,4531.5985742643925
50.20.4,50,9,ims,2,2/8,4547.719838934767,4531.5985742643925
50.20.4,50,9,ims,3,3/8,4547.719838934767,4531.5985742643925
50.20.4,50,9,ims,4,4/8,4547.719838934767,4531.5985742643925
50.20.4,50,9,ims,5,5/8,4547.719838934767,4531.5985742643925
50.20.4,50,9,ims,6,6/8,4547.719838934767,4531.5985742643925
50.20.4,50,9,ims,7,7/8,4547.719838934767,4531.5985742643925
50.20.4,50,9,ims,8,8/8,4529.6603036857105,4531.5985742643925
50.20.4,50,10,ims,0,0/8,9632.691021827262,4531.5985742643925
50.20.4,50,10,ims,1,1/8,5689.236798694392,4531.5985742643925
50.20.4,50,10,ims,2,2/8,5593.208612890705,4531.5985742643925
50.20.4,50,10,ims,3,3/8,5593.208612890705,4531.5985742643925
50.20.4,50,10,ims,4,4/8,5445.612612358331,4531.5985742643925
50.20.4,50,10,ims,5,5/8,5445.612612358331,4531.5985742643925
50.20.4,50,10,ims,6,6/8,5445.612612358331,4531.5985742643925
50.20.4,50,10,ims,7,7/8,5445.612612358331,4531.5985742643925
50.20.4,50,10,ims,8,8/8,4843.483308011181,4531.5985742643925
50.20.4,50,1,sats,0,0/8,10356.712741523905,4531.5985742643925
50.20.4,50,1,sats,1,1/8,5689.236798694392,4531.5985742643925
50.20.4,50,1,sats,2,2/8,5689.236798694392,4531.5985742643925
50.20.4,50,1,sats,3,3/8,5681.928251360232,4531.5985742643925
50.20.4,50,1,sats,4,4/8,4653.718297939242,4531.5985742643925
50.20.4,50,1,sats,5,5/8,4653.718297939242,4531.5985742643925
50.20.4,50,1,sats,6,6/8,4653.718297939242,4531.5985742643925
50.20.4,50,1,sats,7,7/8,4653.718297939242,4531.5985742643925
50.20.4,50,1,sats,8,8/8,4653.718297939242,4531.5985742643925
50.20.4,50,2,sats,0,0/8,9432.599251331168,4531.5985742643925
50.20.4,50,2,sats,1,1/8,5534.646078735235,4531.5985742643925
50.20.4,50,2,sats,2,2/8,5534.646078735235,4531.5985742643925
50.20.4,50,2,sats,3,3/8,5534.646078735235,4531.5985742643925
50.20.4,50,2,sats,4,4/8,5534.646078735235,4531.5985742643925
50.20.4,50,2,sats,5,5/8,5532.852562286044,4531.5985742643925
50.20.4,50,2,sats,6,6/8,5532.852562286044,4531.5985742643925
50.20.4,50,2,sats,7,7/8,5532.852562286044,4531.5985742643925
50.20.4,50,2,sats,8,8/8,5532.852562286044,4531.5985742643925
50.20.4,50,3,sats,0,0/8,8889.573821961058,4531.5985742643925
50.20.4,50,3,sats,1,1/8,5721.073500841278,4531.5985742643925
50.20.4,50,3,sats,2,2/8,5689.236798694394,4531.5985742643925
50.20.4,50,3,sats,3,3/8,5689.236798694394,4531.5985742643925
50.20.4,50,3,sats,4,4/8,5672.309379409066,4531.5985742643925
50.20.4,50,3,sats,5,5/8,5595.504878616417,4531.5985742643925
50.20.4,50,3,sats,6,6/8,5595.504878616417,4531.5985742643925
50.20.4,50,3,sats,7,7/8,5595.504878616417,4531.5985742643925
50.20.4,50,3,sats,8,8/8,5595.504878616417,4531.5985742643925
50.20.4,50,4,sats,0,0/8,9473.78994565876,4531.5985742643925
50.20.4,50,4,sats,1,1/8,5725.991156995527,4531.5985742643925
50.20.4,50,4,sats,2,2/8,5595.504878616417,4531.5985742643925
50.20.4,50,4,sats,3,3/8,5595.504878616417,4531.5985742643925
50.20.4,50,4,sats,4,4/8,5595.504878616417,4531.5985742643925
50.20.4,50,4,sats,5,5/8,5595.504878616417,4531.5985742643925
50.20.4,50,4,sats,6,6/8,5591.500534887874,4531.5985742643925
50.20.4,50,4,sats,7,7/8,4756.033394525335,4531.5985742643925
50.20.4,50,4,sats,8,8/8,4756.033394525335,4531.5985742643925
50.20.4,50,5,sats,0,0/8,10921.815430183236,4531.5985742643925
50.20.4,50,5,sats,1,1/8,5689.271853825865,4531.5985742643925
50.20.4,50,5,sats,2,2/8,5445.507043381741,4531.5985742643925
50.20.4,50,5,sats,3,3/8,5445.507043381741,4531.5985742643925
50.20.4,50,5,sats,4,4/8,5445.507043381741,4531.5985742643925
50.20.4,50,5,sats,5,5/8,5445.507043381741,4531.5985742643925
50.20.4,50,5,sats,6,6/8,5445.507043381741,4531.5985742643925
50.20.4,50,5,sats,7,7/8,5445.507043381741,4531.5985742643925
50.20.4,50,5,sats,8,8/8,5445.435476421601,4531.5985742643925
50.20.4,50,6,sats,0,0/8,9022.84902395511,4531.5985742643925
50.20.4,50,6,sats,1,1/8,5672.309379409066,4531.5985742643925
50.20.4,50,6,sats,2,2/8,5672.309379409066,4531.5985742643925
50.20.4,50,6,sats,3,3/8,5672.309379409066,4531.5985742643925
50.20.4,50,6,sats,4,4/8,5672.309379409066,4531.5985742643925
50.20.4,50,6,sats,5,5/8,4529.6603036857105,4531.5985742643925
50.20.4,50,6,sats,6,6/8,4529.6603036857105,4531.5985742643925
50.20.4,50,6,sats,7,7/8,4529.6603036857105,4531.5985742643925
50.20.4,50,6,sats,8,8/8,4529.6603036857105,4531.5985742643925
50.20.4,50,7,sats,0,0/8,10811.393015203717,4531.5985742643925
50.20.4,50,7,sats,1,1/8,5755.8258772035015,4531.5985742643925
50.20.4,50,7,sats,2,2/8,5749.230355507456,4531.5985742643925
50.20.4,50,7,sats,3,3/8,5594.176982570949,4531.5985742643925
50.20.4,50,7,sats,4,4/8,5594.176982570949,4531.5985742643925
50.20.4,50,7,sats,5,5/8,5594.176982570949,4531.5985742643925
50.20.4,50,7,sats,6,6/8,4654.014909289347,4531.5985742643925
50.20.4,50,7,sats,7,7/8,4654.014909289347,4531.5985742643925
50.20.4,50,7,sats,8,8/8,4654.014909289347,4531.5985742643925
50.20.4,50,8,sats,0,0/8,10100.652959457535,4531.5985742643925
50.20.4,50,8,sats,1,1/8,5672.309379409066,4531.5985742643925
50.20.4,50,8,sats,2,2/8,5672.309379409066,4531.5985742643925
50.20.4,50,8,sats,3,3/8,5672.309379409066,4531.5985742643925
50.20.4,50,8,sats,4,4/8,5672.309379409066,4531.5985742643925
50.20.4,50,8,sats,5,5/8,5643.699095049893,4531.5985742643925
50.20.4,50,8,sats,6,6/8,5643.699095049893,4531.5985742643925
50.20.4,50,8,sats,7,7/8,4529.6603036857105,4531.5985742643925
50.20.4,50,8,sats,8,8/8,4529.6603036857105,4531.5985742643925
50.20.4,50,9,sats,0,0/8,9952.010880329213,4531.5985742643925
50.20.4,50,9,sats,1,1/8,5695.984397854951,4531.5985742643925
50.20.4,50,9,sats,2,2/8,5689.236798694392,4531.5985742643925
50.20.4,50,9,sats,3,3/8,5689.236798694392,4531.5985742643925
50.20.4,50,9,sats,4,4/8,5531.789159020496,4531.5985742643925
50.20.4,50,9,sats,5,5/8,5531.789159020496,4531.5985742643925
50.20.4,50,9,sats,6,6/8,5531.789159020496,4531.5985742643925
50.20.4,50,9,sats,7,7/8,5531.789159020496,4531.5985742643925
50.20.4,50,9,sats,8,8/8,5531.789159020496,4531.5985742643925
50.20.4,50,10,sats,0,0/8,10096.069296361367,4531.5985742643925
50.20.4,50,10,sats,1,1/8,5742.0947266593175,4531.5985742643925
50.20.4,50,10,sats,2,2/8,5722.8230117681005,4531.5985742643925
50.20.4,50,10,sats,3,3/8,5689.236798694392,4531.5985742643925
50.20.4,50,10,sats,4,4/8,5689.236798694392,4531.5985742643925
50.20.4,50,10,sats,5,5/8,5689.236798694392,4531.5985742643925
50.20.4,50,10,sats,6,6/8,5533.149173636149,4531.5985742643925
50.20.4,50,10,sats,7,7/8,5533.149173636149,4531.5985742643925
50.20.4,50,10,sats,8,8/8,5533.149173636149,4531.5985742643925
50.30.1,50,1,ims,0,0/8,15750.07510142614,8873.783828187867
50.30.1,50,1,ims,1,1/8,8873.783828187865,8873.783828187867
50.30.1,50,1,ims,2,2/8,8873.783828187865,8873.783828187867
50.30.1,50,1,ims,3,3/8,8873.783828187865,8873.783828187867
50.30.1,50,1,ims,4,4/8,8873.783828187865,8873.783828187867
50.30.1,50,1,ims,5,5/8,8873.783828187865,8873.783828187867
50.30.1,50,1,ims,6,6/8,8873.783828187865,8873.783828187867
50.30.1,50,1,ims,7,7/8,8873.783828187865,8873.783828187867
50.30.1,50,1,ims,8,8/8,8873.783828187865,8873.783828187867
50.30.1,50,2,ims,0,0/8,16536.22351601862,8873.783828187867
50.30.1,50,2,ims,1,1/8,8873.783828187867,8873.783828187867
50.30.1,50,2,ims,2,2/8,8873.783828187865,8873.783828187867
50.30.1,50,2,ims,3,3/8,8873.783828187865,8873.783828187867
50.30.1,50,2,ims,4,4/8,8873.783828187865,8873.783828187867
50.30.1,50,2,ims,5,5/8,8873.783828187865,8873.783828187867
50.30.1,50,2,ims,6,6/8,8873.783828187865,8873.783828187867
50.30.1,50,2,ims,7,7/8,8873.783828187865,8873.783828187867
50.30.1,50,2,ims,8,8/8,8873.783828187865,8873.783828187867
50.30.1,50,3,ims,0,0/8,17209.832830741696,8873.783828187867
50.30.1,50,3,ims,1,1/8,8873.783828187867,8873.783828187867
50.30.1,50,3,ims,2,2/8,8873.783828187865,8873.783828187867
50.30.1,50,3,ims,3,3/8,8873.783828187865,8873.783828187867
50.30.1,50,3,ims,4,4/8,8873.783828187865,8873.783828187867
50.30.1,50,3,ims,5,5/8,8873.783828187865,8873.783828187867
50.30.1,50,3,ims,6,6/8,8873.783828187865,8873.783828187867
50.30.1,50,3,ims,7,7/8,8873.783828187865,8873.783828187867
50.30.1,50,3,ims,8,8/8,8873.783828187865,8873.783828187867
50.30.1,50,4,ims,0,0/8,15593.742893841196,8873.783828187867
50.30.1,50,4,ims,1,1/8,8926.203110717317,8873.783828187867
50.30.1,50,4,ims,2,2/8,8873.783828187865,8873.783828187867
50.30.1,50,4,ims,3,3/8,8873.783828187865,8873.783828187867
50.30.1,50,4,ims,4,4/8,8873.783828187865,8873.783828187867
50.30.1,50,4,ims,5,5/8,8873.783828187865,8873.783828187867
50.30.1,50,4,ims,6,6/8,8873.783828187865,8873.783828187867
50.30.1,50,4,ims,7,7/8,8873.783828187865,8873.783828187867
50.30.1,50,4,ims,8,8/8,8873.783828187865,8873.783828187867
50.30.1,50,5,ims,0,0/8,13998.09829792735,8873.783828187867
50.30.1,50,5,ims,1,1/8,8873.783828187867,8873.783828187867
50.30.1,50,5,ims,2,2/8,8873.783828187867,8873.783828187867
50.30.1,50,5,ims,3,3/8,8873.783828187865,8873.783828187867
50.30.1,50,5,ims,4,4/8,8873.783828187865,8873.783828187867
50.30.1,50,5,ims,5,5/8,8873.783828187865,8873.783828187867
50.30.1,50,5,ims,6,6/8,8873.783828187865,8873.783828187867
50.30.1,50,5,ims,7,7/8,8873.783828187865,8873.783828187867
50.30.1,50,5,ims,8,8/8,8873.783828187865,8873.783828187867
50.30.1,50,6,ims,0,0/8,16783.447521353097,8873.783828187867
50.30.1,50,6,ims,1,1/8,8873.783828187867,8873.783828187867
50.30.1,50,6,ims,2,2/8,8873.783828187865,8873.783828187867
50.30.1,50,6,ims,3,3/8,8873.783828187865,8873.783828187867
50.30.1,50,6,ims,4,4/8,8873.783828187865,8873.783828187867
50.30.1,50,6,ims,5,5/8,8873.783828187865,8873.783828187867
50.30.1,50,6,ims,6,6/8,8873.783828187865,8873.783828187867
50.30.1,50,6,ims,7,7/8,8873.783828187865,8873.783828187867
50.30.1,50,6,ims,8,8/8,8873.783828187865,8873.783828187867
50.30.1,50,7,ims,0,0/8,16233.04076848104,8873.783828187867
50.30.1,50,7,ims,1,1/8,8873.783828187865,8873.783828187867
50.30.1,50,7,ims,2,2/8,8873.783828187865,8873.783828187867
50.30.1,50,7,ims,3,3/8,8873.783828187865,8873.783828187867
50.30.1,50,7,ims,4,4/8,8873.783828187865,8873.783828187867
50.30.1,50,7,ims,5,5/8,8873.783828187865,8873.783828187867
50.30.1,50,7,ims,6,6/8,8873.783828187865,8873.783828187867
50.30.1,50,7,ims,7,7/8,8873.783828187865,8873.783828187867
50.30.1,50,7,ims,8,8/8,8873.783828187865,8873.783828187867
50.30.1,50,8,ims,0,0/8,17529.156450297414,8873.783828187867
50.30.1,50,8,ims,1,1/8,8873.783828187867,8873.783828187867
50.30.1,50,8,ims,2,2/8,8873.783828187865,8873.783828187867
50.30.1,50,8,ims,3,3/8,8873.783828187865,8873.783828187867
50.30.1,50,8,ims,4,4/8,8873.783828187865,8873.783828187867
50.30.1,50,8,ims,5,5/8,8873.783828187865,8873.783828187867
50.30.1,50,8,ims,6,6/8,8873.783828187865,8873.783828187867
50.30.1,50,8,ims,7,7/8,8873.783828187865,8873.783828187867
50.30.1,50,8,ims,8,8/8,8873.783828187865,8873.783828187867
50.30.1,50,9,ims,0,0/8,17161.662371256178,8873.783828187867
50.30.1,50,9,ims,1,1/8,8873.783828187867,8873.783828187867
50.30.1,50,9,ims,2,2/8,8873.783828187867,8873.783828187867
50.30.1,50,9,ims,3,3/8,8873.783828187865,8873.783828187867
50.30.1,50,9,ims,4,4/8,8873.783828187865,8873.783828187867
50.30.1,50,9,ims,5,5/8,8873.783828187865,8873.783828187867
50.30.1,50,9,ims,6,6/8,8873.783828187865,8873.783828187867
50.30.1,50,9,ims,7,7/8,8873.783828187865,8873.783828187867
50.30.1,50,9,ims,8,8/8,8873.783828187865,8873.783828187867
50.30.1,50,10,ims,0,0/8,15036.42142774852,8873.783828187867
50.30.1,50,10,ims,1,1/8,8873.783828187865,8873.783828187867
50.30.1,50,10,ims,2,2/8,8873.783828187865,8873.783828187867
50.30.1,50,10,ims,3,3/8,8873.783828187865,8873.783828187867
50.30.1,50,10,ims,4,4/8,8873.783828187865,8873.783828187867
50.30.1,50,10,ims,5,5/8,8873.783828187865,8873.783828187867
50.30.1,50,10,ims,6,6/8,8873.783828187865,8873.783828187867
50.30.1,50,10,ims,7,7/8,8873.783828187865,8873.783828187867
50.30.1,50,10,ims,8,8/8,8873.783828187865,8873.783828187867
50.30.1,50,1,sats,0,0/8,17303.398666822668,8873.783828187867
50.30.1,50,1,sats,1,1/8,8873.783828187867,8873.783828187867
50.30.1,50,1,sats,2,2/8,8873.783828187867,8873.783828187867
50.30.1,50,1,sats,3,3/8,8873.783828187867,8873.783828187867
50.30.1,50,1,sats,4,4/8,8873.783828187867,8873.783828187867
50.30.1,50,1,sats,5,5/8,8873.783828187867,8873.783828187867
50.30.1,50,1,sats,6,6/8,8873.783828187867,8873.783828187867
50.30.1,50,1,sats,7,7/8,8873.783828187867,8873.783828187867
50.30.1,50,1,sats,8,8/8,8873.783828187867,8873.783828187867
50.30.1,50,2,sats,0,0/8,17451.005433282484,8873.783828187867
50.30.1,50,2,sats,1,1/8,9335.450202221815,8873.783828187867
50.30.1,50,2,sats,2,2/8,9027.615507607734,8873.783828187867
50.30.1,50,2,sats,3,3/8,9027.615507607734,8873.783828187867
50.30.1,50,2,sats,4,4/8,8873.783828187867,8873.783828187867
50.30.1,50,2,sats,5,5/8,8873.783828187867,8873.783828187867
50.30.1,50,2,sats,6,6/8,8873.783828187867,8873.783828187867
50.30.1,50,2,sats,7,7/8,8873.783828187867,8873.783828187867
50.30.1,50,2,sats,8,8/8,8873.783828187867,8873.783828187867
50.30.1,50,3,sats,0,0/8,17676.553434621692,8873.783828187867
50.30.1,50,3,sats,1,1/8,8873.783828187867,8873.783828187867
50.30.1,50,3,sats,2,2/8,8873.783828187867,8873.783828187867
50.30.1,50,3,sats,3,3/8,8873.783828187867,8873.783828187867
50.30.1,50,3,sats,4,4/8,8873.783828187867,8873.783828187867
50.30.1,50,3,sats,5,5/8,8873.783828187867,8873.783828187867
50.30.1,50,3,sats,6,6/8,8873.783828187867,8873.783828187867
50.30.1,50,3,sats,7,7/8,8873.783828187867,8873.783828187867
50.30.1,50,3,sats,8,8/8,8873.783828187867,8873.783828187867
50.30.1,50,4,sats,0,0/8,19382.263229986293,8873.783828187867
50.30.1,50,4,sats,1,1/8,8873.783828187867,8873.783828187867
50.30.1,50,4,sats,2,2/8,8873.783828187867,8873.783828187867
50.30.1,50,4,sats,3,3/8,8873.783828187867,8873.783828187867
50.30.1,50,4,sats,4,4/8,8873.783828187867,8873.783828187867
50.30.1,50,4,sats,5,5/8,8873.783828187867,8873.783828187867
50.30.1,50,4,sats,6,6/8,8873.783828187867,8873.783828187867
50.30.1,50,4,sats,7,7/8,8873.783828187867,8873.783828187867
50.30.1,50,4,sats,8,8/8,8873.783828187867,8873.783828187867
50.30.1,50,5,sats,0,0/8,16505.833380091975,8873.783828187867
50.30.1,50,5,sats,1,1/8,8873.783828187867,8873.783828187867
50.30.1,50,5,sats,2,2/8,8873.783828187867,8873.783828187867
50.30.1,50,5,sats,3,3/8,8873.783828187867,8873.783828187867
50.30.1,50,5,sats,4,4/8,8873.783828187867,8873.783828187867
50.30.1,50,5,sats,5,5/8,8873.783828187867,8873.783828187867
50.30.1,50,5,sats,6,6/8,8873.783828187867,8873.783828187867
50.30.1,50,5,sats,7,7/8,8873.783828187867,8873.783828187867
50.30.1,50,5,sats,8,8/8,8873.783828187867,8873.783828187867
50.30.1,50,6,sats,0,0/8,18339.22952450732,8873.783828187867
50.30.1,50,6,sats,1,1/8,8884.638062285881,8873.783828187867
50.30.1,50,6,sats,2,2/8,8884.638062285881,8873.783828187867
50.30.1,50,6,sats,3,3/8,8873.783828187867,8873.783828187867
50.30.1,50,6,sats,4,4/8,8873.783828187867,8873.783828187867
50.30.1,50,6,sats,5,5/8,8873.783828187867,8873.783828187867
50.30.1,50,6,sats,6,6/8,8873.783828187867,8873.783828187867
50.30.1,50,6,sats,7,7/8,8873.783828187867,8873.783828187867
50.30.1,50,6,sats,8,8/8,8873.783828187867,8873.783828187867
50.30.1,50,7,sats,0,0/8,16233.04076848104,8873.783828187867
50.30.1,50,7,sats,1,1/8,8873.783828187867,8873.783828187867
50.30.1,50,7,sats,2,2/8,8873.783828187867,8873.783828187867
50.30.1,50,7,sats,3,3/8,8873.783828187867,8873.783828187867
50.30.1,50,7,sats,4,4/8,8873.783828187867,8873.783828187867
50.30.1,50,7,sats,5,5/8,8873.783828187867,8873.783828187867
50.30.1,50,7,sats,6,6/8,8873.783828187867,8873.783828187867
50.30.1,50,7,sats,7,7/8,8873.783828187867,8873.783828187867
50.30.1,50,7,sats,8,8/8,8873.783828187867,8873.783828187867
50.30.1,50,8,sats,0,0/8,19292.972677436024,8873.783828187867
50.30.1,50,8,sats,1,1/8,8873.783828187865,8873.783828187867
50.30.1,50,8,sats,2,2/8,8873.783828187865,8873.783828187867
50.30.1,50,8,sats,3,3/8,8873.783828187865,8873.783828187867
50.30.1,50,8,sats,4,4/8,8873.783828187865,8873.783828187867
50.30.1,50,8,sats,5,5/8,8873.783828187865,8873.783828187867
50.30.1,50,8,sats,6,6/8,8873.783828187865,8873.783828187867
50.30.1,50,8,sats,7,7/8,8873.783828187865,8873.783828187867
50.30.1,50,8,sats,8,8/8,8873.783828187865,8873.783828187867
50.30.1,50,9,sats,0,0/8,20589.795678972765,8873.783828187867
50.30.1,50,9,sats,1,1/8,9718.6553198695,8873.783828187867
50.30.1,50,9,sats,2,2/8,8873.783828187865,8873.783828187867
50.30.1,50,9,sats,3,3/8,8873.783828187865,8873.783828187867
50.30.1,50,9,sats,4,4/8,8873.783828187865,8873.783828187867
50.30.1,50,9,sats,5,5/8,8873.783828187865,8873.783828187867
50.30.1,50,9,sats,6,6/8,8873.783828187865,8873.783828187867
50.30.1,50,9,sats,7,7/8,8873.783828187865,8873.783828187867
50.30.1,50,9,sats,8,8/8,8873.783828187865,8873.783828187867
50.30.1,50,10,sats,0,0/8,17460.110735777034,8873.783828187867
50.30.1,50,10,sats,1,1/8,8884.638062285881,8873.783828187867
50.30.1,50,10,sats,2,2/8,8873.783828187867,8873.783828187867
50.30.1,50,10,sats,3,3/8,8873.783828187867,8873.783828187867
50.30.1,50,10,sats,4,4/8,8873.783828187867,8873.783828187867
50.30.1,50,10,sats,5,5/8,8873.783828187867,8873.783828187867
50.30.1,50,10,sats,6,6/8,8873.783828187867,8873.783828187867
50.30.1,50,10,sats,7,7/8,8873.783828187867,8873.783828187867
50.30.1,50,10,sats,8,8/8,8873.783828187867,8873.783828187867
50.30.2,50,1,ims,0,0/8,13917.79080943951,8019.961154560939
50.30.2,50,1,ims,1,1/8,8037.201633097809,8019.961154560939
50.30.2,50,1,ims,2,2/8,8037.201633097809,8019.961154560939
50.30.2,50,1,ims,3,3/8,8037.201633097809,8019.961154560939
50.30.2,50,1,ims,4,4/8,8037.201633097809,8019.961154560939
50.30.2,50,1,ims,5,5/8,8037.201633097809,8019.961154560939
50.30.2,50,1,ims,6,6/8,8019.961154560939,8019.961154560939
50.30.2,50,1,ims,7,7/8,8019.961154560939,8019.961154560939
50.30.2,50,1,ims,8,8/8,8019.961154560939,8019.961154560939
50.30.2,50,2,ims,0,0/8,14352.173865747269,8019.961154560939
50.30.2,50,2,ims,1,1/8,8037.201633097809,8019.961154560939
50.30.2,50,2,ims,2,2/8,8019.961154560939,8019.961154560939
50.30.2,50,2,ims,3,3/8,8019.961154560939,8019.961154560939
50.30.2,50,2,ims,4,4/8,8019.961154560939,8019.961154560939
50.30.2,50,2,ims,5,5/8,8019.961154560939,8019.961154560939
50.30.2,50,2,ims,6,6/8,8019.961154560939,8019.961154560939
50.30.2,50,2,ims,7,7/8,8019.961154560939,8019.961154560939
50.30.2,50,2,ims,8,8/8,8019.961154560939,8019.961154560939
50.30.2,50,3,ims,0,0/8,11714.767058951798,8019.961154560939
50.30.2,50,3,ims,1,1/8,8031.457989635928,8019.961154560939
50.30.2,50,3,ims,2,2/8,8031.457989635928,8019.961154560939
50.30.2,50,3,ims,3,3/8,8019.961154560939,8019.961154560939
50.30.2,50,3,ims,4,4/8,8019.961154560939,8019.961154560939
50.30.2,50,3,ims,5,5/8,8019.961154560939,8019.961154560939
50.30.2,50,3,ims,6,6/8,8019.961154560939,8019.961154560939
50.30.2,50,3,ims,7,7/8,8019.961154560939,8019.961154560939
50.30.2,50,3,ims,8,8/8,8019.961154560939,8019.961154560939
50.30.2,50,4,ims,0,0/8,12800.678371067715,8019.961154560939
50.30.2,50,4,ims,1,1/8,8037.201633097809,8019.961154560939
50.30.2,50,4,ims,2,2/8,8019.961154560939,8019.961154560939
50.30.2,50,4,ims,3,3/8,8019.961154560939,8019.961154560939
50.30.2,50,4,ims,4,4/8,8019.961154560939,8019.961154560939
50.30.2,50,4,ims,5,5/8,8019.961154560939,8019.961154560939
50.30.2,50,4,ims,6,6/8,8019.961154560939,8019.961154560939
50.30.2,50,4,ims,7,7/8,8019.961154560939,8019.961154560939
50.30.2,50,4,ims,8,8/8,8019.961154560939,8019.961154560939
50.30.2,50,5,ims,0,0/8,11571.006425029598,8019.961154560939
50.30.2,50,5,ims,1,1/8,8037.201633097809,8019.961154560939
50.30.2,50,5,ims,2,2/8,8019.961154560939,8019.961154560939
50.30.2,50,5,ims,3,3/8,8019.961154560939,8019.961154560939
50.30.2,50,5,ims,4,4/8,8019.961154560939,8019.961154560939
50.30.2,50,5,ims,5,5/8,8019.961154560939,8019.961154560939
50.30.2,50,5,ims,6,6/8,8019.961154560939,8019.961154560939
50.30.2,50,5,ims,7,7/8,8019.961154560939,8019.961154560939
50.30.2,50,5,ims,8,8/8,8019.961154560939,8019.961154560939
50.30.2,50,6,ims,0,0/8,14162.525221214626,8019.961154560939
50.30.2,50,6,ims,1,1/8,8019.961154560939,8019.961154560939
50.30.2,50,6,ims,2,2/8,8019.961154560939,8019.961154560939
50.30.2,50,6,ims,3,3/8,8019.961154560939,8019.961154560939
50.30.2,50,6,ims,4,4/8,8019.961154560939,8019.961154560939
50.30.2,50,6,ims,5,5/8,8019.961154560939,8019.961154560939
50.30.2,50,6,ims,6,6/8,8019.961154560939,8019.961154560939
50.30.2,50,6,ims,7,7/8,8019.961154560939,8019.961154560939
50.30.2,50,6,ims,8,8/8,8019.961154560939,8019.961154560939
50.30.2,50,7,ims,0,0/8,12656.666276010168,8019.961154560939
50.30.2,50,7,ims,1,1/8,8037.201633097809,8019.961154560939
50.30.2,50,7,ims,2,2/8,8037.201633097809,8019.961154560939
50.30.2,50,7,ims,3,3/8,8019.961154560939,8019.961154560939
50.30.2,50,7,ims,4,4/8,8019.961154560939,8019.961154560939
50.30.2,50,7,ims,5,5/8,8019.961154560939,8019.961154560939
50.30.2,50,7,ims,6,6/8,8019.961154560939,8019.961154560939
50.30.2,50,7,ims,7,7/8,8019.961154560939,8019.961154560939
50.30.2,50,7,ims,8,8/8,8019.961154560939,8019.961154560939
50.30.2,50,8,ims,0,0/8,12564.69846545436,8019.961154560939
50.30.2,50,8,ims,1,1/8,8019.961154560939,8019.961154560939
50.30.2,50,8,ims,2,2/8,8019.961154560939,8019.961154560939
50.30.2,50,8,ims,3,3/8,8019.961154560939,8019.961154560939
50.30.2,50,8,ims,4,4/8,8019.961154560939,8019.961154560939
50.30.2,50,8,ims,5,5/8,8019.961154560939,8019.961154560939
50.30.2,50,8,ims,6,6/8,8019.961154560939,8019.961154560939
50.30.2,50,8,ims,7,7/8,8019.961154560939,8019.961154560939
50.30.2,50,8,ims,8,8/8,8019.961154560939,8019.961154560939
50.30.2,50,9,ims,0,0/8,11702.205350999222,8019.961154560939
50.30.2,50,9,ims,1,1/8,8037.201633097809,8019.961154560939
50.30.2,50,9,ims,2,2/8,8019.961154560939,8019.961154560939
50.30.2,50,9,ims,3,3/8,8019.961154560939,8019.961154560939
50.30.2,50,9,ims,4,4/8,8019.961154560939,8019.961154560939
50.30.2,50,9,ims,5,5/8,8019.961154560939,8019.961154560939
50.30.2,50,9,ims,6,6/8,8019.961154560939,8019.961154560939
50.30.2,50,9,ims,7,7/8,8019.961154560939,8019.961154560939
50.30.2,50,9,ims,8,8/8,8019.961154560939,8019.961154560939
50.30.2,50,10,ims,0,0/8,12854.260388414808,8019.961154560939
50.30.2,50,10,ims,1,1/8,8039.759828979306,8019.961154560939
50.30.2,50,10,ims,2,2/8,8019.961154560939,8019.961154560939
50.30.2,50,10,ims,3,3/8,8019.961154560939,8019.961154560939
50.30.2,50,10,ims,4,4/8,8019.961154560939,8019.961154560939
50.30.2,50,10,ims,5,5/8,8019.961154560939,8019.961154560939
50.30.2,50,10,ims,6,6/8,8019.961154560939,8019.961154560939
50.30.2,50,10,ims,7,7/8,8019.961154560939,8019.961154560939
50.30.2,50,10,ims,8,8/8,8019.961154560939,8019.961154560939
50.30.2,50,1,sats,0,0/8,14202.324587571087,8019.961154560939
50.30.2,50,1,sats,1,1/8,8090.9732104753475,8019.961154560939
50.30.2,50,1,sats,2,2/8,8037.201633097809,8019.961154560939
50.30.2,50,1,sats,3,3/8,8037.201633097809,8019.961154560939
50.30.2,50,1,sats,4,4/8,8037.201633097809,8019.961154560939
50.30.2,50,1,sats,5,5/8,8037.201633097809,8019.961154560939
50.30.2,50,1,sats,6,6/8,8019.961154560939,8019.961154560939
50.30.2,50,1,sats,7,7/8,8019.961154560939,8019.961154560939
50.30.2,50,1,sats,8,8/8,8019.961154560939,8019.961154560939
50.30.2,50,2,sats,0,0/8,14555.387494877776,8019.961154560939
50.30.2,50,2,sats,1,1/8,8090.973210475347,8019.961154560939
50.30.2,50,2,sats,2,2/8,8090.973210475347,8019.961154560939
50.30.2,50,2,sats,3,3/8,8037.201633097809,8019.961154560939
50.30.2,50,2,sats,4,4/8,8037.201633097809,8019.961154560939
50.30.2,50,2,sats,5,5/8,8037.201633097809,8019.961154560939
50.30.2,50,2,sats,6,6/8,8037.201633097809,8019.961154560939
50.30.2,50,2,sats,7,7/8,8037.201633097809,8019.961154560939
50.30.2,50,2,sats,8,8/8,8037.201633097809,8019.961154560939
50.30.2,50,3,sats,0,0/8,15396.19481075732,8019.961154560939
50.30.2,50,3,sats,1,1/8,8037.201633097809,8019.961154560939
50.30.2,50,3,sats,2,2/8,8019.961154560939,8019.961154560939
50.30.2,50,3,sats,3,3/8,8019.961154560939,8019.961154560939
50.30.2,50,3,sats,4,4/8,8019.961154560939,8019.961154560939
50.30.2,50,3,sats,5,5/8,8019.961154560939,8019.961154560939
50.30.2,50,3,sats,6,6/8,8019.961154560939,8019.961154560939
50.30.2,50,3,sats,7,7/8,8019.961154560939,8019.961154560939
50.30.2,50,3,sats,8,8/8,8019.961154560939,8019.961154560939
50.30.2,50,4,sats,0,0/8,12800.678371067715,8019.961154560939
50.30.2,50,4,sats,1,1/8,8112.889061600163,8019.961154560939
50.30.2,50,4,sats,2,2/8,8019.961154560939,8019.961154560939
50.30.2,50,4,sats,3,3/8,8019.961154560939,8019.961154560939
50.30.2,50,4,sats,4,4/8,8019.961154560939,8019.961154560939
50.30.2,50,4,sats,5,5/8,8019.961154560939,8019.961154560939
50.30.2,50,4,sats,6,6/8,8019.961154560939,8019.961154560939
50.30.2,50,4,sats,7,7/8,8019.961154560939,8019.961154560939
50.30.2,50,4,sats,8,8/8,8019.961154560939,8019.961154560939
50.30.2,50,5,sats,0,0/8,13942.859954589045,8019.961154560939
50.30.2,50,5,sats,1,1/8,8037.201633097809,8019.961154560939
50.30.2,50,5,sats,2,2/8,8037.201633097809,8019.961154560939
50.30.2,50,5,sats,3,3/8,8037.201633097809,8019.961154560939
50.30.2,50,5,sats,4,4/8,8037.201633097809,8019.961154560939
50.30.2,50,5,sats,5,5/8,8037.201633097809,8019.961154560939
50.30.2,50,5,sats,6,6/8,8037.201633097809,8019.961154560939
50.30.2,50,5,sats,7,7/8,8037.201633097809,8019.961154560939
50.30.2,50,5,sats,8,8/8,8037.201633097809,8019.961154560939
50.30.2,50,6,sats,0,0/8,14561.576674725797,8019.961154560939
50.30.2,50,6,sats,1,1/8,8019.961154560939,8019.961154560939
50.30.2,50,6,sats,2,2/8,8019.961154560939,8019.961154560939
50.30.2,50,6,sats,3,3/8,8019.961154560939,8019.961154560939
50.30.2,50,6,sats,4,4/8,8019.961154560939,8019.961154560939
50.30.2,50,6,sats,5,5/8,8019.961154560939,8019.961154560939
50.30.2,50,6,sats,6,6/8,8019.961154560939,8019.961154560939
50.30.2,50,6,sats,7,7/8,8019.961154560939,8019.961154560939
50.30.2,50,6,sats,8,8/8,8019.961154560939,8019.961154560939
50.30.2,50,7,sats,0,0/8,14387.590508950178,8019.961154560939
50.30.2,50,7,sats,1,1/8,8037.201633097809,8019.961154560939
50.30.2,50,7,sats,2,2/8,8037.201633097809,8019.961154560939
50.30.2,50,7,sats,3,3/8,8037.201633097809,8019.961154560939
50.30.2,50,7,sats,4,4/8,8037.201633097809,8019.961154560939
50.30.2,50,7,sats,5,5/8,8037.201633097809,8019.961154560939
50.30.2,50,7,sats,6,6/8,8037.201633097809,8019.961154560939
50.30.2,50,7,sats,7,7/8,8037.201633097809,8019.961154560939
50.30.2,50,7,sats,8,8/8,8037.201633097809,8019.961154560939
50.30.2,50,8,sats,0,0/8,14380.602948820984,8019.961154560939
50.30.2,50,8,sats,1,1/8,8094.13644593736,8019.961154560939
50.30.2,50,8,sats,2,2/8,8090.9732104753475,8019.961154560939
50.30.2,50,8,sats,3,3/8,8037.201633097809,8019.961154560939
50.30.2,50,8,sats,4,4/8,8037.201633097809,8019.961154560939
50.30.2,50,8,sats,5,5/8,8037.201633097809,8019.961154560939
50.30.2,50,8,sats,6,6/8,8037.201633097809,8019.961154560939
50.30.2,50,8,sats,7,7/8,8037.201633097809,8019.961154560939
50.30.2,50,8,sats,8,8/8,8037.201633097809,8019.961154560939
50.30.2,50,9,sats,0,0/8,14384.165008156084,8019.961154560939
50.30.2,50,9,sats,1,1/8,8094.316763365675,8019.961154560939
50.30.2,50,9,sats,2,2/8,8090.973210475347,8019.961154560939
50.30.2,50,9,sats,3,3/8,8090.973210475347,8019.961154560939
50.30.2,50,9,sats,4,4/8,8037.201633097809,8019.961154560939
50.30.2,50,9,sats,5,5/8,8037.201633097809,8019.961154560939
50.30.2,50,9,sats,6,6/8,8037.201633097809,8019.961154560939
50.30.2,50,9,sats,7,7/8,8037.201633097809,8019.961154560939
50.30.2,50,9,sats,8,8/8,8037.201633097809,8019.961154560939
50.30.2,50,10,sats,0,0/8,16424.41291980232,8019.961154560939
50.30.2,50,10,sats,1,1/8,8039.759828979306,8019.961154560939
50.30.2,50,10,sats,2,2/8,8037.201633097809,8019.961154560939
50.30.2,50,10,sats,3,3/8,8037.201633097809,8019.961154560939
50.30.2,50,10,sats,4,4/8,8037.201633097809,8019.961154560939
50.30.2,50,10,sats,5,5/8,8037.201633097809,8019.961154560939
50.30.2,50,10,sats,6,6/8,8037.201633097809,8019.961154560939
50.30.2,50,10,sats,7,7/8,8037.201633097809,8019.961154560939
50.30.2,50,10,sats,8,8/8,8037.201633097809,8019.961154560939
50.30.3,50,1,ims,0,0/8,16350.827771537537,8908.103012671027
50.30.3,50,1,ims,1,1/8,8908.103012671027,8908.103012671027
50.30.3,50,1,ims,2,2/8,8908.103012671027,8908.103012671027
50.30.3,50,1,ims,3,3/8,8908.103012671027,8908.103012671027
50.30.3,50,1,ims,4,4/8,8908.103012671027,8908.103012671027
50.30.3,50,1,ims,5,5/8,8908.103012671027,8908.103012671027
50.30.3,50,1,ims,6,6/8,8908.103012671027,8908.103012671027
50.30.3,50,1,ims,7,7/8,8908.103012671027,8908.103012671027
50.30.3,50,1,ims,8,8/8,8908.103012671027,8908.103012671027
50.30.3,50,2,ims,0,0/8,15866.385854435975,8908.103012671027
50.30.3,50,2,ims,1,1/8,8990.217891671477,8908.103012671027
50.30.3,50,2,ims,2,2/8,8908.103012671027,8908.103012671027
50.30.3,50,2,ims,3,3/8,8908.103012671027,8908.103012671027
50.30.3,50,2,ims,4,4/8,8908.103012671027,8908.103012671027
50.30.3,50,2,ims,5,5/8,8908.103012671027,8908.103012671027
50.30.3,50,2,ims,6,6/8,8908.103012671027,8908.103012671027
50.30.3,50,2,ims,7,7/8,8908.103012671027,8908.103012671027
50.30.3,50,2,ims,8,8/8,8908.103012671027,8908.103012671027
50.30.3,50,3,ims,0,0/8,15514.53212628372,8908.103012671027
50.30.3,50,3,ims,1,1/8,8908.103012671027,8908.103012671027
50.30.3,50,3,ims,2,2/8,8908.103012671027,8908.103012671027
50.30.3,50,3,ims,3,3/8,8908.103012671027,8908.103012671027
50.30.3,50,3,ims,4,4/8,8908.103012671027,8908.103012671027
50.30.3,50,3,ims,5,5/8,8908.103012671027,8908.103012671027
50.30.3,50,3,ims,6,6/8,8908.103012671027,8908.103012671027
50.30.3,50,3,ims,7,7/8,8908.103012671027,8908.103012671027
50.30.3,50,3,ims,8,8/8,8908.103012671027,8908.103012671027
50.30.3,50,4,ims,0,0/8,13840.172663097712,8908.103012671027
50.30.3,50,4,ims,1,1/8,8908.103012671027,8908.103012671027
50.30.3,50,4,ims,2,2/8,8908.103012671027,8908.103012671027
50.30.3,50,4,ims,3,3/8,8908.103012671027,8908.103012671027
50.30.3,50,4,ims,4,4/8,8908.103012671027,8908.103012671027
50.30.3,50,4,ims,5,5/8,8908.103012671027,8908.103012671027
50.30.3,50,4,ims,6,6/8,8908.103012671027,8908.103012671027
50.30.3,50,4,ims,7,7/8,8908.103012671027,8908.103012671027
50.30.3,50,4,ims,8,8/8,8908.103012671027,8908.103012671027
50.30.3,50,5,ims,0,0/8,15179.707555959487,8908.103012671027
50.30.3,50,5,ims,1,1/8,9099.797076996674,8908.103012671027
50.30.3,50,5,ims,2,2/8,8908.103012671027,8908.103012671027
50.30.3,50,5,ims,3,3/8,8908.103012671027,8908.103012671027
50.30.3,50,5,ims,4,4/8,8908.103012671027,8908.103012671027
50.30.3,50,5,ims,5,5/8,8908.103012671027,8908.103012671027
50.30.3,50,5,ims,6,6/8,8908.103012671027,8908.103012671027
50.30.3,50,5,ims,7,7/8,8908.103012671027,8908.103012671027
50.30.3,50,5,ims,8,8/8,8908.103012671027,8908.103012671027
50.30.3,50,6,ims,0,0/8,15216.565729114216,8908.103012671027
50.30.3,50,6,ims,1,1/8,8908.103012671027,8908.103012671027
50.30.3,50,6,ims,2,2/8,8908.103012671027,8908.103012671027
50.30.3,50,6,ims,3,3/8,8908.103012671027,8908.103012671027
50.30.3,50,6,ims,4,4/8,8908.103012671027,8908.103012671027
50.30.3,50,6,ims,5,5/8,8908.103012671027,8908.103012671027
50.30.3,50,6,ims,6,6/8,8908.103012671027,8908.103012671027
50.30.3,50,6,ims,7,7/8,8908.103012671027,8908.103012671027
50.30.3,50,6,ims,8,8/8,8908.103012671027,8908.103012671027
50.30.3,50,7,ims,0,0/8,14906.098527296404,8908.103012671027
50.30.3,50,7,ims,1,1/8,8908.103012671028,8908.103012671027
50.30.3,50,7,ims,2,2/8,8908.103012671027,8908.103012671027
50.30.3,50,7,ims,3,3/8,8908.103012671027,8908.103012671027
50.30.3,50,7,ims,4,4/8,8908.103012671027,8908.103012671027
50.30.3,50,7,ims,5,5/8,8908.103012671027,8908.103012671027
50.30.3,50,7,ims,6,6/8,8908.103012671027,8908.103012671027
50.30.3,50,7,ims,7,7/8,8908.103012671027,8908.103012671027
50.30.3,50,7,ims,8,8/8,8908.103012671027,8908.103012671027
50.30.3,50,8,ims,0,0/8,15434.560854562293,8908.103012671027
50.30.3,50,8,ims,1,1/8,8908.103012671027,8908.103012671027
50.30.3,50,8,ims,2,2/8,8908.103012671027,8908.103012671027
50.30.3,50,8,ims,3,3/8,8908.103012671027,8908.103012671027
50.30.3,50,8,ims,4,4/8,8908.103012671027,8908.103012671027
50.30.3,50,8,ims,5,5/8,8908.103012671027,8908.103012671027
50.30.3,50,8,ims,6,6/8,8908.103012671027,8908.103012671027
50.30.3,50,8,ims,7,7/8,8908.103012671027,8908.103012671027
50.30.3,50,8,ims,8,8/8,8908.103012671027,8908.103012671027
50.30.3,50,9,ims,0,0/8,16227.387310159045,8908.103012671027
50.30.3,50,9,ims,1,1/8,8908.103012671027,8908.103012671027
50.30.3,50,9,ims,2,2/8,8908.103012671027,8908.103012671027
50.30.3,50,9,ims,3,3/8,8908.103012671027,8908.103012671027
50.30.3,50,9,ims,4,4/8,8908.103012671027,8908.103012671027
50.30.3,50,9,ims,5,5/8,8908.103012671027,8908.103012671027
50.30.3,50,9,ims,6,6/8,8908.103012671027,8908.103012671027
50.30.3,50,9,ims,7,7/8,8908.103012671027,8908.103012671027
50.30.3,50,9,ims,8,8/8,8908.103012671027,8908.103012671027
50.30.3,50,10,ims,0,0/8,16854.636243156787,8908.103012671027
50.30.3,50,10,ims,1,1/8,8908.103012671027,8908.103012671027
50.30.3,50,10,ims,2,2/8,8908.103012671027,8908.103012671027
50.30.3,50,10,ims,3,3/8,8908.103012671027,8908.103012671027
50.30.3,50,10,ims,4,4/8,8908.103012671027,8908.103012671027
50.30.3,50,10,ims,5,5/8,8908.103012671027,8908.103012671027
50.30.3,50,10,ims,6,6/8,8908.103012671027,8908.103012671027
50.30.3,50,10,ims,7,7/8,8908.103012671027,8908.103012671027
50.30.3,50,10,ims,8,8/8,8908.103012671027,8908.103012671027
50.30.3,50,1,sats,0,0/8,16502.150499104653,8908.103012671027
50.30.3,50,1,sats,1,1/8,8908.103012671027,8908.103012671027
50.30.3,50,1,sats,2,2/8,8908.103012671027,8908.103012671027
50.30.3,50,1,sats,3,3/8,8908.103012671027,8908.103012671027
50.30.3,50,1,sats,4,4/8,8908.103012671027,8908.103012671027
50.30.3,50,1,sats,5,5/8,8908.103012671027,8908.103012671027
50.30.3,50,1,sats,6,6/8,8908.103012671027,8908.103012671027
50.30.3,50,1,sats,7,7/8,8908.103012671027,8908.103012671027
50.30.3,50,1,sats,8,8/8,8908.103012671027,8908.103012671027
50.30.3,50,2,sats,0,0/8,19576.113446018626,8908.103012671027
50.30.3,50,2,sats,1,1/8,10159.095342647917,8908.103012671027
50.30.3,50,2,sats,2,2/8,9409.79360556349,8908.103012671027
50.30.3,50,2,sats,3,3/8,9409.79360556349,8908.103012671027
50.30.3,50,2,sats,4,4/8,9409.79360556349,8908.103012671027
50.30.3,50,2,sats,5,5/8,8908.103012671028,8908.103012671027
50.30.3,50,2,sats,6,6/8,8908.103012671028,8908.103012671027
50.30.3,50,2,sats,7,7/8,8908.103012671028,8908.103012671027
50.30.3,50,2,sats,8,8/8,8908.103012671028,8908.103012671027
50.30.3,50,3,sats,0,0/8,18902.639715588833,8908.103012671027
50.30.3,50,3,sats,1,1/8,9974.822433668276,8908.103012671027
50.30.3,50,3,sats,2,2/8,9974.822433668276,8908.103012671027
50.30.3,50,3,sats,3,3/8,9289.44157944803,8908.103012671027
50.30.3,50,3,sats,4,4/8,9289.44157944803,8908.103012671027
50.30.3,50,3,sats,5,5/8,8908.103012671027,8908.103012671027
50.30.3,50,3,sats,6,6/8,8908.103012671027,8908.103012671027
50.30.3,50,3,sats,7,7/8,8908.103012671027,8908.103012671027
50.30.3,50,3,sats,8,8/8,8908.103012671027,8908.103012671027
50.30.3,50,4,sats,0,0/8,20674.00314245523,8908.103012671027
50.30.3,50,4,sats,1,1/8,8989.182896345923,8908.103012671027
50.30.3,50,4,sats,2,2/8,8989.182896345923,8908.103012671027
50.30.3,50,4,sats,3,3/8,8908.103012671027,8908.103012671027
50.30.3,50,4,sats,4,4/8,8908.103012671027,8908.103012671027
50.30.3,50,4,sats,5,5/8,8908.103012671027,8908.103012671027
50.30.3,50,4,sats,6,6/8,8908.103012671027,8908.103012671027
50.30.3,50,4,sats,7,7/8,8908.103012671027,8908.103012671027
50.30.3,50,4,sats,8,8/8,8908.103012671027,8908.103012671027
50.30.3,50,5,sats,0,0/8,16350.827771537537,8908.103012671027
50.30.3,50,5,sats,1,1/8,9263.747437604117,8908.103012671027
50.30.3,50,5,sats,2,2/8,8990.217891671478,8908.103012671027
50.30.3,50,5,sats,3,3/8,8908.103012671027,8908.103012671027
50.30.3,50,5,sats,4,4/8,8908.103012671027,8908.103012671027
50.30.3,50,5,sats,5,5/8,8908.103012671027,8908.103012671027
50.30.3,50,5,sats,6,6/8,8908.103012671027,8908.103012671027
50.30.3,50,5,sats,7,7/8,8908.103012671027,8908.103012671027
50.30.3,50,5,sats,8,8/8,8908.103012671027,8908.103012671027
50.30.3,50,6,sats,0,0/8,19786.473356214832,8908.103012671027
50.30.3,50,6,sats,1,1/8,9019.95188512179,8908.103012671027
50.30.3,50,6,sats,2,2/8,8990.217891671478,8908.103012671027
50.30.3,50,6,sats,3,3/8,8990.217891671478,8908.103012671027
50.30.3,50,6,sats,4,4/8,8908.103012671028,8908.103012671027
50.30.3,50,6,sats,5,5/8,8908.103012671028,8908.103012671027
50.30.3,50,6,sats,6,6/8,8908.103012671028,8908.103012671027
50.30.3,50,6,sats,7,7/8,8908.103012671028,8908.103012671027
50.30.3,50,6,sats,8,8/8,8908.103012671028,8908.103012671027
50.30.3,50,7,sats,0,0/8,17752.945312416756,8908.103012671027
50.30.3,50,7,sats,1,1/8,8990.217891671478,8908.103012671027
50.30.3,50,7,sats,2,2/8,8918.453462680936,8908.103012671027
50.30.3,50,7,sats,3,3/8,8918.453462680936,8908.103012671027
50.30.3,50,7,sats,4,4/8,8918.453462680936,8908.103012671027
50.30.3,50,7,sats,5,5/8,8918.453462680936,8908.103012671027
50.30.3,50,7,sats,6,6/8,8908.103012671027,8908.103012671027
50.30.3,50,7,sats,7,7/8,8908.103012671027,8908.103012671027
50.30.3,50,7,sats,8,8/8,8908.103012671027,8908.103012671027
50.30.3,50,8,sats,0,0/8,19288.316192419537,8908.103012671027
50.30.3,50,8,sats,1,1/8,9540.08953064259,8908.103012671027
50.30.3,50,8,sats,2,2/8,8908.103012671027,8908.103012671027
50.30.3,50,8,sats,3,3/8,8908.103012671027,8908.103012671027
50.30.3,50,8,sats,4,4/8,8908.103012671027,8908.103012671027
50.30.3,50,8,sats,5,5/8,8908.103012671027,8908.103012671027
50.30.3,50,8,sats,6,6/8,8908.103012671027,8908.103012671027
50.30.3,50,8,sats,7,7/8,8908.103012671027,8908.103012671027
50.30.3,50,8,sats,8,8/8,8908.103012671027,8908.103012671027
50.30.3,50,9,sats,0,0/8,16227.387310159045,8908.103012671027
50.30.3,50,9,sats,1,1/8,9612.80886331226,8908.103012671027
50.30.3,50,9,sats,2,2/8,9612.80886331226,8908.103012671027
50.30.3,50,9,sats,3,3/8,8908.103012671027,8908.103012671027
50.30.3,50,9,sats,4,4/8,8908.103012671027,8908.103012671027
50.30.3,50,9,sats,5,5/8,8908.103012671027,8908.103012671027
50.30.3,50,9,sats,6,6/8,8908.103012671027,8908.103012671027
50.30.3,50,9,sats,7,7/8,8908.103012671027,8908.103012671027
50.30.3,50,9,sats,8,8/8,8908.103012671027,8908.103012671027
50.30.3,50,10,sats,0,0/8,16854.636243156787,8908.103012671027
50.30.3,50,10,sats,1,1/8,10413.285489050057,8908.103012671027
50.30.3,50,10,sats,2,2/8,9302.280764664141,8908.103012671027
50.30.3,50,10,sats,3,3/8,9264.782432929675,8908.103012671027
50.30.3,50,10,sats,4,4/8,9264.782432929675,8908.103012671027
50.30.3,50,10,sats,5,5/8,9264.782432929675,8908.103012671027
50.30.3,50,10,sats,6,6/8,9222.080489962984,8908.103012671027
50.30.3,50,10,sats,7,7/8,8908.103012671027,8908.103012671027
50.30.3,50,10,sats,8,8/8,8908.103012671027,8908.103012671027
50.30.4,50,1,ims,0,0/8,16874.345184317295,8811.661300005724
50.30.4,50,1,ims,1,1/8,9307.751451869719,8811.661300005724
50.30.4,50,1,ims,2,2/8,8811.661300005724,8811.661300005724
50.30.4,50,1,ims,3,3/8,8811.661300005724,8811.661300005724
50.30.4,50,1,ims,4,4/8,8811.661300005724,8811.661300005724
50.30.4,50,1,ims,5,5/8,8811.661300005724,8811.661300005724
50.30.4,50,1,ims,6,6/8,8811.661300005724,8811.661300005724
50.30.4,50,1,ims,7,7/8,8811.661300005724,8811.661300005724
50.30.4,50,1,ims,8,8/8,8811.661300005724,8811.661300005724
50.30.4,50,2,ims,0,0/8,16254.798438539032,8811.661300005724
50.30.4,50,2,ims,1,1/8,8811.661300005724,8811.661300005724
50.30.4,50,2,ims,2,2/8,8811.661300005724,8811.661300005724
50.30.4,50,2,ims,3,3/8,8811.661300005724,8811.661300005724
50.30.4,50,2,ims,4,4/8,8811.661300005724,8811.661300005724
50.30.4,50,2,ims,5,5/8,8811.661300005724,8811.661300005724
50.30.4,50,2,ims,6,6/8,8811.661300005724,8811.661300005724
50.30.4,50,2,ims,7,7/8,8811.661300005724,8811.661300005724
50.30.4,50,2,ims,8,8/8,8811.661300005724,8811.661300005724
50.30.4,50,3,ims,0,0/8,16985.87371009874,8811.661300005724
50.30.4,50,3,ims,1,1/8,8988.97755368469,8811.661300005724
50.30.4,50,3,ims,2,2/8,8811.661300005724,8811.661300005724
50.30.4,50,3,ims,3,3/8,8811.661300005724,8811.661300005724
50.30.4,50,3,ims,4,4/8,8811.661300005724,8811.661300005724
50.30.4,50,3,ims,5,5/8,8811.661300005724,8811.661300005724
50.30.4,50,3,ims,6,6/8,8811.661300005724,8811.661300005724
50.30.4,50,3,ims,7,7/8,8811.661300005724,8811.661300005724
50.30.4,50,3,ims,8,8/8,8811.661300005724,8811.661300005724
50.30.4,50,4,ims,0,0/8,16404.27879533876,8811.661300005724
50.30.4,50,4,ims,1,1/8,9041.272186163642,8811.661300005724
50.30.4,50,4,ims,2,2/8,8811.661300005724,8811.661300005724
50.30.4,50,4,ims,3,3/8,8811.661300005724,8811.661300005724
50.30.4,50,4,ims,4,4/8,8811.661300005724,8811.661300005724
50.30.4,50,4,ims,5,5/8,8811.661300005724,8811.661300005724
50.30.4,50,4,ims,6,6/8,8811.661300005724,8811.661300005724
50.30.4,50,4,ims,7,7/8,8811.661300005724,8811.661300005724
50.30.4,50,4,ims,8,8/8,8811.661300005724,8811.661300005724
50.30.4,50,5,ims,0,0/8,16792.2337346817,8811.661300005724
50.30.4,50,5,ims,1,1/8,8811.661300005724,8811.661300005724
50.30.4,50,5,ims,2,2/8,8811.661300005724,8811.661300005724
50.30.4,50,5,ims,3,3/8,8811.661300005724,8811.661300005724
50.30.4,50,5,ims,4,4/8,8811.661300005724,8811.661300005724
50.30.4,50,5,ims,5,5/8,8811.661300005724,8811.661300005724
50.30.4,50,5,ims,6,6/8,8811.661300005724,8811.661300005724
50.30.4,50,5,ims,7,7/8,8811.661300005724,8811.661300005724
50.30.4,50,5,ims,8,8/8,8811.661300005724,8811.661300005724
50.30.4,50,6,ims,0,0/8,15312.717129206778,8811.661300005724
50.30.4,50,6,ims,1,1/8,8811.661300005724,8811.661300005724
50.30.4,50,6,ims,2,2/8,8811.661300005724,8811.661300005724
50.30.4,50,6,ims,3,3/8,8811.661300005724,8811.661300005724
50.30.4,50,6,ims,4,4/8,8811.661300005724,8811.661300005724
50.30.4,50,6,ims,5,5/8,8811.661300005724,8811.661300005724
50.30.4,50,6,ims,6,6/8,8811.661300005724,8811.661300005724
50.30.4,50,6,ims,7,7/8,8811.661300005724,8811.661300005724
50.30.4,50,6,ims,8,8/8,8811.661300005724,8811.661300005724
50.30.4,50,7,ims,0,0/8,15813.877827443044,8811.661300005724
50.30.4,50,7,ims,1,1/8,8851.218980718793,8811.661300005724
50.30.4,50,7,ims,2,2/8,8811.661300005724,8811.661300005724
50.30.4,50,7,ims,3,3/8,8811.661300005724,8811.661300005724
50.30.4,50,7,ims,4,4/8,8811.661300005724,8811.661300005724
50.30.4,50,7,ims,5,5/8,8811.661300005724,8811.661300005724
50.30.4,50,7,ims,6,6/8,8811.661300005724,8811.661300005724
50.30.4,50,7,ims,7,7/8,8811.661300005724,8811.661300005724
50.30.4,50,7,ims,8,8/8,8811.661300005724,8811.661300005724
50.30.4,50,8,ims,0,0/8,16349.425997832963,8811.661300005724
50.30.4,50,8,ims,1,1/8,8811.661300005724,8811.661300005724
50.30.4,50,8,ims,2,2/8,8811.661300005724,8811.661300005724
50.30.4,50,8,ims,3,3/8,8811.661300005724,8811.661300005724
50.30.4,50,8,ims,4,4/8,8811.661300005724,8811.661300005724
50.30.4,50,8,ims,5,5/8,8811.661300005724,8811.661300005724
50.30.4,50,8,ims,6,6/8,8811.661300005724,8811.661300005724
50.30.4,50,8,ims,7,7/8,8811.661300005724,8811.661300005724
50.30.4,50,8,ims,8,8/8,8811.661300005724,8811.661300005724
50.30.4,50,9,ims,0,0/8,16611.0223625076,8811.661300005724
50.30.4,50,9,ims,1,1/8,9028.243437960427,8811.661300005724
50.30.4,50,9,ims,2,2/8,9028.243437960427,8811.661300005724
50.30.4,50,9,ims,3,3/8,8811.661300005724,8811.661300005724
50.30.4,50,9,ims,4,4/8,8811.661300005724,8811.661300005724
50.30.4,50,9,ims,5,5/8,8811.661300005724,8811.661300005724
50.30.4,50,9,ims,6,6/8,8811.661300005724,8811.661300005724
50.30.4,50,9,ims,7,7/8,8811.661300005724,8811.661300005724
50.30.4,50,9,ims,8,8/8,8811.661300005724,8811.661300005724
50.30.4,50,10,ims,0,0/8,17084.089457465576,8811.661300005724
50.30.4,50,10,ims,1,1/8,8811.661300005724,8811.661300005724
50.30.4,50,10,ims,2,2/8,8811.661300005724,8811.661300005724
50.30.4,50,10,ims,3,3/8,8811.661300005724,8811.661300005724
50.30.4,50,10,ims,4,4/8,8811.661300005724,8811.661300005724
50.30.4,50,10,ims,5,5/8,8811.661300005724,8811.661300005724
50.30.4,50,10,ims,6,6/8,8811.661300005724,8811.661300005724
50.30.4,50,10,ims,7,7/8,8811.661300005724,8811.661300005724
50.30.4,50,10,ims,8,8/8,8811.661300005724,8811.661300005724
50.30.4,50,1,sats,0,0/8,21351.455871136495,8811.661300005724
50.30.4,50,1,sats,1,1/8,9307.751451869719,8811.661300005724
50.30.4,50,1,sats,2,2/8,8884.701406768487,8811.661300005724
50.30.4,50,1,sats,3,3/8,8884.701406768487,8811.661300005724
50.30.4,50,1,sats,4,4/8,8884.701406768487,8811.661300005724
50.30.4,50,1,sats,5,5/8,8884.701406768487,8811.661300005724
50.30.4,50,1,sats,6,6/8,8884.701406768487,8811.661300005724
50.30.4,50,1,sats,7,7/8,8811.661300005724,8811.661300005724
50.30.4,50,1,sats,8,8/8,8811.661300005724,8811.661300005724
50.30.4,50,2,sats,0,0/8,16414.069671072575,8811.661300005724
50.30.4,50,2,sats,1,1/8,9115.701573741333,8811.661300005724
50.30.4,50,2,sats,2,2/8,9115.701573741333,8811.661300005724
50.30.4,50,2,sats,3,3/8,9089.68785411352,8811.661300005724
50.30.4,50,2,sats,4,4/8,8861.167511269454,8811.661300005724
50.30.4,50,2,sats,5,5/8,8811.661300005724,8811.661300005724
50.30.4,50,2,sats,6,6/8,8811.661300005724,8811.661300005724
50.30.4,50,2,sats,7,7/8,8811.661300005724,8811.661300005724
50.30.4,50,2,sats,8,8/8,8811.661300005724,8811.661300005724
50.30.4,50,3,sats,0,0/8,16985.87371009874,8811.661300005724
50.30.4,50,3,sats,1,1/8,9270.194288292027,8811.661300005724
50.30.4,50,3,sats,2,2/8,9109.815596278779,8811.661300005724
50.30.4,50,3,sats,3,3/8,8811.661300005724,8811.661300005724
50.30.4,50,3,sats,4,4/8,8811.661300005724,8811.661300005724
50.30.4,50,3,sats,5,5/8,8811.661300005724,8811.661300005724
50.30.4,50,3,sats,6,6/8,8811.661300005724,8811.661300005724
50.30.4,50,3,sats,7,7/8,8811.661300005724,8811.661300005724
50.30.4,50,3,sats,8,8/8,8811.661300005724,8811.661300005724
50.30.4,50,4,sats,0,0/8,18795.593445887043,8811.661300005724
50.30.4,50,4,sats,1,1/8,8811.661300005724,8811.661300005724
50.30.4,50,4,sats,2,2/8,8811.661300005724,8811.661300005724
50.30.4,50,4,sats,3,3/8,8811.661300005724,8811.661300005724
50.30.4,50,4,sats,4,4/8,8811.661300005724,8811.661300005724
50.30.4,50,4,sats,5,5/8,8811.661300005724,8811.661300005724
50.30.4,50,4,sats,6,6/8,8811.661300005724,8811.661300005724
50.30.4,50,4,sats,7,7/8,8811.661300005724,8811.661300005724
50.30.4,50,4,sats,8,8/8,8811.661300005724,8811.661300005724
50.30.4,50,5,sats,0,0/8,16792.2337346817,8811.661300005724
50.30.4,50,5,sats,1,1/8,9200.214333823884,8811.661300005724
50.30.4,50,5,sats,2,2/8,9144.291461914,8811.661300005724
50.30.4,50,5,sats,3,3/8,9144.291461914,8811.661300005724
50.30.4,50,5,sats,4,4/8,8811.661300005724,8811.661300005724
50.30.4,50,5,sats,5,5/8,8811.661300005724,8811.661300005724
50.30.4,50,5,sats,6,6/8,8811.661300005724,8811.661300005724
50.30.4,50,5,sats,7,7/8,8811.661300005724,8811.661300005724
50.30.4,50,5,sats,8,8/8,8811.661300005724,8811.661300005724
50.30.4,50,6,sats,0,0/8,16883.069271888242,8811.661300005724
50.30.4,50,6,sats,1,1/8,8892.399075141635,8811.661300005724
50.30.4,50,6,sats,2,2/8,8860.048523108027,8811.661300005724
50.30.4,50,6,sats,3,3/8,8860.048523108027,8811.661300005724
50.30.4,50,6,sats,4,4/8,8811.661300005724,8811.661300005724
50.30.4,50,6,sats,5,5/8,8811.661300005724,8811.661300005724
50.30.4,50,6,sats,6,6/8,8811.661300005724,8811.661300005724
50.30.4,50,6,sats,7,7/8,8811.661300005724,8811.661300005724
50.30.4,50,6,sats,8,8/8,8811.661300005724,8811.661300005724
50.30.4,50,7,sats,0,0/8,18593.715436197643,8811.661300005724
50.30.4,50,7,sats,1,1/8,8811.661300005724,8811.661300005724
50.30.4,50,7,sats,2,2/8,8811.661300005724,8811.661300005724
50.30.4,50,7,sats,3,3/8,8811.661300005724,8811.661300005724
50.30.4,50,7,sats,4,4/8,8811.661300005724,8811.661300005724
50.30.4,50,7,sats,5,5/8,8811.661300005724,8811.661300005724
50.30.4,50,7,sats,6,6/8,8811.661300005724,8811.661300005724
50.30.4,50,7,sats,7,7/8,8811.661300005724,8811.661300005724
50.30.4,50,7,sats,8,8/8,8811.661300005724,8811.661300005724
50.30.4,50,8,sats,0,0/8,16349.425997832963,8811.661300005724
50.30.4,50,8,sats,1,1/8,9108.73246766523,8811.661300005724
50.30.4,50,8,sats,2,2/8,8913.030710354753,8811.661300005724
50.30.4,50,8,sats,3,3/8,8913.030710354753,8811.661300005724
50.30.4,50,8,sats,4,4/8,8913.030710354753,8811.661300005724
50.30.4,50,8,sats,5,5/8,8913.030710354753,8811.661300005724
50.30.4,50,8,sats,6,6/8,8913.030710354753,8811.661300005724
50.30.4,50,8,sats,7,7/8,8811.661300005724,8811.661300005724
50.30.4,50,8,sats,8,8/8,8811.661300005724,8811.661300005724
50.30.4,50,9,sats,0,0/8,19039.952133955456,8811.661300005724
50.30.4,50,9,sats,1,1/8,9295.783770698436,8811.661300005724
50.30.4,50,9,sats,2,2/8,9295.783770698436,8811.661300005724
50.30.4,50,9,sats,3,3/8,9115.701573741333,8811.661300005724
50.30.4,50,9,sats,4,4/8,8811.661300005724,8811.661300005724
50.30.4,50,9,sats,5,5/8,8811.661300005724,8811.661300005724
50.30.4,50,9,sats,6,6/8,8811.661300005724,8811.661300005724
50.30.4,50,9,sats,7,7/8,8811.661300005724,8811.661300005724
50.30.4,50,9,sats,8,8/8,8811.661300005724,8811.661300005724
50.30.4,50,10,sats,0,0/8,20231.60015963015,8811.661300005724
50.30.4,50,10,sats,1,1/8,9488.542648824858,8811.661300005724
50.30.4,50,10,sats,2,2/8,9232.536023107317,8811.661300005724
50.30.4,50,10,sats,3,3/8,9232.536023107317,8811.661300005724
50.30.4,50,10,sats,4,4/8,9132.319123713187,8811.661300005724
50.30.4,50,10,sats,5,5/8,9132.319123713187,8811.661300005724
50.30.4,50,10,sats,6,6/8,9034.40584030064,8811.661300005724
50.30.4,50,10,sats,7,7/8,9034.40584030064,8811.661300005724
50.30.4,50,10,sats,8,8/8,9034.40584030064,8811.661300005724
50.40.1,50,1,ims,0,0/8,27924.891965222225,14408.673370992698
50.40.1,50,1,ims,1,1/8,14451.404568618585,14408.673370992698
50.40.1,50,1,ims,2,2/8,14402.38556972981,14408.673370992698
50.40.1,50,1,ims,3,3/8,14370.598986537252,14408.673370992698
50.40.1,50,1,ims,4,4/8,14370.598986537252,14408.673370992698
50.40.1,50,1,ims,5,5/8,14370.598986537252,14408.673370992698
50.40.1,50,1,ims,6,6/8,14370.598986537252,14408.673370992698
50.40.1,50,1,ims,7,7/8,14370.598986537252,14408.673370992698
50.40.1,50,1,ims,8,8/8,14370.598986537252,14408.673370992698
50.40.1,50,2,ims,0,0/8,23831.42768150205,14408.673370992698
50.40.1,50,2,ims,1,1/8,14477.635234919931,14408.673370992698
50.40.1,50,2,ims,2,2/8,14477.635234919931,14408.673370992698
50.40.1,50,2,ims,3,3/8,14411.479617432658,14408.673370992698
50.40.1,50,2,ims,4,4/8,14411.479617432658,14408.673370992698
50.40.1,50,2,ims,5,5/8,14411.479617432658,14408.673370992698
50.40.1,50,2,ims,6,6/8,14402.385569729808,14408.673370992698
50.40.1,50,2,ims,7,7/8,14402.385569729808,14408.673370992698
50.40.1,50,2,ims,8,8/8,14402.385569729808,14408.673370992698
50.40.1,50,3,ims,0,0/8,24497.236248653397,14408.673370992698
50.40.1,50,3,ims,1,1/8,14519.320464709566,14408.673370992698
50.40.1,50,3,ims,2,2/8,14370.598986537252,14408.673370992698
50.40.1,50,3,ims,3,3/8,14370.598986537252,14408.673370992698
50.40.1,50,3,ims,4,4/8,14370.598986537252,14408.673370992698
50.40.1,50,3,ims,5,5/8,14370.598986537252,14408.673370992698
50.40.1,50,3,ims,6,6/8,14370.598986537252,14408.673370992698
50.40.1,50,3,ims,7,7/8,14370.598986537252,14408.673370992698
50.40.1,50,3,ims,8,8/8,14370.598986537252,14408.673370992698
50.40.1,50,4,ims,0,0/8,23308.441499429886,14408.673370992698
50.40.1,50,4,ims,1,1/8,14485.743622008435,14408.673370992698
50.40.1,50,4,ims,2,2/8,14376.74413612991,14408.673370992698
50.40.1,50,4,ims,3,3/8,14376.74413612991,14408.673370992698
50.40.1,50,4,ims,4,4/8,14376.74413612991,14408.673370992698
50.40.1,50,4,ims,5,5/8,14376.74413612991,14408.673370992698
50.40.1,50,4,ims,6,6/8,14376.74413612991,14408.673370992698
50.40.1,50,4,ims,7,7/8,14376.74413612991,14408.673370992698
50.40.1,50,4,ims,8,8/8,14376.74413612991,14408.673370992698
50.40.1,50,5,ims,0,0/8,25983.377642977055,14408.673370992698
50.40.1,50,5,ims,1,1/8,14554.732468629667,14408.673370992698
50.40.1,50,5,ims,2,2/8,14432.20041007787,14408.673370992698
50.40.1,50,5,ims,3,3/8,14432.20041007787,14408.673370992698
50.40.1,50,5,ims,4,4/8,14402.385569729808,14408.673370992698
50.40.1,50,5,ims,5,5/8,14402.385569729808,14408.673370992698
50.40.1,50,5,ims,6,6/8,14402.385569729808,14408.673370992698
50.40.1,50,5,ims,7,7/8,14402.385569729808,14408.673370992698
50.40.1,50,5,ims,8,8/8,14402.385569729808,14408.673370992698
50.40.1,50,6,ims,0,0/8,22656.750938995843,14408.673370992698
50.40.1,50,6,ims,1,1/8,14434.384065542561,14408.673370992698
50.40.1,50,6,ims,2,2/8,14405.00032763973,14408.673370992698
50.40.1,50,6,ims,3,3/8,14405.00032763973,14408.673370992698
50.40.1,50,6,ims,4,4/8,14405.00032763973,14408.673370992698
50.40.1,50,6,ims,5,5/8,14405.00032763973,14408.673370992698
50.40.1,50,6,ims,6,6/8,14405.00032763973,14408.673370992698
50.40.1,50,6,ims,7,7/8,14402.38556972981,14408.673370992698
50.40.1,50,6,ims,8,8/8,14402.38556972981,14408.673370992698
50.40.1,50,7,ims,0,0/8,25110.73423209578,14408.673370992698
50.40.1,50,7,ims,1,1/8,14477.874599361718,14408.673370992698
50.40.1,50,7,ims,2,2/8,14434.058320666094,14408.673370992698
50.40.1,50,7,ims,3,3/8,14434.058320666094,14408.673370992698
50.40.1,50,7,ims,4,4/8,14434.058320666094,14408.673370992698
50.40.1,50,7,ims,5,5/8,14434.058320666094,14408.673370992698
50.40.1,50,7,ims,6,6/8,14434.058320666094,14408.673370992698
50.40.1,50,7,ims,7,7/8,14372.510564949152,14408.673370992698
50.40.1,50,7,ims,8,8/8,14372.510564949152,14408.673370992698
50.40.1,50,8,ims,0,0/8,23149.182299129585,14408.673370992698
50.40.1,50,8,ims,1,1/8,14614.402635304017,14408.673370992698
50.40.1,50,8,ims,2,2/8,14402.38556972981,14408.673370992698
50.40.1,50,8,ims,3,3/8,14402.38556972981,14408.673370992698
50.40.1,50,8,ims,4,4/8,14402.38556972981,14408.673370992698
50.40.1,50,8,ims,5,5/8,14402.38556972981,14408.673370992698
50.40.1,50,8,ims,6,6/8,14373.213744447174,14408.673370992698
50.40.1,50,8,ims,7,7/8,14373.213744447174,14408.673370992698
50.40.1,50,8,ims,8,8/8,14373.213744447174,14408.673370992698
50.40.1,50,9,ims,0,0/8,23353.891314376615,14408.673370992698
50.40.1,50,9,ims,1,1/8,14477.635234919931,14408.673370992698
50.40.1,50,9,ims,2,2/8,14468.487607860685,14408.673370992698
50.40.1,50,9,ims,3,3/8,14468.487607860685,14408.673370992698
50.40.1,50,9,ims,4,4/8,14461.826466492057,14408.673370992698
50.40.1,50,9,ims,5,5/8,14402.38556972981,14408.673370992698
50.40.1,50,9,ims,6,6/8,14402.38556972981,14408.673370992698
50.40.1,50,9,ims,7,7/8,14402.38556972981,14408.673370992698
50.40.1,50,9,ims,8,8/8,14402.38556972981,14408.673370992698
50.40.1,50,10,ims,0,0/8,23517.357585584254,14408.673370992698
50.40.1,50,10,ims,1,1/8,14449.029175150448,14408.673370992698
50.40.1,50,10,ims,2,2/8,14434.058320666096,14408.673370992698
50.40.1,50,10,ims,3,3/8,14401.28279232549,14408.673370992698
50.40.1,50,10,ims,4,4/8,14401.28279232549,14408.673370992698
50.40.1,50,10,ims,5,5/8,14401.28279232549,14408.673370992698
50.40.1,50,10,ims,6,6/8,14401.28279232549,14408.673370992698
50.40.1,50,10,ims,7,7/8,14401.28279232549,14408.673370992698
50.40.1,50,10,ims,8,8/8,14385.33047657982,14408.673370992698
50.40.1,50,1,sats,0,0/8,28572.530436204914,14408.673370992698
50.40.1,50,1,sats,1,1/8,14451.404568618585,14408.673370992698
50.40.1,50,1,sats,2,2/8,14370.598986537252,14408.673370992698
50.40.1,50,1,sats,3,3/8,14370.598986537252,14408.673370992698
50.40.1,50,1,sats,4,4/8,14370.598986537252,14408.673370992698
50.40.1,50,1,sats,5,5/8,14370.598986537252,14408.673370992698
50.40.1,50,1,sats,6,6/8,14370.598986537252,14408.673370992698
50.40.1,50,1,sats,7,7/8,14370.598986537252,14408.673370992698
50.40.1,50,1,sats,8,8/8,14370.598986537252,14408.673370992698
50.40.1,50,2,sats,0,0/8,31193.060011272006,14408.673370992698
50.40.1,50,2,sats,1,1/8,14534.942606010569,14408.673370992698
50.40.1,50,2,sats,2,2/8,14534.942606010569,14408.673370992698
50.40.1,50,2,sats,3,3/8,14411.479617432658,14408.673370992698
50.40.1,50,2,sats,4,4/8,14411.479617432658,14408.673370992698
50.40.1,50,2,sats,5,5/8,14411.479617432658,14408.673370992698
50.40.1,50,2,sats,6,6/8,14411.479617432658,14408.673370992698
50.40.1,50,2,sats,7,7/8,14411.479617432658,14408.673370992698
50.40.1,50,2,sats,8,8/8,14411.479617432658,14408.673370992698
50.40.1,50,3,sats,0,0/8,26429.28135651077,14408.673370992698
50.40.1,50,3,sats,1,1/8,14790.426893012906,14408.673370992698
50.40.1,50,3,sats,2,2/8,14547.43172892282,14408.673370992698
50.40.1,50,3,sats,3,3/8,14477.635234919931,14408.673370992698
50.40.1,50,3,sats,4,4/8,14477.635234919931,14408.673370992698
50.40.1,50,3,sats,5,5/8,14477.635234919931,14408.673370992698
50.40.1,50,3,sats,6,6/8,14477.635234919931,14408.673370992698
50.40.1,50,3,sats,7,7/8,14477.635234919931,14408.673370992698
50.40.1,50,3,sats,8,8/8,14477.635234919931,14408.673370992698
50.40.1,50,4,sats,0,0/8,28155.323764322926,14408.673370992698
50.40.1,50,4,sats,1,1/8,14376.74413612991,14408.673370992698
50.40.1,50,4,sats,2,2/8,14376.74413612991,14408.673370992698
50.40.1,50,4,sats,3,3/8,14376.74413612991,14408.673370992698
50.40.1,50,4,sats,4,4/8,14376.74413612991,14408.673370992698
50.40.1,50,4,sats,5,5/8,14376.74413612991,14408.673370992698
50.40.1,50,4,sats,6,6/8,14376.74413612991,14408.673370992698
50.40.1,50,4,sats,7,7/8,14376.74413612991,14408.673370992698
50.40.1,50,4,sats,8,8/8,14376.74413612991,14408.673370992698
50.40.1,50,5,sats,0,0/8,27422.17053341175,14408.673370992698
50.40.1,50,5,sats,1,1/8,14434.058320666096,14408.673370992698
50.40.1,50,5,sats,2,2/8,14434.058320666096,14408.673370992698
50.40.1,50,5,sats,3,3/8,14434.058320666096,14408.673370992698
50.40.1,50,5,sats,4,4/8,14434.058320666096,14408.673370992698
50.40.1,50,5,sats,5,5/8,14434.058320666096,14408.673370992698
50.40.1,50,5,sats,6,6/8,14434.058320666096,14408.673370992698
50.40.1,50,5,sats,7,7/8,14434.058320666096,14408.673370992698
50.40.1,50,5,sats,8,8/8,14411.479617432658,14408.673370992698
50.40.1,50,6,sats,0,0/8,26582.148364794586,14408.673370992698
50.40.1,50,6,sats,1,1/8,14659.888820413085,14408.673370992698
50.40.1,50,6,sats,2,2/8,14656.628880691067,14408.673370992698
50.40.1,50,6,sats,3,3/8,14656.628880691067,14408.673370992698
50.40.1,50,6,sats,4,4/8,14432.439774519657,14408.673370992698
50.40.1,50,6,sats,5,5/8,14432.439774519657,14408.673370992698
50.40.1,50,6,sats,6,6/8,14432.439774519657,14408.673370992698
50.40.1,50,6,sats,7,7/8,14432.439774519657,14408.673370992698
50.40.1,50,6,sats,8,8/8,14432.439774519657,14408.673370992698
50.40.1,50,7,sats,0,0/8,25683.790397697532,14408.673370992698
50.40.1,50,7,sats,1,1/8,14477.874599361718,14408.673370992698
50.40.1,50,7,sats,2,2/8,14477.874599361718,14408.673370992698
50.40.1,50,7,sats,3,3/8,14477.874599361718,14408.673370992698
50.40.1,50,7,sats,4,4/8,14477.874599361718,14408.673370992698
50.40.1,50,7,sats,5,5/8,14477.874599361718,14408.673370992698
50.40.1,50,7,sats,6,6/8,14372.510564949152,14408.673370992698
50.40.1,50,7,sats,7,7/8,14372.510564949152,14408.673370992698
50.40.1,50,7,sats,8,8/8,14372.510564949152,14408.673370992698
50.40.1,50,8,sats,0,0/8,28339.708044086816,14408.673370992698
50.40.1,50,8,sats,1,1/8,14614.402635304017,14408.673370992698
50.40.1,50,8,sats,2,2/8,14402.38556972981,14408.673370992698
50.40.1,50,8,sats,3,3/8,14402.38556972981,14408.673370992698
50.40.1,50,8,sats,4,4/8,14402.38556972981,14408.673370992698
50.40.1,50,8,sats,5,5/8,14402.38556972981,14408.673370992698
50.40.1,50,8,sats,6,6/8,14402.38556972981,14408.673370992698
50.40.1,50,8,sats,7,7/8,14402.38556972981,14408.673370992698
50.40.1,50,8,sats,8,8/8,14402.38556972981,14408.673370992698
50.40.1,50,9,sats,0,0/8,23353.891314376615,14408.673370992698
50.40.1,50,9,sats,1,1/8,14657.43521465624,14408.673370992698
50.40.1,50,9,sats,2,2/8,14533.043708057337,14408.673370992698
50.40.1,50,9,sats,3,3/8,14533.043708057337,14408.673370992698
50.40.1,50,9,sats,4,4/8,14533.043708057337,14408.673370992698
50.40.1,50,9,sats,5,5/8,14533.043708057337,14408.673370992698
50.40.1,50,9,sats,6,6/8,14412.875237520293,14408.673370992698
50.40.1,50,9,sats,7,7/8,14407.18968203502,14408.673370992698
50.40.1,50,9,sats,8,8/8,14407.18968203502,14408.673370992698
50.40.1,50,10,sats,0,0/8,23517.357585584254,14408.673370992698
50.40.1,50,10,sats,1,1/8,14640.37616466937,14408.673370992698
50.40.1,50,10,sats,2,2/8,14434.058320666096,14408.673370992698
50.40.1,50,10,sats,3,3/8,14434.058320666096,14408.673370992698
50.40.1,50,10,sats,4,4/8,14434.058320666096,14408.673370992698
50.40.1,50,10,sats,5,5/8,14434.058320666096,14408.673370992698
50.40.1,50,10,sats,6,6/8,14434.058320666096,14408.673370992698
50.40.1,50,10,sats,7,7/8,14434.058320666096,14408.673370992698
50.40.1,50,10,sats,8,8/8,14434.058320666096,14408.673370992698
50.40.2,50,1,ims,0,0/8,26789.455078534553,14334.608383894823
50.40.2,50,1,ims,1,1/8,14676.335802599117,14334.608383894823
50.40.2,50,1,ims,2,2/8,14473.367495952687,14334.608383894823
50.40.2,50,1,ims,3,3/8,14473.367495952687,14334.608383894823
50.40.2,50,1,ims,4,4/8,14473.367495952687,14334.608383894823
50.40.2,50,1,ims,5,5/8,14473.367495952687,14334.608383894823
50.40.2,50,1,ims,6,6/8,14473.367495952687,14334.608383894823
50.40.2,50,1,ims,7,7/8,14473.367495952687,14334.608383894823
50.40.2,50,1,ims,8,8/8,14473.367495952687,14334.608383894823
50.40.2,50,2,ims,0,0/8,24408.74932229219,14334.608383894823
50.40.2,50,2,ims,1,1/8,14537.742411761055,14334.608383894823
50.40.2,50,2,ims,2,2/8,14490.095999225006,14334.608383894823
50.40.2,50,2,ims,3,3/8,14490.095999225006,14334.608383894823
50.40.2,50,2,ims,4,4/8,14416.69533881274,14334.608383894823
50.40.2,50,2,ims,5,5/8,14416.69533881274,14334.608383894823
50.40.2,50,2,ims,6,6/8,14416.69533881274,14334.608383894823
50.40.2,50,2,ims,7,7/8,14416.69533881274,14334.608383894823
50.40.2,50,2,ims,8,8/8,14416.69533881274,14334.608383894823
50.40.2,50,3,ims,0,0/8,26211.42523559391,14334.608383894823
50.40.2,50,3,ims,1,1/8,14616.521878539057,14334.608383894823
50.40.2,50,3,ims,2,2/8,14616.521878539057,14334.608383894823
50.40.2,50,3,ims,3,3/8,14490.095999225006,14334.608383894823
50.40.2,50,3,ims,4,4/8,14490.095999225006,14334.608383894823
50.40.2,50,3,ims,5,5/8,14490.095999225006,14334.608383894823
50.40.2,50,3,ims,6,6/8,14490.095999225006,14334.608383894823
50.40.2,50,3,ims,7,7/8,14490.095999225006,14334.608383894823
50.40.2,50,3,ims,8,8/8,14490.095999225006,14334.608383894823
50.40.2,50,4,ims,0,0/8,25092.91209914529,14334.608383894823
50.40.2,50,4,ims,1,1/8,14560.061897110023,14334.608383894823
50.40.2,50,4,ims,2,2/8,14507.396229179398,14334.608383894823
50.40.2,50,4,ims,3,3/8,14497.11873008854,14334.608383894823
50.40.2,50,4,ims,4,4/8,14490.095999225006,14334.608383894823
50.40.2,50,4,ims,5,5/8,14490.095999225006,14334.608383894823
50.40.2,50,4,ims,6,6/8,14402.335987788294,14334.608383894823
50.40.2,50,4,ims,7,7/8,14402.335987788294,14334.608383894823
50.40.2,50,4,ims,8,8/8,14402.335987788294,14334.608383894823
50.40.2,50,5,ims,0,0/8,26176.116668939572,14334.608383894823
50.40.2,50,5,ims,1,1/8,14737.269472265467,14334.608383894823
50.40.2,50,5,ims,2,2/8,14557.849649573938,14334.608383894823
50.40.2,50,5,ims,3,3/8,14488.631393411495,14334.608383894823
50.40.2,50,5,ims,4,4/8,14488.631393411495,14334.608383894823
50.40.2,50,5,ims,5,5/8,14488.631393411495,14334.608383894823
50.40.2,50,5,ims,6,6/8,14488.631393411495,14334.608383894823
50.40.2,50,5,ims,7,7/8,14488.631393411495,14334.608383894823
50.40.2,50,5,ims,8,8/8,14488.631393411495,14334.608383894823
50.40.2,50,6,ims,0,0/8,25616.50085989738,14334.608383894823
50.40.2,50,6,ims,1,1/8,14742.86312059527,14334.608383894823
50.40.2,50,6,ims,2,2/8,14602.703704210318,14334.608383894823
50.40.2,50,6,ims,3,3/8,14338.177800279138,14334.608383894823
50.40.2,50,6,ims,4,4/8,14338.177800279138,14334.608383894823
50.40.2,50,6,ims,5,5/8,14338.177800279138,14334.608383894823
50.40.2,50,6,ims,6,6/8,14338.177800279138,14334.608383894823
50.40.2,50,6,ims,7,7/8,14338.177800279138,14334.608383894823
50.40.2,50,6,ims,8,8/8,14338.177800279138,14334.608383894823
50.40.2,50,7,ims,0,0/8,27583.63948884602,14334.608383894823
50.40.2,50,7,ims,1,1/8,14752.38710740252,14334.608383894823
50.40.2,50,7,ims,2,2/8,14490.095999225008,14334.608383894823
50.40.2,50,7,ims,3,3/8,14490.095999225008,14334.608383894823
50.40.2,50,7,ims,4,4/8,14490.095999225008,14334.608383894823
50.40.2,50,7,ims,5,5/8,14490.095999225008,14334.608383894823
50.40.2,50,7,ims,6,6/8,14490.095999225008,14334.608383894823
50.40.2,50,7,ims,7,7/8,14490.095999225006,14334.608383894823
50.40.2,50,7,ims,8,8/8,14442.031952611296,14334.608383894823
50.40.2,50,8,ims,0,0/8,25048.81014398706,14334.608383894823
50.40.2,50,8,ims,1,1/8,14647.434660862014,14334.608383894823
50.40.2,50,8,ims,2,2/8,14643.92771034014,14334.608383894823
50.40.2,50,8,ims,3,3/8,14497.11873008854,14334.608383894823
50.40.2,50,8,ims,4,4/8,14497.11873008854,14334.608383894823
50.40.2,50,8,ims,5,5/8,14490.095999225006,14334.608383894823
50.40.2,50,8,ims,6,6/8,14490.095999225006,14334.608383894823
50.40.2,50,8,ims,7,7/8,14490.095999225006,14334.608383894823
50.40.2,50,8,ims,8,8/8,14490.095999225006,14334.608383894823
50.40.2,50,9,ims,0,0/8,26514.33326749251,14334.608383894823
50.40.2,50,9,ims,1,1/8,14647.434660862014,14334.608383894823
50.40.2,50,9,ims,2,2/8,14544.958789962702,14334.608383894823
50.40.2,50,9,ims,3,3/8,14544.958789962702,14334.608383894823
50.40.2,50,9,ims,4,4/8,14529.925381683035,14334.608383894823
50.40.2,50,9,ims,5,5/8,14484.939184273477,14334.608383894823
50.40.2,50,9,ims,6,6/8,14484.939184273477,14334.608383894823
50.40.2,50,9,ims,7,7/8,14402.33598778829,14334.608383894823
50.40.2,50,9,ims,8,8/8,14402.33598778829,14334.608383894823
50.40.2,50,10,ims,0,0/8,29375.022012543763,14334.608383894823
50.40.2,50,10,ims,1,1/8,14864.347614165676,14334.608383894823
50.40.2,50,10,ims,2,2/8,14536.747914474923,14334.608383894823
50.40.2,50,10,ims,3,3/8,14536.747914474923,14334.608383894823
50.40.2,50,10,ims,4,4/8,14536.747914474923,14334.608383894823
50.40.2,50,10,ims,5,5/8,14488.631393411491,14334.608383894823
50.40.2,50,10,ims,6,6/8,14402.335987788294,14334.608383894823
50.40.2,50,10,ims,7,7/8,14402.335987788294,14334.608383894823
50.40.2,50,10,ims,8,8/8,14334.611685525575,14334.608383894823
50.40.2,50,1,sats,0,0/8,27760.313293749776,14334.608383894823
50.40.2,50,1,sats,1,1/8,14788.381575534884,14334.608383894823
50.40.2,50,1,sats,2,2/8,14647.434660862014,14334.608383894823
50.40.2,50,1,sats,3,3/8,14647.434660862014,14334.608383894823
50.40.2,50,1,sats,4,4/8,14544.958789962704,14334.608383894823
50.40.2,50,1,sats,5,5/8,14544.958789962704,14334.608383894823
50.40.2,50,1,sats,6,6/8,14544.958789962704,14334.608383894823
50.40.2,50,1,sats,7,7/8,14544.958789962704,14334.608383894823
50.40.2,50,1,sats,8,8/8,14544.958789962704,14334.608383894823
50.40.2,50,2,sats,0,0/8,29972.80495411568,14334.608383894823
50.40.2,50,2,sats,1,1/8,14844.904334871306,14334.608383894823
50.40.2,50,2,sats,2,2/8,14739.614728701752,14334.608383894823
50.40.2,50,2,sats,3,3/8,14739.614728701752,14334.608383894823
50.40.2,50,2,sats,4,4/8,14616.30105064371,14334.608383894823
50.40.2,50,2,sats,5,5/8,14616.30105064371,14334.608383894823
50.40.2,50,2,sats,6,6/8,14490.095999225006,14334.608383894823
50.40.2,50,2,sats,7,7/8,14490.095999225006,14334.608383894823
50.40.2,50,2,sats,8,8/8,14490.095999225006,14334.608383894823
50.40.2,50,3,sats,0,0/8,27686.345652444266,14334.608383894823
50.40.2,50,3,sats,1,1/8,14895.083190492836,14334.608383894823
50.40.2,50,3,sats,2,2/8,14657.373059409301,14334.608383894823
50.40.2,50,3,sats,3,3/8,14490.095999225006,14334.608383894823
50.40.2,50,3,sats,4,4/8,14490.095999225006,14334.608383894823
50.40.2,50,3,sats,5,5/8,14490.095999225006,14334.608383894823
50.40.2,50,3,sats,6,6/8,14490.095999225006,14334.608383894823
50.40.2,50,3,sats,7,7/8,14490.095999225006,14334.608383894823
50.40.2,50,3,sats,8,8/8,14490.095999225006,14334.608383894823
50.40.2,50,4,sats,0,0/8,31626.55698737826,14334.608383894823
50.40.2,50,4,sats,1,1/8,14845.887104309704,14334.608383894823
50.40.2,50,4,sats,2,2/8,14768.470569977122,14334.608383894823
50.40.2,50,4,sats,3,3/8,14768.470569977122,14334.608383894823
50.40.2,50,4,sats,4,4/8,14746.47089471394,14334.608383894823
50.40.2,50,4,sats,5,5/8,14630.642482553005,14334.608383894823
50.40.2,50,4,sats,6,6/8,14555.188143616479,14334.608383894823
50.40.2,50,4,sats,7,7/8,14555.188143616479,14334.608383894823
50.40.2,50,4,sats,8,8/8,14555.188143616479,14334.608383894823
50.40.2,50,5,sats,0,0/8,26406.267822550217,14334.608383894823
50.40.2,50,5,sats,1,1/8,15230.562523958444,14334.608383894823
50.40.2,50,5,sats,2,2/8,14752.0475965257,14334.608383894823
50.40.2,50,5,sats,3,3/8,14488.631393411495,14334.608383894823
50.40.2,50,5,sats,4,4/8,14488.631393411495,14334.608383894823
50.40.2,50,5,sats,5,5/8,14488.631393411495,14334.608383894823
50.40.2,50,5,sats,6,6/8,14488.631393411495,14334.608383894823
50.40.2,50,5,sats,7,7/8,14488.631393411495,14334.608383894823
50.40.2,50,5,sats,8,8/8,14488.631393411495,14334.608383894823
50.40.2,50,6,sats,0,0/8,34560.00294092468,14334.608383894823
50.40.2,50,6,sats,1,1/8,14964.976189520436,14334.608383894823
50.40.2,50,6,sats,2,2/8,14494.362940742172,14334.608383894823
50.40.2,50,6,sats,3,3/8,14494.362940742172,14334.608383894823
50.40.2,50,6,sats,4,4/8,14494.362940742172,14334.608383894823
50.40.2,50,6,sats,5,5/8,14494.362940742172,14334.608383894823
50.40.2,50,6,sats,6,6/8,14494.362940742172,14334.608383894823
50.40.2,50,6,sats,7,7/8,14494.362940742172,14334.608383894823
50.40.2,50,6,sats,8,8/8,14494.362940742172,14334.608383894823
50.40.2,50,7,sats,0,0/8,27895.80054563451,14334.608383894823
50.40.2,50,7,sats,1,1/8,14837.14125424701,14334.608383894823
50.40.2,50,7,sats,2,2/8,14506.716740468386,14334.608383894823
50.40.2,50,7,sats,3,3/8,14506.716740468386,14334.608383894823
50.40.2,50,7,sats,4,4/8,14506.716740468386,14334.608383894823
50.40.2,50,7,sats,5,5/8,14506.716740468386,14334.608383894823
50.40.2,50,7,sats,6,6/8,14506.716740468386,14334.608383894823
50.40.2,50,7,sats,7,7/8,14506.716740468386,14334.608383894823
50.40.2,50,7,sats,8,8/8,14506.716740468386,14334.608383894823
50.40.2,50,8,sats,0,0/8,29271.451557077093,14334.608383894823
50.40.2,50,8,sats,1,1/8,14956.985076269932,14334.608383894823
50.40.2,50,8,sats,2,2/8,14647.434660862014,14334.608383894823
50.40.2,50,8,sats,3,3/8,14647.434660862014,14334.608383894823
50.40.2,50,8,sats,4,4/8,14490.095999225006,14334.608383894823
50.40.2,50,8,sats,5,5/8,14490.095999225006,14334.608383894823
50.40.2,50,8,sats,6,6/8,14490.095999225006,14334.608383894823
50.40.2,50,8,sats,7,7/8,14490.095999225006,14334.608383894823
50.40.2,50,8,sats,8,8/8,14416.69533881274,14334.608383894823
50.40.2,50,9,sats,0,0/8,30166.721025337127,14334.608383894823
50.40.2,50,9,sats,1,1/8,14695.422698633076,14334.608383894823
50.40.2,50,9,sats,2,2/8,14695.422698633076,14334.608383894823
50.40.2,50,9,sats,3,3/8,14595.45630719205,14334.608383894823
50.40.2,50,9,sats,4,4/8,14574.433390070935,14334.608383894823
50.40.2,50,9,sats,5,5/8,14484.939184273477,14334.608383894823
50.40.2,50,9,sats,6,6/8,14402.33598778829,14334.608383894823
50.40.2,50,9,sats,7,7/8,14402.33598778829,14334.608383894823
50.40.2,50,9,sats,8,8/8,14402.33598778829,14334.608383894823
50.40.2,50,10,sats,0,0/8,29375.022012543763,14334.608383894823
50.40.2,50,10,sats,1,1/8,14946.14094272055,14334.608383894823
50.40.2,50,10,sats,2,2/8,14800.041627973365,14334.608383894823
50.40.2,50,10,sats,3,3/8,14698.729133887704,14334.608383894823
50.40.2,50,10,sats,4,4/8,14647.434660862014,14334.608383894823
50.40.2,50,10,sats,5,5/8,14647.434660862014,14334.608383894823
50.40.2,50,10,sats,6,6/8,14647.434660862014,14334.608383894823
50.40.2,50,10,sats,7,7/8,14647.434660862014,14334.608383894823
50.40.2,50,10,sats,8,8/8,14647.434660862014,14334.608383894823
50.40.3,50,1,ims,0,0/8,26640.413323501154,12527.925293145607
50.40.3,50,1,ims,1,1/8,12756.092117571698,12527.925293145607
50.40.3,50,1,ims,2,2/8,12545.418103890624,12527.925293145607
50.40.3,50,1,ims,3,3/8,12472.459799760998,12527.925293145607
50.40.3,50,1,ims,4,4/8,12472.459799760998,12527.925293145607
50.40.3,50,1,ims,5,5/8,12472.459799760998,12527.925293145607
50.40.3,50,1,ims,6,6/8,12472.459799760998,12527.925293145607
50.40.3,50,1,ims,7,7/8,12472.459799760998,12527.925293145607
50.40.3,50,1,ims,8,8/8,12472.459799760998,12527.925293145607
50.40.3,50,2,ims,0,0/8,25955.763757032608,12527.925293145607
50.40.3,50,2,ims,1,1/8,12760.33931996562,12527.925293145607
50.40.3,50,2,ims,2,2/8,12527.925293145607,12527.925293145607
50.40.3,50,2,ims,3,3/8,12527.925293145607,12527.925293145607
50.40.3,50,2,ims,4,4/8,12527.925293145607,12527.925293145607
50.40.3,50,2,ims,5,5/8,12499.632484459094,12527.925293145607
50.40.3,50,2,ims,6,6/8,12499.632484459094,12527.925293145607
50.40.3,50,2,ims,7,7/8,12499.632484459094,12527.925293145607
50.40.3,50,2,ims,8,8/8,12472.459799760998,12527.925293145607
50.40.3,50,3,ims,0,0/8,27158.225408310052,12527.925293145607
50.40.3,50,3,ims,1,1/8,12756.092117571698,12527.925293145607
50.40.3,50,3,ims,2,2/8,12756.092117571698,12527.925293145607
50.40.3,50,3,ims,3,3/8,12756.092117571698,12527.925293145607
50.40.3,50,3,ims,4,4/8,12756.092117571698,12527.925293145607
50.40.3,50,3,ims,5,5/8,12756.092117571698,12527.925293145607
50.40.3,50,3,ims,6,6/8,12756.092117571698,12527.925293145607
50.40.3,50,3,ims,7,7/8,12756.092117571698,12527.925293145607
50.40.3,50,3,ims,8,8/8,12512.136076662266,12527.925293145607
50.40.3,50,4,ims,0,0/8,25740.795902224298,12527.925293145607
50.40.3,50,4,ims,1,1/8,12807.620143414922,12527.925293145607
50.40.3,50,4,ims,2,2/8,12756.092117571698,12527.925293145607
50.40.3,50,4,ims,3,3/8,12472.459799760998,12527.925293145607
50.40.3,50,4,ims,4,4/8,12472.459799760998,12527.925293145607
50.40.3,50,4,ims,5,5/8,12472.459799760998,12527.925293145607
50.40.3,50,4,ims,6,6/8,12472.459799760998,12527.925293145607
50.40.3,50,4,ims,7,7/8,12472.459799760998,12527.925293145607
50.40.3,50,4,ims,8,8/8,12472.459799760998,12527.925293145607
50.40.3,50,5,ims,0,0/8,24461.07694989552,12527.925293145607
50.40.3,50,5,ims,1,1/8,12759.11669514163,12527.925293145607
50.40.3,50,5,ims,2,2/8,12756.092117571698,12527.925293145607
50.40.3,50,5,ims,3,3/8,12509.39085734797,12527.925293145607
50.40.3,50,5,ims,4,4/8,12509.39085734797,12527.925293145607
50.40.3,50,5,ims,5,5/8,12499.530242747744,12527.925293145607
50.40.3,50,5,ims,6,6/8,12499.530242747744,12527.925293145607
50.40.3,50,5,ims,7,7/8,12499.530242747744,12527.925293145607
50.40.3,50,5,ims,8,8/8,12499.530242747744,12527.925293145607
50.40.3,50,6,ims,0,0/8,25192.57565460327,12527.925293145607
50.40.3,50,6,ims,1,1/8,12760.33931996562,12527.925293145607
50.40.3,50,6,ims,2,2/8,12759.11669514163,12527.925293145607
50.40.3,50,6,ims,3,3/8,12759.11669514163,12527.925293145607
50.40.3,50,6,ims,4,4/8,12756.092117571698,12527.925293145607
50.40.3,50,6,ims,5,5/8,12756.092117571698,12527.925293145607
50.40.3,50,6,ims,6,6/8,12674.573474822779,12527.925293145607
50.40.3,50,6,ims,7,7/8,12496.687397986154,12527.925293145607
50.40.3,50,6,ims,8,8/8,12496.687397986154,12527.925293145607
50.40.3,50,7,ims,0,0/8,26333.039933276992,12527.925293145607
50.40.3,50,7,ims,1,1/8,12472.459799760998,12527.925293145607
50.40.3,50,7,ims,2,2/8,12472.459799760998,12527.925293145607
50.40.3,50,7,ims,3,3/8,12472.459799760998,12527.925293145607
50.40.3,50,7,ims,4,4/8,12472.459799760998,12527.925293145607
50.40.3,50,7,ims,5,5/8,12472.459799760998,12527.925293145607
50.40.3,50,7,ims,6,6/8,12472.459799760998,12527.925293145607
50.40.3,50,7,ims,7,7/8,12472.459799760998,12527.925293145607
50.40.3,50,7,ims,8,8/8,12472.459799760998,12527.925293145607
50.40.3,50,8,ims,0,0/8,24274.14830036487,12527.925293145607
50.40.3,50,8,ims,1,1/8,12764.699209889515,12527.925293145607
50.40.3,50,8,ims,2,2/8,12756.092117571698,12527.925293145607
50.40.3,50,8,ims,3,3/8,12756.092117571698,12527.925293145607
50.40.3,50,8,ims,4,4/8,12756.092117571698,12527.925293145607
50.40.3,50,8,ims,5,5/8,12756.092117571698,12527.925293145607
50.40.3,50,8,ims,6,6/8,12756.092117571698,12527.925293145607
50.40.3,50,8,ims,7,7/8,12756.092117571698,12527.925293145607
50.40.3,50,8,ims,8,8/8,12496.687397986152,12527.925293145607
50.40.3,50,9,ims,0,0/8,26517.784629613696,12527.925293145607
50.40.3,50,9,ims,1,1/8,12793.610873347548,12527.925293145607
50.40.3,50,9,ims,2,2/8,12517.516503080908,12527.925293145607
50.40.3,50,9,ims,3,3/8,12517.516503080908,12527.925293145607
50.40.3,50,9,ims,4,4/8,12472.459799760998,12527.925293145607
50.40.3,50,9,ims,5,5/8,12472.459799760998,12527.925293145607
50.40.3,50,9,ims,6,6/8,12472.459799760998,12527.925293145607
50.40.3,50,9,ims,7,7/8,12472.459799760998,12527.925293145607
50.40.3,50,9,ims,8,8/8,12472.459799760998,12527.925293145607
50.40.3,50,10,ims,0,0/8,24272.796866488436,12527.925293145607
50.40.3,50,10,ims,1,1/8,12760.33931996562,12527.925293145607
50.40.3,50,10,ims,2,2/8,12759.11669514163,12527.925293145607
50.40.3,50,10,ims,3,3/8,12638.3303704351,12527.925293145607
50.40.3,50,10,ims,4,4/8,12496.687397986154,12527.925293145607
50.40.3,50,10,ims,5,5/8,12472.459799760998,12527.925293145607
50.40.3,50,10,ims,6,6/8,12472.459799760998,12527.925293145607
50.40.3,50,10,ims,7,7/8,12472.459799760998,12527.925293145607
50.40.3,50,10,ims,8,8/8,12472.459799760998,12527.925293145607
50.40.3,50,1,sats,0,0/8,28937.962401021083,12527.925293145607
50.40.3,50,1,sats,1,1/8,12916.90070027389,12527.925293145607
50.40.3,50,1,sats,2,2/8,12756.092117571698,12527.925293145607
50.40.3,50,1,sats,3,3/8,12756.092117571698,12527.925293145607
50.40.3,50,1,sats,4,4/8,12756.092117571698,12527.925293145607
50.40.3,50,1,sats,5,5/8,12756.092117571698,12527.925293145607
50.40.3,50,1,sats,6,6/8,12756.092117571698,12527.925293145607
50.40.3,50,1,sats,7,7/8,12756.092117571698,12527.925293145607
50.40.3,50,1,sats,8,8/8,12756.092117571698,12527.925293145607
50.40.3,50,2,sats,0,0/8,26400.32545844087,12527.925293145607
50.40.3,50,2,sats,1,1/8,12756.092117571698,12527.925293145607
50.40.3,50,2,sats,2,2/8,12756.092117571698,12527.925293145607
50.40.3,50,2,sats,3,3/8,12756.092117571698,12527.925293145607
50.40.3,50,2,sats,4,4/8,12756.092117571698,12527.925293145607
50.40.3,50,2,sats,5,5/8,12756.092117571698,12527.925293145607
50.40.3,50,2,sats,6,6/8,12756.092117571698,12527.925293145607
50.40.3,50,2,sats,7,7/8,12756.092117571698,12527.925293145607
50.40.3,50,2,sats,8,8/8,12756.092117571698,12527.925293145607
50.40.3,50,3,sats,0,0/8,31560.337493050993,12527.925293145607
50.40.3,50,3,sats,1,1/8,12962.046189913519,12527.925293145607
50.40.3,50,3,sats,2,2/8,12839.099359219985,12527.925293145607
50.40.3,50,3,sats,3,3/8,12756.092117571698,12527.925293145607
50.40.3,50,3,sats,4,4/8,12756.092117571698,12527.925293145607
50.40.3,50,3,sats,5,5/8,12756.092117571698,12527.925293145607
50.40.3,50,3,sats,6,6/8,12756.092117571698,12527.925293145607
50.40.3,50,3,sats,7,7/8,12512.136076662266,12527.925293145607
50.40.3,50,3,sats,8,8/8,12512.136076662266,12527.925293145607
50.40.3,50,4,sats,0,0/8,25950.90772461883,12527.925293145607
50.40.3,50,4,sats,1,1/8,12807.620143414922,12527.925293145607
50.40.3,50,4,sats,2,2/8,12784.827680096887,12527.925293145607
50.40.3,50,4,sats,3,3/8,12756.092117571698,12527.925293145607
50.40.3,50,4,sats,4,4/8,12756.092117571698,12527.925293145607
50.40.3,50,4,sats,5,5/8,12756.092117571698,12527.925293145607
50.40.3,50,4,sats,6,6/8,12756.092117571698,12527.925293145607
50.40.3,50,4,sats,7,7/8,12756.092117571698,12527.925293145607
50.40.3,50,4,sats,8,8/8,12756.092117571698,12527.925293145607
50.40.3,50,5,sats,0,0/8,28144.832182911392,12527.925293145607
50.40.3,50,5,sats,1,1/8,12760.33931996562,12527.925293145607
50.40.3,50,5,sats,2,2/8,12760.33931996562,12527.925293145607
50.40.3,50,5,sats,3,3/8,12760.33931996562,12527.925293145607
50.40.3,50,5,sats,4,4/8,12760.33931996562,12527.925293145607
50.40.3,50,5,sats,5,5/8,12760.33931996562,12527.925293145607
50.40.3,50,5,sats,6,6/8,12759.11669514163,12527.925293145607
50.40.3,50,5,sats,7,7/8,12759.11669514163,12527.925293145607
50.40.3,50,5,sats,8,8/8,12653.94004069852,12527.925293145607
50.40.3,50,6,sats,0,0/8,29557.443137454324,12527.925293145607
50.40.3,50,6,sats,1,1/8,12760.33931996562,12527.925293145607
50.40.3,50,6,sats,2,2/8,12759.11669514163,12527.925293145607
50.40.3,50,6,sats,3,3/8,12759.11669514163,12527.925293145607
50.40.3,50,6,sats,4,4/8,12759.11669514163,12527.925293145607
50.40.3,50,6,sats,5,5/8,12759.11669514163,12527.925293145607
50.40.3,50,6,sats,6,6/8,12496.687397986154,12527.925293145607
50.40.3,50,6,sats,7,7/8,12496.687397986154,12527.925293145607
50.40.3,50,6,sats,8,8/8,12496.687397986154,12527.925293145607
50.40.3,50,7,sats,0,0/8,33674.0998759309,12527.925293145607
50.40.3,50,7,sats,1,1/8,12472.459799760998,12527.925293145607
50.40.3,50,7,sats,2,2/8,12472.459799760998,12527.925293145607
50.40.3,50,7,sats,3,3/8,12472.459799760998,12527.925293145607
50.40.3,50,7,sats,4,4/8,12472.459799760998,12527.925293145607
50.40.3,50,7,sats,5,5/8,12472.459799760998,12527.925293145607
50.40.3,50,7,sats,6,6/8,12472.459799760998,12527.925293145607
50.40.3,50,7,sats,7,7/8,12472.459799760998,12527.925293145607
50.40.3,50,7,sats,8,8/8,12472.459799760998,12527.925293145607
50.40.3,50,8,sats,0,0/8,30005.93478323908,12527.925293145607
50.40.3,50,8,sats,1,1/8,12839.099359219983,12527.925293145607
50.40.3,50,8,sats,2,2/8,12756.092117571698,12527.925293145607
50.40.3,50,8,sats,3,3/8,12756.092117571698,12527.925293145607
50.40.3,50,8,sats,4,4/8,12756.092117571698,12527.925293145607
50.40.3,50,8,sats,5,5/8,12756.092117571698,12527.925293145607
50.40.3,50,8,sats,6,6/8,12756.092117571698,12527.925293145607
50.40.3,50,8,sats,7,7/8,12756.092117571698,12527.925293145607
50.40.3,50,8,sats,8,8/8,12756.092117571698,12527.925293145607
50.40.3,50,9,sats,0,0/8,26517.784629613696,12527.925293145607
50.40.3,50,9,sats,1,1/8,12849.042186291146,12527.925293145607
50.40.3,50,9,sats,2,2/8,12756.092117571698,12527.925293145607
50.40.3,50,9,sats,3,3/8,12756.092117571698,12527.925293145607
50.40.3,50,9,sats,4,4/8,12756.092117571698,12527.925293145607
50.40.3,50,9,sats,5,5/8,12756.092117571698,12527.925293145607
50.40.3,50,9,sats,6,6/8,12756.092117571698,12527.925293145607
50.40.3,50,9,sats,7,7/8,12756.092117571698,12527.925293145607
50.40.3,50,9,sats,8,8/8,12756.092117571698,12527.925293145607
50.40.3,50,10,sats,0,0/8,26698.448944520933,12527.925293145607
50.40.3,50,10,sats,1,1/8,12914.040712602731,12527.925293145607
50.40.3,50,10,sats,2,2/8,12839.099359219985,12527.925293145607
50.40.3,50,10,sats,3,3/8,12839.099359219985,12527.925293145607
50.40.3,50,10,sats,4,4/8,12839.099359219985,12527.925293145607
50.40.3,50,10,sats,5,5/8,12499.530242747744,12527.925293145607
50.40.3,50,10,sats,6,6/8,12499.530242747744,12527.925293145607
50.40.3,50,10,sats,7,7/8,12499.530242747744,12527.925293145607
50.40.3,50,10,sats,8,8/8,12499.530242747744,12527.925293145607
50.40.4,50,1,ims,0,0/8,24022.361243069976,12992.72316097867
50.40.4,50,1,ims,1,1/8,12992.723160978669,12992.72316097867
50.40.4,50,1,ims,2,2/8,12992.723160978669,12992.72316097867
50.40.4,50,1,ims,3,3/8,12992.723160978669,12992.72316097867
50.40.4,50,1,ims,4,4/8,12992.723160978669,12992.72316097867
50.40.4,50,1,ims,5,5/8,12992.723160978669,12992.72316097867
50.40.4,50,1,ims,6,6/8,12992.723160978669,12992.72316097867
50.40.4,50,1,ims,7,7/8,12992.723160978669,12992.72316097867
50.40.4,50,1,ims,8,8/8,12992.723160978669,12992.72316097867
50.40.4,50,2,ims,0,0/8,25190.178757992297,12992.72316097867
50.40.4,50,2,ims,1,1/8,12992.723160978669,12992.72316097867
50.40.4,50,2,ims,2,2/8,12992.723160978669,12992.72316097867
50.40.4,50,2,ims,3,3/8,12992.723160978669,12992.72316097867
50.40.4,50,2,ims,4,4/8,12992.723160978669,12992.72316097867
50.40.4,50,2,ims,5,5/8,12992.723160978669,12992.72316097867
50.40.4,50,2,ims,6,6/8,12992.723160978669,12992.72316097867
50.40.4,50,2,ims,7,7/8,12992.723160978669,12992.72316097867
50.40.4,50,2,ims,8,8/8,12992.723160978669,12992.72316097867
50.40.4,50,3,ims,0,0/8,24576.410839800403,12992.72316097867
50.40.4,50,3,ims,1,1/8,13332.47717808809,12992.72316097867
50.40.4,50,3,ims,2,2/8,13154.732167102546,12992.72316097867
50.40.4,50,3,ims,3,3/8,12992.723160978669,12992.72316097867
50.40.4,50,3,ims,4,4/8,12992.723160978669,12992.72316097867
50.40.4,50,3,ims,5,5/8,12992.723160978669,12992.72316097867
50.40.4,50,3,ims,6,6/8,12992.723160978669,12992.72316097867
50.40.4,50,3,ims,7,7/8,12992.723160978669,12992.72316097867
50.40.4,50,3,ims,8,8/8,12992.723160978669,12992.72316097867
50.40.4,50,4,ims,0,0/8,23749.229927170774,12992.72316097867
50.40.4,50,4,ims,1,1/8,12992.723160978669,12992.72316097867
50.40.4,50,4,ims,2,2/8,12992.723160978669,12992.72316097867
50.40.4,50,4,ims,3,3/8,12992.723160978669,12992.72316097867
50.40.4,50,4,ims,4,4/8,12992.723160978669,12992.72316097867
50.40.4,50,4,ims,5,5/8,12992.723160978669,12992.72316097867
50.40.4,50,4,ims,6,6/8,12992.723160978669,12992.72316097867
50.40.4,50,4,ims,7,7/8,12992.723160978669,12992.72316097867
50.40.4,50,4,ims,8,8/8,12992.723160978669,12992.72316097867
50.40.4,50,5,ims,0,0/8,22481.931233109604,12992.72316097867
50.40.4,50,5,ims,1,1/8,12992.72316097867,12992.72316097867
50.40.4,50,5,ims,2,2/8,12992.72316097867,12992.72316097867
50.40.4,50,5,ims,3,3/8,12992.723160978669,12992.72316097867
50.40.4,50,5,ims,4,4/8,12992.723160978669,12992.72316097867
50.40.4,50,5,ims,5,5/8,12992.723160978669,12992.72316097867
50.40.4,50,5,ims,6,6/8,12992.723160978669,12992.72316097867
50.40.4,50,5,ims,7,7/8,12992.723160978669,12992.72316097867
50.40.4,50,5,ims,8,8/8,12992.723160978669,12992.72316097867
50.40.4,50,6,ims,0,0/8,24920.6499376524,12992.72316097867
50.40.4,50,6,ims,1,1/8,13197.303043392265,12992.72316097867
50.40.4,50,6,ims,2,2/8,12992.72316097867,12992.72316097867
50.40.4,50,6,ims,3,3/8,12992.723160978669,12992.72316097867
50.40.4,50,6,ims,4,4/8,12992.723160978669,12992.72316097867
50.40.4,50,6,ims,5,5/8,12992.723160978669,12992.72316097867
50.40.4,50,6,ims,6,6/8,12992.723160978669,12992.72316097867
50.40.4,50,6,ims,7,7/8,12992.723160978669,12992.72316097867
50.40.4,50,6,ims,8,8/8,12992.723160978669,12992.72316097867
50.40.4,50,7,ims,0,0/8,24702.67544512644,12992.72316097867
50.40.4,50,7,ims,1,1/8,13099.313407023234,12992.72316097867
50.40.4,50,7,ims,2,2/8,12992.723160978669,12992.72316097867
50.40.4,50,7,ims,3,3/8,12992.723160978669,12992.72316097867
50.40.4,50,7,ims,4,4/8,12992.723160978669,12992.72316097867
50.40.4,50,7,ims,5,5/8,12992.723160978669,12992.72316097867
50.40.4,50,7,ims,6,6/8,12992.723160978669,12992.72316097867
50.40.4,50,7,ims,7,7/8,12992.723160978669,12992.72316097867
50.40.4,50,7,ims,8,8/8,12992.723160978669,12992.72316097867
50.40.4,50,8,ims,0,0/8,25264.910471123258,12992.72316097867
50.40.4,50,8,ims,1,1/8,13211.520826223354,12992.72316097867
50.40.4,50,8,ims,2,2/8,12992.723160978669,12992.72316097867
50.40.4,50,8,ims,3,3/8,12992.723160978669,12992.72316097867
50.40.4,50,8,ims,4,4/8,12992.723160978669,12992.72316097867
50.40.4,50,8,ims,5,5/8,12992.723160978669,12992.72316097867
50.40.4,50,8,ims,6,6/8,12992.723160978669,12992.72316097867
50.40.4,50,8,ims,7,7/8,12992.723160978669,12992.72316097867
50.40.4,50,8,ims,8,8/8,12992.723160978669,12992.72316097867
50.40.4,50,9,ims,0,0/8,23088.643314650843,12992.72316097867
50.40.4,50,9,ims,1,1/8,13132.322902291875,12992.72316097867
50.40.4,50,9,ims,2,2/8,12996.739752830388,12992.72316097867
50.40.4,50,9,ims,3,3/8,12996.739752830388,12992.72316097867
50.40.4,50,9,ims,4,4/8,12992.723160978669,12992.72316097867
50.40.4,50,9,ims,5,5/8,12992.723160978669,12992.72316097867
50.40.4,50,9,ims,6,6/8,12992.723160978669,12992.72316097867
50.40.4,50,9,ims,7,7/8,12992.723160978669,12992.72316097867
50.40.4,50,9,ims,8,8/8,12992.723160978669,12992.72316097867
50.40.4,50,10,ims,0,0/8,23359.108882989673,12992.72316097867
50.40.4,50,10,ims,1,1/8,13025.383351852173,12992.72316097867
50.40.4,50,10,ims,2,2/8,12992.723160978669,12992.72316097867
50.40.4,50,10,ims,3,3/8,12992.723160978669,12992.72316097867
50.40.4,50,10,ims,4,4/8,12992.723160978669,12992.72316097867
50.40.4,50,10,ims,5,5/8,12992.723160978669,12992.72316097867
50.40.4,50,10,ims,6,6/8,12992.723160978669,12992.72316097867
50.40.4,50,10,ims,7,7/8,12992.723160978669,12992.72316097867
50.40.4,50,10,ims,8,8/8,12992.723160978669,12992.72316097867
50.40.4,50,1,sats,0,0/8,26930.114231983178,12992.72316097867
50.40.4,50,1,sats,1,1/8,13289.83813482711,12992.72316097867
50.40.4,50,1,sats,2,2/8,13289.83813482711,12992.72316097867
50.40.4,50,1,sats,3,3/8,12992.72316097867,12992.72316097867
50.40.4,50,1,sats,4,4/8,12992.72316097867,12992.72316097867
50.40.4,50,1,sats,5,5/8,12992.72316097867,12992.72316097867
50.40.4,50,1,sats,6,6/8,12992.72316097867,12992.72316097867
50.40.4,50,1,sats,7,7/8,12992.72316097867,12992.72316097867
50.40.4,50,1,sats,8,8/8,12992.72316097867,12992.72316097867
50.40.4,50,2,sats,0,0/8,26827.977443789576,12992.72316097867
50.40.4,50,2,sats,1,1/8,13211.520826223354,12992.72316097867
50.40.4,50,2,sats,2,2/8,13008.922478837558,12992.72316097867
50.40.4,50,2,sats,3,3/8,13008.922478837558,12992.72316097867
50.40.4,50,2,sats,4,4/8,13008.922478837558,12992.72316097867
50.40.4,50,2,sats,5,5/8,12992.723160978669,12992.72316097867
50.40.4,50,2,sats,6,6/8,12992.723160978669,12992.72316097867
50.40.4,50,2,sats,7,7/8,12992.723160978669,12992.72316097867
50.40.4,50,2,sats,8,8/8,12992.723160978669,12992.72316097867
50.40.4,50,3,sats,0,0/8,25980.618277064892,12992.72316097867
50.40.4,50,3,sats,1,1/8,13332.47717808809,12992.72316097867
50.40.4,50,3,sats,2,2/8,13150.538768767707,12992.72316097867
50.40.4,50,3,sats,3,3/8,13150.538768767707,12992.72316097867
50.40.4,50,3,sats,4,4/8,13150.538768767707,12992.72316097867
50.40.4,50,3,sats,5,5/8,12992.723160978669,12992.72316097867
50.40.4,50,3,sats,6,6/8,12992.723160978669,12992.72316097867
50.40.4,50,3,sats,7,7/8,12992.723160978669,12992.72316097867
50.40.4,50,3,sats,8,8/8,12992.723160978669,12992.72316097867
50.40.4,50,4,sats,0,0/8,23749.229927170774,12992.72316097867
50.40.4,50,4,sats,1,1/8,12996.739752830388,12992.72316097867
50.40.4,50,4,sats,2,2/8,12996.739752830388,12992.72316097867
50.40.4,50,4,sats,3,3/8,12996.739752830388,12992.72316097867
50.40.4,50,4,sats,4,4/8,12996.739752830388,12992.72316097867
50.40.4,50,4,sats,5,5/8,12996.739752830388,12992.72316097867
50.40.4,50,4,sats,6,6/8,12996.739752830388,12992.72316097867
50.40.4,50,4,sats,7,7/8,12992.72316097867,12992.72316097867
50.40.4,50,4,sats,8,8/8,12992.72316097867,12992.72316097867
50.40.4,50,5,sats,0,0/8,26241.475785049137,12992.72316097867
50.40.4,50,5,sats,1,1/8,12996.739752830388,12992.72316097867
50.40.4,50,5,sats,2,2/8,12996.739752830388,12992.72316097867
50.40.4,50,5,sats,3,3/8,12996.739752830388,12992.72316097867
50.40.4,50,5,sats,4,4/8,12992.723160978669,12992.72316097867
50.40.4,50,5,sats,5,5/8,12992.723160978669,12992.72316097867
50.40.4,50,5,sats,6,6/8,12992.723160978669,12992.72316097867
50.40.4,50,5,sats,7,7/8,12992.723160978669,12992.72316097867
50.40.4,50,5,sats,8,8/8,12992.723160978669,12992.72316097867
50.40.4,50,6,sats,0,0/8,25509.95898066396,12992.72316097867
50.40.4,50,6,sats,1,1/8,13743.181835446532,12992.72316097867
50.40.4,50,6,sats,2,2/8,13332.47717808809,12992.72316097867
50.40.4,50,6,sats,3,3/8,13332.47717808809,12992.72316097867
50.40.4,50,6,sats,4,4/8,13332.47717808809,12992.72316097867
50.40.4,50,6,sats,5,5/8,13317.95339955635,12992.72316097867
50.40.4,50,6,sats,6,6/8,13317.95339955635,12992.72316097867
50.40.4,50,6,sats,7,7/8,13013.200625845002,12992.72316097867
50.40.4,50,6,sats,8,8/8,13008.922478837558,12992.72316097867
50.40.4,50,7,sats,0,0/8,24702.67544512644,12992.72316097867
50.40.4,50,7,sats,1,1/8,13099.313407023234,12992.72316097867
50.40.4,50,7,sats,2,2/8,12992.723160978669,12992.72316097867
50.40.4,50,7,sats,3,3/8,12992.723160978669,12992.72316097867
50.40.4,50,7,sats,4,4/8,12992.723160978669,12992.72316097867
50.40.4,50,7,sats,5,5/8,12992.723160978669,12992.72316097867
50.40.4,50,7,sats,6,6/8,12992.723160978669,12992.72316097867
50.40.4,50,7,sats,7,7/8,12992.723160978669,12992.72316097867
50.40.4,50,7,sats,8,8/8,12992.723160978669,12992.72316097867
50.40.4,50,8,sats,0,0/8,26458.33759183658,12992.72316097867
50.40.4,50,8,sats,1,1/8,13266.395496941394,12992.72316097867
50.40.4,50,8,sats,2,2/8,13099.313407023234,12992.72316097867
50.40.4,50,8,sats,3,3/8,13099.313407023234,12992.72316097867
50.40.4,50,8,sats,4,4/8,13099.313407023234,12992.72316097867
50.40.4,50,8,sats,5,5/8,12992.723160978669,12992.72316097867
50.40.4,50,8,sats,6,6/8,12992.723160978669,12992.72316097867
50.40.4,50,8,sats,7,7/8,12992.723160978669,12992.72316097867
50.40.4,50,8,sats,8,8/8,12992.723160978669,12992.72316097867
50.40.4,50,9,sats,0,0/8,23088.643314650843,12992.72316097867
50.40.4,50,9,sats,1,1/8,13132.322902291875,12992.72316097867
50.40.4,50,9,sats,2,2/8,12996.739752830388,12992.72316097867
50.40.4,50,9,sats,3,3/8,12996.739752830388,12992.72316097867
50.40.4,50,9,sats,4,4/8,12992.723160978669,12992.72316097867
50.40.4,50,9,sats,5,5/8,12992.723160978669,12992.72316097867
50.40.4,50,9,sats,6,6/8,12992.723160978669,12992.72316097867
50.40.4,50,9,sats,7,7/8,12992.723160978669,12992.72316097867
50.40.4,50,9,sats,8,8/8,12992.723160978669,12992.72316097867
50.40.4,50,10,sats,0,0/8,23359.108882989673,12992.72316097867
50.40.4,50,10,sats,1,1/8,13197.303043392265,12992.72316097867
50.40.4,50,10,sats,2,2/8,12992.72316097867,12992.72316097867
50.40.4,50,10,sats,3,3/8,12992.72316097867,12992.72316097867
50.40.4,50,10,sats,4,4/8,12992.72316097867,12992.72316097867
50.40.4,50,10,sats,5,5/8,12992.72316097867,12992.72316097867
50.40.4,50,10,sats,6,6/8,12992.72316097867,12992.72316097867
50.40.4,50,10,sats,7,7/8,12992.72316097867,12992.72316097867
50.40.4,50,10,sats,8,8/8,12992.72316097867,12992.72316097867
100.10.1,100,1,ims,0,0/8,2618.4385919560364,1563.2556451543076
100.10.1,100,1,ims,1,1/8,1564.597085612476,1563.2556451543076
100.10.1,100,1,ims,2,2/8,1564.597085612476,1563.2556451543076
100.10.1,100,1,ims,3,3/8,1563.2556451543076,1563.2556451543076
100.10.1,100,1,ims,4,4/8,1560.6189282528708,1563.2556451543076
100.10.1,100,1,ims,5,5/8,1560.6189282528708,1563.2556451543076
100.10.1,100,1,ims,6,6/8,1560.0780143511952,1563.2556451543076
100.10.1,100,1,ims,7,7/8,1560.0780143511952,1563.2556451543076
100.10.1,100,1,ims,8,8/8,1560.0780143511952,1563.2556451543076
100.10.1,100,2,ims,0,0/8,2670.9077933726444,1563.2556451543076
100.10.1,100,2,ims,1,1/8,1599.7247460291148,1563.2556451543076
100.10.1,100,2,ims,2,2/8,1566.1009448148664,1563.2556451543076
100.10.1,100,2,ims,3,3/8,1564.5595254981033,1563.2556451543076
100.10.1,100,2,ims,4,4/8,1563.2350258671925,1563.2556451543076
100.10.1,100,2,ims,5,5/8,1563.2350258671925,1563.2556451543076
100.10.1,100,2,ims,6,6/8,1559.7403963876893,1563.2556451543076
100.10.1,100,2,ims,7,7/8,1559.7403963876893,1563.2556451543076
100.10.1,100,2,ims,8,8/8,1559.7403963876893,1563.2556451543076
100.10.1,100,3,ims,0,0/8,2134.750744913752,1563.2556451543076
100.10.1,100,3,ims,1,1/8,1566.824313744129,1563.2556451543076
100.10.1,100,3,ims,2,2/8,1565.3204545417384,1563.2556451543076
100.10.1,100,3,ims,3,3/8,1565.3204545417384,1563.2556451543076
100.10.1,100,3,ims,4,4/8,1565.3204545417384,1563.2556451543076
100.10.1,100,3,ims,5,5/8,1565.3204545417384,1563.2556451543076
100.10.1,100,3,ims,6,6/8,1561.668402438201,1563.2556451543076
100.10.1,100,3,ims,7,7/8,1561.2796474803345,1563.2556451543076
100.10.1,100,3,ims,8,8/8,1561.2796474803345,1563.2556451543076
100.10.1,100,4,ims,0,0/8,2282.457795138622,1563.2556451543076
100.10.1,100,4,ims,1,1/8,1566.9589370025963,1563.2556451543076
100.10.1,100,4,ims,2,2/8,1563.2556451543076,1563.2556451543076
100.10.1,100,4,ims,3,3/8,1563.2556451543076,1563.2556451543076
100.10.1,100,4,ims,4,4/8,1562.9368032957466,1563.2556451543076
100.10.1,100,4,ims,5,5/8,1560.6074416465258,1563.2556451543076
100.10.1,100,4,ims,6,6/8,1555.9032815292487,1563.2556451543076
100.10.1,100,4,ims,7,7/8,1555.9032815292487,1563.2556451543076
100.10.1,100,4,ims,8,8/8,1555.9032815292487,1563.2556451543076
100.10.1,100,5,ims,0,0/8,2555.008686178036,1563.2556451543076
100.10.1,100,5,ims,1,1/8,1563.5091898824946,1563.2556451543076
100.10.1,100,5,ims,2,2/8,1563.5091898824946,1563.2556451543076
100.10.1,100,5,ims,3,3/8,1563.5091898824946,1563.2556451543076
100.10.1,100,5,ims,4,4/8,1563.2556451543076,1563.2556451543076
100.10.1,100,5,ims,5,5/8,1563.2556451543076,1563.2556451543076
100.10.1,100,5,ims,6,6/8,1559.0814347979783,1563.2556451543076
100.10.1,100,5,ims,7,7/8,1554.6731477990445,1563.2556451543076
100.10.1,100,5,ims,8,8/8,1554.6731477990445,1563.2556451543076
100.10.1,100,6,ims,0,0/8,2689.1291165161338,1563.2556451543076
100.10.1,100,6,ims,1,1/8,1576.0218738330022,1563.2556451543076
100.10.1,100,6,ims,2,2/8,1564.597085612476,1563.2556451543076
100.10.1,100,6,ims,3,3/8,1562.9368032957466,1563.2556451543076
100.10.1,100,6,ims,4,4/8,1559.5571060309173,1563.2556451543076
100.10.1,100,6,ims,5,5/8,1559.5571060309173,1563.2556451543076
100.10.1,100,6,ims,6,6/8,1559.4607834953479,1563.2556451543076
100.10.1,100,6,ims,7,7/8,1559.4607834953479,1563.2556451543076
100.10.1,100,6,ims,8,8/8,1559.4607834953479,1563.2556451543076
100.10.1,100,7,ims,0,0/8,2595.62825668882,1563.2556451543076
100.10.1,100,7,ims,1,1/8,1565.3204545417384,1563.2556451543076
100.10.1,100,7,ims,2,2/8,1565.170450396894,1563.2556451543076
100.10.1,100,7,ims,3,3/8,1564.645678196705,1563.2556451543076
100.10.1,100,7,ims,4,4/8,1564.645678196705,1563.2556451543076
100.10.1,100,7,ims,5,5/8,1559.7757882779435,1563.2556451543076
100.10.1,100,7,ims,6,6/8,1559.7757882779435,1563.2556451543076
100.10.1,100,7,ims,7,7/8,1559.7757882779435,1563.2556451543076
100.10.1,100,7,ims,8,8/8,1559.7757882779435,1563.2556451543076
100.10.1,100,8,ims,0,0/8,2302.707244944446,1563.2556451543076
100.10.1,100,8,ims,1,1/8,1565.6226806149903,1563.2556451543076
100.10.1,100,8,ims,2,2/8,1560.3491530623621,1563.2556451543076
100.10.1,100,8,ims,3,3/8,1560.3491530623621,1563.2556451543076
100.10.1,100,8,ims,4,4/8,1560.3491530623621,1563.2556451543076
100.10.1,100,8,ims,5,5/8,1560.3491530623621,1563.2556451543076
100.10.1,100,8,ims,6,6/8,1560.3491530623621,1563.2556451543076
100.10.1,100,8,ims,7,7/8,1557.9453732005888,1563.2556451543076
100.10.1,100,8,ims,8,8/8,1555.3957564763182,1563.2556451543076
100.10.1,100,9,ims,0,0/8,2489.4824640046622,1563.2556451543076
100.10.1,100,9,ims,1,1/8,1565.612862970597,1563.2556451543076
100.10.1,100,9,ims,2,2/8,1560.5562785510715,1563.2556451543076
100.10.1,100,9,ims,3,3/8,1560.5562785510715,1563.2556451543076
100.10.1,100,9,ims,4,4/8,1560.0780143511952,1563.2556451543076
100.10.1,100,9,ims,5,5/8,1560.0780143511952,1563.2556451543076
100.10.1,100,9,ims,6,6/8,1560.0780143511952,1563.2556451543076
100.10.1,100,9,ims,7,7/8,1560.0780143511952,1563.2556451543076
100.10.1,100,9,ims,8,8/8,1546.7757956713772,1563.2556451543076
100.10.1,100,10,ims,0,0/8,2592.8132611512706,1563.2556451543076
100.10.1,100,10,ims,1,1/8,1568.9887113313605,1563.2556451543076
100.10.1,100,10,ims,2,2/8,1563.2556451543076,1563.2556451543076
100.10.1,100,10,ims,3,3/8,1563.2556451543076,1563.2556451543076
100.10.1,100,10,ims,4,4/8,1562.9368032957464,1563.2556451543076
100.10.1,100,10,ims,5,5/8,1562.9368032957464,1563.2556451543076
100.10.1,100,10,ims,6,6/8,1562.9368032957464,1563.2556451543076
100.10.1,100,10,ims,7,7/8,1561.2796474803345,1563.2556451543076
100.10.1,100,10,ims,8,8/8,1560.0780143511952,1563.2556451543076
100.10.1,100,1,sats,0,0/8,2893.6379677605905,1563.2556451543076
100.10.1,100,1,sats,1,1/8,1661.045384456235,1563.2556451543076
100.10.1,100,1,sats,2,2/8,1608.244505785634,1563.2556451543076
100.10.1,100,1,sats,3,3/8,1561.013854741351,1563.2556451543076
100.10.1,100,1,sats,4,4/8,1561.013854741351,1563.2556451543076
100.10.1,100,1,sats,5,5/8,1561.013854741351,1563.2556451543076
100.10.1,100,1,sats,6,6/8,1561.013854741351,1563.2556451543076
100.10.1,100,1,sats,7,7/8,1561.013854741351,1563.2556451543076
100.10.1,100,1,sats,8,8/8,1561.013854741351,1563.2556451543076
100.10.1,100,2,sats,0,0/8,2670.9077933726444,1563.2556451543076
100.10.1,100,2,sats,1,1/8,1586.0433109869052,1563.2556451543076
100.10.1,100,2,sats,2,2/8,1565.1704503968942,1563.2556451543076
100.10.1,100,2,sats,3,3/8,1565.1704503968942,1563.2556451543076
100.10.1,100,2,sats,4,4/8,1564.597085612476,1563.2556451543076
100.10.1,100,2,sats,5,5/8,1564.597085612476,1563.2556451543076
100.10.1,100,2,sats,6,6/8,1564.597085612476,1563.2556451543076
100.10.1,100,2,sats,7,7/8,1564.597085612476,1563.2556451543076
100.10.1,100,2,sats,8,8/8,1564.597085612476,1563.2556451543076
100.10.1,100,3,sats,0,0/8,3208.7567807168025,1563.2556451543076
100.10.1,100,3,sats,1,1/8,1566.824313744129,1563.2556451543076
100.10.1,100,3,sats,2,2/8,1566.824313744129,1563.2556451543076
100.10.1,100,3,sats,3,3/8,1566.824313744129,1563.2556451543076
100.10.1,100,3,sats,4,4/8,1565.6226806149903,1563.2556451543076
100.10.1,100,3,sats,5,5/8,1565.6226806149903,1563.2556451543076
100.10.1,100,3,sats,6,6/8,1565.3204545417384,1563.2556451543076
100.10.1,100,3,sats,7,7/8,1565.3204545417384,1563.2556451543076
100.10.1,100,3,sats,8,8/8,1565.3204545417384,1563.2556451543076
100.10.1,100,4,sats,0,0/8,3070.389481922174,1563.2556451543076
100.10.1,100,4,sats,1,1/8,1566.9589370025963,1563.2556451543076
100.10.1,100,4,sats,2,2/8,1565.170450396894,1563.2556451543076
100.10.1,100,4,sats,3,3/8,1565.170450396894,1563.2556451543076
100.10.1,100,4,sats,4,4/8,1565.170450396894,1563.2556451543076
100.10.1,100,4,sats,5,5/8,1564.597085612476,1563.2556451543076
100.10.1,100,4,sats,6,6/8,1564.597085612476,1563.2556451543076
100.10.1,100,4,sats,7,7/8,1564.597085612476,1563.2556451543076
100.10.1,100,4,sats,8,8/8,1564.597085612476,1563.2556451543076
100.10.1,100,5,sats,0,0/8,2972.839146176975,1563.2556451543076
100.10.1,100,5,sats,1,1/8,1571.3629441461508,1563.2556451543076
100.10.1,100,5,sats,2,2/8,1571.3629441461508,1563.2556451543076
100.10.1,100,5,sats,3,3/8,1571.3629441461508,1563.2556451543076
100.10.1,100,5,sats,4,4/8,1564.597085612476,1563.2556451543076
100.10.1,100,5,sats,5,5/8,1564.597085612476,1563.2556451543076
100.10.1,100,5,sats,6,6/8,1564.597085612476,1563.2556451543076
100.10.1,100,5,sats,7,7/8,1564.597085612476,1563.2556451543076
100.10.1,100,5,sats,8,8/8,1564.597085612476,1563.2556451543076
100.10.1,100,6,sats,0,0/8,3092.746388025481,1563.2556451543076
100.10.1,100,6,sats,1,1/8,1648.460407398197,1563.2556451543076
100.10.1,100,6,sats,2,2/8,1643.255590442832,1563.2556451543076
100.10.1,100,6,sats,3,3/8,1643.255590442832,1563.2556451543076
100.10.1,100,6,sats,4,4/8,1643.255590442832,1563.2556451543076
100.10.1,100,6,sats,5,5/8,1643.255590442832,1563.2556451543076
100.10.1,100,6,sats,6,6/8,1643.255590442832,1563.2556451543076
100.10.1,100,6,sats,7,7/8,1643.255590442832,1563.2556451543076
100.10.1,100,6,sats,8,8/8,1643.255590442832,1563.2556451543076
100.10.1,100,7,sats,0,0/8,2722.6938147884416,1563.2556451543076
100.10.1,100,7,sats,1,1/8,1651.7735973427523,1563.2556451543076
100.10.1,100,7,sats,2,2/8,1648.8895575571953,1563.2556451543076
100.10.1,100,7,sats,3,3/8,1641.2471217106008,1563.2556451543076
100.10.1,100,7,sats,4,4/8,1583.3824838871585,1563.2556451543076
100.10.1,100,7,sats,5,5/8,1561.2796474803345,1563.2556451543076
100.10.1,100,7,sats,6,6/8,1561.2796474803345,1563.2556451543076
100.10.1,100,7,sats,7,7/8,1561.2796474803345,1563.2556451543076
100.10.1,100,7,sats,8,8/8,1561.2796474803345,1563.2556451543076
100.10.1,100,8,sats,0,0/8,2519.6318931312408,1563.2556451543076
100.10.1,100,8,sats,1,1/8,1648.6541351630167,1563.2556451543076
100.10.1,100,8,sats,2,2/8,1648.6541351630167,1563.2556451543076
100.10.1,100,8,sats,3,3/8,1568.7421427947254,1563.2556451543076
100.10.1,100,8,sats,4,4/8,1565.6226806149903,1563.2556451543076
100.10.1,100,8,sats,5,5/8,1565.3204545417384,1563.2556451543076
100.10.1,100,8,sats,6,6/8,1565.3204545417384,1563.2556451543076
100.10.1,100,8,sats,7,7/8,1565.3204545417384,1563.2556451543076
100.10.1,100,8,sats,8,8/8,1565.3204545417384,1563.2556451543076
100.10.1,100,9,sats,0,0/8,2757.964635329592,1563.2556451543076
100.10.1,100,9,sats,1,1/8,1565.8938193261567,1563.2556451543076
100.10.1,100,9,sats,2,2/8,1565.8938193261567,1563.2556451543076
100.10.1,100,9,sats,3,3/8,1565.5902297322475,1563.2556451543076
100.10.1,100,9,sats,4,4/8,1564.597085612476,1563.2556451543076
100.10.1,100,9,sats,5,5/8,1564.597085612476,1563.2556451543076
100.10.1,100,9,sats,6,6/8,1564.597085612476,1563.2556451543076
100.10.1,100,9,sats,7,7/8,1546.7757956713772,1563.2556451543076
100.10.1,100,9,sats,8,8/8,1546.7757956713772,1563.2556451543076
100.10.1,100,10,sats,0,0/8,3571.1434935219127,1563.2556451543076
100.10.1,100,10,sats,1,1/8,1579.4616265644238,1563.2556451543076
100.10.1,100,10,sats,2,2/8,1563.2556451543076,1563.2556451543076
100.10.1,100,10,sats,3,3/8,1563.2556451543076,1563.2556451543076
100.10.1,100,10,sats,4,4/8,1563.2556451543076,1563.2556451543076
100.10.1,100,10,sats,5,5/8,1562.9368032957464,1563.2556451543076
100.10.1,100,10,sats,6,6/8,1561.2796474803345,1563.2556451543076
100.10.1,100,10,sats,7,7/8,1560.0780143511952,1563.2556451543076
100.10.1,100,10,sats,8,8/8,1560.0780143511952,1563.2556451543076
100.10.2,100,1,ims,0,0/8,2594.292248758936,1579.871987611483
100.10.2,100,1,ims,1,1/8,1589.3525644385581,1579.871987611483
100.10.2,100,1,ims,2,2/8,1589.3525644385581,1579.871987611483
100.10.2,100,1,ims,3,3/8,1572.057469719477,1579.871987611483
100.10.2,100,1,ims,4,4/8,1572.057469719477,1579.871987611483
100.10.2,100,1,ims,5,5/8,1572.057469719477,1579.871987611483
100.10.2,100,1,ims,6,6/8,1570.511923790541,1579.871987611483
100.10.2,100,1,ims,7,7/8,1563.4950613073363,1579.871987611483
100.10.2,100,1,ims,8,8/8,1563.4950613073363,1579.871987611483
100.10.2,100,2,ims,0,0/8,2661.1761823920624,1579.871987611483
100.10.2,100,2,ims,1,1/8,1590.6271686973266,1579.871987611483
100.10.2,100,2,ims,2,2/8,1581.3211922937537,1579.871987611483
100.10.2,100,2,ims,3,3/8,1580.3132150695699,1579.871987611483
100.10.2,100,2,ims,4,4/8,1580.3132150695699,1579.871987611483
100.10.2,100,2,ims,5,5/8,1576.0583261238426,1579.871987611483
100.10.2,100,2,ims,6,6/8,1576.0218545824473,1579.871987611483
100.10.2,100,2,ims,7,7/8,1565.1968589543515,1579.871987611483
100.10.2,100,2,ims,8,8/8,1564.5910679394362,1579.871987611483
100.10.2,100,3,ims,0,0/8,2632.782395313534,1579.871987611483
100.10.2,100,3,ims,1,1/8,1582.1893314923238,1579.871987611483
100.10.2,100,3,ims,2,2/8,1582.1893314923238,1579.871987611483
100.10.2,100,3,ims,3,3/8,1577.5229623463758,1579.871987611483
100.10.2,100,3,ims,4,4/8,1576.7896316974914,1579.871987611483
100.10.2,100,3,ims,5,5/8,1576.7896316974914,1579.871987611483
100.10.2,100,3,ims,6,6/8,1572.825478329376,1579.871987611483
100.10.2,100,3,ims,7,7/8,1571.3315412916295,1579.871987611483
100.10.2,100,3,ims,8,8/8,1563.4612476680572,1579.871987611483
100.10.2,100,4,ims,0,0/8,2594.292248758936,1579.871987611483
100.10.2,100,4,ims,1,1/8,1572.825478329376,1579.871987611483
100.10.2,100,4,ims,2,2/8,1572.825478329376,1579.871987611483
100.10.2,100,4,ims,3,3/8,1572.825478329376,1579.871987611483
100.10.2,100,4,ims,4,4/8,1572.825478329376,1579.871987611483
100.10.2,100,4,ims,5,5/8,1572.825478329376,1579.871987611483
100.10.2,100,4,ims,6,6/8,1572.825478329376,1579.871987611483
100.10.2,100,4,ims,7,7/8,1572.825478329376,1579.871987611483
100.10.2,100,4,ims,8,8/8,1572.825478329376,1579.871987611483
100.10.2,100,5,ims,0,0/8,2389.8294393214396,1579.871987611483
100.10.2,100,5,ims,1,1/8,1590.7684474280231,1579.871987611483
100.10.2,100,5,ims,2,2/8,1576.7028072732835,1579.871987611483
100.10.2,100,5,ims,3,3/8,1576.7028072732835,1579.871987611483
100.10.2,100,5,ims,4,4/8,1576.7028072732835,1579.871987611483
100.10.2,100,5,ims,5,5/8,1574.3141723019785,1579.871987611483
100.10.2,100,5,ims,6,6/8,1572.3354561651818,1579.871987611483
100.10.2,100,5,ims,7,7/8,1571.6528838734405,1579.871987611483
100.10.2,100,5,ims,8,8/8,1567.8553110453645,1579.871987611483
100.10.2,100,6,ims,0,0/8,2495.7299038216606,1579.871987611483
100.10.2,100,6,ims,1,1/8,1596.6401627479363,1579.871987611483
100.10.2,100,6,ims,2,2/8,1592.1034586634394,1579.871987611483
100.10.2,100,6,ims,3,3/8,1580.9717374669476,1579.871987611483
100.10.2,100,6,ims,4,4/8,1564.252911761074,1579.871987611483
100.10.2,100,6,ims,5,5/8,1564.252911761074,1579.871987611483
100.10.2,100,6,ims,6,6/8,1563.4220557276485,1579.871987611483
100.10.2,100,6,ims,7,7/8,1563.4220557276485,1579.871987611483
100.10.2,100,6,ims,8,8/8,1563.4220557276485,1579.871987611483
100.10.2,100,7,ims,0,0/8,2367.012878574532,1579.871987611483
100.10.2,100,7,ims,1,1/8,1598.903798518041,1579.871987611483
100.10.2,100,7,ims,2,2/8,1585.7795426612174,1579.871987611483
100.10.2,100,7,ims,3,3/8,1579.9111136889494,1579.871987611483
100.10.2,100,7,ims,4,4/8,1573.3964640632457,1579.871987611483
100.10.2,100,7,ims,5,5/8,1557.4904366398227,1579.871987611483
100.10.2,100,7,ims,6,6/8,1557.4904366398227,1579.871987611483
100.10.2,100,7,ims,7,7/8,1547.9979548737576,1579.871987611483
100.10.2,100,7,ims,8,8/8,1547.9979548737576,1579.871987611483
100.10.2,100,8,ims,0,0/8,2636.42560335915,1579.871987611483
100.10.2,100,8,ims,1,1/8,1580.2178108746123,1579.871987611483
100.10.2,100,8,ims,2,2/8,1572.2885582936065,1579.871987611483
100.10.2,100,8,ims,3,3/8,1572.2885582936065,1579.871987611483
100.10.2,100,8,ims,4,4/8,1564.8477064894214,1579.871987611483
100.10.2,100,8,ims,5,5/8,1563.18746433427,1579.871987611483
100.10.2,100,8,ims,6,6/8,1563.18746433427,1579.871987611483
100.10.2,100,8,ims,7,7/8,1563.18746433427,1579.871987611483
100.10.2,100,8,ims,8,8/8,1563.18746433427,1579.871987611483
100.10.2,100,9,ims,0,0/8,2547.326484440131,1579.871987611483
100.10.2,100,9,ims,1,1/8,1632.0029241395773,1579.871987611483
100.10.2,100,9,ims,2,2/8,1580.0928184051882,1579.871987611483
100.10.2,100,9,ims,3,3/8,1580.0928184051882,1579.871987611483
100.10.2,100,9,ims,4,4/8,1580.0928184051882,1579.871987611483
100.10.2,100,9,ims,5,5/8,1577.4833526401783,1579.871987611483
100.10.2,100,9,ims,6,6/8,1566.357362098062,1579.871987611483
100.10.2,100,9,ims,7,7/8,1563.221277973549,1579.871987611483
100.10.2,100,9,ims,8,8/8,1563.221277973549,1579.871987611483
100.10.2,100,10,ims,0,0/8,2490.267212154495,1579.871987611483
100.10.2,100,10,ims,1,1/8,1585.2535413320336,1579.871987611483
100.10.2,100,10,ims,2,2/8,1585.2535413320336,1579.871987611483
100.10.2,100,10,ims,3,3/8,1578.4791209333441,1579.871987611483
100.10.2,100,10,ims,4,4/8,1577.8928133340316,1579.871987611483
100.10.2,100,10,ims,5,5/8,1573.8609679075366,1579.871987611483
100.10.2,100,10,ims,6,6/8,1570.0894915981346,1579.871987611483
100.10.2,100,10,ims,7,7/8,1570.0894915981346,1579.871987611483
100.10.2,100,10,ims,8,8/8,1570.0894915981346,1579.871987611483
100.10.2,100,1,sats,0,0/8,3246.269411042819,1579.871987611483
100.10.2,100,1,sats,1,1/8,1633.432583108613,1579.871987611483
100.10.2,100,1,sats,2,2/8,1581.3020380512285,1579.871987611483
100.10.2,100,1,sats,3,3/8,1581.3020380512285,1579.871987611483
100.10.2,100,1,sats,4,4/8,1581.3020380512285,1579.871987611483
100.10.2,100,1,sats,5,5/8,1581.3020380512285,1579.871987611483
100.10.2,100,1,sats,6,6/8,1573.9315746031011,1579.871987611483
100.10.2,100,1,sats,7,7/8,1571.1563069485503,1579.871987611483
100.10.2,100,1,sats,8,8/8,1571.0227910375552,1579.871987611483
100.10.2,100,2,sats,0,0/8,3178.161160427501,1579.871987611483
100.10.2,100,2,sats,1,1/8,1624.351935895118,1579.871987611483
100.10.2,100,2,sats,2,2/8,1619.7125578628422,1579.871987611483
100.10.2,100,2,sats,3,3/8,1612.2223069029853,1579.871987611483
100.10.2,100,2,sats,4,4/8,1596.097182659543,1579.871987611483
100.10.2,100,2,sats,5,5/8,1593.2776066911752,1579.871987611483
100.10.2,100,2,sats,6,6/8,1581.1631459003297,1579.871987611483
100.10.2,100,2,sats,7,7/8,1579.4333923744518,1579.871987611483
100.10.2,100,2,sats,8,8/8,1575.1264351701852,1579.871987611483
100.10.3,100,1,ims,0,0/8,2401.6233001934397,1516.067161387965
100.10.3,100,1,ims,1,1/8,1529.0832956006325,1516.067161387965
100.10.3,100,1,ims,2,2/8,1529.0832956006325,1516.067161387965
100.10.3,100,1,ims,3,3/8,1527.727762963545,1516.067161387965
100.10.3,100,1,ims,4,4/8,1526.7949714355555,1516.067161387965
100.10.3,100,1,ims,5,5/8,1526.7949714355555,1516.067161387965
100.10.3,100,1,ims,6,6/8,1510.0944842855286,1516.067161387965
100.10.3,100,1,ims,7,7/8,1510.0944842855286,1516.067161387965
100.10.3,100,1,ims,8,8/8,1510.0944842855286,1516.067161387965
100.10.3,100,2,ims,0,0/8,2441.1156208769626,1516.067161387965
100.10.3,100,2,ims,1,1/8,1602.4470940816661,1516.067161387965
100.10.3,100,2,ims,2,2/8,1534.7687456776973,1516.067161387965
100.10.3,100,2,ims,3,3/8,1529.0577167779606,1516.067161387965
100.10.3,100,2,ims,4,4/8,1529.0577167779606,1516.067161387965
100.10.3,100,2,ims,5,5/8,1518.404324995042,1516.067161387965
100.10.3,100,2,ims,6,6/8,1518.404324995042,1516.067161387965
100.10.3,100,2,ims,7,7/8,1518.404324995042,1516.067161387965
100.10.3,100,2,ims,8,8/8,1515.861436307472,1516.067161387965
100.10.3,100,3,ims,0,0/8,2588.954162514979,1516.067161387965
100.10.3,100,3,ims,1,1/8,1559.8013765983765,1516.067161387965
100.10.3,100,3,ims,2,2/8,1529.0832956006325,1516.067161387965
100.10.3,100,3,ims,3,3/8,1529.0832956006325,1516.067161387965
100.10.3,100,3,ims,4,4/8,1529.0832956006325,1516.067161387965
100.10.3,100,3,ims,5,5/8,1528.585022387369,1516.067161387965
100.10.3,100,3,ims,6,6/8,1528.585022387369,1516.067161387965
100.10.3,100,3,ims,7,7/8,1525.2645060374591,1516.067161387965
100.10.3,100,3,ims,8,8/8,1511.1030836095867,1516.067161387965
100.10.3,100,4,ims,0,0/8,2699.8855517297225,1516.067161387965
100.10.3,100,4,ims,1,1/8,1540.1941797988156,1516.067161387965
100.10.3,100,4,ims,2,2/8,1528.2230119648384,1516.067161387965
100.10.3,100,4,ims,3,3/8,1516.8511169668043,1516.067161387965
100.10.3,100,4,ims,4,4/8,1516.8511169668043,1516.067161387965
100.10.3,100,4,ims,5,5/8,1516.8511169668043,1516.067161387965
100.10.3,100,4,ims,6,6/8,1516.8511169668043,1516.067161387965
100.10.3,100,4,ims,7,7/8,1516.8511169668043,1516.067161387965
100.10.3,100,4,ims,8,8/8,1516.8511169668043,1516.067161387965
100.10.3,100,5,ims,0,0/8,2433.230614901743,1516.067161387965
100.10.3,100,5,ims,1,1/8,1525.3450196104764,1516.067161387965
100.10.3,100,5,ims,2,2/8,1521.6751815346997,1516.067161387965
100.10.3,100,5,ims,3,3/8,1521.6751815346997,1516.067161387965
100.10.3,100,5,ims,4,4/8,1521.6751815346997,1516.067161387965
100.10.3,100,5,ims,5,5/8,1520.637500557551,1516.067161387965
100.10.3,100,5,ims,6,6/8,1520.637500557551,1516.067161387965
100.10.3,100,5,ims,7,7/8,1519.5712693707696,1516.067161387965
100.10.3,100,5,ims,8,8/8,1518.0904418970752,1516.067161387965
100.10.3,100,6,ims,0,0/8,2563.7086319657333,1516.067161387965
100.10.3,100,6,ims,1,1/8,1607.428933266034,1516.067161387965
100.10.3,100,6,ims,2,2/8,1536.4630510968123,1516.067161387965
100.10.3,100,6,ims,3,3/8,1528.198885825207,1516.067161387965
100.10.3,100,6,ims,4,4/8,1524.555728270598,1516.067161387965
100.10.3,100,6,ims,5,5/8,1510.203429274785,1516.067161387965
100.10.3,100,6,ims,6,6/8,1510.203429274785,1516.067161387965
100.10.3,100,6,ims,7,7/8,1510.203429274785,1516.067161387965
100.10.3,100,6,ims,8,8/8,1510.203429274785,1516.067161387965
100.10.3,100,7,ims,0,0/8,2437.765423013794,1516.067161387965
100.10.3,100,7,ims,1,1/8,1532.4977422334296,1516.067161387965
100.10.3,100,7,ims,2,2/8,1524.5188783325957,1516.067161387965
100.10.3,100,7,ims,3,3/8,1523.611293271812,1516.067161387965
100.10.3,100,7,ims,4,4/8,1522.3930917004914,1516.067161387965
100.10.3,100,7,ims,5,5/8,1522.3930917004914,1516.067161387965
100.10.3,100,7,ims,6,6/8,1522.3930917004914,1516.067161387965
100.10.3,100,7,ims,7,7/8,1519.0292472353726,1516.067161387965
100.10.3,100,7,ims,8,8/8,1517.983237364458,1516.067161387965
100.10.3,100,8,ims,0,0/8,2269.45236962242,1516.067161387965
100.10.3,100,8,ims,1,1/8,1544.10838926368,1516.067161387965
100.10.3,100,8,ims,2,2/8,1528.4668041781033,1516.067161387965
100.10.3,100,8,ims,3,3/8,1516.8511169668043,1516.067161387965
100.10.3,100,8,ims,4,4/8,1516.8511169668043,1516.067161387965
100.10.3,100,8,ims,5,5/8,1516.8511169668043,1516.067161387965
100.10.3,100,8,ims,6,6/8,1516.8511169668043,1516.067161387965
100.10.3,100,8,ims,7,7/8,1516.8511169668043,1516.067161387965
100.10.3,100,8,ims,8,8/8,1516.8511169668043,1516.067161387965
100.10.3,100,9,ims,0,0/8,2379.9225513856018,1516.067161387965
100.10.3,100,9,ims,1,1/8,1570.9130515232582,1516.067161387965
100.10.3,100,9,ims,2,2/8,1523.6798438690096,1516.067161387965
100.10.3,100,9,ims,3,3/8,1523.6798438690096,1516.067161387965
100.10.3,100,9,ims,4,4/8,1522.3930917004914,1516.067161387965
100.10.3,100,9,ims,5,5/8,1522.3930917004914,1516.067161387965
100.10.3,100,9,ims,6,6/8,1517.430068962578,1516.067161387965
100.10.3,100,9,ims,7,7/8,1516.8511169668043,1516.067161387965
100.10.3,100,9,ims,8,8/8,1516.7876676034473,1516.067161387965
100.10.3,100,10,ims,0,0/8,2173.193133157111,1516.067161387965
100.10.3,100,10,ims,1,1/8,1594.8093646148286,1516.067161387965
100.10.3,100,10,ims,2,2/8,1539.5588476295418,1516.067161387965
100.10.3,100,10,ims,3,3/8,1529.0832956006325,1516.067161387965
100.10.3,100,10,ims,4,4/8,1527.6916370480508,1516.067161387965
100.10.3,100,10,ims,5,5/8,1512.0434771587227,1516.067161387965
100.10.3,100,10,ims,6,6/8,1512.0434771587227,1516.067161387965
100.10.3,100,10,ims,7,7/8,1512.0434771587227,1516.067161387965
100.10.3,100,10,ims,8,8/8,1512.0434771587227,1516.067161387965
100.10.4,100,1,ims,0,0/8,2286.500830411629,1566.1742203960607
100.10.4,100,1,ims,1,1/8,1566.780494306732,1566.1742203960607
100.10.4,100,1,ims,2,2/8,1564.6337889019371,1566.1742203960607
100.10.4,100,1,ims,3,3/8,1564.6337889019371,1566.1742203960607
100.10.4,100,1,ims,4,4/8,1564.6337889019371,1566.1742203960607
100.10.4,100,1,ims,5,5/8,1564.6337889019371,1566.1742203960607
100.10.4,100,1,ims,6,6/8,1564.6337889019371,1566.1742203960607
100.10.4,100,1,ims,7,7/8,1564.6337889019371,1566.1742203960607
100.10.4,100,1,ims,8,8/8,1564.6337889019371,1566.1742203960607
100.10.4,100,2,ims,0,0/8,2401.93655835213,1566.1742203960607
100.10.4,100,2,ims,1,1/8,1564.6337889019371,1566.1742203960607
100.10.4,100,2,ims,2,2/8,1564.6337889019371,1566.1742203960607
100.10.4,100,2,ims,3,3/8,1564.6337889019371,1566.1742203960607
100.10.4,100,2,ims,4,4/8,1564.6337889019371,1566.1742203960607
100.10.4,100,2,ims,5,5/8,1564.6337889019371,1566.1742203960607
100.10.4,100,2,ims,6,6/8,1564.6337889019371,1566.1742203960607
100.10.4,100,2,ims,7,7/8,1564.6337889019371,1566.1742203960607
100.10.4,100,2,ims,8,8/8,1564.6337889019371,1566.1742203960607
100.10.4,100,3,ims,0,0/8,2395.90528861516,1566.1742203960607
100.10.4,100,3,ims,1,1/8,1568.7039422366936,1566.1742203960607
100.10.4,100,3,ims,2,2/8,1566.2150101068005,1566.1742203960607
100.10.4,100,3,ims,3,3/8,1566.2150101068005,1566.1742203960607
100.10.4,100,3,ims,4,4/8,1566.2150101068005,1566.1742203960607
100.10.4,100,3,ims,5,5/8,1566.2150101068005,1566.1742203960607
100.10.4,100,3,ims,6,6/8,1564.6337889019371,1566.1742203960607
100.10.4,100,3,ims,7,7/8,1563.7445014220666,1566.1742203960607
100.10.4,100,3,ims,8,8/8,1563.1790172221354,1566.1742203960607
100.10.4,100,4,ims,0,0/8,2556.645636956964,1566.1742203960607
100.10.4,100,4,ims,1,1/8,1571.8025037798006,1566.1742203960607
100.10.4,100,4,ims,2,2/8,1565.2849329161897,1566.1742203960607
100.10.4,100,4,ims,3,3/8,1565.2849329161897,1566.1742203960607
100.10.4,100,4,ims,4,4/8,1565.2849329161897,1566.1742203960607
100.10.4,100,4,ims,5,5/8,1564.6337889019371,1566.1742203960607
100.10.4,100,4,ims,6,6/8,1563.1790172221354,1566.1742203960607
100.10.4,100,4,ims,7,7/8,1563.1790172221354,1566.1742203960607
100.10.4,100,4,ims,8,8/8,1563.1790172221354,1566.1742203960607
100.10.4,100,5,ims,0,0/8,2382.810179792332,1566.1742203960607
100.10.4,100,5,ims,1,1/8,1567.6697817866022,1566.1742203960607
100.10.4,100,5,ims,2,2/8,1566.780494306732,1566.1742203960607
100.10.4,100,5,ims,3,3/8,1566.780494306732,1566.1742203960607
100.10.4,100,5,ims,4,4/8,1566.780494306732,1566.1742203960607
100.10.4,100,5,ims,5,5/8,1566.780494306732,1566.1742203960607
100.10.4,100,5,ims,6,6/8,1566.780494306732,1566.1742203960607
100.10.4,100,5,ims,7,7/8,1566.780494306732,1566.1742203960607
100.10.4,100,5,ims,8,8/8,1563.7445014220666,1566.1742203960607
100.10.4,100,6,ims,0,0/8,2409.6565737037326,1566.1742203960607
100.10.4,100,6,ims,1,1/8,1567.6697817866022,1566.1742203960607
100.10.4,100,6,ims,2,2/8,1567.6697817866022,1566.1742203960607
100.10.4,100,6,ims,3,3/8,1566.2150101068005,1566.1742203960607
100.10.4,100,6,ims,4,4/8,1566.2150101068005,1566.1742203960607
100.10.4,100,6,ims,5,5/8,1566.2150101068005,1566.1742203960607
100.10.4,100,6,ims,6,6/8,1566.2150101068005,1566.1742203960607
100.10.4,100,6,ims,7,7/8,1566.2150101068005,1566.1742203960607
100.10.4,100,6,ims,8,8/8,1566.2150101068005,1566.1742203960607
100.10.4,100,7,ims,0,0/8,2438.5750369709335,1566.1742203960607
100.10.4,100,7,ims,1,1/8,1567.6697817866022,1566.1742203960607
100.10.4,100,7,ims,2,2/8,1566.780494306732,1566.1742203960607
100.10.4,100,7,ims,3,3/8,1566.780494306732,1566.1742203960607
100.10.4,100,7,ims,4,4/8,1566.780494306732,1566.1742203960607
100.10.4,100,7,ims,5,5/8,1566.780494306732,1566.1742203960607
100.10.4,100,7,ims,6,6/8,1566.1742203960603,1566.1742203960607
100.10.4,100,7,ims,7,7/8,1566.1742203960603,1566.1742203960607
100.10.4,100,7,ims,8,8/8,1566.1742203960603,1566.1742203960607
100.10.4,100,8,ims,0,0/8,2557.4504383162043,1566.1742203960607
100.10.4,100,8,ims,1,1/8,1566.780494306732,1566.1742203960607
100.10.4,100,8,ims,2,2/8,1563.7445014220666,1566.1742203960607
100.10.4,100,8,ims,3,3/8,1563.7445014220666,1566.1742203960607
100.10.4,100,8,ims,4,4/8,1563.7445014220666,1566.1742203960607
100.10.4,100,8,ims,5,5/8,1563.7445014220666,1566.1742203960607
100.10.4,100,8,ims,6,6/8,1563.7445014220666,1566.1742203960607
100.10.4,100,8,ims,7,7/8,1563.7445014220666,1566.1742203960607
100.10.4,100,8,ims,8,8/8,1563.7445014220666,1566.1742203960607
100.10.4,100,9,ims,0,0/8,2515.90656986859,1566.1742203960607
100.10.4,100,9,ims,1,1/8,1574.2360838114485,1566.1742203960607
100.10.4,100,9,ims,2,2/8,1566.780494306732,1566.1742203960607
100.10.4,100,9,ims,3,3/8,1566.780494306732,1566.1742203960607
100.10.4,100,9,ims,4,4/8,1564.6337889019371,1566.1742203960607
100.10.4,100,9,ims,5,5/8,1564.6337889019371,1566.1742203960607
100.10.4,100,9,ims,6,6/8,1564.6337889019371,1566.1742203960607
100.10.4,100,9,ims,7,7/8,1564.6337889019371,1566.1742203960607
100.10.4,100,9,ims,8,8/8,1564.6337889019371,1566.1742203960607
100.10.4,100,10,ims,0,0/8,2221.3686437086562,1566.1742203960607
100.10.4,100,10,ims,1,1/8,1567.6697817866022,1566.1742203960607
100.10.4,100,10,ims,2,2/8,1566.780494306732,1566.1742203960607
100.10.4,100,10,ims,3,3/8,1566.780494306732,1566.1742203960607
100.10.4,100,10,ims,4,4/8,1566.780494306732,1566.1742203960607
100.10.4,100,10,ims,5,5/8,1566.780494306732,1566.1742203960607
100.10.4,100,10,ims,6,6/8,1566.780494306732,1566.1742203960607
100.10.4,100,10,ims,7,7/8,1564.6337889019371,1566.1742203960607
100.10.4,100,10,ims,8,8/8,1564.6337889019371,1566.1742203960607
100.20.1,100,1,ims,0,0/8,7253.040236607097,4302.306833796588
100.20.1,100,1,ims,1,1/8,4302.306833796588,4302.306833796588
100.20.1,100,1,ims,2,2/8,4302.3056571779625,4302.306833796588
100.20.1,100,1,ims,3,3/8,4302.3056571779625,4302.306833796588
100.20.1,100,1,ims,4,4/8,4302.3056571779625,4302.306833796588
100.20.1,100,1,ims,5,5/8,4302.3056571779625,4302.306833796588
100.20.1,100,1,ims,6,6/8,4302.3056571779625,4302.306833796588
100.20.1,100,1,ims,7,7/8,4302.3056571779625,4302.306833796588
100.20.1,100,1,ims,8,8/8,4302.3056571779625,4302.306833796588
100.20.1,100,2,ims,0,0/8,8035.95277404544,4302.306833796588
100.20.1,100,2,ims,1,1/8,4303.250321765842,4302.306833796588
100.20.1,100,2,ims,2,2/8,4302.3056571779625,4302.306833796588
100.20.1,100,2,ims,3,3/8,4302.3056571779625,4302.306833796588
100.20.1,100,2,ims,4,4/8,4302.3056571779625,4302.306833796588
100.20.1,100,2,ims,5,5/8,4302.3056571779625,4302.306833796588
100.20.1,100,2,ims,6,6/8,4302.3056571779625,4302.306833796588
100.20.1,100,2,ims,7,7/8,4302.3056571779625,4302.306833796588
100.20.1,100,2,ims,8,8/8,4302.3056571779625,4302.306833796588
100.20.1,100,3,ims,0,0/8,6884.862958379639,4302.306833796588
100.20.1,100,3,ims,1,1/8,4303.249145147219,4302.306833796588
100.20.1,100,3,ims,2,2/8,4302.306833796588,4302.306833796588
100.20.1,100,3,ims,3,3/8,4302.306833796588,4302.306833796588
100.20.1,100,3,ims,4,4/8,4302.3056571779625,4302.306833796588
100.20.1,100,3,ims,5,5/8,4302.3056571779625,4302.306833796588
100.20.1,100,3,ims,6,6/8,4302.3056571779625,4302.306833796588
100.20.1,100,3,ims,7,7/8,4302.3056571779625,4302.306833796588
100.20.1,100,3,ims,8,8/8,4302.3056571779625,4302.306833796588
100.20.1,100,4,ims,0,0/8,7901.6951199179275,4302.306833796588
100.20.1,100,4,ims,1,1/8,4302.306833796588,4302.306833796588
100.20.1,100,4,ims,2,2/8,4302.306833796588,4302.306833796588
100.20.1,100,4,ims,3,3/8,4302.306833796588,4302.306833796588
100.20.1,100,4,ims,4,4/8,4302.3056571779625,4302.306833796588
100.20.1,100,4,ims,5,5/8,4302.3056571779625,4302.306833796588
100.20.1,100,4,ims,6,6/8,4302.3056571779625,4302.306833796588
100.20.1,100,4,ims,7,7/8,4302.3056571779625,4302.306833796588
100.20.1,100,4,ims,8,8/8,4302.3056571779625,4302.306833796588
100.20.1,100,5,ims,0,0/8,6793.3092226672225,4302.306833796588
100.20.1,100,5,ims,1,1/8,4303.249145147219,4302.306833796588
100.20.1,100,5,ims,2,2/8,4302.306833796588,4302.306833796588
100.20.1,100,5,ims,3,3/8,4302.306833796588,4302.306833796588
100.20.1,100,5,ims,4,4/8,4302.306833796588,4302.306833796588
100.20.1,100,5,ims,5,5/8,4302.3056571779625,4302.306833796588
100.20.1,100,5,ims,6,6/8,4302.3056571779625,4302.306833796588
100.20.1,100,5,ims,7,7/8,4302.3056571779625,4302.306833796588
100.20.1,100,5,ims,8,8/8,4302.3056571779625,4302.306833796588
100.20.1,100,6,ims,0,0/8,6804.968244425665,4302.306833796588
100.20.1,100,6,ims,1,1/8,4303.250321765842,4302.306833796588
100.20.1,100,6,ims,2,2/8,4302.306833796588,4302.306833796588
100.20.1,100,6,ims,3,3/8,4302.3056571779625,4302.306833796588
100.20.1,100,6,ims,4,4/8,4302.3056571779625,4302.306833796588
100.20.1,100,6,ims,5,5/8,4302.3056571779625,4302.306833796588
100.20.1,100,6,ims,6,6/8,4302.3056571779625,4302.306833796588
100.20.1,100,6,ims,7,7/8,4302.3056571779625,4302.306833796588
100.20.1,100,6,ims,8,8/8,4302.3056571779625,4302.306833796588
100.20.1,100,7,ims,0,0/8,6750.386262368766,4302.306833796588
100.20.1,100,7,ims,1,1/8,4302.306833796588,4302.306833796588
100.20.1,100,7,ims,2,2/8,4302.306833796588,4302.306833796588
100.20.1,100,7,ims,3,3/8,4302.306833796588,4302.306833796588
100.20.1,100,7,ims,4,4/8,4302.3056571779625,4302.306833796588
100.20.1,100,7,ims,5,5/8,4302.3056571779625,4302.306833796588
100.20.1,100,7,ims,6,6/8,4302.3056571779625,4302.306833796588
100.20.1,100,7,ims,7,7/8,4302.3056571779625,4302.306833796588
100.20.1,100,7,ims,8,8/8,4302.3056571779625,4302.306833796588
100.20.1,100,8,ims,0,0/8,7643.226088542065,4302.306833796588
100.20.1,100,8,ims,1,1/8,4302.3056571779625,4302.306833796588
100.20.1,100,8,ims,2,2/8,4302.3056571779625,4302.306833796588
100.20.1,100,8,ims,3,3/8,4302.3056571779625,4302.306833796588
100.20.1,100,8,ims,4,4/8,4302.3056571779625,4302.306833796588
100.20.1,100,8,ims,5,5/8,4302.3056571779625,4302.306833796588
100.20.1,100,8,ims,6,6/8,4302.3056571779625,4302.306833796588
100.20.1,100,8,ims,7,7/8,4302.3056571779625,4302.306833796588
100.20.1,100,8,ims,8,8/8,4302.3056571779625,4302.306833796588
100.20.1,100,9,ims,0,0/8,7405.132246865943,4302.306833796588
100.20.1,100,9,ims,1,1/8,4303.249145147219,4302.306833796588
100.20.1,100,9,ims,2,2/8,4303.249145147219,4302.306833796588
100.20.1,100,9,ims,3,3/8,4302.306833796588,4302.306833796588
100.20.1,100,9,ims,4,4/8,4302.306833796588,4302.306833796588
100.20.1,100,9,ims,5,5/8,4302.306833796588,4302.306833796588
100.20.1,100,9,ims,6,6/8,4302.306833796588,4302.306833796588
100.20.1,100,9,ims,7,7/8,4302.306833796588,4302.306833796588
100.20.1,100,9,ims,8,8/8,4302.306833796588,4302.306833796588
100.20.1,100,10,ims,0,0/8,7331.91888747341,4302.306833796588
100.20.1,100,10,ims,1,1/8,4302.306833796588,4302.306833796588
100.20.1,100,10,ims,2,2/8,4302.306833796588,4302.306833796588
100.20.1,100,10,ims,3,3/8,4302.3056571779625,4302.306833796588
100.20.1,100,10,ims,4,4/8,4302.3056571779625,4302.306833796588
100.20.1,100,10,ims,5,5/8,4302.3056571779625,4302.306833796588
100.20.1,100,10,ims,6,6/8,4302.3056571779625,4302.306833796588
100.20.1,100,10,ims,7,7/8,4302.3056571779625,4302.306833796588
100.20.1,100,10,ims,8,8/8,4302.3056571779625,4302.306833796588
100.20.2,100,1,ims,0,0/8,7569.666435431424,4055.993734698326
100.20.2,100,1,ims,1,1/8,4055.993734698326,4055.993734698326
100.20.2,100,1,ims,2,2/8,4055.993734698326,4055.993734698326
100.20.2,100,1,ims,3,3/8,4055.993734698326,4055.993734698326
100.20.2,100,1,ims,4,4/8,4055.993734698326,4055.993734698326
100.20.2,100,1,ims,5,5/8,4055.993734698326,4055.993734698326
100.20.2,100,1,ims,6,6/8,4055.993734698326,4055.993734698326
100.20.2,100,1,ims,7,7/8,4055.993734698326,4055.993734698326
100.20.2,100,1,ims,8,8/8,4055.993734698326,4055.993734698326
100.20.2,100,2,ims,0,0/8,7369.011596895036,4055.993734698326
100.20.2,100,2,ims,1,1/8,4055.993734698326,4055.993734698326
100.20.2,100,2,ims,2,2/8,4055.993734698326,4055.993734698326
100.20.2,100,2,ims,3,3/8,4055.993734698326,4055.993734698326
100.20.2,100,2,ims,4,4/8,4055.993734698326,4055.993734698326
100.20.2,100,2,ims,5,5/8,4055.993734698326,4055.993734698326
100.20.2,100,2,ims,6,6/8,4055.993734698326,4055.993734698326
100.20.2,100,2,ims,7,7/8,4055.993734698326,4055.993734698326
100.20.2,100,2,ims,8,8/8,4055.993734698326,4055.993734698326
100.20.2,100,3,ims,0,0/8,7497.893506867013,4055.993734698326
100.20.2,100,3,ims,1,1/8,4055.993734698326,4055.993734698326
100.20.2,100,3,ims,2,2/8,4055.993734698326,4055.993734698326
100.20.2,100,3,ims,3,3/8,4055.993734698326,4055.993734698326
100.20.2,100,3,ims,4,4/8,4055.993734698326,4055.993734698326
100.20.2,100,3,ims,5,5/8,4055.993734698326,4055.993734698326
100.20.2,100,3,ims,6,6/8,4055.993734698326,4055.993734698326
100.20.2,100,3,ims,7,7/8,4055.993734698326,4055.993734698326
100.20.2,100,3,ims,8,8/8,4055.993734698326,4055.993734698326
100.20.2,100,4,ims,0,0/8,7377.660685080018,4055.993734698326
100.20.2,100,4,ims,1,1/8,4055.993734698326,4055.993734698326
100.20.2,100,4,ims,2,2/8,4055.993734698326,4055.993734698326
100.20.2,100,4,ims,3,3/8,4055.993734698326,4055.993734698326
100.20.2,100,4,ims,4,4/8,4055.993734698326,4055.993734698326
100.20.2,100,4,ims,5,5/8,4055.993734698326,4055.993734698326
100.20.2,100,4,ims,6,6/8,4055.993734698326,4055.993734698326
100.20.2,100,4,ims,7,7/8,4055.993734698326,4055.993734698326
100.20.2,100,4,ims,8,8/8,4055.993734698326,4055.993734698326
100.20.2,100,5,ims,0,0/8,7140.706111859956,4055.993734698326
100.20.2,100,5,ims,1,1/8,4055.993734698326,4055.993734698326
100.20.2,100,5,ims,2,2/8,4055.993734698326,4055.993734698326
100.20.2,100,5,ims,3,3/8,4055.993734698326,4055.993734698326
100.20.2,100,5,ims,4,4/8,4055.993734698326,4055.993734698326
100.20.2,100,5,ims,5,5/8,4055.993734698326,4055.993734698326
100.20.2,100,5,ims,6,6/8,4055.993734698326,4055.993734698326
100.20.2,100,5,ims,7,7/8,4055.993734698326,4055.993734698326
100.20.2,100,5,ims,8,8/8,4055.993734698326,4055.993734698326
100.20.2,100,6,ims,0,0/8,6543.501753091025,4055.993734698326
100.20.2,100,6,ims,1,1/8,4055.993734698326,4055.993734698326
100.20.2,100,6,ims,2,2/8,4055.993734698326,4055.993734698326
100.20.2,100,6,ims,3,3/8,4055.993734698326,4055.993734698326
100.20.2,100,6,ims,4,4/8,4055.993734698326,4055.993734698326
100.20.2,100,6,ims,5,5/8,4055.993734698326,4055.993734698326
100.20.2,100,6,ims,6,6/8,4055.993734698326,4055.993734698326
100.20.2,100,6,ims,7,7/8,4055.993734698326,4055.993734698326
100.20.2,100,6,ims,8,8/8,4055.993734698326,4055.993734698326
100.20.2,100,7,ims,0,0/8,7243.4080029909455,4055.993734698326
100.20.2,100,7,ims,1,1/8,4055.993734698326,4055.993734698326
100.20.2,100,7,ims,2,2/8,4055.993734698326,4055.993734698326
100.20.2,100,7,ims,3,3/8,4055.993734698326,4055.993734698326
100.20.2,100,7,ims,4,4/8,4055.993734698326,4055.993734698326
100.20.2,100,7,ims,5,5/8,4055.993734698326,4055.993734698326
100.20.2,100,7,ims,6,6/8,4055.993734698326,4055.993734698326
100.20.2,100,7,ims,7,7/8,4055.993734698326,4055.993734698326
100.20.2,100,7,ims,8,8/8,4055.993734698326,4055.993734698326
100.20.2,100,8,ims,0,0/8,6670.016860185106,4055.993734698326
100.20.2,100,8,ims,1,1/8,4055.993734698326,4055.993734698326
100.20.2,100,8,ims,2,2/8,4055.993734698326,4055.993734698326
100.20.2,100,8,ims,3,3/8,4055.993734698326,4055.993734698326
100.20.2,100,8,ims,4,4/8,4055.993734698326,4055.993734698326
100.20.2,100,8,ims,5,5/8,4055.993734698326,4055.993734698326
100.20.2,100,8,ims,6,6/8,4055.993734698326,4055.993734698326
100.20.2,100,8,ims,7,7/8,4055.993734698326,4055.993734698326
100.20.2,100,8,ims,8,8/8,4055.993734698326,4055.993734698326
100.20.2,100,9,ims,0,0/8,7027.837869681902,4055.993734698326
100.20.2,100,9,ims,1,1/8,4055.993734698326,4055.993734698326
100.20.2,100,9,ims,2,2/8,4055.993734698326,4055.993734698326
100.20.2,100,9,ims,3,3/8,4055.993734698326,4055.993734698326
100.20.2,100,9,ims,4,4/8,4055.993734698326,4055.993734698326
100.20.2,100,9,ims,5,5/8,4055.993734698326,4055.993734698326
100.20.2,100,9,ims,6,6/8,4055.993734698326,4055.993734698326
100.20.2,100,9,ims,7,7/8,4055.993734698326,4055.993734698326
100.20.2,100,9,ims,8,8/8,4055.993734698326,4055.993734698326
100.20.2,100,10,ims,0,0/8,5752.328901443236,4055.993734698326
100.20.2,100,10,ims,1,1/8,4055.993734698326,4055.993734698326
100.20.2,100,10,ims,2,2/8,4055.993734698326,4055.993734698326
100.20.2,100,10,ims,3,3/8,4055.993734698326,4055.993734698326
100.20.2,100,10,ims,4,4/8,4055.993734698326,4055.993734698326
100.20.2,100,10,ims,5,5/8,4055.993734698326,4055.993734698326
100.20.2,100,10,ims,6,6/8,4055.993734698326,4055.993734698326
100.20.2,100,10,ims,7,7/8,4055.993734698326,4055.993734698326
100.20.2,100,10,ims,8,8/8,4055.993734698326,4055.993734698326
100.20.3,100,1,ims,0,0/8,6355.1501270262,4196.026173564053
100.20.3,100,1,ims,1,1/8,4196.026173564053,4196.026173564053
100.20.3,100,1,ims,2,2/8,4196.026173564053,4196.026173564053
100.20.3,100,1,ims,3,3/8,4196.026173564053,4196.026173564053
100.20.3,100,1,ims,4,4/8,4196.026173564053,4196.026173564053
100.20.3,100,1,ims,5,5/8,4196.026173564053,4196.026173564053
100.20.3,100,1,ims,6,6/8,4196.026173564053,4196.026173564053
100.20.3,100,1,ims,7,7/8,4196.026173564053,4196.026173564053
100.20.3,100,1,ims,8,8/8,4196.026173564053,4196.026173564053
100.20.3,100,2,ims,0,0/8,7621.384300743355,4196.026173564053
100.20.3,100,2,ims,1,1/8,4196.026173564053,4196.026173564053
100.20.3,100,2,ims,2,2/8,4196.026173564053,4196.026173564053
100.20.3,100,2,ims,3,3/8,4196.026173564053,4196.026173564053
100.20.3,100,2,ims,4,4/8,4196.026173564053,4196.026173564053
100.20.3,100,2,ims,5,5/8,4196.026173564053,4196.026173564053
100.20.3,100,2,ims,6,6/8,4196.026173564053,4196.026173564053
100.20.3,100,2,ims,7,7/8,4196.026173564053,4196.026173564053
100.20.3,100,2,ims,8,8/8,4196.026173564053,4196.026173564053
100.20.3,100,3,ims,0,0/8,8578.882494064594,4196.026173564053
100.20.3,100,3,ims,1,1/8,4196.026173564053,4196.026173564053
100.20.3,100,3,ims,2,2/8,4196.026173564053,4196.026173564053
100.20.3,100,3,ims,3,3/8,4196.026173564053,4196.026173564053
100.20.3,100,3,ims,4,4/8,4196.026173564053,4196.026173564053
100.20.3,100,3,ims,5,5/8,4196.026173564053,4196.026173564053
100.20.3,100,3,ims,6,6/8,4196.026173564053,4196.026173564053
100.20.3,100,3,ims,7,7/8,4196.026173564053,4196.026173564053
100.20.3,100,3,ims,8,8/8,4196.026173564053,4196.026173564053
100.20.3,100,4,ims,0,0/8,7453.9622117659055,4196.026173564053
100.20.3,100,4,ims,1,1/8,4196.026173564053,4196.026173564053
100.20.3,100,4,ims,2,2/8,4196.026173564053,4196.026173564053
100.20.3,100,4,ims,3,3/8,4196.026173564053,4196.026173564053
100.20.3,100,4,ims,4,4/8,4196.026173564053,4196.026173564053
100.20.3,100,4,ims,5,5/8,4196.026173564053,4196.026173564053
100.20.3,100,4,ims,6,6/8,4196.026173564053,4196.026173564053
100.20.3,100,4,ims,7,7/8,4196.026173564053,4196.026173564053
100.20.3,100,4,ims,8,8/8,4196.026173564053,4196.026173564053
100.20.3,100,5,ims,0,0/8,7875.280038522478,4196.026173564053
100.20.3,100,5,ims,1,1/8,4196.026173564053,4196.026173564053
100.20.3,100,5,ims,2,2/8,4196.026173564053,4196.026173564053
100.20.3,100,5,ims,3,3/8,4196.026173564053,4196.026173564053
100.20.3,100,5,ims,4,4/8,4196.026173564053,4196.026173564053
100.20.3,100,5,ims,5,5/8,4196.026173564053,4196.026173564053
100.20.3,100,5,ims,6,6/8,4196.026173564053,4196.026173564053
100.20.3,100,5,ims,7,7/8,4196.026173564053,4196.026173564053
100.20.3,100,5,ims,8,8/8,4196.026173564053,4196.026173564053
100.20.3,100,6,ims,0,0/8,8532.256801110989,4196.026173564053
100.20.3,100,6,ims,1,1/8,4196.026173564053,4196.026173564053
100.20.3,100,6,ims,2,2/8,4196.026173564053,4196.026173564053
100.20.3,100,6,ims,3,3/8,4196.026173564053,4196.026173564053
100.20.3,100,6,ims,4,4/8,4196.026173564053,4196.026173564053
100.20.3,100,6,ims,5,5/8,4196.026173564053,4196.026173564053
100.20.3,100,6,ims,6,6/8,4196.026173564053,4196.026173564053
100.20.3,100,6,ims,7,7/8,4196.026173564053,4196.026173564053
100.20.3,100,6,ims,8,8/8,4196.026173564053,4196.026173564053
100.20.3,100,7,ims,0,0/8,7549.044250919562,4196.026173564053
100.20.3,100,7,ims,1,1/8,4196.026173564053,4196.026173564053
100.20.3,100,7,ims,2,2/8,4196.026173564053,4196.026173564053
100.20.3,100,7,ims,3,3/8,4196.026173564053,4196.026173564053
100.20.3,100,7,ims,4,4/8,4196.026173564053,4196.026173564053
100.20.3,100,7,ims,5,5/8,4196.026173564053,4196.026173564053
100.20.3,100,7,ims,6,6/8,4196.026173564053,4196.026173564053
100.20.3,100,7,ims,7,7/8,4196.026173564053,4196.026173564053
100.20.3,100,7,ims,8,8/8,4196.026173564053,4196.026173564053
100.20.3,100,8,ims,0,0/8,7557.029064062741,4196.026173564053
100.20.3,100,8,ims,1,1/8,4196.026173564053,4196.026173564053
100.20.3,100,8,ims,2,2/8,4196.026173564053,4196.026173564053
100.20.3,100,8,ims,3,3/8,4196.026173564053,4196.026173564053
100.20.3,100,8,ims,4,4/8,4196.026173564053,4196.026173564053
100.20.3,100,8,ims,5,5/8,4196.026173564053,4196.026173564053
100.20.3,100,8,ims,6,6/8,4196.026173564053,4196.026173564053
100.20.3,100,8,ims,7,7/8,4196.026173564053,4196.026173564053
100.20.3,100,8,ims,8,8/8,4196.026173564053,4196.026173564053
100.20.3,100,9,ims,0,0/8,8643.974827790304,4196.026173564053
100.20.3,100,9,ims,1,1/8,4196.026173564053,4196.026173564053
100.20.3,100,9,ims,2,2/8,4196.026173564053,4196.026173564053
100.20.3,100,9,ims,3,3/8,4196.026173564053,4196.026173564053
100.20.3,100,9,ims,4,4/8,4196.026173564053,4196.026173564053
100.20.3,100,9,ims,5,5/8,4196.026173564053,4196.026173564053
100.20.3,100,9,ims,6,6/8,4196.026173564053,4196.026173564053
100.20.3,100,9,ims,7,7/8,4196.026173564053,4196.026173564053
100.20.3,100,9,ims,8,8/8,4196.026173564053,4196.026173564053
100.20.3,100,10,ims,0,0/8,7801.33885575557,4196.026173564053
100.20.3,100,10,ims,1,1/8,4216.895825230117,4196.026173564053
100.20.3,100,10,ims,2,2/8,4196.026173564053,4196.026173564053
100.20.3,100,10,ims,3,3/8,4196.026173564053,4196.026173564053
100.20.3,100,10,ims,4,4/8,4196.026173564053,4196.026173564053
100.20.3,100,10,ims,5,5/8,4196.026173564053,4196.026173564053
100.20.3,100,10,ims,6,6/8,4196.026173564053,4196.026173564053
100.20.3,100,10,ims,7,7/8,4196.026173564053,4196.026173564053
100.20.3,100,10,ims,8,8/8,4196.026173564053,4196.026173564053
100.20.4,100,1,ims,0,0/8,7285.127353594116,4358.966956742628
100.20.4,100,1,ims,1,1/8,4755.266158491,4358.966956742628
100.20.4,100,1,ims,2,2/8,4463.089540608906,4358.966956742628
100.20.4,100,1,ims,3,3/8,4421.338487230874,4358.966956742628
100.20.4,100,1,ims,4,4/8,4346.9294189178345,4358.966956742628
100.20.4,100,1,ims,5,5/8,4346.9294189178345,4358.966956742628
100.20.4,100,1,ims,6,6/8,4346.9294189178345,4358.966956742628
100.20.4,100,1,ims,7,7/8,4346.9294189178345,4358.966956742628
100.20.4,100,1,ims,8,8/8,4346.9294189178345,4358.966956742628
100.20.4,100,2,ims,0,0/8,8075.134140615646,4358.966956742628
100.20.4,100,2,ims,1,1/8,4467.660550069449,4358.966956742628
100.20.4,100,2,ims,2,2/8,4467.660550069449,4358.966956742628
100.20.4,100,2,ims,3,3/8,4467.660550069449,4358.966956742628
100.20.4,100,2,ims,4,4/8,4407.041494640676,4358.966956742628
100.20.4,100,2,ims,5,5/8,4407.041494640676,4358.966956742628
100.20.4,100,2,ims,6,6/8,4407.041494640676,4358.966956742628
100.20.4,100,2,ims,7,7/8,4407.041494640676,4358.966956742628
100.20.4,100,2,ims,8,8/8,4353.640033473438,4358.966956742628
100.20.4,100,3,ims,0,0/8,6968.687937890827,4358.966956742628
100.20.4,100,3,ims,1,1/8,4471.073651585591,4358.966956742628
100.20.4,100,3,ims,2,2/8,4447.308257578933,4358.966956742628
100.20.4,100,3,ims,3,3/8,4447.1139515835575,4358.966956742628
100.20.4,100,3,ims,4,4/8,4365.452679916147,4358.966956742628
100.20.4,100,3,ims,5,5/8,4365.452679916147,4358.966956742628
100.20.4,100,3,ims,6,6/8,4365.452679916147,4358.966956742628
100.20.4,100,3,ims,7,7/8,4353.640033473438,4358.966956742628
100.20.4,100,3,ims,8,8/8,4353.640033473438,4358.966956742628
100.20.4,100,4,ims,0,0/8,7341.133311552645,4358.966956742628
100.20.4,100,4,ims,1,1/8,4423.025561464333,4358.966956742628
100.20.4,100,4,ims,2,2/8,4346.9294189178345,4358.966956742628
100.20.4,100,4,ims,3,3/8,4346.9294189178345,4358.966956742628
100.20.4,100,4,ims,4,4/8,4346.9294189178345,4358.966956742628
100.20.4,100,4,ims,5,5/8,4346.9294189178345,4358.966956742628
100.20.4,100,4,ims,6,6/8,4346.9294189178345,4358.966956742628
100.20.4,100,4,ims,7,7/8,4299.990207754673,4358.966956742628
100.20.4,100,4,ims,8,8/8,4299.990207754673,4358.966956742628
100.20.4,100,5,ims,0,0/8,6460.5080324567925,4358.966956742628
100.20.4,100,5,ims,1,1/8,4423.025561464333,4358.966956742628
100.20.4,100,5,ims,2,2/8,4421.338487230874,4358.966956742628
100.20.4,100,5,ims,3,3/8,4358.966956742628,4358.966956742628
100.20.4,100,5,ims,4,4/8,4358.966956742628,4358.966956742628
100.20.4,100,5,ims,5,5/8,4358.966956742628,4358.966956742628
100.20.4,100,5,ims,6,6/8,4358.966956742628,4358.966956742628
100.20.4,100,5,ims,7,7/8,4358.966956742628,4358.966956742628
100.20.4,100,5,ims,8,8/8,4352.8257913615025,4358.966956742628
100.20.4,100,6,ims,0,0/8,7366.856014406963,4358.966956742628
100.20.4,100,6,ims,1,1/8,4476.106408461347,4358.966956742628
100.20.4,100,6,ims,2,2/8,4357.673192164701,4358.966956742628
100.20.4,100,6,ims,3,3/8,4357.673192164701,4358.966956742628
100.20.4,100,6,ims,4,4/8,4357.673192164701,4358.966956742628
100.20.4,100,6,ims,5,5/8,4357.673192164701,4358.966956742628
100.20.4,100,6,ims,6,6/8,4357.673192164701,4358.966956742628
100.20.4,100,6,ims,7,7/8,4357.673192164701,4358.966956742628
100.20.4,100,6,ims,8,8/8,4357.673192164701,4358.966956742628
100.20.4,100,7,ims,0,0/8,7583.210776953678,4358.966956742628
100.20.4,100,7,ims,1,1/8,4423.025561464333,4358.966956742628
100.20.4,100,7,ims,2,2/8,4423.025561464333,4358.966956742628
100.20.4,100,7,ims,3,3/8,4423.025561464333,4358.966956742628
100.20.4,100,7,ims,4,4/8,4423.025561464333,4358.966956742628
100.20.4,100,7,ims,5,5/8,4407.041494640675,4358.966956742628
100.20.4,100,7,ims,6,6/8,4407.041494640675,4358.966956742628
100.20.4,100,7,ims,7,7/8,4364.3653395181045,4358.966956742628
100.20.4,100,7,ims,8,8/8,4346.9294189178345,4358.966956742628
100.20.4,100,8,ims,0,0/8,6722.26760543815,4358.966956742628
100.20.4,100,8,ims,1,1/8,4429.550602788267,4358.966956742628
100.20.4,100,8,ims,2,2/8,4423.025561464333,4358.966956742628
100.20.4,100,8,ims,3,3/8,4423.025561464333,4358.966956742628
100.20.4,100,8,ims,4,4/8,4423.025561464333,4358.966956742628
100.20.4,100,8,ims,5,5/8,4407.041494640676,4358.966956742628
100.20.4,100,8,ims,6,6/8,4407.041494640676,4358.966956742628
100.20.4,100,8,ims,7,7/8,4407.041494640676,4358.966956742628
100.20.4,100,8,ims,8,8/8,4407.041494640676,4358.966956742628
100.20.4,100,9,ims,0,0/8,7753.917484980091,4358.966956742628
100.20.4,100,9,ims,1,1/8,4447.308257578933,4358.966956742628
100.20.4,100,9,ims,2,2/8,4435.872825226538,4358.966956742628
100.20.4,100,9,ims,3,3/8,4435.872825226538,4358.966956742628
100.20.4,100,9,ims,4,4/8,4423.025561464333,4358.966956742628
100.20.4,100,9,ims,5,5/8,4423.025561464333,4358.966956742628
100.20.4,100,9,ims,6,6/8,4346.9294189178345,4358.966956742628
100.20.4,100,9,ims,7,7/8,4346.9294189178345,4358.966956742628
100.20.4,100,9,ims,8,8/8,4346.9294189178345,4358.966956742628
100.20.4,100,10,ims,0,0/8,7156.045536721635,4358.966956742628
100.20.4,100,10,ims,1,1/8,4346.9294189178345,4358.966956742628
100.20.4,100,10,ims,2,2/8,4346.9294189178345,4358.966956742628
100.20.4,100,10,ims,3,3/8,4346.9294189178345,4358.966956742628
100.20.4,100,10,ims,4,4/8,4346.9294189178345,4358.966956742628
100.20.4,100,10,ims,5,5/8,4346.9294189178345,4358.966956742628
100.20.4,100,10,ims,6,6/8,4346.9294189178345,4358.966956742628
100.20.4,100,10,ims,7,7/8,4346.9294189178345,4358.966956742628
100.20.4,100,10,ims,8,8/8,4346.9294189178345,4358.966956742628
100.30.1,100,1,ims,0,0/8,16637.507079976393,8802.906637815562
100.30.1,100,1,ims,1,1/8,8910.936568054589,8802.906637815562
100.30.1,100,1,ims,2,2/8,8871.541205676334,8802.906637815562
100.30.1,100,1,ims,3,3/8,8812.61043020927,8802.906637815562
100.30.1,100,1,ims,4,4/8,8812.61043020927,8802.906637815562
100.30.1,100,1,ims,5,5/8,8812.61043020927,8802.906637815562
100.30.1,100,1,ims,6,6/8,8812.61043020927,8802.906637815562
100.30.1,100,1,ims,7,7/8,8812.61043020927,8802.906637815562
100.30.1,100,1,ims,8,8/8,8812.61043020927,8802.906637815562
100.30.1,100,2,ims,0,0/8,18281.38865942922,8802.906637815562
100.30.1,100,2,ims,1,1/8,8895.597390736077,8802.906637815562
100.30.1,100,2,ims,2,2/8,8839.131208783714,8802.906637815562
100.30.1,100,2,ims,3,3/8,8839.131208783714,8802.906637815562
100.30.1,100,2,ims,4,4/8,8839.131208783714,8802.906637815562
100.30.1,100,2,ims,5,5/8,8822.80248612368,8802.906637815562
100.30.1,100,2,ims,6,6/8,8822.80248612368,8802.906637815562
100.30.1,100,2,ims,7,7/8,8822.80248612368,8802.906637815562
100.30.1,100,2,ims,8,8/8,8822.80248612368,8802.906637815562
100.30.1,100,3,ims,0,0/8,16708.13587892561,8802.906637815562
100.30.1,100,3,ims,1,1/8,8923.984919602055,8802.906637815562
100.30.1,100,3,ims,2,2/8,8898.578432554263,8802.906637815562
100.30.1,100,3,ims,3,3/8,8856.321078237836,8802.906637815562
100.30.1,100,3,ims,4,4/8,8847.476051394688,8802.906637815562
100.30.1,100,3,ims,5,5/8,8847.476051394688,8802.906637815562
100.30.1,100,3,ims,6,6/8,8805.119479474328,8802.906637815562
100.30.1,100,3,ims,7,7/8,8805.119479474328,8802.906637815562
100.30.1,100,3,ims,8,8/8,8805.119479474328,8802.906637815562
100.30.1,100,4,ims,0,0/8,16864.307594480604,8802.906637815562
100.30.1,100,4,ims,1,1/8,8811.65963041113,8802.906637815562
100.30.1,100,4,ims,2,2/8,8811.65963041113,8802.906637815562
100.30.1,100,4,ims,3,3/8,8811.65963041113,8802.906637815562
100.30.1,100,4,ims,4,4/8,8811.65963041113,8802.906637815562
100.30.1,100,4,ims,5,5/8,8811.65963041113,8802.906637815562
100.30.1,100,4,ims,6,6/8,8811.65963041113,8802.906637815562
100.30.1,100,4,ims,7,7/8,8802.570255129329,8802.906637815562
100.30.1,100,4,ims,8,8/8,8802.570255129329,8802.906637815562
100.30.1,100,5,ims,0,0/8,16876.26226594477,8802.906637815562
100.30.1,100,5,ims,1,1/8,8895.404695711477,8802.906637815562
100.30.1,100,5,ims,2,2/8,8887.840739492742,8802.906637815562
100.30.1,100,5,ims,3,3/8,8841.658784272173,8802.906637815562
100.30.1,100,5,ims,4,4/8,8841.658784272173,8802.906637815562
100.30.1,100,5,ims,5,5/8,8841.658784272173,8802.906637815562
100.30.1,100,5,ims,6,6/8,8808.932984643961,8802.906637815562
100.30.1,100,5,ims,7,7/8,8808.932984643961,8802.906637815562
100.30.1,100,5,ims,8,8/8,8804.592671573088,8802.906637815562
100.30.1,100,6,ims,0,0/8,19214.69566559626,8802.906637815562
100.30.1,100,6,ims,1,1/8,8811.65963041113,8802.906637815562
100.30.1,100,6,ims,2,2/8,8811.65963041113,8802.906637815562
100.30.1,100,6,ims,3,3/8,8811.65963041113,8802.906637815562
100.30.1,100,6,ims,4,4/8,8811.65963041113,8802.906637815562
100.30.1,100,6,ims,5,5/8,8811.65963041113,8802.906637815562
100.30.1,100,6,ims,6,6/8,8805.119479474328,8802.906637815562
100.30.1,100,6,ims,7,7/8,8805.119479474328,8802.906637815562
100.30.1,100,6,ims,8,8/8,8805.119479474328,8802.906637815562
100.30.1,100,7,ims,0,0/8,17622.00441227703,8802.906637815562
100.30.1,100,7,ims,1,1/8,8844.74957018816,8802.906637815562
100.30.1,100,7,ims,2,2/8,8827.9675458981,8802.906637815562
100.30.1,100,7,ims,3,3/8,8827.9675458981,8802.906637815562
100.30.1,100,7,ims,4,4/8,8827.9675458981,8802.906637815562
100.30.1,100,7,ims,5,5/8,8820.831465128045,8802.906637815562
100.30.1,100,7,ims,6,6/8,8811.65963041113,8802.906637815562
100.30.1,100,7,ims,7,7/8,8802.570255129329,8802.906637815562
100.30.1,100,7,ims,8,8/8,8793.87206577618,8802.906637815562
100.30.1,100,8,ims,0,0/8,19534.382424283936,8802.906637815562
100.30.1,100,8,ims,1,1/8,8905.983047545591,8802.906637815562
100.30.1,100,8,ims,2,2/8,8828.788656835615,8802.906637815562
100.30.1,100,8,ims,3,3/8,8828.788656835615,8802.906637815562
100.30.1,100,8,ims,4,4/8,8828.788656835615,8802.906637815562
100.30.1,100,8,ims,5,5/8,8828.788656835615,8802.906637815562
100.30.1,100,8,ims,6,6/8,8828.788656835615,8802.906637815562
100.30.1,100,8,ims,7,7/8,8828.788656835615,8802.906637815562
100.30.1,100,8,ims,8,8/8,8803.099332840164,8802.906637815562
100.30.1,100,9,ims,0,0/8,16487.68308058296,8802.906637815562
100.30.1,100,9,ims,1,1/8,8840.776913292897,8802.906637815562
100.30.1,100,9,ims,2,2/8,8840.776913292897,8802.906637815562
100.30.1,100,9,ims,3,3/8,8840.776913292897,8802.906637815562
100.30.1,100,9,ims,4,4/8,8840.776913292897,8802.906637815562
100.30.1,100,9,ims,5,5/8,8840.776913292897,8802.906637815562
100.30.1,100,9,ims,6,6/8,8797.94742093769,8802.906637815562
100.30.1,100,9,ims,7,7/8,8797.94742093769,8802.906637815562
100.30.1,100,9,ims,8,8/8,8796.298298991795,8802.906637815562
100.30.1,100,10,ims,0,0/8,17244.978165774883,8802.906637815562
100.30.1,100,10,ims,1,1/8,9093.734390128098,8802.906637815562
100.30.1,100,10,ims,2,2/8,8841.876506979563,8802.906637815562
100.30.1,100,10,ims,3,3/8,8823.183825171545,8802.906637815562
100.30.1,100,10,ims,4,4/8,8823.183825171545,8802.906637815562
100.30.1,100,10,ims,5,5/8,8823.183825171545,8802.906637815562
100.30.1,100,10,ims,6,6/8,8823.183825171545,8802.906637815562
100.30.1,100,10,ims,7,7/8,8823.183825171545,8802.906637815562
100.30.1,100,10,ims,8,8/8,8811.65963041113,8802.906637815562
100.30.2,100,1,ims,0,0/8,15901.746239150802,8596.156616642891
100.30.2,100,1,ims,1,1/8,8676.617990991226,8596.156616642891
100.30.2,100,1,ims,2,2/8,8639.617185754672,8596.156616642891
100.30.2,100,1,ims,3,3/8,8612.854946228032,8596.156616642891
100.30.2,100,1,ims,4,4/8,8612.854946228032,8596.156616642891
100.30.2,100,1,ims,5,5/8,8576.800271873562,8596.156616642891
100.30.2,100,1,ims,6,6/8,8576.800271873562,8596.156616642891
100.30.2,100,1,ims,7,7/8,8576.800271873562,8596.156616642891
100.30.2,100,1,ims,8,8/8,8576.800271873562,8596.156616642891
100.30.2,100,2,ims,0,0/8,16444.014498797496,8596.156616642891
100.30.2,100,2,ims,1,1/8,8646.486826419632,8596.156616642891
100.30.2,100,2,ims,2,2/8,8603.497831383484,8596.156616642891
100.30.2,100,2,ims,3,3/8,8603.497831383484,8596.156616642891
100.30.2,100,2,ims,4,4/8,8603.497831383484,8596.156616642891
100.30.2,100,2,ims,5,5/8,8603.497831383484,8596.156616642891
100.30.2,100,2,ims,6,6/8,8603.497831383484,8596.156616642891
100.30.2,100,2,ims,7,7/8,8603.497831383484,8596.156616642891
100.30.2,100,2,ims,8,8/8,8603.497831383484,8596.156616642891
100.30.2,100,3,ims,0,0/8,15962.692805085588,8596.156616642891
100.30.2,100,3,ims,1,1/8,8693.979279962175,8596.156616642891
100.30.2,100,3,ims,2,2/8,8610.072283802447,8596.156616642891
100.30.2,100,3,ims,3,3/8,8596.156616642891,8596.156616642891
100.30.2,100,3,ims,4,4/8,8596.156616642891,8596.156616642891
100.30.2,100,3,ims,5,5/8,8596.156616642891,8596.156616642891
100.30.2,100,3,ims,6,6/8,8596.156616642891,8596.156616642891
100.30.2,100,3,ims,7,7/8,8596.156616642891,8596.156616642891
100.30.2,100,3,ims,8,8/8,8596.156616642891,8596.156616642891
100.30.2,100,4,ims,0,0/8,15017.91320853898,8596.156616642891
100.30.2,100,4,ims,1,1/8,8651.678204402053,8596.156616642891
100.30.2,100,4,ims,2,2/8,8644.186237320817,8596.156616642891
100.30.2,100,4,ims,3,3/8,8644.186237320817,8596.156616642891
100.30.2,100,4,ims,4,4/8,8644.186237320817,8596.156616642891
100.30.2,100,4,ims,5,5/8,8626.289625156154,8596.156616642891
100.30.2,100,4,ims,6,6/8,8626.289625156154,8596.156616642891
100.30.2,100,4,ims,7,7/8,8626.289625156154,8596.156616642891
100.30.2,100,4,ims,8,8/8,8626.289625156154,8596.156616642891
100.30.2,100,5,ims,0,0/8,16322.345967789046,8596.156616642891
100.30.2,100,5,ims,1,1/8,8689.767204265949,8596.156616642891
100.30.2,100,5,ims,2,2/8,8689.767204265949,8596.156616642891
100.30.2,100,5,ims,3,3/8,8676.617990991226,8596.156616642891
100.30.2,100,5,ims,4,4/8,8669.575750935575,8596.156616642891
100.30.2,100,5,ims,5,5/8,8644.186237320817,8596.156616642891
100.30.2,100,5,ims,6,6/8,8644.186237320817,8596.156616642891
100.30.2,100,5,ims,7,7/8,8605.050750114715,8596.156616642891
100.30.2,100,5,ims,8,8/8,8605.050750114715,8596.156616642891
100.30.2,100,6,ims,0,0/8,17079.676767072488,8596.156616642891
100.30.2,100,6,ims,1,1/8,8614.470715011397,8596.156616642891
100.30.2,100,6,ims,2,2/8,8589.537836332765,8596.156616642891
100.30.2,100,6,ims,3,3/8,8589.537836332765,8596.156616642891
100.30.2,100,6,ims,4,4/8,8589.537836332765,8596.156616642891
100.30.2,100,6,ims,5,5/8,8589.537836332765,8596.156616642891
100.30.2,100,6,ims,6,6/8,8589.537836332765,8596.156616642891
100.30.2,100,6,ims,7,7/8,8589.537836332765,8596.156616642891
100.30.2,100,6,ims,8,8/8,8589.537836332765,8596.156616642891
100.30.2,100,7,ims,0,0/8,17227.53187432427,8596.156616642891
100.30.2,100,7,ims,1,1/8,8681.516728404766,8596.156616642891
100.30.2,100,7,ims,2,2/8,8621.085709550909,8596.156616642891
100.30.2,100,7,ims,3,3/8,8604.439310306112,8596.156616642891
100.30.2,100,7,ims,4,4/8,8604.439310306112,8596.156616642891
100.30.2,100,7,ims,5,5/8,8598.454827398271,8596.156616642891
100.30.2,100,7,ims,6,6/8,8595.418119559476,8596.156616642891
100.30.2,100,7,ims,7,7/8,8595.418119559476,8596.156616642891
100.30.2,100,7,ims,8,8/8,8595.418119559476,8596.156616642891
100.30.2,100,8,ims,0,0/8,15974.732915548717,8596.156616642891
100.30.2,100,8,ims,1,1/8,8685.893655911852,8596.156616642891
100.30.2,100,8,ims,2,2/8,8678.481951886868,8596.156616642891
100.30.2,100,8,ims,3,3/8,8658.496934357103,8596.156616642891
100.30.2,100,8,ims,4,4/8,8596.156616642893,8596.156616642891
100.30.2,100,8,ims,5,5/8,8596.156616642893,8596.156616642891
100.30.2,100,8,ims,6,6/8,8596.156616642891,8596.156616642891
100.30.2,100,8,ims,7,7/8,8596.156616642891,8596.156616642891
100.30.2,100,8,ims,8,8/8,8596.156616642891,8596.156616642891
100.30.2,100,9,ims,0,0/8,16953.090653418283,8596.156616642891
100.30.2,100,9,ims,1,1/8,8621.085709550909,8596.156616642891
100.30.2,100,9,ims,2,2/8,8589.537836332765,8596.156616642891
100.30.2,100,9,ims,3,3/8,8589.537836332765,8596.156616642891
100.30.2,100,9,ims,4,4/8,8589.537836332765,8596.156616642891
100.30.2,100,9,ims,5,5/8,8589.537836332765,8596.156616642891
100.30.2,100,9,ims,6,6/8,8589.537836332765,8596.156616642891
100.30.2,100,9,ims,7,7/8,8589.537836332765,8596.156616642891
100.30.2,100,9,ims,8,8/8,8579.300964131882,8596.156616642891
100.30.2,100,10,ims,0,0/8,15596.694602120122,8596.156616642891
100.30.2,100,10,ims,1,1/8,8647.328792279972,8596.156616642891
100.30.2,100,10,ims,2,2/8,8647.328792279972,8596.156616642891
100.30.2,100,10,ims,3,3/8,8647.328792279972,8596.156616642891
100.30.2,100,10,ims,4,4/8,8621.085709550909,8596.156616642891
100.30.2,100,10,ims,5,5/8,8621.085709550909,8596.156616642891
100.30.2,100,10,ims,6,6/8,8621.085709550909,8596.156616642891
100.30.2,100,10,ims,7,7/8,8589.537836332765,8596.156616642891
100.30.2,100,10,ims,8,8/8,8589.537836332765,8596.156616642891
100.30.3,100,1,ims,0,0/8,17261.02988433261,8911.06827772304
100.30.3,100,1,ims,1,1/8,9185.789020362836,8911.06827772304
100.30.3,100,1,ims,2,2/8,8979.204451224556,8911.06827772304
100.30.3,100,1,ims,3,3/8,8969.306979874738,8911.06827772304
100.30.3,100,1,ims,4,4/8,8969.306979874738,8911.06827772304
100.30.3,100,1,ims,5,5/8,8969.306979874738,8911.06827772304
100.30.3,100,1,ims,6,6/8,8969.306979874738,8911.06827772304
100.30.3,100,1,ims,7,7/8,8969.306979874738,8911.06827772304
100.30.3,100,1,ims,8,8/8,8911.247832565732,8911.06827772304
100.30.3,100,2,ims,0,0/8,17692.852916299555,8911.06827772304
100.30.3,100,2,ims,1,1/8,9115.836883557291,8911.06827772304
100.30.3,100,2,ims,2,2/8,8960.533859003459,8911.06827772304
100.30.3,100,2,ims,3,3/8,8960.533859003459,8911.06827772304
100.30.3,100,2,ims,4,4/8,8922.696760064726,8911.06827772304
100.30.3,100,2,ims,5,5/8,8912.991837361424,8911.06827772304
100.30.3,100,2,ims,6,6/8,8900.82393837265,8911.06827772304
100.30.3,100,2,ims,7,7/8,8900.82393837265,8911.06827772304
100.30.3,100,2,ims,8,8/8,8900.82393837265,8911.06827772304
100.30.3,100,3,ims,0,0/8,19911.606979067234,8911.06827772304
100.30.3,100,3,ims,1,1/8,9039.546432368941,8911.06827772304
100.30.3,100,3,ims,2,2/8,9035.908111032113,8911.06827772304
100.30.3,100,3,ims,3,3/8,8925.723494522677,8911.06827772304
100.30.3,100,3,ims,4,4/8,8925.723494522677,8911.06827772304
100.30.3,100,3,ims,5,5/8,8925.723494522677,8911.06827772304
100.30.3,100,3,ims,6,6/8,8925.723494522677,8911.06827772304
100.30.3,100,3,ims,7,7/8,8925.723494522677,8911.06827772304
100.30.3,100,3,ims,8,8/8,8911.06827772304,8911.06827772304
100.30.3,100,4,ims,0,0/8,19161.7953799044,8911.06827772304
100.30.3,100,4,ims,1,1/8,9034.295604035698,8911.06827772304
100.30.3,100,4,ims,2,2/8,9034.295604035698,8911.06827772304
100.30.3,100,4,ims,3,3/8,8906.667983442867,8911.06827772304
100.30.3,100,4,ims,4,4/8,8906.667983442867,8911.06827772304
100.30.3,100,4,ims,5,5/8,8906.667983442867,8911.06827772304
100.30.3,100,4,ims,6,6/8,8906.667983442867,8911.06827772304
100.30.3,100,4,ims,7,7/8,8906.667983442867,8911.06827772304
100.30.3,100,4,ims,8,8/8,8906.667983442867,8911.06827772304
100.30.3,100,5,ims,0,0/8,17437.621443687505,8911.06827772304
100.30.3,100,5,ims,1,1/8,8911.247832565732,8911.06827772304
100.30.3,100,5,ims,2,2/8,8911.247832565732,8911.06827772304
100.30.3,100,5,ims,3,3/8,8910.777867729345,8911.06827772304
100.30.3,100,5,ims,4,4/8,8910.777867729345,8911.06827772304
100.30.3,100,5,ims,5,5/8,8910.777867729345,8911.06827772304
100.30.3,100,5,ims,6,6/8,8910.777867729345,8911.06827772304
100.30.3,100,5,ims,7,7/8,8910.777867729345,8911.06827772304
100.30.3,100,5,ims,8,8/8,8900.82393837265,8911.06827772304
100.30.3,100,6,ims,0,0/8,16876.464674591167,8911.06827772304
100.30.3,100,6,ims,1,1/8,8924.831987619089,8911.06827772304
100.30.3,100,6,ims,2,2/8,8916.212332322899,8911.06827772304
100.30.3,100,6,ims,3,3/8,8916.212332322899,8911.06827772304
100.30.3,100,6,ims,4,4/8,8911.06827772304,8911.06827772304
100.30.3,100,6,ims,5,5/8,8910.777867729345,8911.06827772304
100.30.3,100,6,ims,6,6/8,8910.777867729345,8911.06827772304
100.30.3,100,6,ims,7,7/8,8900.82393837265,8911.06827772304
100.30.3,100,6,ims,8,8/8,8900.82393837265,8911.06827772304
100.30.3,100,7,ims,0,0/8,16389.27093745673,8911.06827772304
100.30.3,100,7,ims,1,1/8,9030.007113693468,8911.06827772304
100.30.3,100,7,ims,2,2/8,8977.193545366488,8911.06827772304
100.30.3,100,7,ims,3,3/8,8900.82393837265,8911.06827772304
100.30.3,100,7,ims,4,4/8,8900.82393837265,8911.06827772304
100.30.3,100,7,ims,5,5/8,8900.82393837265,8911.06827772304
100.30.3,100,7,ims,6,6/8,8900.82393837265,8911.06827772304
100.30.3,100,7,ims,7,7/8,8900.82393837265,8911.06827772304
100.30.3,100,7,ims,8,8/8,8900.82393837265,8911.06827772304
100.30.3,100,8,ims,0,0/8,19703.27675429573,8911.06827772304
100.30.3,100,8,ims,1,1/8,9210.897523118289,8911.06827772304
100.30.3,100,8,ims,2,2/8,8940.09294618161,8911.06827772304
100.30.3,100,8,ims,3,3/8,8940.09294618161,8911.06827772304
100.30.3,100,8,ims,4,4/8,8900.82393837265,8911.06827772304
100.30.3,100,8,ims,5,5/8,8900.82393837265,8911.06827772304
100.30.3,100,8,ims,6,6/8,8900.82393837265,8911.06827772304
100.30.3,100,8,ims,7,7/8,8900.82393837265,8911.06827772304
100.30.3,100,8,ims,8,8/8,8900.82393837265,8911.06827772304
100.30.3,100,9,ims,0,0/8,17248.106226598655,8911.06827772304
100.30.3,100,9,ims,1,1/8,9110.853070738847,8911.06827772304
100.30.3,100,9,ims,2,2/8,8938.661037311385,8911.06827772304
100.30.3,100,9,ims,3,3/8,8938.661037311385,8911.06827772304
100.30.3,100,9,ims,4,4/8,8938.661037311385,8911.06827772304
100.30.3,100,9,ims,5,5/8,8938.661037311385,8911.06827772304
100.30.3,100,9,ims,6,6/8,8904.6157328858,8911.06827772304
100.30.3,100,9,ims,7,7/8,8904.6157328858,8911.06827772304
100.30.3,100,9,ims,8,8/8,8904.6157328858,8911.06827772304
100.30.3,100,10,ims,0,0/8,16526.405994584722,8911.06827772304
100.30.3,100,10,ims,1,1/8,9008.2548787847,8911.06827772304
100.30.3,100,10,ims,2,2/8,8999.826686077015,8911.06827772304
100.30.3,100,10,ims,3,3/8,8999.826686077015,8911.06827772304
100.30.3,100,10,ims,4,4/8,8926.599670903084,8911.06827772304
100.30.3,100,10,ims,5,5/8,8911.06827772304,8911.06827772304
100.30.3,100,10,ims,6,6/8,8911.06827772304,8911.06827772304
100.30.3,100,10,ims,7,7/8,8910.777867729345,8911.06827772304
100.30.3,100,10,ims,8,8/8,8900.82393837265,8911.06827772304
100.30.4,100,1,ims,0,0/8,16975.106064039723,8652.420055276289
100.30.4,100,1,ims,1,1/8,8702.519433028869,8652.420055276289
100.30.4,100,1,ims,2,2/8,8681.029656012852,8652.420055276289
100.30.4,100,1,ims,3,3/8,8681.029656012852,8652.420055276289
100.30.4,100,1,ims,4,4/8,8681.029656012852,8652.420055276289
100.30.4,100,1,ims,5,5/8,8681.029656012852,8652.420055276289
100.30.4,100,1,ims,6,6/8,8681.029656012852,8652.420055276289
100.30.4,100,1,ims,7,7/8,8681.029656012852,8652.420055276289
100.30.4,100,1,ims,8,8/8,8677.904715144809,8652.420055276289
100.30.4,100,2,ims,0,0/8,15385.44100314831,8652.420055276289
100.30.4,100,2,ims,1,1/8,8681.343768238481,8652.420055276289
100.30.4,100,2,ims,2,2/8,8681.029656012852,8652.420055276289
100.30.4,100,2,ims,3,3/8,8681.029656012852,8652.420055276289
100.30.4,100,2,ims,4,4/8,8681.029656012852,8652.420055276289
100.30.4,100,2,ims,5,5/8,8681.029656012852,8652.420055276289
100.30.4,100,2,ims,6,6/8,8681.029656012852,8652.420055276289
100.30.4,100,2,ims,7,7/8,8681.029656012852,8652.420055276289
100.30.4,100,2,ims,8,8/8,8681.029656012852,8652.420055276289
100.30.4,100,3,ims,0,0/8,16304.779449585485,8652.420055276289
100.30.4,100,3,ims,1,1/8,8756.715124236647,8652.420055276289
100.30.4,100,3,ims,2,2/8,8751.544882889675,8652.420055276289
100.30.4,100,3,ims,3,3/8,8702.519433028869,8652.420055276289
100.30.4,100,3,ims,4,4/8,8702.519433028869,8652.420055276289
100.30.4,100,3,ims,5,5/8,8702.519433028869,8652.420055276289
100.30.4,100,3,ims,6,6/8,8681.029656012854,8652.420055276289
100.30.4,100,3,ims,7,7/8,8681.029656012854,8652.420055276289
100.30.4,100,3,ims,8,8/8,8681.029656012852,8652.420055276289
100.30.4,100,4,ims,0,0/8,16885.441948928543,8652.420055276289
100.30.4,100,4,ims,1,1/8,8756.715124236647,8652.420055276289
100.30.4,100,4,ims,2,2/8,8681.343768238481,8652.420055276289
100.30.4,100,4,ims,3,3/8,8681.343768238481,8652.420055276289
100.30.4,100,4,ims,4,4/8,8681.343768238481,8652.420055276289
100.30.4,100,4,ims,5,5/8,8681.029656012854,8652.420055276289
100.30.4,100,4,ims,6,6/8,8652.420055276289,8652.420055276289
100.30.4,100,4,ims,7,7/8,8652.420055276289,8652.420055276289
100.30.4,100,4,ims,8,8/8,8652.420055276289,8652.420055276289
100.30.4,100,5,ims,0,0/8,15404.651423771735,8652.420055276289
100.30.4,100,5,ims,1,1/8,8876.578011345153,8652.420055276289
100.30.4,100,5,ims,2,2/8,8709.364814854642,8652.420055276289
100.30.4,100,5,ims,3,3/8,8681.029656012852,8652.420055276289
100.30.4,100,5,ims,4,4/8,8681.029656012852,8652.420055276289
100.30.4,100,5,ims,5,5/8,8681.029656012852,8652.420055276289
100.30.4,100,5,ims,6,6/8,8681.029656012852,8652.420055276289
100.30.4,100,5,ims,7,7/8,8681.029656012852,8652.420055276289
100.30.4,100,5,ims,8,8/8,8681.029656012852,8652.420055276289
100.30.4,100,6,ims,0,0/8,13917.757884159475,8652.420055276289
100.30.4,100,6,ims,1,1/8,8756.715124236647,8652.420055276289
100.30.4,100,6,ims,2,2/8,8713.715340777442,8652.420055276289
100.30.4,100,6,ims,3,3/8,8702.519433028869,8652.420055276289
100.30.4,100,6,ims,4,4/8,8702.519433028869,8652.420055276289
100.30.4,100,6,ims,5,5/8,8681.343768238481,8652.420055276289
100.30.4,100,6,ims,6,6/8,8681.343768238481,8652.420055276289
100.30.4,100,6,ims,7,7/8,8681.343768238481,8652.420055276289
100.30.4,100,6,ims,8,8/8,8681.029656012852,8652.420055276289
100.30.4,100,7,ims,0,0/8,16421.866771511653,8652.420055276289
100.30.4,100,7,ims,1,1/8,8756.715124236647,8652.420055276289
100.30.4,100,7,ims,2,2/8,8702.519433028869,8652.420055276289
100.30.4,100,7,ims,3,3/8,8702.519433028869,8652.420055276289
100.30.4,100,7,ims,4,4/8,8702.519433028869,8652.420055276289
100.30.4,100,7,ims,5,5/8,8702.519433028869,8652.420055276289
100.30.4,100,7,ims,6,6/8,8702.519433028869,8652.420055276289
100.30.4,100,7,ims,7,7/8,8702.519433028869,8652.420055276289
100.30.4,100,7,ims,8,8/8,8681.029656012852,8652.420055276289
100.30.4,100,8,ims,0,0/8,17171.9177829658,8652.420055276289
100.30.4,100,8,ims,1,1/8,8681.029656012852,8652.420055276289
100.30.4,100,8,ims,2,2/8,8681.029656012852,8652.420055276289
100.30.4,100,8,ims,3,3/8,8681.029656012852,8652.420055276289
100.30.4,100,8,ims,4,4/8,8681.029656012852,8652.420055276289
100.30.4,100,8,ims,5,5/8,8681.029656012852,8652.420055276289
100.30.4,100,8,ims,6,6/8,8681.029656012852,8652.420055276289
100.30.4,100,8,ims,7,7/8,8681.029656012852,8652.420055276289
100.30.4,100,8,ims,8,8/8,8681.029656012852,8652.420055276289
100.30.4,100,9,ims,0,0/8,16514.261465773514,8652.420055276289
100.30.4,100,9,ims,1,1/8,8702.519433028869,8652.420055276289
100.30.4,100,9,ims,2,2/8,8702.519433028869,8652.420055276289
100.30.4,100,9,ims,3,3/8,8685.785765985016,8652.420055276289
100.30.4,100,9,ims,4,4/8,8685.785765985016,8652.420055276289
100.30.4,100,9,ims,5,5/8,8685.785765985016,8652.420055276289
100.30.4,100,9,ims,6,6/8,8685.785765985016,8652.420055276289
100.30.4,100,9,ims,7,7/8,8685.785765985016,8652.420055276289
100.30.4,100,9,ims,8,8/8,8681.029656012852,8652.420055276289
100.30.4,100,10,ims,0,0/8,18803.292539799004,8652.420055276289
100.30.4,100,10,ims,1,1/8,8808.77479916823,8652.420055276289
100.30.4,100,10,ims,2,2/8,8705.92576176097,8652.420055276289
100.30.4,100,10,ims,3,3/8,8705.92576176097,8652.420055276289
100.30.4,100,10,ims,4,4/8,8685.785765985016,8652.420055276289
100.30.4,100,10,ims,5,5/8,8685.785765985016,8652.420055276289
100.30.4,100,10,ims,6,6/8,8685.785765985016,8652.420055276289
100.30.4,100,10,ims,7,7/8,8652.420055276289,8652.420055276289
100.30.4,100,10,ims,8,8/8,8652.420055276289,8652.420055276289
100.40.1,100,1,ims,0,0/8,29608.28013742074,14597.806171695585
100.40.1,100,1,ims,1,1/8,14729.753957028071,14597.806171695585
100.40.1,100,1,ims,2,2/8,14689.508680684734,14597.806171695585
100.40.1,100,1,ims,3,3/8,14616.993117456788,14597.806171695585
100.40.1,100,1,ims,4,4/8,14616.993117456788,14597.806171695585
100.40.1,100,1,ims,5,5/8,14616.993117456788,14597.806171695585
100.40.1,100,1,ims,6,6/8,14616.993117456788,14597.806171695585
100.40.1,100,1,ims,7,7/8,14616.993117456788,14597.806171695585
100.40.1,100,1,ims,8,8/8,14612.005288433378,14597.806171695585
100.40.1,100,2,ims,0,0/8,30639.97041221035,14597.806171695585
100.40.1,100,2,ims,1,1/8,14658.238560542683,14597.806171695585
100.40.1,100,2,ims,2,2/8,14658.238560542683,14597.806171695585
100.40.1,100,2,ims,3,3/8,14617.888654514087,14597.806171695585
100.40.1,100,2,ims,4,4/8,14617.888654514087,14597.806171695585
100.40.1,100,2,ims,5,5/8,14617.888654514087,14597.806171695585
100.40.1,100,2,ims,6,6/8,14585.754153738253,14597.806171695585
100.40.1,100,2,ims,7,7/8,14585.754153738253,14597.806171695585
100.40.1,100,2,ims,8,8/8,14580.09303576868,14597.806171695585
100.40.1,100,3,ims,0,0/8,31071.671979674375,14597.806171695585
100.40.1,100,3,ims,1,1/8,14708.51566266573,14597.806171695585
100.40.1,100,3,ims,2,2/8,14558.141292942724,14597.806171695585
100.40.1,100,3,ims,3,3/8,14558.141292942724,14597.806171695585
100.40.1,100,3,ims,4,4/8,14558.141292942724,14597.806171695585
100.40.1,100,3,ims,5,5/8,14558.141292942724,14597.806171695585
100.40.1,100,3,ims,6,6/8,14558.141292942724,14597.806171695585
100.40.1,100,3,ims,7,7/8,14558.141292942724,14597.806171695585
100.40.1,100,3,ims,8,8/8,14557.547798736625,14597.806171695585
100.40.1,100,4,ims,0,0/8,29217.255582034642,14597.806171695585
100.40.1,100,4,ims,1,1/8,14775.643956899501,14597.806171695585
100.40.1,100,4,ims,2,2/8,14650.776026346866,14597.806171695585
100.40.1,100,4,ims,3,3/8,14650.776026346866,14597.806171695585
100.40.1,100,4,ims,4,4/8,14607.085456358885,14597.806171695585
100.40.1,100,4,ims,5,5/8,14607.085456358885,14597.806171695585
100.40.1,100,4,ims,6,6/8,14558.19366884097,14597.806171695585
100.40.1,100,4,ims,7,7/8,14558.19366884097,14597.806171695585
100.40.1,100,4,ims,8,8/8,14558.19366884097,14597.806171695585
100.40.1,100,5,ims,0,0/8,27829.91065251239,14597.806171695585
100.40.1,100,5,ims,1,1/8,14691.027828553484,14597.806171695585
100.40.1,100,5,ims,2,2/8,14664.883735835105,14597.806171695585
100.40.1,100,5,ims,3,3/8,14664.883735835105,14597.806171695585
100.40.1,100,5,ims,4,4/8,14664.883735835105,14597.806171695585
100.40.1,100,5,ims,5,5/8,14595.977148069343,14597.806171695585
100.40.1,100,5,ims,6,6/8,14595.977148069343,14597.806171695585
100.40.1,100,5,ims,7,7/8,14595.977148069343,14597.806171695585
100.40.1,100,5,ims,8,8/8,14588.918636678944,14597.806171695585
100.40.1,100,6,ims,0,0/8,29950.39669187787,14597.806171695585
100.40.1,100,6,ims,1,1/8,14639.941464183277,14597.806171695585
100.40.1,100,6,ims,2,2/8,14639.941464183277,14597.806171695585
100.40.1,100,6,ims,3,3/8,14639.941464183277,14597.806171695585
100.40.1,100,6,ims,4,4/8,14639.941464183277,14597.806171695585
100.40.1,100,6,ims,5,5/8,14639.941464183277,14597.806171695585
100.40.1,100,6,ims,6,6/8,14563.652582984138,14597.806171695585
100.40.1,100,6,ims,7,7/8,14563.652582984138,14597.806171695585
100.40.1,100,6,ims,8,8/8,14563.652582984138,14597.806171695585
100.40.1,100,7,ims,0,0/8,31078.87312301856,14597.806171695585
100.40.1,100,7,ims,1,1/8,14774.857997798557,14597.806171695585
100.40.1,100,7,ims,2,2/8,14766.68448076057,14597.806171695585
100.40.1,100,7,ims,3,3/8,14542.528868503869,14597.806171695585
100.40.1,100,7,ims,4,4/8,14542.528868503869,14597.806171695585
100.40.1,100,7,ims,5,5/8,14542.528868503869,14597.806171695585
100.40.1,100,7,ims,6,6/8,14542.528868503869,14597.806171695585
100.40.1,100,7,ims,7,7/8,14542.528868503869,14597.806171695585
100.40.1,100,7,ims,8,8/8,14542.528868503869,14597.806171695585
100.40.1,100,8,ims,0,0/8,29689.583960596865,14597.806171695585
100.40.1,100,8,ims,1,1/8,14715.097903899372,14597.806171695585
100.40.1,100,8,ims,2,2/8,14664.65014446899,14597.806171695585
100.40.1,100,8,ims,3,3/8,14613.991218287709,14597.806171695585
100.40.1,100,8,ims,4,4/8,14613.991218287709,14597.806171695585
100.40.1,100,8,ims,5,5/8,14613.991218287709,14597.806171695585
100.40.1,100,8,ims,6,6/8,14613.991218287709,14597.806171695585
100.40.1,100,8,ims,7,7/8,14613.991218287709,14597.806171695585
100.40.1,100,8,ims,8,8/8,14571.769787827972,14597.806171695585
100.40.1,100,9,ims,0,0/8,30653.436814742898,14597.806171695585
100.40.1,100,9,ims,1,1/8,14735.797956936163,14597.806171695585
100.40.1,100,9,ims,2,2/8,14605.41250440199,14597.806171695585
100.40.1,100,9,ims,3,3/8,14605.41250440199,14597.806171695585
100.40.1,100,9,ims,4,4/8,14569.110333228622,14597.806171695585
100.40.1,100,9,ims,5,5/8,14546.4277488713,14597.806171695585
100.40.1,100,9,ims,6,6/8,14546.4277488713,14597.806171695585
100.40.1,100,9,ims,7,7/8,14546.4277488713,14597.806171695585
100.40.1,100,9,ims,8,8/8,14546.4277488713,14597.806171695585
100.40.1,100,10,ims,0,0/8,28753.772922120486,14597.806171695585
100.40.1,100,10,ims,1,1/8,14714.45469446824,14597.806171695585
100.40.1,100,10,ims,2,2/8,14619.696034958148,14597.806171695585
100.40.1,100,10,ims,3,3/8,14588.185378461296,14597.806171695585
100.40.1,100,10,ims,4,4/8,14588.185378461296,14597.806171695585
100.40.1,100,10,ims,5,5/8,14588.185378461296,14597.806171695585
100.40.1,100,10,ims,6,6/8,14583.397438242011,14597.806171695585
100.40.1,100,10,ims,7,7/8,14583.397438242011,14597.806171695585
100.40.1,100,10,ims,8,8/8,14583.397438242011,14597.806171695585
100.40.2,100,1,ims,0,0/8,31005.109218460082,15140.897143470993
100.40.2,100,1,ims,1,1/8,15194.516394127706,15140.897143470993
100.40.2,100,1,ims,2,2/8,15150.506587912994,15140.897143470993
100.40.2,100,1,ims,3,3/8,15150.506587912994,15140.897143470993
100.40.2,100,1,ims,4,4/8,15150.506587912994,15140.897143470993
100.40.2,100,1,ims,5,5/8,15150.506587912994,15140.897143470993
100.40.2,100,1,ims,6,6/8,15150.506587912994,15140.897143470993
100.40.2,100,1,ims,7,7/8,15150.506587912994,15140.897143470993
100.40.2,100,1,ims,8,8/8,15150.506587912994,15140.897143470993
100.40.2,100,2,ims,0,0/8,34145.90001132763,15140.897143470993
100.40.2,100,2,ims,1,1/8,15164.258151593003,15140.897143470993
100.40.2,100,2,ims,2,2/8,15164.258151593003,15140.897143470993
100.40.2,100,2,ims,3,3/8,15164.258151593003,15140.897143470993
100.40.2,100,2,ims,4,4/8,15164.258151593003,15140.897143470993
100.40.2,100,2,ims,5,5/8,15150.506587912994,15140.897143470993
100.40.2,100,2,ims,6,6/8,15150.506587912994,15140.897143470993
100.40.2,100,2,ims,7,7/8,15150.506587912994,15140.897143470993
100.40.2,100,2,ims,8,8/8,15150.506587912994,15140.897143470993
100.40.2,100,3,ims,0,0/8,31516.918242262866,15140.897143470993
100.40.2,100,3,ims,1,1/8,15164.120964583555,15140.897143470993
100.40.2,100,3,ims,2,2/8,15147.069833133632,15140.897143470993
100.40.2,100,3,ims,3,3/8,15147.069833133632,15140.897143470993
100.40.2,100,3,ims,4,4/8,15147.069833133632,15140.897143470993
100.40.2,100,3,ims,5,5/8,15147.069833133632,15140.897143470993
100.40.2,100,3,ims,6,6/8,15147.069833133632,15140.897143470993
100.40.2,100,3,ims,7,7/8,15147.069833133632,15140.897143470993
100.40.2,100,3,ims,8,8/8,15147.069833133632,15140.897143470993
100.40.2,100,4,ims,0,0/8,34641.935507304086,15140.897143470993
100.40.2,100,4,ims,1,1/8,15185.24839017487,15140.897143470993
100.40.2,100,4,ims,2,2/8,15180.942372645528,15140.897143470993
100.40.2,100,4,ims,3,3/8,15168.54321863125,15140.897143470993
100.40.2,100,4,ims,4,4/8,15150.506587912994,15140.897143470993
100.40.2,100,4,ims,5,5/8,15150.506587912994,15140.897143470993
100.40.2,100,4,ims,6,6/8,15150.506587912994,15140.897143470993
100.40.2,100,4,ims,7,7/8,15150.506587912994,15140.897143470993
100.40.2,100,4,ims,8,8/8,15150.506587912994,15140.897143470993
100.40.2,100,5,ims,0,0/8,30210.188639973727,15140.897143470993
100.40.2,100,5,ims,1,1/8,15186.722609450344,15140.897143470993
100.40.2,100,5,ims,2,2/8,15164.120964583555,15140.897143470993
100.40.2,100,5,ims,3,3/8,15150.506587912994,15140.897143470993
100.40.2,100,5,ims,4,4/8,15150.506587912994,15140.897143470993
100.40.2,100,5,ims,5,5/8,15150.506587912994,15140.897143470993
100.40.2,100,5,ims,6,6/8,15150.506587912994,15140.897143470993
100.40.2,100,5,ims,7,7/8,15150.506587912994,15140.897143470993
100.40.2,100,5,ims,8,8/8,15150.506587912994,15140.897143470993
100.40.2,100,6,ims,0,0/8,33489.68551267551,15140.897143470993
100.40.2,100,6,ims,1,1/8,15185.248390174867,15140.897143470993
100.40.2,100,6,ims,2,2/8,15150.506587912994,15140.897143470993
100.40.2,100,6,ims,3,3/8,15150.506587912994,15140.897143470993
100.40.2,100,6,ims,4,4/8,15150.506587912994,15140.897143470993
100.40.2,100,6,ims,5,5/8,15150.506587912994,15140.897143470993
100.40.2,100,6,ims,6,6/8,15150.506587912994,15140.897143470993
100.40.2,100,6,ims,7,7/8,15150.506587912994,15140.897143470993
100.40.2,100,6,ims,8,8/8,15150.506587912994,15140.897143470993
100.40.2,100,7,ims,0,0/8,29352.15275599338,15140.897143470993
100.40.2,100,7,ims,1,1/8,15206.159598252429,15140.897143470993
100.40.2,100,7,ims,2,2/8,15168.059561709466,15140.897143470993
100.40.2,100,7,ims,3,3/8,15168.059561709466,15140.897143470993
100.40.2,100,7,ims,4,4/8,15168.059561709466,15140.897143470993
100.40.2,100,7,ims,5,5/8,15168.059561709466,15140.897143470993
100.40.2,100,7,ims,6,6/8,15154.71049399005,15140.897143470993
100.40.2,100,7,ims,7,7/8,15154.71049399005,15140.897143470993
100.40.2,100,7,ims,8,8/8,15154.71049399005,15140.897143470993
100.40.2,100,8,ims,0,0/8,31799.751424411923,15140.897143470993
100.40.2,100,8,ims,1,1/8,15245.43151814945,15140.897143470993
100.40.2,100,8,ims,2,2/8,15164.120964583555,15140.897143470993
100.40.2,100,8,ims,3,3/8,15150.506587912996,15140.897143470993
100.40.2,100,8,ims,4,4/8,15150.506587912996,15140.897143470993
100.40.2,100,8,ims,5,5/8,15150.506587912996,15140.897143470993
100.40.2,100,8,ims,6,6/8,15150.506587912996,15140.897143470993
100.40.2,100,8,ims,7,7/8,15150.506587912996,15140.897143470993
100.40.2,100,8,ims,8,8/8,15150.506587912996,15140.897143470993
100.40.2,100,9,ims,0,0/8,34355.038108918365,15140.897143470993
100.40.2,100,9,ims,1,1/8,15198.457888512643,15140.897143470993
100.40.2,100,9,ims,2,2/8,15169.081058556472,15140.897143470993
100.40.2,100,9,ims,3,3/8,15151.585037822064,15140.897143470993
100.40.2,100,9,ims,4,4/8,15151.585037822064,15140.897143470993
100.40.2,100,9,ims,5,5/8,15151.585037822064,15140.897143470993
100.40.2,100,9,ims,6,6/8,15151.585037822064,15140.897143470993
100.40.2,100,9,ims,7,7/8,15150.506587912996,15140.897143470993
100.40.2,100,9,ims,8,8/8,15150.506587912996,15140.897143470993
100.40.2,100,10,ims,0,0/8,34032.4227939703,15140.897143470993
100.40.2,100,10,ims,1,1/8,15189.500752480028,15140.897143470993
100.40.2,100,10,ims,2,2/8,15177.506162177448,15140.897143470993
100.40.2,100,10,ims,3,3/8,15163.557890744518,15140.897143470993
100.40.2,100,10,ims,4,4/8,15163.557890744518,15140.897143470993
100.40.2,100,10,ims,5,5/8,15150.506587912994,15140.897143470993
100.40.2,100,10,ims,6,6/8,15150.506587912994,15140.897143470993
100.40.2,100,10,ims,7,7/8,15120.978322747695,15140.897143470993
100.40.2,100,10,ims,8,8/8,15117.575867524285,15140.897143470993
100.40.3,100,1,ims,0,0/8,32754.87801413585,15196.663620913252
100.40.3,100,1,ims,1,1/8,15901.619315585602,15196.663620913252
100.40.3,100,1,ims,2,2/8,15459.82953886968,15196.663620913252
100.40.3,100,1,ims,3,3/8,15204.268537904585,15196.663620913252
100.40.3,100,1,ims,4,4/8,15204.268537904585,15196.663620913252
100.40.3,100,1,ims,5,5/8,15204.268537904585,15196.663620913252
100.40.3,100,1,ims,6,6/8,15204.268537904585,15196.663620913252
100.40.3,100,1,ims,7,7/8,15194.814773711392,15196.663620913252
100.40.3,100,1,ims,8,8/8,15158.795480286335,15196.663620913252
100.40.3,100,2,ims,0,0/8,31902.426961408903,15196.663620913252
100.40.3,100,2,ims,1,1/8,15196.663620913252,15196.663620913252
100.40.3,100,2,ims,2,2/8,15196.663620913252,15196.663620913252
100.40.3,100,2,ims,3,3/8,15196.663620913252,15196.663620913252
100.40.3,100,2,ims,4,4/8,15196.663620913252,15196.663620913252
100.40.3,100,2,ims,5,5/8,15196.023180594442,15196.663620913252
100.40.3,100,2,ims,6,6/8,15170.284377501826,15196.663620913252
100.40.3,100,2,ims,7,7/8,15170.284377501826,15196.663620913252
100.40.3,100,2,ims,8,8/8,15170.284377501826,15196.663620913252
100.40.3,100,3,ims,0,0/8,33851.96726418863,15196.663620913252
100.40.3,100,3,ims,1,1/8,15354.33203751644,15196.663620913252
100.40.3,100,3,ims,2,2/8,15197.01375071552,15196.663620913252
100.40.3,100,3,ims,3,3/8,15143.867243837802,15196.663620913252
100.40.3,100,3,ims,4,4/8,15143.867243837802,15196.663620913252
100.40.3,100,3,ims,5,5/8,15143.867243837802,15196.663620913252
100.40.3,100,3,ims,6,6/8,15143.867243837802,15196.663620913252
100.40.3,100,3,ims,7,7/8,15143.867243837802,15196.663620913252
100.40.3,100,3,ims,8,8/8,15143.723885611029,15196.663620913252
100.40.3,100,4,ims,0,0/8,33874.637131464086,15196.663620913252
100.40.3,100,4,ims,1,1/8,15330.405051723876,15196.663620913252
100.40.3,100,4,ims,2,2/8,15330.405051723876,15196.663620913252
100.40.3,100,4,ims,3,3/8,15204.268537904585,15196.663620913252
100.40.3,100,4,ims,4,4/8,15204.268537904585,15196.663620913252
100.40.3,100,4,ims,5,5/8,15204.268537904585,15196.663620913252
100.40.3,100,4,ims,6,6/8,15193.160719929041,15196.663620913252
100.40.3,100,4,ims,7,7/8,15193.160719929041,15196.663620913252
100.40.3,100,4,ims,8,8/8,15164.671779696422,15196.663620913252
100.40.3,100,5,ims,0,0/8,33459.025582291906,15196.663620913252
100.40.3,100,5,ims,1,1/8,15187.620542388446,15196.663620913252
100.40.3,100,5,ims,2,2/8,15187.620542388446,15196.663620913252
100.40.3,100,5,ims,3,3/8,15187.620542388446,15196.663620913252
100.40.3,100,5,ims,4,4/8,15187.620542388446,15196.663620913252
100.40.3,100,5,ims,5,5/8,15187.620542388446,15196.663620913252
100.40.3,100,5,ims,6,6/8,15187.620542388446,15196.663620913252
100.40.3,100,5,ims,7,7/8,15187.620542388446,15196.663620913252
100.40.3,100,5,ims,8,8/8,15187.620542388446,15196.663620913252
100.40.3,100,6,ims,0,0/8,32500.942363719987,15196.663620913252
100.40.3,100,6,ims,1,1/8,15554.701631939472,15196.663620913252
100.40.3,100,6,ims,2,2/8,15352.151479072947,15196.663620913252
100.40.3,100,6,ims,3,3/8,15258.89320749656,15196.663620913252
100.40.3,100,6,ims,4,4/8,15164.671779696422,15196.663620913252
100.40.3,100,6,ims,5,5/8,15164.671779696422,15196.663620913252
100.40.3,100,6,ims,6,6/8,15164.671779696422,15196.663620913252
100.40.3,100,6,ims,7,7/8,15164.671779696422,15196.663620913252
100.40.3,100,6,ims,8,8/8,15164.671779696422,15196.663620913252
100.40.3,100,7,ims,0,0/8,31088.929098948112,15196.663620913252
100.40.3,100,7,ims,1,1/8,15328.851793231992,15196.663620913252
100.40.3,100,7,ims,2,2/8,15209.53467725297,15196.663620913252
100.40.3,100,7,ims,3,3/8,15209.53467725297,15196.663620913252
100.40.3,100,7,ims,4,4/8,15209.53467725297,15196.663620913252
100.40.3,100,7,ims,5,5/8,15209.53467725297,15196.663620913252
100.40.3,100,7,ims,6,6/8,15209.53467725297,15196.663620913252
100.40.3,100,7,ims,7,7/8,15196.663620913252,15196.663620913252
100.40.3,100,7,ims,8,8/8,15196.663620913252,15196.663620913252
100.40.3,100,8,ims,0,0/8,32479.88659094973,15196.663620913252
100.40.3,100,8,ims,1,1/8,15564.976376611245,15196.663620913252
100.40.3,100,8,ims,2,2/8,15348.792449030796,15196.663620913252
100.40.3,100,8,ims,3,3/8,15214.50801352254,15196.663620913252
100.40.3,100,8,ims,4,4/8,15214.50801352254,15196.663620913252
100.40.3,100,8,ims,5,5/8,15214.50801352254,15196.663620913252
100.40.3,100,8,ims,6,6/8,15214.50801352254,15196.663620913252
100.40.3,100,8,ims,7,7/8,15214.50801352254,15196.663620913252
100.40.3,100,8,ims,8,8/8,15204.268537904585,15196.663620913252
100.40.3,100,9,ims,0,0/8,30482.513063796796,15196.663620913252
100.40.3,100,9,ims,1,1/8,15625.325281453825,15196.663620913252
100.40.3,100,9,ims,2,2/8,15267.044783956788,15196.663620913252
100.40.3,100,9,ims,3,3/8,15267.044783956788,15196.663620913252
100.40.3,100,9,ims,4,4/8,15267.044783956788,15196.663620913252
100.40.3,100,9,ims,5,5/8,15170.284377501826,15196.663620913252
100.40.3,100,9,ims,6,6/8,15170.284377501826,15196.663620913252
100.40.3,100,9,ims,7,7/8,15170.284377501826,15196.663620913252
100.40.3,100,9,ims,8,8/8,15170.284377501826,15196.663620913252
100.40.3,100,10,ims,0,0/8,33409.327910329164,15196.663620913252
100.40.3,100,10,ims,1,1/8,15276.439371911863,15196.663620913252
100.40.3,100,10,ims,2,2/8,15163.00475854977,15196.663620913252
100.40.3,100,10,ims,3,3/8,15163.00475854977,15196.663620913252
100.40.3,100,10,ims,4,4/8,15163.00475854977,15196.663620913252
100.40.3,100,10,ims,5,5/8,15163.00475854977,15196.663620913252
100.40.3,100,10,ims,6,6/8,15163.00475854977,15196.663620913252
100.40.3,100,10,ims,7,7/8,15163.00475854977,15196.663620913252
100.40.3,100,10,ims,8,8/8,15163.00475854977,15196.663620913252
100.40.4,100,1,ims,0,0/8,30593.03459493615,14429.344805960223
100.40.4,100,1,ims,1,1/8,14547.568068058019,14429.344805960223
100.40.4,100,1,ims,2,2/8,14505.706457762262,14429.344805960223
100.40.4,100,1,ims,3,3/8,14429.10377450032,14429.344805960223
100.40.4,100,1,ims,4,4/8,14429.10377450032,14429.344805960223
100.40.4,100,1,ims,5,5/8,14429.10377450032,14429.344805960223
100.40.4,100,1,ims,6,6/8,14429.10377450032,14429.344805960223
100.40.4,100,1,ims,7,7/8,14429.10377450032,14429.344805960223
100.40.4,100,1,ims,8,8/8,14429.10377450032,14429.344805960223
100.40.4,100,2,ims,0,0/8,29518.200272331796,14429.344805960223
100.40.4,100,2,ims,1,1/8,14450.209406337493,14429.344805960223
100.40.4,100,2,ims,2,2/8,14450.209406337493,14429.344805960223
100.40.4,100,2,ims,3,3/8,14436.35005728953,14429.344805960223
100.40.4,100,2,ims,4,4/8,14436.35005728953,14429.344805960223
100.40.4,100,2,ims,5,5/8,14401.626717612786,14429.344805960223
100.40.4,100,2,ims,6,6/8,14382.063228432608,14429.344805960223
100.40.4,100,2,ims,7,7/8,14382.063228432608,14429.344805960223
100.40.4,100,2,ims,8,8/8,14380.341734419804,14429.344805960223
100.40.4,100,3,ims,0,0/8,30201.754331483557,14429.344805960223
100.40.4,100,3,ims,1,1/8,14522.882399983882,14429.344805960223
100.40.4,100,3,ims,2,2/8,14407.384691619982,14429.344805960223
100.40.4,100,3,ims,3,3/8,14349.896141320365,14429.344805960223
100.40.4,100,3,ims,4,4/8,14349.896141320365,14429.344805960223
100.40.4,100,3,ims,5,5/8,14349.896141320365,14429.344805960223
100.40.4,100,3,ims,6,6/8,14349.896141320365,14429.344805960223
100.40.4,100,3,ims,7,7/8,14349.896141320365,14429.344805960223
100.40.4,100,3,ims,8,8/8,14349.896141320365,14429.344805960223
100.40.4,100,4,ims,0,0/8,31614.709812648092,14429.344805960223
100.40.4,100,4,ims,1,1/8,14461.672556282767,14429.344805960223
100.40.4,100,4,ims,2,2/8,14461.672556282767,14429.344805960223
100.40.4,100,4,ims,3,3/8,14450.542140766633,14429.344805960223
100.40.4,100,4,ims,4,4/8,14450.542140766633,14429.344805960223
100.40.4,100,4,ims,5,5/8,14450.542140766633,14429.344805960223
100.40.4,100,4,ims,6,6/8,14448.814441141767,14429.344805960223
100.40.4,100,4,ims,7,7/8,14445.968834433963,14429.344805960223
100.40.4,100,4,ims,8,8/8,14385.57859928834,14429.344805960223
100.40.4,100,5,ims,0,0/8,32109.583265287765,14429.344805960223
100.40.4,100,5,ims,1,1/8,14635.641848155516,14429.344805960223
100.40.4,100,5,ims,2,2/8,14448.814441141767,14429.344805960223
100.40.4,100,5,ims,3,3/8,14448.814441141767,14429.344805960223
100.40.4,100,5,ims,4,4/8,14448.814441141767,14429.344805960223
100.40.4,100,5,ims,5,5/8,14448.814441141767,14429.344805960223
100.40.4,100,5,ims,6,6/8,14420.23125021558,14429.344805960223
100.40.4,100,5,ims,7,7/8,14420.23125021558,14429.344805960223
100.40.4,100,5,ims,8,8/8,14420.23125021558,14429.344805960223
100.40.4,100,6,ims,0,0/8,31328.963761294748,14429.344805960223
100.40.4,100,6,ims,1,1/8,14704.844652884229,14429.344805960223
100.40.4,100,6,ims,2,2/8,14460.208946562489,14429.344805960223
100.40.4,100,6,ims,3,3/8,14452.001623651919,14429.344805960223
100.40.4,100,6,ims,4,4/8,14437.763928583045,14429.344805960223
100.40.4,100,6,ims,5,5/8,14437.763928583045,14429.344805960223
100.40.4,100,6,ims,6,6/8,14402.394885268635,14429.344805960223
100.40.4,100,6,ims,7,7/8,14402.394885268635,14429.344805960223
100.40.4,100,6,ims,8,8/8,14402.394885268635,14429.344805960223
100.40.4,100,7,ims,0,0/8,32180.52334789341,14429.344805960223
100.40.4,100,7,ims,1,1/8,14452.898455099272,14429.344805960223
100.40.4,100,7,ims,2,2/8,14452.898455099272,14429.344805960223
100.40.4,100,7,ims,3,3/8,14452.898455099272,14429.344805960223
100.40.4,100,7,ims,4,4/8,14351.39319608506,14429.344805960223
100.40.4,100,7,ims,5,5/8,14351.39319608506,14429.344805960223
100.40.4,100,7,ims,6,6/8,14351.39319608506,14429.344805960223
100.40.4,100,7,ims,7,7/8,14351.39319608506,14429.344805960223
100.40.4,100,7,ims,8,8/8,14351.39319608506,14429.344805960223
100.40.4,100,8,ims,0,0/8,31477.70880200837,14429.344805960223
100.40.4,100,8,ims,1,1/8,14503.832459753768,14429.344805960223
100.40.4,100,8,ims,2,2/8,14503.832459753768,14429.344805960223
100.40.4,100,8,ims,3,3/8,14420.469983113098,14429.344805960223
100.40.4,100,8,ims,4,4/8,14420.469983113098,14429.344805960223
100.40.4,100,8,ims,5,5/8,14382.063228432608,14429.344805960223
100.40.4,100,8,ims,6,6/8,14382.063228432608,14429.344805960223
100.40.4,100,8,ims,7,7/8,14382.063228432608,14429.344805960223
100.40.4,100,8,ims,8,8/8,14382.063228432608,14429.344805960223
100.40.4,100,9,ims,0,0/8,28041.01183411551,14429.344805960223
100.40.4,100,9,ims,1,1/8,14676.124088455232,14429.344805960223
100.40.4,100,9,ims,2,2/8,14429.344805960223,14429.344805960223
100.40.4,100,9,ims,3,3/8,14429.344805960223,14429.344805960223
100.40.4,100,9,ims,4,4/8,14429.344805960223,14429.344805960223
100.40.4,100,9,ims,5,5/8,14429.344805960223,14429.344805960223
100.40.4,100,9,ims,6,6/8,14429.344805960223,14429.344805960223
100.40.4,100,9,ims,7,7/8,14398.392225906728,14429.344805960223
100.40.4,100,9,ims,8,8/8,14398.392225906728,14429.344805960223
100.40.4,100,10,ims,0,0/8,31473.977983393466,14429.344805960223
100.40.4,100,10,ims,1,1/8,14446.579920282396,14429.344805960223
100.40.4,100,10,ims,2,2/8,14446.579920282396,14429.344805960223
100.40.4,100,10,ims,3,3/8,14446.579920282396,14429.344805960223
100.40.4,100,10,ims,4,4/8,14421.92085239033,14429.344805960223
100.40.4,100,10,ims,5,5/8,14421.92085239033,14429.344805960223
100.40.4,100,10,ims,6,6/8,14421.92085239033,14429.344805960223
100.40.4,100,10,ims,7,7/8,14420.23125021558,14429.344805960223
100.40.4,100,10,ims,8,8/8,14420.23125021558,14429.344805960223
200.10.1,200,1,ims,0,0/8,4695.091138415068,1443.743843767042
200.10.1,200,1,ims,1,1/8,1470.1944232912183,1443.743843767042
200.10.1,200,1,ims,2,2/8,1448.7349211664427,1443.743843767042
200.10.1,200,1,ims,3,3/8,1446.4581859952696,1443.743843767042
200.10.1,200,1,ims,4,4/8,1443.6848679333286,1443.743843767042
200.10.1,200,1,ims,5,5/8,1443.6848679333286,1443.743843767042
200.10.1,200,1,ims,6,6/8,1443.037631498412,1443.743843767042
200.10.1,200,1,ims,7,7/8,1440.3200487368472,1443.743843767042
200.10.1,200,1,ims,8,8/8,1440.3200487368472,1443.743843767042
200.10.1,200,2,ims,0,0/8,4753.953384903018,1443.743843767042
200.10.1,200,2,ims,1,1/8,1472.8393966684173,1443.743843767042
200.10.1,200,2,ims,2,2/8,1445.794464655069,1443.743843767042
200.10.1,200,2,ims,3,3/8,1445.794464655069,1443.743843767042
200.10.1,200,2,ims,4,4/8,1445.794464655069,1443.743843767042
200.10.1,200,2,ims,5,5/8,1444.4075651072426,1443.743843767042
200.10.1,200,2,ims,6,6/8,1444.4075651072426,1443.743843767042
200.10.1,200,2,ims,7,7/8,1443.743843767042,1443.743843767042
200.10.1,200,2,ims,8,8/8,1443.743843767042,1443.743843767042
200.10.1,200,3,ims,0,0/8,4660.310344295675,1443.743843767042
200.10.1,200,3,ims,1,1/8,1494.2492292497627,1443.743843767042
200.10.1,200,3,ims,2,2/8,1445.8591397269522,1443.743843767042
200.10.1,200,3,ims,3,3/8,1445.8591397269522,1443.743843767042
200.10.1,200,3,ims,4,4/8,1443.743843767042,1443.743843767042
200.10.1,200,3,ims,5,5/8,1443.743843767042,1443.743843767042
200.10.1,200,3,ims,6,6/8,1443.743843767042,1443.743843767042
200.10.1,200,3,ims,7,7/8,1443.743843767042,1443.743843767042
200.10.1,200,3,ims,8,8/8,1443.743843767042,1443.743843767042
200.10.1,200,4,ims,0,0/8,4599.065312110582,1443.743843767042
200.10.1,200,4,ims,1,1/8,1459.6451554953007,1443.743843767042
200.10.1,200,4,ims,2,2/8,1446.0372796409742,1443.743843767042
200.10.1,200,4,ims,3,3/8,1446.0372796409742,1443.743843767042
200.10.1,200,4,ims,4,4/8,1446.0372796409742,1443.743843767042
200.10.1,200,4,ims,5,5/8,1446.0372796409742,1443.743843767042
200.10.1,200,4,ims,6,6/8,1446.0372796409742,1443.743843767042
200.10.1,200,4,ims,7,7/8,1444.699905308134,1443.743843767042
200.10.1,200,4,ims,8,8/8,1443.743843767042,1443.743843767042
200.10.1,200,5,ims,0,0/8,4633.141121624587,1443.743843767042
200.10.1,200,5,ims,1,1/8,1484.6328080067558,1443.743843767042
200.10.1,200,5,ims,2,2/8,1461.8675311577438,1443.743843767042
200.10.1,200,5,ims,3,3/8,1449.1103788156042,1443.743843767042
200.10.1,200,5,ims,4,4/8,1441.9302812960764,1443.743843767042
200.10.1,200,5,ims,5,5/8,1441.0819341743093,1443.743843767042
200.10.1,200,5,ims,6,6/8,1441.0819341743093,1443.743843767042
200.10.1,200,5,ims,7,7/8,1440.4557052060063,1443.743843767042
200.10.1,200,5,ims,8,8/8,1440.3200487368472,1443.743843767042
200.10.1,200,6,ims,0,0/8,4512.597941143172,1443.743843767042
200.10.1,200,6,ims,1,1/8,1455.357643343598,1443.743843767042
200.10.1,200,6,ims,2,2/8,1444.1524237659332,1443.743843767042
200.10.1,200,6,ims,3,3/8,1443.9197855209597,1443.743843767042
200.10.1,200,6,ims,4,4/8,1443.9197855209597,1443.743843767042
200.10.1,200,6,ims,5,5/8,1443.9197855209597,1443.743843767042
200.10.1,200,6,ims,6,6/8,1443.5673533591576,1443.743843767042
200.10.1,200,6,ims,7,7/8,1443.418129325404,1443.743843767042
200.10.1,200,6,ims,8,8/8,1440.4557052060063,1443.743843767042
200.10.1,200,7,ims,0,0/8,4725.098138718781,1443.743843767042
200.10.1,200,7,ims,1,1/8,1467.227885013169,1443.743843767042
200.10.1,200,7,ims,2,2/8,1463.2398315821815,1443.743843767042
200.10.1,200,7,ims,3,3/8,1445.9297882342241,1443.743843767042
200.10.1,200,7,ims,4,4/8,1444.219947303749,1443.743843767042
200.10.1,200,7,ims,5,5/8,1443.898315321072,1443.743843767042
200.10.1,200,7,ims,6,6/8,1440.5412456006902,1443.743843767042
200.10.1,200,7,ims,7,7/8,1440.5412456006902,1443.743843767042
200.10.1,200,7,ims,8,8/8,1440.5412456006902,1443.743843767042
200.10.1,200,8,ims,0,0/8,4655.875047615527,1443.743843767042
200.10.1,200,8,ims,1,1/8,1484.737600410837,1443.743843767042
200.10.1,200,8,ims,2,2/8,1469.8121077329367,1443.743843767042
200.10.1,200,8,ims,3,3/8,1466.4507989381195,1443.743843767042
200.10.1,200,8,ims,4,4/8,1452.169737993425,1443.743843767042
200.10.1,200,8,ims,5,5/8,1444.4075651072426,1443.743843767042
200.10.1,200,8,ims,6,6/8,1444.4075651072426,1443.743843767042
200.10.1,200,8,ims,7,7/8,1442.6389721180476,1443.743843767042
200.10.1,200,8,ims,8,8/8,1442.6389721180476,1443.743843767042
200.10.1,200,9,ims,0,0/8,4794.972251874009,1443.743843767042
200.10.1,200,9,ims,1,1/8,1493.2371208987313,1443.743843767042
200.10.1,200,9,ims,2,2/8,1467.6024657575015,1443.743843767042
200.10.1,200,9,ims,3,3/8,1451.964025561821,1443.743843767042
200.10.1,200,9,ims,4,4/8,1449.9479562680463,1443.743843767042
200.10.1,200,9,ims,5,5/8,1443.743843767042,1443.743843767042
200.10.1,200,9,ims,6,6/8,1443.743843767042,1443.743843767042
200.10.1,200,9,ims,7,7/8,1443.743843767042,1443.743843767042
200.10.1,200,9,ims,8,8/8,1443.349623904887,1443.743843767042
200.10.1,200,10,ims,0,0/8,4711.779367465641,1443.743843767042
200.10.1,200,10,ims,1,1/8,1484.2786408007807,1443.743843767042
200.10.1,200,10,ims,2,2/8,1469.6025733250158,1443.743843767042
200.10.1,200,10,ims,3,3/8,1469.6025733250158,1443.743843767042
200.10.1,200,10,ims,4,4/8,1463.6794092498417,1443.743843767042
200.10.1,200,10,ims,5,5/8,1452.457889232826,1443.743843767042
200.10.1,200,10,ims,6,6/8,1446.4581859952696,1443.743843767042
200.10.1,200,10,ims,7,7/8,1443.743843767042,1443.743843767042
200.10.1,200,10,ims,8,8/8,1442.8465852917498,1443.743843767042
200.10.3,200,1,ims,0,0/8,4773.858155823591,1449.530538607773
200.10.3,200,1,ims,1,1/8,1455.89775300175,1449.530538607773
200.10.3,200,1,ims,2,2/8,1454.3911669615065,1449.530538607773
200.10.3,200,1,ims,3,3/8,1453.8299732391222,1449.530538607773
200.10.3,200,1,ims,4,4/8,1453.8299732391222,1449.530538607773
200.10.3,200,1,ims,5,5/8,1453.8299732391222,1449.530538607773
200.10.3,200,1,ims,6,6/8,1453.8299732391222,1449.530538607773
200.10.3,200,1,ims,7,7/8,1453.8299732391222,1449.530538607773
200.10.3,200,1,ims,8,8/8,1448.1271824722696,1449.530538607773
200.10.3,200,2,ims,0,0/8,4542.353502226424,1449.530538607773
200.10.3,200,2,ims,1,1/8,1456.7242739856717,1449.530538607773
200.10.3,200,2,ims,2,2/8,1450.6650186160325,1449.530538607773
200.10.3,200,2,ims,3,3/8,1450.6650186160325,1449.530538607773
200.10.3,200,2,ims,4,4/8,1449.5328524066213,1449.530538607773
200.10.3,200,2,ims,5,5/8,1449.0836139514722,1449.530538607773
200.10.3,200,2,ims,6,6/8,1445.335605464276,1449.530538607773
200.10.3,200,2,ims,7,7/8,1445.335605464276,1449.530538607773
200.10.3,200,2,ims,8,8/8,1445.0264424330792,1449.530538607773
200.10.3,200,3,ims,0,0/8,4587.406808945578,1449.530538607773
200.10.3,200,3,ims,1,1/8,1453.8299732391222,1449.530538607773
200.10.3,200,3,ims,2,2/8,1453.8299732391222,1449.530538607773
200.10.3,200,3,ims,3,3/8,1453.8299732391222,1449.530538607773
200.10.3,200,3,ims,4,4/8,1453.8299732391222,1449.530538607773
200.10.3,200,3,ims,5,5/8,1453.8299732391222,1449.530538607773
200.10.3,200,3,ims,6,6/8,1449.5744303358865,1449.530538607773
200.10.3,200,3,ims,7,7/8,1449.0484968806281,1449.530538607773
200.10.3,200,3,ims,8,8/8,1449.0484968806281,1449.530538607773
200.10.3,200,4,ims,0,0/8,4650.009678274277,1449.530538607773
200.10.3,200,4,ims,1,1/8,1458.2388120063395,1449.530538607773
200.10.3,200,4,ims,2,2/8,1449.1371786170846,1449.530538607773
200.10.3,200,4,ims,3,3/8,1449.1371786170846,1449.530538607773
200.10.3,200,4,ims,4,4/8,1445.6314429643985,1449.530538607773
200.10.3,200,4,ims,5,5/8,1439.0941871140662,1449.530538607773
200.10.3,200,4,ims,6,6/8,1437.5435415539603,1449.530538607773
200.10.3,200,4,ims,7,7/8,1437.5435415539603,1449.530538607773
200.10.3,200,4,ims,8,8/8,1436.237314593677,1449.530538607773
200.10.3,200,5,ims,0,0/8,4690.989115913259,1449.530538607773
200.10.3,200,5,ims,1,1/8,1482.3935583381221,1449.530538607773
200.10.3,200,5,ims,2,2/8,1455.0821197667108,1449.530538607773
200.10.3,200,5,ims,3,3/8,1450.210533130345,1449.530538607773
200.10.3,200,5,ims,4,4/8,1449.8755178289396,1449.530538607773
200.10.3,200,5,ims,5,5/8,1449.8755178289396,1449.530538607773
200.10.3,200,5,ims,6,6/8,1449.8755178289396,1449.530538607773
200.10.3,200,5,ims,7,7/8,1449.8755178289396,1449.530538607773
200.10.3,200,5,ims,8,8/8,1448.4581722481946,1449.530538607773
200.10.3,200,6,ims,0,0/8,4671.143935228156,1449.530538607773
200.10.3,200,6,ims,1,1/8,1462.3321123319777,1449.530538607773
200.10.3,200,6,ims,2,2/8,1449.7545376170235,1449.530538607773
200.10.3,200,6,ims,3,3/8,1449.7545376170235,1449.530538607773
200.10.3,200,6,ims,4,4/8,1449.7545376170235,1449.530538607773
200.10.3,200,6,ims,5,5/8,1441.6682209866378,1449.530538607773
200.10.3,200,6,ims,6,6/8,1441.6682209866378,1449.530538607773
200.10.3,200,6,ims,7,7/8,1441.6682209866378,1449.530538607773
200.10.3,200,6,ims,8,8/8,1437.2262659364592,1449.530538607773
200.10.3,200,7,ims,0,0/8,4597.16254036216,1449.530538607773
200.10.3,200,7,ims,1,1/8,1459.5826753462254,1449.530538607773
200.10.3,200,7,ims,2,2/8,1452.2642022024502,1449.530538607773
200.10.3,200,7,ims,3,3/8,1443.459753646385,1449.530538607773
200.10.3,200,7,ims,4,4/8,1434.7890777757586,1449.530538607773
200.10.3,200,7,ims,5,5/8,1434.7890777757586,1449.530538607773
200.10.3,200,7,ims,6,6/8,1434.7890777757586,1449.530538607773
200.10.3,200,7,ims,7,7/8,1434.7890777757586,1449.530538607773
200.10.3,200,7,ims,8,8/8,1434.7890777757586,1449.530538607773
200.10.3,200,8,ims,0,0/8,4679.690756336204,1449.530538607773
200.10.3,200,8,ims,1,1/8,1456.734774713748,1449.530538607773
200.10.3,200,8,ims,2,2/8,1447.8576992412065,1449.530538607773
200.10.3,200,8,ims,3,3/8,1436.92940927046,1449.530538607773
200.10.3,200,8,ims,4,4/8,1430.9663106375338,1449.530538607773
200.10.3,200,8,ims,5,5/8,1430.9663106375338,1449.530538607773
200.10.3,200,8,ims,6,6/8,1429.955360039029,1449.530538607773
200.10.3,200,8,ims,7,7/8,1429.955360039029,1449.530538607773
200.10.3,200,8,ims,8,8/8,1429.955360039029,1449.530538607773
200.10.3,200,9,ims,0,0/8,4527.645046714087,1449.530538607773
200.10.3,200,9,ims,1,1/8,1458.77926769756,1449.530538607773
200.10.3,200,9,ims,2,2/8,1449.9959303160683,1449.530538607773
200.10.3,200,9,ims,3,3/8,1443.4001786537958,1449.530538607773
200.10.3,200,9,ims,4,4/8,1443.4001786537958,1449.530538607773
200.10.3,200,9,ims,5,5/8,1433.5116198123126,1449.530538607773
200.10.3,200,9,ims,6,6/8,1433.5116198123126,1449.530538607773
200.10.3,200,9,ims,7,7/8,1433.481009623045,1449.530538607773
200.10.3,200,9,ims,8,8/8,1433.481009623045,1449.530538607773
200.10.3,200,10,ims,0,0/8,4596.316259748982,1449.530538607773
200.10.3,200,10,ims,1,1/8,1458.1681396492597,1449.530538607773
200.10.3,200,10,ims,2,2/8,1448.1719987605736,1449.530538607773
200.10.3,200,10,ims,3,3/8,1442.7994284092501,1449.530538607773
200.10.3,200,10,ims,4,4/8,1442.7994284092501,1449.530538607773
200.10.3,200,10,ims,5,5/8,1431.7138375946472,1449.530538607773
200.10.3,200,10,ims,6,6/8,1429.9212964115934,1449.530538607773
200.10.3,200,10,ims,7,7/8,1429.8865812756703,1449.530538607773
200.10.3,200,10,ims,8,8/8,1429.8865812756703,1449.530538607773
200.10.4,200,1,ims,0,0/8,4930.284520724494,1500.3001822115361
200.10.4,200,1,ims,1,1/8,1507.897997906147,1500.3001822115361
200.10.4,200,1,ims,2,2/8,1501.8960018867692,1500.3001822115361
200.10.4,200,1,ims,3,3/8,1501.8960018867692,1500.3001822115361
200.10.4,200,1,ims,4,4/8,1499.9160889508082,1500.3001822115361
200.10.4,200,1,ims,5,5/8,1499.9160889508082,1500.3001822115361
200.10.4,200,1,ims,6,6/8,1499.9160889508082,1500.3001822115361
200.10.4,200,1,ims,7,7/8,1499.9160889508082,1500.3001822115361
200.10.4,200,1,ims,8,8/8,1498.0656174673563,1500.3001822115361
200.10.4,200,2,ims,0,0/8,5054.194093179013,1500.3001822115361
200.10.4,200,2,ims,1,1/8,1518.2588211752243,1500.3001822115361
200.10.4,200,2,ims,2,2/8,1506.653632394121,1500.3001822115361
200.10.4,200,2,ims,3,3/8,1498.8493215909336,1500.3001822115361
200.10.4,200,2,ims,4,4/8,1498.4140060353036,1500.3001822115361
200.10.4,200,2,ims,5,5/8,1497.158835817767,1500.3001822115361
200.10.4,200,2,ims,6,6/8,1497.158835817767,1500.3001822115361
200.10.4,200,2,ims,7,7/8,1497.158835817767,1500.3001822115361
200.10.4,200,2,ims,8,8/8,1497.158835817767,1500.3001822115361
200.10.4,200,3,ims,0,0/8,4832.780176839672,1500.3001822115361
200.10.4,200,3,ims,1,1/8,1529.6405416525768,1500.3001822115361
200.10.4,200,3,ims,2,2/8,1504.1681695206746,1500.3001822115361
200.10.4,200,3,ims,3,3/8,1500.258354462263,1500.3001822115361
200.10.4,200,3,ims,4,4/8,1500.258354462263,1500.3001822115361
200.10.4,200,3,ims,5,5/8,1500.0696822806883,1500.3001822115361
200.10.4,200,3,ims,6,6/8,1499.9551220876433,1500.3001822115361
200.10.4,200,3,ims,7,7/8,1499.9551220876433,1500.3001822115361
200.10.4,200,3,ims,8,8/8,1499.9551220876433,1500.3001822115361
200.10.4,200,4,ims,0,0/8,4870.342933128024,1500.3001822115361
200.10.4,200,4,ims,1,1/8,1528.6148944050435,1500.3001822115361
200.10.4,200,4,ims,2,2/8,1513.1878325817722,1500.3001822115361
200.10.4,200,4,ims,3,3/8,1502.5215895547365,1500.3001822115361
200.10.4,200,4,ims,4,4/8,1494.5396541845032,1500.3001822115361
200.10.4,200,4,ims,5,5/8,1494.5396541845032,1500.3001822115361
200.10.4,200,4,ims,6,6/8,1494.5293634034826,1500.3001822115361
200.10.4,200,4,ims,7,7/8,1494.5293634034826,1500.3001822115361
200.10.4,200,4,ims,8,8/8,1494.5293634034826,1500.3001822115361
200.10.4,200,5,ims,0,0/8,4722.366533375862,1500.3001822115361
200.10.4,200,5,ims,1,1/8,1514.9565380810957,1500.3001822115361
200.10.4,200,5,ims,2,2/8,1498.2798647295906,1500.3001822115361
200.10.4,200,5,ims,3,3/8,1497.935160215376,1500.3001822115361
200.10.4,200,5,ims,4,4/8,1497.935160215376,1500.3001822115361
200.10.4,200,5,ims,5,5/8,1497.935160215376,1500.3001822115361
200.10.4,200,5,ims,6,6/8,1497.935160215376,1500.3001822115361
200.10.4,200,5,ims,7,7/8,1497.935160215376,1500.3001822115361
200.10.4,200,5,ims,8,8/8,1495.878370830511,1500.3001822115361
200.10.4,200,6,ims,0,0/8,4626.798016070107,1500.3001822115361
200.10.4,200,6,ims,1,1/8,1523.7807269873233,1500.3001822115361
200.10.4,200,6,ims,2,2/8,1502.9199775948307,1500.3001822115361
200.10.4,200,6,ims,3,3/8,1499.9467111054116,1500.3001822115361
200.10.4,200,6,ims,4,4/8,1498.514653655076,1500.3001822115361
200.10.4,200,6,ims,5,5/8,1498.514653655076,1500.3001822115361
200.10.4,200,6,ims,6,6/8,1494.582166389482,1500.3001822115361
200.10.4,200,6,ims,7,7/8,1494.582166389482,1500.3001822115361
200.10.4,200,6,ims,8,8/8,1494.582166389482,1500.3001822115361
200.10.4,200,7,ims,0,0/8,4413.607290798012,1500.3001822115361
200.10.4,200,7,ims,1,1/8,1511.9646896989577,1500.3001822115361
200.10.4,200,7,ims,2,2/8,1506.73107462335,1500.3001822115361
200.10.4,200,7,ims,3,3/8,1501.418611293251,1500.3001822115361
200.10.4,200,7,ims,4,4/8,1501.418611293251,1500.3001822115361
200.10.4,200,7,ims,5,5/8,1501.418611293251,1500.3001822115361
200.10.4,200,7,ims,6,6/8,1501.418611293251,1500.3001822115361
200.10.4,200,7,ims,7,7/8,1498.0656174673566,1500.3001822115361
200.10.4,200,7,ims,8,8/8,1498.0656174673566,1500.3001822115361
200.10.4,200,8,ims,0,0/8,4812.53142032927,1500.3001822115361
200.10.4,200,8,ims,1,1/8,1522.7686989301565,1500.3001822115361
200.10.4,200,8,ims,2,2/8,1512.611625955379,1500.3001822115361
200.10.4,200,8,ims,3,3/8,1502.202315416828,1500.3001822115361
200.10.4,200,8,ims,4,4/8,1501.632858555485,1500.3001822115361
200.10.4,200,8,ims,5,5/8,1501.632858555485,1500.3001822115361
200.10.4,200,8,ims,6,6/8,1501.632858555485,1500.3001822115361
200.10.4,200,8,ims,7,7/8,1500.391166391288,1500.3001822115361
200.10.4,200,8,ims,8,8/8,1500.391166391288,1500.3001822115361
200.10.4,200,9,ims,0,0/8,4760.378292883574,1500.3001822115361
200.10.4,200,9,ims,1,1/8,1515.2485366712122,1500.3001822115361
200.10.4,200,9,ims,2,2/8,1500.719555661843,1500.3001822115361
200.10.4,200,9,ims,3,3/8,1500.719555661843,1500.3001822115361
200.10.4,200,9,ims,4,4/8,1500.719555661843,1500.3001822115361
200.10.4,200,9,ims,5,5/8,1500.719555661843,1500.3001822115361
200.10.4,200,9,ims,6,6/8,1499.9054379206038,1500.3001822115361
200.10.4,200,9,ims,7,7/8,1498.9467655952042,1500.3001822115361
200.10.4,200,9,ims,8,8/8,1497.0523285475422,1500.3001822115361
200.10.4,200,10,ims,0,0/8,4966.401239368899,1500.3001822115361
200.10.4,200,10,ims,1,1/8,1522.55742634616,1500.3001822115361
200.10.4,200,10,ims,2,2/8,1515.7086021095881,1500.3001822115361
200.10.4,200,10,ims,3,3/8,1508.7702063957436,1500.3001822115361
200.10.4,200,10,ims,4,4/8,1505.8316638590031,1500.3001822115361
200.10.4,200,10,ims,5,5/8,1505.8316638590031,1500.3001822115361
200.10.4,200,10,ims,6,6/8,1505.8316638590031,1500.3001822115361
200.10.4,200,10,ims,7,7/8,1504.1466156895817,1500.3001822115361
200.10.4,200,10,ims,8,8/8,1501.657888526113,1500.3001822115361
200.20.1,200,1,ims,0,0/8,5712.092047572621,3149.9828987387964
200.20.1,200,1,ims,1,1/8,3155.32223454258,3149.9828987387964
200.20.1,200,1,ims,2,2/8,3155.32223454258,3149.9828987387964
200.20.1,200,1,ims,3,3/8,3155.32223454258,3149.9828987387964
200.20.1,200,1,ims,4,4/8,3155.32223454258,3149.9828987387964
200.20.1,200,1,ims,5,5/8,3155.32223454258,3149.9828987387964
200.20.1,200,1,ims,6,6/8,3155.32223454258,3149.9828987387964
200.20.1,200,1,ims,7,7/8,3154.523978382639,3149.9828987387964
200.20.1,200,1,ims,8,8/8,3154.523978382639,3149.9828987387964
200.20.1,200,2,ims,0,0/8,6275.701966998678,3149.9828987387964
200.20.1,200,2,ims,1,1/8,3155.32223454258,3149.9828987387964
200.20.1,200,2,ims,2,2/8,3149.9828987387964,3149.9828987387964
200.20.1,200,2,ims,3,3/8,3149.9828987387964,3149.9828987387964
200.20.1,200,2,ims,4,4/8,3149.9828987387964,3149.9828987387964
200.20.1,200,2,ims,5,5/8,3146.4119248219095,3149.9828987387964
200.20.1,200,2,ims,6,6/8,3146.4119248219095,3149.9828987387964
200.20.1,200,2,ims,7,7/8,3146.4119248219095,3149.9828987387964
200.20.1,200,2,ims,8,8/8,3146.4119248219095,3149.9828987387964
200.20.1,200,3,ims,0,0/8,6418.563250131025,3149.9828987387964
200.20.1,200,3,ims,1,1/8,3155.32223454258,3149.9828987387964
200.20.1,200,3,ims,2,2/8,3154.7629794253407,3149.9828987387964
200.20.1,200,3,ims,3,3/8,3154.112865428967,3149.9828987387964
200.20.1,200,3,ims,4,4/8,3152.284219997115,3149.9828987387964
200.20.1,200,3,ims,5,5/8,3152.284219997115,3149.9828987387964
200.20.1,200,3,ims,6,6/8,3149.9828987387964,3149.9828987387964
200.20.1,200,3,ims,7,7/8,3149.9828987387964,3149.9828987387964
200.20.1,200,3,ims,8,8/8,3149.9828987387964,3149.9828987387964
200.20.1,200,4,ims,0,0/8,6326.301028524149,3149.9828987387964
200.20.1,200,4,ims,1,1/8,3155.32223454258,3149.9828987387964
200.20.1,200,4,ims,2,2/8,3155.32223454258,3149.9828987387964
200.20.1,200,4,ims,3,3/8,3155.32223454258,3149.9828987387964
200.20.1,200,4,ims,4,4/8,3155.036006012362,3149.9828987387964
200.20.1,200,4,ims,5,5/8,3149.9828987387964,3149.9828987387964
200.20.1,200,4,ims,6,6/8,3149.087806855225,3149.9828987387964
200.20.1,200,4,ims,7,7/8,3148.675297092533,3149.9828987387964
200.20.1,200,4,ims,8,8/8,3148.675297092533,3149.9828987387964
200.20.1,200,5,ims,0,0/8,6337.617780882832,3149.9828987387964
200.20.1,200,5,ims,1,1/8,3155.32223454258,3149.9828987387964
200.20.1,200,5,ims,2,2/8,3154.1128654289664,3149.9828987387964
200.20.1,200,5,ims,3,3/8,3154.1128654289664,3149.9828987387964
200.20.1,200,5,ims,4,4/8,3154.1128654289664,3149.9828987387964
200.20.1,200,5,ims,5,5/8,3154.1128654289664,3149.9828987387964
200.20.1,200,5,ims,6,6/8,3154.1128654289664,3149.9828987387964
200.20.1,200,5,ims,7,7/8,3154.1128654289664,3149.9828987387964
200.20.1,200,5,ims,8,8/8,3154.1128654289664,3149.9828987387964
200.20.1,200,6,ims,0,0/8,6247.818017035151,3149.9828987387964
200.20.1,200,6,ims,1,1/8,3155.32223454258,3149.9828987387964
200.20.1,200,6,ims,2,2/8,3155.32223454258,3149.9828987387964
200.20.1,200,6,ims,3,3/8,3155.32223454258,3149.9828987387964
200.20.1,200,6,ims,4,4/8,3155.32223454258,3149.9828987387964
200.20.1,200,6,ims,5,5/8,3155.32223454258,3149.9828987387964
200.20.1,200,6,ims,6,6/8,3149.9828987387964,3149.9828987387964
200.20.1,200,6,ims,7,7/8,3149.9828987387964,3149.9828987387964
200.20.1,200,6,ims,8,8/8,3149.9828987387964,3149.9828987387964
200.20.1,200,7,ims,0,0/8,6474.862268207315,3149.9828987387964
200.20.1,200,7,ims,1,1/8,3155.32223454258,3149.9828987387964
200.20.1,200,7,ims,2,2/8,3155.2605052551976,3149.9828987387964
200.20.1,200,7,ims,3,3/8,3155.2605052551976,3149.9828987387964
200.20.1,200,7,ims,4,4/8,3154.7629794253407,3149.9828987387964
200.20.1,200,7,ims,5,5/8,3154.112865428967,3149.9828987387964
200.20.1,200,7,ims,6,6/8,3154.112865428967,3149.9828987387964
200.20.1,200,7,ims,7,7/8,3154.112865428967,3149.9828987387964
200.20.1,200,7,ims,8,8/8,3154.112865428967,3149.9828987387964
200.20.1,200,8,ims,0,0/8,6366.477372644079,3149.9828987387964
200.20.1,200,8,ims,1,1/8,3140.416754736141,3149.9828987387964
200.20.1,200,8,ims,2,2/8,3140.416754736141,3149.9828987387964
200.20.1,200,8,ims,3,3/8,3140.416754736141,3149.9828987387964
200.20.1,200,8,ims,4,4/8,3136.4222131056845,3149.9828987387964
200.20.1,200,8,ims,5,5/8,3136.4222131056845,3149.9828987387964
200.20.1,200,8,ims,6,6/8,3136.4222131056845,3149.9828987387964
200.20.1,200,8,ims,7,7/8,3136.4222131056845,3149.9828987387964
200.20.1,200,8,ims,8,8/8,3136.4222131056845,3149.9828987387964
200.20.1,200,9,ims,0,0/8,6149.089157491699,3149.9828987387964
200.20.1,200,9,ims,1,1/8,3157.51320092941,3149.9828987387964
200.20.1,200,9,ims,2,2/8,3151.5754932524446,3149.9828987387964
200.20.1,200,9,ims,3,3/8,3151.5754932524446,3149.9828987387964
200.20.1,200,9,ims,4,4/8,3149.9828987387964,3149.9828987387964
200.20.1,200,9,ims,5,5/8,3149.9828987387964,3149.9828987387964
200.20.1,200,9,ims,6,6/8,3144.9198610651233,3149.9828987387964
200.20.1,200,9,ims,7,7/8,3144.9198610651233,3149.9828987387964
200.20.1,200,9,ims,8,8/8,3144.9198610651233,3149.9828987387964
200.20.1,200,10,ims,0,0/8,6756.251090631785,3149.9828987387964
200.20.1,200,10,ims,1,1/8,3155.32223454258,3149.9828987387964
200.20.1,200,10,ims,2,2/8,3149.9828987387964,3149.9828987387964
200.20.1,200,10,ims,3,3/8,3149.9828987387964,3149.9828987387964
200.20.1,200,10,ims,4,4/8,3149.9828987387964,3149.9828987387964
200.20.1,200,10,ims,5,5/8,3149.9828987387964,3149.9828987387964
200.20.1,200,10,ims,6,6/8,3149.9828987387964,3149.9828987387964
200.20.1,200,10,ims,7,7/8,3149.9828987387964,3149.9828987387964
200.20.1,200,10,ims,8,8/8,3149.9828987387964,3149.9828987387964
200.20.2,200,1,ims,0,0/8,5849.208780907262,3107.525723581689
200.20.2,200,1,ims,1,1/8,3152.3822634637345,3107.525723581689
200.20.2,200,1,ims,2,2/8,3135.846491044411,3107.525723581689
200.20.2,200,1,ims,3,3/8,3124.639338643665,3107.525723581689
200.20.2,200,1,ims,4,4/8,3109.4111048356867,3107.525723581689
200.20.2,200,1,ims,5,5/8,3109.4111048356867,3107.525723581689
200.20.2,200,1,ims,6,6/8,3107.761671395993,3107.525723581689
200.20.2,200,1,ims,7,7/8,3107.525723581689,3107.525723581689
200.20.2,200,1,ims,8,8/8,3107.525723581689,3107.525723581689
200.20.2,200,2,ims,0,0/8,5562.633832128138,3107.525723581689
200.20.2,200,2,ims,1,1/8,3158.138399560497,3107.525723581689
200.20.2,200,2,ims,2,2/8,3107.532755400576,3107.525723581689
200.20.2,200,2,ims,3,3/8,3107.532755400576,3107.525723581689
200.20.2,200,2,ims,4,4/8,3107.532755400576,3107.525723581689
200.20.2,200,2,ims,5,5/8,3107.532755400576,3107.525723581689
200.20.2,200,2,ims,6,6/8,3107.5257235816894,3107.525723581689
200.20.2,200,2,ims,7,7/8,3107.5257235816894,3107.525723581689
200.20.2,200,2,ims,8,8/8,3107.5257235816894,3107.525723581689
200.20.2,200,3,ims,0,0/8,5511.749311762691,3107.525723581689
200.20.2,200,3,ims,1,1/8,3141.2000754744063,3107.525723581689
200.20.2,200,3,ims,2,2/8,3132.8428247902157,3107.525723581689
200.20.2,200,3,ims,3,3/8,3132.8428247902157,3107.525723581689
200.20.2,200,3,ims,4,4/8,3131.2667495077267,3107.525723581689
200.20.2,200,3,ims,5,5/8,3107.761671395993,3107.525723581689
200.20.2,200,3,ims,6,6/8,3107.761671395993,3107.525723581689
200.20.2,200,3,ims,7,7/8,3107.761671395993,3107.525723581689
200.20.2,200,3,ims,8,8/8,3107.5257235816894,3107.525723581689
200.20.2,200,4,ims,0,0/8,5140.9847091099255,3107.525723581689
200.20.2,200,4,ims,1,1/8,3130.7424701279624,3107.525723581689
200.20.2,200,4,ims,2,2/8,3130.7424701279624,3107.525723581689
200.20.2,200,4,ims,3,3/8,3130.7424701279624,3107.525723581689
200.20.2,200,4,ims,4,4/8,3130.7424701279624,3107.525723581689
200.20.2,200,4,ims,5,5/8,3130.7424701279624,3107.525723581689
200.20.2,200,4,ims,6,6/8,3130.6794192090665,3107.525723581689
200.20.2,200,4,ims,7,7/8,3130.6794192090665,3107.525723581689
200.20.2,200,4,ims,8,8/8,3130.6794192090665,3107.525723581689
200.20.2,200,5,ims,0,0/8,5631.6956227099,3107.525723581689
200.20.2,200,5,ims,1,1/8,3115.9548240492445,3107.525723581689
200.20.2,200,5,ims,2,2/8,3109.4111048356867,3107.525723581689
200.20.2,200,5,ims,3,3/8,3108.6219389740277,3107.525723581689
200.20.2,200,5,ims,4,4/8,3108.6219389740277,3107.525723581689
200.20.2,200,5,ims,5,5/8,3107.5327554005758,3107.525723581689
200.20.2,200,5,ims,6,6/8,3107.525723581689,3107.525723581689
200.20.2,200,5,ims,7,7/8,3107.525723581689,3107.525723581689
200.20.2,200,5,ims,8,8/8,3107.525723581689,3107.525723581689
200.20.2,200,6,ims,0,0/8,5498.875528225921,3107.525723581689
200.20.2,200,6,ims,1,1/8,3160.7832158653814,3107.525723581689
200.20.2,200,6,ims,2,2/8,3130.6794192090665,3107.525723581689
200.20.2,200,6,ims,3,3/8,3107.532755400576,3107.525723581689
200.20.2,200,6,ims,4,4/8,3107.532755400576,3107.525723581689
200.20.2,200,6,ims,5,5/8,3107.532755400576,3107.525723581689
200.20.2,200,6,ims,6,6/8,3107.5257235816894,3107.525723581689
200.20.2,200,6,ims,7,7/8,3107.5257235816894,3107.525723581689
200.20.2,200,6,ims,8,8/8,3107.5257235816894,3107.525723581689
200.20.2,200,7,ims,0,0/8,5565.756889447618,3107.525723581689
200.20.2,200,7,ims,1,1/8,3123.388678354694,3107.525723581689
200.20.2,200,7,ims,2,2/8,3115.954824049244,3107.525723581689
200.20.2,200,7,ims,3,3/8,3109.4111048356867,3107.525723581689
200.20.2,200,7,ims,4,4/8,3107.525723581689,3107.525723581689
200.20.2,200,7,ims,5,5/8,3107.525723581689,3107.525723581689
200.20.2,200,7,ims,6,6/8,3107.525723581689,3107.525723581689
200.20.2,200,7,ims,7,7/8,3107.525723581689,3107.525723581689
200.20.2,200,7,ims,8,8/8,3107.525723581689,3107.525723581689
200.20.2,200,8,ims,0,0/8,6149.334390951453,3107.525723581689
200.20.2,200,8,ims,1,1/8,3133.9173314950826,3107.525723581689
200.20.2,200,8,ims,2,2/8,3133.9173314950826,3107.525723581689
200.20.2,200,8,ims,3,3/8,3132.649007375536,3107.525723581689
200.20.2,200,8,ims,4,4/8,3107.525723581689,3107.525723581689
200.20.2,200,8,ims,5,5/8,3107.525723581689,3107.525723581689
200.20.2,200,8,ims,6,6/8,3107.525723581689,3107.525723581689
200.20.2,200,8,ims,7,7/8,3107.525723581689,3107.525723581689
200.20.2,200,8,ims,8,8/8,3107.525723581689,3107.525723581689
200.20.2,200,9,ims,0,0/8,5809.314266618479,3107.525723581689
200.20.2,200,9,ims,1,1/8,3130.7424701279624,3107.525723581689
200.20.2,200,9,ims,2,2/8,3130.6794192090665,3107.525723581689
200.20.2,200,9,ims,3,3/8,3130.6794192090665,3107.525723581689
200.20.2,200,9,ims,4,4/8,3130.6794192090665,3107.525723581689
200.20.2,200,9,ims,5,5/8,3130.6794192090665,3107.525723581689
200.20.2,200,9,ims,6,6/8,3130.6794192090665,3107.525723581689
200.20.2,200,9,ims,7,7/8,3130.6794192090665,3107.525723581689
200.20.2,200,9,ims,8,8/8,3130.6794192090665,3107.525723581689
200.20.2,200,10,ims,0,0/8,5960.171616731388,3107.525723581689
200.20.2,200,10,ims,1,1/8,3124.2826467500454,3107.525723581689
200.20.2,200,10,ims,2,2/8,3110.069432284576,3107.525723581689
200.20.2,200,10,ims,3,3/8,3110.069432284576,3107.525723581689
200.20.2,200,10,ims,4,4/8,3110.069432284576,3107.525723581689
200.20.2,200,10,ims,5,5/8,3110.069432284576,3107.525723581689
200.20.2,200,10,ims,6,6/8,3107.525723581689,3107.525723581689
200.20.2,200,10,ims,7,7/8,3107.525723581689,3107.525723581689
200.20.2,200,10,ims,8,8/8,3107.525723581689,3107.525723581689
200.20.3,200,1,ims,0,0/8,5162.284012846184,3083.2606354620657
200.20.3,200,1,ims,1,1/8,3095.7523270557554,3083.2606354620657
200.20.3,200,1,ims,2,2/8,3084.8522304157623,3083.2606354620657
200.20.3,200,1,ims,3,3/8,3083.260685152256,3083.2606354620657
200.20.3,200,1,ims,4,4/8,3083.260685152256,3083.2606354620657
200.20.3,200,1,ims,5,5/8,3083.2606354620657,3083.2606354620657
200.20.3,200,1,ims,6,6/8,3083.2606354620657,3083.2606354620657
200.20.3,200,1,ims,7,7/8,3083.2606354620657,3083.2606354620657
200.20.3,200,1,ims,8,8/8,3083.2606354620657,3083.2606354620657
200.20.3,200,2,ims,0,0/8,5183.441113115045,3083.2606354620657
200.20.3,200,2,ims,1,1/8,3084.8445264412503,3083.2606354620657
200.20.3,200,2,ims,2,2/8,3083.260685152256,3083.2606354620657
200.20.3,200,2,ims,3,3/8,3083.260685152256,3083.2606354620657
200.20.3,200,2,ims,4,4/8,3083.2606354620657,3083.2606354620657
200.20.3,200,2,ims,5,5/8,3083.2606354620657,3083.2606354620657
200.20.3,200,2,ims,6,6/8,3083.2606354620657,3083.2606354620657
200.20.3,200,2,ims,7,7/8,3083.2606354620657,3083.2606354620657
200.20.3,200,2,ims,8,8/8,3083.2606354620657,3083.2606354620657
200.20.3,200,3,ims,0,0/8,5561.033614685628,3083.2606354620657
200.20.3,200,3,ims,1,1/8,3093.7967525630133,3083.2606354620657
200.20.3,200,3,ims,2,2/8,3086.1097339034877,3083.2606354620657
200.20.3,200,3,ims,3,3/8,3083.2606354620657,3083.2606354620657
200.20.3,200,3,ims,4,4/8,3083.2606354620657,3083.2606354620657
200.20.3,200,3,ims,5,5/8,3083.2606354620657,3083.2606354620657
200.20.3,200,3,ims,6,6/8,3083.2606354620657,3083.2606354620657
200.20.3,200,3,ims,7,7/8,3083.2606354620657,3083.2606354620657
200.20.3,200,3,ims,8,8/8,3083.2606354620657,3083.2606354620657
200.20.3,200,4,ims,0,0/8,5639.837994921334,3083.2606354620657
200.20.3,200,4,ims,1,1/8,3087.665704350109,3083.2606354620657
200.20.3,200,4,ims,2,2/8,3084.8445264412508,3083.2606354620657
200.20.3,200,4,ims,3,3/8,3083.2606354620657,3083.2606354620657
200.20.3,200,4,ims,4,4/8,3083.2606354620657,3083.2606354620657
200.20.3,200,4,ims,5,5/8,3083.2606354620657,3083.2606354620657
200.20.3,200,4,ims,6,6/8,3083.2606354620657,3083.2606354620657
200.20.3,200,4,ims,7,7/8,3083.2606354620657,3083.2606354620657
200.20.3,200,4,ims,8,8/8,3083.2606354620657,3083.2606354620657
200.20.3,200,5,ims,0,0/8,5616.719044765487,3083.2606354620657
200.20.3,200,5,ims,1,1/8,3093.7967525630133,3083.2606354620657
200.20.3,200,5,ims,2,2/8,3084.8445264412503,3083.2606354620657
200.20.3,200,5,ims,3,3/8,3083.2606354620657,3083.2606354620657
200.20.3,200,5,ims,4,4/8,3083.2606354620657,3083.2606354620657
200.20.3,200,5,ims,5,5/8,3083.2606354620657,3083.2606354620657
200.20.3,200,5,ims,6,6/8,3083.2606354620657,3083.2606354620657
200.20.3,200,5,ims,7,7/8,3083.2606354620657,3083.2606354620657
200.20.3,200,5,ims,8,8/8,3083.2606354620657,3083.2606354620657
200.20.3,200,6,ims,0,0/8,5975.826485777312,3083.2606354620657
200.20.3,200,6,ims,1,1/8,3083.923797599537,3083.2606354620657
200.20.3,200,6,ims,2,2/8,3083.2606354620657,3083.2606354620657
200.20.3,200,6,ims,3,3/8,3083.2606354620657,3083.2606354620657
200.20.3,200,6,ims,4,4/8,3083.2606354620657,3083.2606354620657
200.20.3,200,6,ims,5,5/8,3083.2606354620657,3083.2606354620657
200.20.3,200,6,ims,6,6/8,3083.2606354620657,3083.2606354620657
200.20.3,200,6,ims,7,7/8,3083.2606354620657,3083.2606354620657
200.20.3,200,6,ims,8,8/8,3083.2606354620657,3083.2606354620657
200.20.3,200,7,ims,0,0/8,5682.270478741801,3083.2606354620657
200.20.3,200,7,ims,1,1/8,3093.6215228183664,3083.2606354620657
200.20.3,200,7,ims,2,2/8,3089.1450225035833,3083.2606354620657
200.20.3,200,7,ims,3,3/8,3083.260685152256,3083.2606354620657
200.20.3,200,7,ims,4,4/8,3083.260685152256,3083.2606354620657
200.20.3,200,7,ims,5,5/8,3083.2606354620657,3083.2606354620657
200.20.3,200,7,ims,6,6/8,3083.2606354620657,3083.2606354620657
200.20.3,200,7,ims,7,7/8,3083.2606354620657,3083.2606354620657
200.20.3,200,7,ims,8,8/8,3083.2606354620657,3083.2606354620657
200.20.3,200,8,ims,0,0/8,5666.6083900688345,3083.2606354620657
200.20.3,200,8,ims,1,1/8,3087.7043618761563,3083.2606354620657
200.20.3,200,8,ims,2,2/8,3083.260685152256,3083.2606354620657
200.20.3,200,8,ims,3,3/8,3083.2606354620657,3083.2606354620657
200.20.3,200,8,ims,4,4/8,3083.2606354620657,3083.2606354620657
200.20.3,200,8,ims,5,5/8,3083.2606354620657,3083.2606354620657
200.20.3,200,8,ims,6,6/8,3083.2606354620657,3083.2606354620657
200.20.3,200,8,ims,7,7/8,3083.2606354620657,3083.2606354620657
200.20.3,200,8,ims,8,8/8,3083.2606354620657,3083.2606354620657
200.20.3,200,9,ims,0,0/8,5725.77229431836,3083.2606354620657
200.20.3,200,9,ims,1,1/8,3084.8445264412503,3083.2606354620657
200.20.3,200,9,ims,2,2/8,3084.8445264412503,3083.2606354620657
200.20.3,200,9,ims,3,3/8,3084.8445264412503,3083.2606354620657
200.20.3,200,9,ims,4,4/8,3084.8445264412503,3083.2606354620657
200.20.3,200,9,ims,5,5/8,3083.260685152256,3083.2606354620657
200.20.3,200,9,ims,6,6/8,3083.260685152256,3083.2606354620657
200.20.3,200,9,ims,7,7/8,3083.260685152256,3083.2606354620657
200.20.3,200,9,ims,8,8/8,3083.260685152256,3083.2606354620657
200.20.3,200,10,ims,0,0/8,5710.858268556764,3083.2606354620657
200.20.3,200,10,ims,1,1/8,3092.2128615838274,3083.2606354620657
200.20.3,200,10,ims,2,2/8,3084.8445264412508,3083.2606354620657
200.20.3,200,10,ims,3,3/8,3083.2606354620657,3083.2606354620657
200.20.3,200,10,ims,4,4/8,3083.2606354620657,3083.2606354620657
200.20.3,200,10,ims,5,5/8,3083.2606354620657,3083.2606354620657
200.20.3,200,10,ims,6,6/8,3083.2606354620657,3083.2606354620657
200.20.3,200,10,ims,7,7/8,3083.2606354620657,3083.2606354620657
200.20.3,200,10,ims,8,8/8,3083.2606354620657,3083.2606354620657
200.20.4,200,1,ims,0,0/8,4710.024887541271,3081.8792269655264
200.20.4,200,1,ims,1,1/8,3076.5199443179104,3081.8792269655264
200.20.4,200,1,ims,2,2/8,3076.5199443179104,3081.8792269655264
200.20.4,200,1,ims,3,3/8,3076.5199443179104,3081.8792269655264
200.20.4,200,1,ims,4,4/8,3076.5199443179104,3081.8792269655264
200.20.4,200,1,ims,5,5/8,3076.5199443179104,3081.8792269655264
200.20.4,200,1,ims,6,6/8,3076.5199443179104,3081.8792269655264
200.20.4,200,1,ims,7,7/8,3076.5199443179104,3081.8792269655264
200.20.4,200,1,ims,8,8/8,3076.5199443179104,3081.8792269655264
200.20.4,200,2,ims,0,0/8,5659.920904361987,3081.8792269655264
200.20.4,200,2,ims,1,1/8,3076.5199443179104,3081.8792269655264
200.20.4,200,2,ims,2,2/8,3076.5199443179104,3081.8792269655264
200.20.4,200,2,ims,3,3/8,3076.5199443179104,3081.8792269655264
200.20.4,200,2,ims,4,4/8,3076.5199443179104,3081.8792269655264
200.20.4,200,2,ims,5,5/8,3076.5199443179104,3081.8792269655264
200.20.4,200,2,ims,6,6/8,3076.5199443179104,3081.8792269655264
200.20.4,200,2,ims,7,7/8,3076.5199443179104,3081.8792269655264
200.20.4,200,2,ims,8,8/8,3076.5199443179104,3081.8792269655264
200.20.4,200,3,ims,0,0/8,4262.9422835042,3081.8792269655264
200.20.4,200,3,ims,1,1/8,3077.3038681733074,3081.8792269655264
200.20.4,200,3,ims,2,2/8,3076.5199443179104,3081.8792269655264
200.20.4,200,3,ims,3,3/8,3076.5199443179104,3081.8792269655264
200.20.4,200,3,ims,4,4/8,3076.5199443179104,3081.8792269655264
200.20.4,200,3,ims,5,5/8,3076.5199443179104,3081.8792269655264
200.20.4,200,3,ims,6,6/8,3076.5199443179104,3081.8792269655264
200.20.4,200,3,ims,7,7/8,3076.5199443179104,3081.8792269655264
200.20.4,200,3,ims,8,8/8,3076.5199443179104,3081.8792269655264
200.20.4,200,4,ims,0,0/8,6227.7044410704175,3081.8792269655264
200.20.4,200,4,ims,1,1/8,3082.8832920008904,3081.8792269655264
200.20.4,200,4,ims,2,2/8,3081.8792269655264,3081.8792269655264
200.20.4,200,4,ims,3,3/8,3076.5199443179104,3081.8792269655264
200.20.4,200,4,ims,4,4/8,3076.5199443179104,3081.8792269655264
200.20.4,200,4,ims,5,5/8,3076.5199443179104,3081.8792269655264
200.20.4,200,4,ims,6,6/8,3076.5199443179104,3081.8792269655264
200.20.4,200,4,ims,7,7/8,3076.5199443179104,3081.8792269655264
200.20.4,200,4,ims,8,8/8,3076.5199443179104,3081.8792269655264
200.20.4,200,5,ims,0,0/8,5227.198782818541,3081.8792269655264
200.20.4,200,5,ims,1,1/8,3083.186404115038,3081.8792269655264
200.20.4,200,5,ims,2,2/8,3076.5199443179104,3081.8792269655264
200.20.4,200,5,ims,3,3/8,3076.5199443179104,3081.8792269655264
200.20.4,200,5,ims,4,4/8,3076.5199443179104,3081.8792269655264
200.20.4,200,5,ims,5,5/8,3076.5199443179104,3081.8792269655264
200.20.4,200,5,ims,6,6/8,3076.5199443179104,3081.8792269655264
200.20.4,200,5,ims,7,7/8,3076.5199443179104,3081.8792269655264
200.20.4,200,5,ims,8,8/8,3076.5199443179104,3081.8792269655264
200.20.4,200,6,ims,0,0/8,5890.813820807214,3081.8792269655264
200.20.4,200,6,ims,1,1/8,3083.4581316182625,3081.8792269655264
200.20.4,200,6,ims,2,2/8,3076.5199443179104,3081.8792269655264
200.20.4,200,6,ims,3,3/8,3076.5199443179104,3081.8792269655264
200.20.4,200,6,ims,4,4/8,3076.5199443179104,3081.8792269655264
200.20.4,200,6,ims,5,5/8,3076.5199443179104,3081.8792269655264
200.20.4,200,6,ims,6,6/8,3076.5199443179104,3081.8792269655264
200.20.4,200,6,ims,7,7/8,3076.5199443179104,3081.8792269655264
200.20.4,200,6,ims,8,8/8,3076.5199443179104,3081.8792269655264
200.20.4,200,7,ims,0,0/8,5850.823065723812,3081.8792269655264
200.20.4,200,7,ims,1,1/8,3076.5199443179104,3081.8792269655264
200.20.4,200,7,ims,2,2/8,3076.5199443179104,3081.8792269655264
200.20.4,200,7,ims,3,3/8,3076.5199443179104,3081.8792269655264
200.20.4,200,7,ims,4,4/8,3076.5199443179104,3081.8792269655264
200.20.4,200,7,ims,5,5/8,3076.5199443179104,3081.8792269655264
200.20.4,200,7,ims,6,6/8,3076.5199443179104,3081.8792269655264
200.20.4,200,7,ims,7,7/8,3076.5199443179104,3081.8792269655264
200.20.4,200,7,ims,8,8/8,3076.5199443179104,3081.8792269655264
200.20.4,200,8,ims,0,0/8,5819.592930887453,3081.8792269655264
200.20.4,200,8,ims,1,1/8,3076.9830448408757,3081.8792269655264
200.20.4,200,8,ims,2,2/8,3076.5199443179104,3081.8792269655264
200.20.4,200,8,ims,3,3/8,3076.5199443179104,3081.8792269655264
200.20.4,200,8,ims,4,4/8,3076.5199443179104,3081.8792269655264
200.20.4,200,8,ims,5,5/8,3076.5199443179104,3081.8792269655264
200.20.4,200,8,ims,6,6/8,3076.5199443179104,3081.8792269655264
200.20.4,200,8,ims,7,7/8,3076.5199443179104,3081.8792269655264
200.20.4,200,8,ims,8,8/8,3076.5199443179104,3081.8792269655264
200.20.4,200,9,ims,0,0/8,6312.922793922501,3081.8792269655264
200.20.4,200,9,ims,1,1/8,3081.8792269655264,3081.8792269655264
200.20.4,200,9,ims,2,2/8,3076.5199443179104,3081.8792269655264
200.20.4,200,9,ims,3,3/8,3076.5199443179104,3081.8792269655264
200.20.4,200,9,ims,4,4/8,3076.5199443179104,3081.8792269655264
200.20.4,200,9,ims,5,5/8,3076.5199443179104,3081.8792269655264
200.20.4,200,9,ims,6,6/8,3076.5199443179104,3081.8792269655264
200.20.4,200,9,ims,7,7/8,3076.5199443179104,3081.8792269655264
200.20.4,200,9,ims,8,8/8,3076.5199443179104,3081.8792269655264
200.20.4,200,10,ims,0,0/8,4520.920340149795,3081.8792269655264
200.20.4,200,10,ims,1,1/8,3083.245562151901,3081.8792269655264
200.20.4,200,10,ims,2,2/8,3081.8792269655264,3081.8792269655264
200.20.4,200,10,ims,3,3/8,3076.9830448408757,3081.8792269655264
200.20.4,200,10,ims,4,4/8,3076.5199443179104,3081.8792269655264
200.20.4,200,10,ims,5,5/8,3076.5199443179104,3081.8792269655264
200.20.4,200,10,ims,6,6/8,3076.5199443179104,3081.8792269655264
200.20.4,200,10,ims,7,7/8,3076.5199443179104,3081.8792269655264
200.20.4,200,10,ims,8,8/8,3076.5199443179104,3081.8792269655264
200.30.1,200,1,ims,0,0/8,12770.14701211905,5652.840716681177
200.30.1,200,1,ims,1,1/8,6115.848155248947,5652.840716681177
200.30.1,200,1,ims,2,2/8,5689.814183417591,5652.840716681177
200.30.1,200,1,ims,3,3/8,5689.814183417591,5652.840716681177
200.30.1,200,1,ims,4,4/8,5689.814183417591,5652.840716681177
200.30.1,200,1,ims,5,5/8,5539.188790324229,5652.840716681177
200.30.1,200,1,ims,6,6/8,5538.84339555079,5652.840716681177
200.30.1,200,1,ims,7,7/8,5519.444121424453,5652.840716681177
200.30.1,200,1,ims,8,8/8,5461.504732635214,5652.840716681177
200.30.1,200,2,ims,0,0/8,12262.248130644834,5652.840716681177
200.30.1,200,2,ims,1,1/8,5814.018226669734,5652.840716681177
200.30.1,200,2,ims,2,2/8,5803.876948722962,5652.840716681177
200.30.1,200,2,ims,3,3/8,5563.851647128405,5652.840716681177
200.30.1,200,2,ims,4,4/8,5563.851647128405,5652.840716681177
200.30.1,200,2,ims,5,5/8,5563.851647128405,5652.840716681177
200.30.1,200,2,ims,6,6/8,5521.902544857813,5652.840716681177
200.30.1,200,2,ims,7,7/8,5410.945804000394,5652.840716681177
200.30.1,200,2,ims,8,8/8,5410.945804000394,5652.840716681177
200.30.1,200,3,ims,0,0/8,12466.177099871704,5652.840716681177
200.30.1,200,3,ims,1,1/8,6034.901208024154,5652.840716681177
200.30.1,200,3,ims,2,2/8,5760.977584074526,5652.840716681177
200.30.1,200,3,ims,3,3/8,5760.977584074526,5652.840716681177
200.30.1,200,3,ims,4,4/8,5386.7670817847775,5652.840716681177
200.30.1,200,3,ims,5,5/8,5386.7670817847775,5652.840716681177
200.30.1,200,3,ims,6,6/8,5386.7670817847775,5652.840716681177
200.30.1,200,3,ims,7,7/8,5254.687924885831,5652.840716681177
200.30.1,200,3,ims,8,8/8,5254.687924885831,5652.840716681177
200.30.1,200,4,ims,0,0/8,12130.502523637038,5652.840716681177
200.30.1,200,4,ims,1,1/8,6164.708940654646,5652.840716681177
200.30.1,200,4,ims,2,2/8,5861.036421122797,5652.840716681177
200.30.1,200,4,ims,3,3/8,5861.036421122797,5652.840716681177
200.30.1,200,4,ims,4,4/8,5861.036421122797,5652.840716681177
200.30.1,200,4,ims,5,5/8,5792.91711858606,5652.840716681177
200.30.1,200,4,ims,6,6/8,5690.074890701598,5652.840716681177
200.30.1,200,4,ims,7,7/8,5454.886595767047,5652.840716681177
200.30.1,200,4,ims,8,8/8,5454.886595767047,5652.840716681177
200.30.1,200,5,ims,0,0/8,12844.086948294438,5652.840716681177
200.30.1,200,5,ims,1,1/8,5887.972712499056,5652.840716681177
200.30.1,200,5,ims,2,2/8,5644.2527099568615,5652.840716681177
200.30.1,200,5,ims,3,3/8,5644.2527099568615,5652.840716681177
200.30.1,200,5,ims,4,4/8,5644.2527099568615,5652.840716681177
200.30.1,200,5,ims,5,5/8,5644.2527099568615,5652.840716681177
200.30.1,200,5,ims,6,6/8,5644.2527099568615,5652.840716681177
200.30.1,200,5,ims,7,7/8,5644.2527099568615,5652.840716681177
200.30.1,200,5,ims,8,8/8,5642.869856920117,5652.840716681177
200.30.1,200,6,ims,0,0/8,11964.642970163104,5652.840716681177
200.30.1,200,6,ims,1,1/8,5990.727871779027,5652.840716681177
200.30.1,200,6,ims,2,2/8,5878.753691355266,5652.840716681177
200.30.1,200,6,ims,3,3/8,5785.507960822963,5652.840716681177
200.30.1,200,6,ims,4,4/8,5645.7744585116125,5652.840716681177
200.30.1,200,6,ims,5,5/8,5645.7744585116125,5652.840716681177
200.30.1,200,6,ims,6,6/8,5645.7744585116125,5652.840716681177
200.30.1,200,6,ims,7,7/8,5615.5198822118355,5652.840716681177
200.30.1,200,6,ims,8,8/8,5615.5198822118355,5652.840716681177
200.30.1,200,7,ims,0,0/8,12328.622200050344,5652.840716681177
200.30.1,200,7,ims,1,1/8,6127.597469013332,5652.840716681177
200.30.1,200,7,ims,2,2/8,5928.2995125351845,5652.840716681177
200.30.1,200,7,ims,3,3/8,5928.2995125351845,5652.840716681177
200.30.1,200,7,ims,4,4/8,5928.2995125351845,5652.840716681177
200.30.1,200,7,ims,5,5/8,5870.295638448467,5652.840716681177
200.30.1,200,7,ims,6,6/8,5870.295638448467,5652.840716681177
200.30.1,200,7,ims,7,7/8,5435.487104512286,5652.840716681177
200.30.1,200,7,ims,8,8/8,5435.487104512286,5652.840716681177
200.30.1,200,8,ims,0,0/8,12158.368643836524,5652.840716681177
200.30.1,200,8,ims,1,1/8,6127.223977399697,5652.840716681177
200.30.1,200,8,ims,2,2/8,5997.810816740075,5652.840716681177
200.30.1,200,8,ims,3,3/8,5829.69176444546,5652.840716681177
200.30.1,200,8,ims,4,4/8,5408.9761103116,5652.840716681177
200.30.1,200,8,ims,5,5/8,5408.9761103116,5652.840716681177
200.30.1,200,8,ims,6,6/8,5408.9761103116,5652.840716681177
200.30.1,200,8,ims,7,7/8,5408.9761103116,5652.840716681177
200.30.1,200,8,ims,8,8/8,5179.006167506068,5652.840716681177
200.30.1,200,9,ims,0,0/8,12769.448266702724,5652.840716681177
200.30.1,200,9,ims,1,1/8,6167.375719166298,5652.840716681177
200.30.1,200,9,ims,2,2/8,5685.798780908028,5652.840716681177
200.30.1,200,9,ims,3,3/8,5685.798780908028,5652.840716681177
200.30.1,200,9,ims,4,4/8,5620.95861543263,5652.840716681177
200.30.1,200,9,ims,5,5/8,5608.626086864129,5652.840716681177
200.30.1,200,9,ims,6,6/8,5506.216486904065,5652.840716681177
200.30.1,200,9,ims,7,7/8,5506.216486904065,5652.840716681177
200.30.1,200,9,ims,8,8/8,5506.216486904065,5652.840716681177
200.30.1,200,10,ims,0,0/8,11851.124135279739,5652.840716681177
200.30.1,200,10,ims,1,1/8,5755.011766352798,5652.840716681177
200.30.1,200,10,ims,2,2/8,5755.011766352798,5652.840716681177
200.30.1,200,10,ims,3,3/8,5755.011766352798,5652.840716681177
200.30.1,200,10,ims,4,4/8,5755.011766352798,5652.840716681177
200.30.1,200,10,ims,5,5/8,5330.204678083058,5652.840716681177
200.30.1,200,10,ims,6,6/8,5172.652085850743,5652.840716681177
200.30.1,200,10,ims,7,7/8,5172.652085850743,5652.840716681177
200.30.1,200,10,ims,8,8/8,5172.652085850743,5652.840716681177
200.30.2,200,1,ims,0,0/8,12602.863611661067,5249.198950289426
200.30.2,200,1,ims,1,1/8,6205.154992732607,5249.198950289426
200.30.2,200,1,ims,2,2/8,6118.050989728843,5249.198950289426
200.30.2,200,1,ims,3,3/8,5647.116041276845,5249.198950289426
200.30.2,200,1,ims,4,4/8,5552.599859422268,5249.198950289426
200.30.2,200,1,ims,5,5/8,5552.599859422268,5249.198950289426
200.30.2,200,1,ims,6,6/8,5427.125060393377,5249.198950289426
200.30.2,200,1,ims,7,7/8,5196.148182236939,5249.198950289426
200.30.2,200,1,ims,8,8/8,5196.148182236939,5249.198950289426
200.30.2,200,2,ims,0,0/8,12320.138155793353,5249.198950289426
200.30.2,200,2,ims,1,1/8,6083.431269215357,5249.198950289426
200.30.2,200,2,ims,2,2/8,5320.820455030443,5249.198950289426
200.30.2,200,2,ims,3,3/8,5199.872853797478,5249.198950289426
200.30.2,200,2,ims,4,4/8,5199.872853797478,5249.198950289426
200.30.2,200,2,ims,5,5/8,5199.872853797478,5249.198950289426
200.30.2,200,2,ims,6,6/8,5104.589174904373,5249.198950289426
200.30.2,200,2,ims,7,7/8,5082.103933840545,5249.198950289426
200.30.2,200,2,ims,8,8/8,5082.103933840545,5249.198950289426
200.30.2,200,3,ims,0,0/8,11702.38235790215,5249.198950289426
200.30.2,200,3,ims,1,1/8,5870.079537195589,5249.198950289426
200.30.2,200,3,ims,2,2/8,5555.153027850684,5249.198950289426
200.30.2,200,3,ims,3,3/8,5555.153027850684,5249.198950289426
200.30.2,200,3,ims,4,4/8,5555.153027850684,5249.198950289426
200.30.2,200,3,ims,5,5/8,5198.365433877881,5249.198950289426
200.30.2,200,3,ims,6,6/8,5198.365433877881,5249.198950289426
200.30.2,200,3,ims,7,7/8,5124.166355769916,5249.198950289426
200.30.2,200,3,ims,8,8/8,5124.166355769916,5249.198950289426
200.30.2,200,4,ims,0,0/8,12962.943151529773,5249.198950289426
200.30.2,200,4,ims,1,1/8,5466.832836028534,5249.198950289426
200.30.2,200,4,ims,2,2/8,5104.589174904373,5249.198950289426
200.30.2,200,4,ims,3,3/8,5104.589174904373,5249.198950289426
200.30.2,200,4,ims,4,4/8,5104.589174904373,5249.198950289426
200.30.2,200,4,ims,5,5/8,5104.589174904373,5249.198950289426
200.30.2,200,4,ims,6,6/8,5104.589174904373,5249.198950289426
200.30.2,200,4,ims,7,7/8,5104.589174904373,5249.198950289426
200.30.2,200,4,ims,8,8/8,5104.589174904373,5249.198950289426
200.30.2,200,5,ims,0,0/8,12866.74325042103,5249.198950289426
200.30.2,200,5,ims,1,1/8,6034.873100378218,5249.198950289426
200.30.2,200,5,ims,2,2/8,5225.106856490885,5249.198950289426
200.30.2,200,5,ims,3,3/8,5225.106856490885,5249.198950289426
200.30.2,200,5,ims,4,4/8,5225.106856490885,5249.198950289426
200.30.2,200,5,ims,5,5/8,5209.3092773403105,5249.198950289426
200.30.2,200,5,ims,6,6/8,5209.3092773403105,5249.198950289426
200.30.2,200,5,ims,7,7/8,5178.838732792466,5249.198950289426
200.30.2,200,5,ims,8,8/8,5178.838732792466,5249.198950289426
200.30.2,200,6,ims,0,0/8,12906.362859509403,5249.198950289426
200.30.2,200,6,ims,1,1/8,5697.842478149158,5249.198950289426
200.30.2,200,6,ims,2,2/8,5290.904118063452,5249.198950289426
200.30.2,200,6,ims,3,3/8,5221.169199833036,5249.198950289426
200.30.2,200,6,ims,4,4/8,5221.169199833036,5249.198950289426
200.30.2,200,6,ims,5,5/8,5194.191556736783,5249.198950289426
200.30.2,200,6,ims,6,6/8,5194.191556736783,5249.198950289426
200.30.2,200,6,ims,7,7/8,5194.191556736783,5249.198950289426
200.30.2,200,6,ims,8,8/8,5194.191556736783,5249.198950289426
200.30.2,200,7,ims,0,0/8,12273.022267933193,5249.198950289426
200.30.2,200,7,ims,1,1/8,6209.317831404274,5249.198950289426
200.30.2,200,7,ims,2,2/8,5830.989398463607,5249.198950289426
200.30.2,200,7,ims,3,3/8,5629.264500406825,5249.198950289426
200.30.2,200,7,ims,4,4/8,5589.855151700629,5249.198950289426
200.30.2,200,7,ims,5,5/8,5589.855151700629,5249.198950289426
200.30.2,200,7,ims,6,6/8,5589.855151700629,5249.198950289426
200.30.2,200,7,ims,7,7/8,5589.855151700629,5249.198950289426
200.30.2,200,7,ims,8,8/8,5306.347147534117,5249.198950289426
200.30.2,200,8,ims,0,0/8,12365.756170675057,5249.198950289426
200.30.2,200,8,ims,1,1/8,6113.7871604175125,5249.198950289426
200.30.2,200,8,ims,2,2/8,5929.4425433340975,5249.198950289426
200.30.2,200,8,ims,3,3/8,5857.738889231934,5249.198950289426
200.30.2,200,8,ims,4,4/8,5354.2336343546785,5249.198950289426
200.30.2,200,8,ims,5,5/8,5354.2336343546785,5249.198950289426
200.30.2,200,8,ims,6,6/8,5354.2336343546785,5249.198950289426
200.30.2,200,8,ims,7,7/8,5228.845036213056,5249.198950289426
200.30.2,200,8,ims,8,8/8,5219.410804122206,5249.198950289426
200.30.2,200,9,ims,0,0/8,11451.409963073875,5249.198950289426
200.30.2,200,9,ims,1,1/8,5786.9705975729685,5249.198950289426
200.30.2,200,9,ims,2,2/8,5374.258667945157,5249.198950289426
200.30.2,200,9,ims,3,3/8,5374.258667945157,5249.198950289426
200.30.2,200,9,ims,4,4/8,5374.258667945157,5249.198950289426
200.30.2,200,9,ims,5,5/8,5374.258667945157,5249.198950289426
200.30.2,200,9,ims,6,6/8,5374.258667945157,5249.198950289426
200.30.2,200,9,ims,7,7/8,5304.815365924341,5249.198950289426
200.30.2,200,9,ims,8,8/8,5285.276728885828,5249.198950289426
200.30.2,200,10,ims,0,0/8,12719.489061838456,5249.198950289426
200.30.2,200,10,ims,1,1/8,5967.618386786023,5249.198950289426
200.30.2,200,10,ims,2,2/8,5598.297276273144,5249.198950289426
200.30.2,200,10,ims,3,3/8,5467.996763295281,5249.198950289426
200.30.2,200,10,ims,4,4/8,5287.7227758969375,5249.198950289426
200.30.2,200,10,ims,5,5/8,5287.7227758969375,5249.198950289426
200.30.2,200,10,ims,6,6/8,5287.7227758969375,5249.198950289426
200.30.2,200,10,ims,7,7/8,5162.910065233216,5249.198950289426
200.30.2,200,10,ims,8,8/8,5162.910065233216,5249.198950289426
200.30.3,200,1,ims,0,0/8,13443.139530829343,6426.2400691029425
200.30.3,200,1,ims,1,1/8,6419.920068978976,6426.2400691029425
200.30.3,200,1,ims,2,2/8,6419.920068978976,6426.2400691029425
200.30.3,200,1,ims,3,3/8,6419.920068978976,6426.2400691029425
200.30.3,200,1,ims,4,4/8,6419.920068978976,6426.2400691029425
200.30.3,200,1,ims,5,5/8,6419.920068978976,6426.2400691029425
200.30.3,200,1,ims,6,6/8,6397.889226980013,6426.2400691029425
200.30.3,200,1,ims,7,7/8,6397.889226980013,6426.2400691029425
200.30.3,200,1,ims,8,8/8,6397.889226980013,6426.2400691029425
200.30.3,200,2,ims,0,0/8,13759.801051443545,6426.2400691029425
200.30.3,200,2,ims,1,1/8,6812.787311223226,6426.2400691029425
200.30.3,200,2,ims,2,2/8,6604.584032031117,6426.2400691029425
200.30.3,200,2,ims,3,3/8,6604.584032031117,6426.2400691029425
200.30.3,200,2,ims,4,4/8,6580.871586876074,6426.2400691029425
200.30.3,200,2,ims,5,5/8,6339.606673270679,6426.2400691029425
200.30.3,200,2,ims,6,6/8,6339.606673270679,6426.2400691029425
200.30.3,200,2,ims,7,7/8,6339.606673270679,6426.2400691029425
200.30.3,200,2,ims,8,8/8,6339.606673270679,6426.2400691029425
200.30.3,200,3,ims,0,0/8,13732.07015487835,6426.2400691029425
200.30.3,200,3,ims,1,1/8,6784.713067286877,6426.2400691029425
200.30.3,200,3,ims,2,2/8,6761.772997643513,6426.2400691029425
200.30.3,200,3,ims,3,3/8,6748.664495188641,6426.2400691029425
200.30.3,200,3,ims,4,4/8,6680.128416026391,6426.2400691029425
200.30.3,200,3,ims,5,5/8,6556.039416959667,6426.2400691029425
200.30.3,200,3,ims,6,6/8,6446.7731015537975,6426.2400691029425
200.30.3,200,3,ims,7,7/8,6442.825766310693,6426.2400691029425
200.30.3,200,3,ims,8,8/8,6442.825766310693,6426.2400691029425
200.30.3,200,4,ims,0,0/8,12974.403931004843,6426.2400691029425
200.30.3,200,4,ims,1,1/8,6791.20812948815,6426.2400691029425
200.30.3,200,4,ims,2,2/8,6651.772444702594,6426.2400691029425
200.30.3,200,4,ims,3,3/8,6602.119115552461,6426.2400691029425
200.30.3,200,4,ims,4,4/8,6591.424960272312,6426.2400691029425
200.30.3,200,4,ims,5,5/8,6554.577775840652,6426.2400691029425
200.30.3,200,4,ims,6,6/8,6526.6823603677485,6426.2400691029425
200.30.3,200,4,ims,7,7/8,6526.6823603677485,6426.2400691029425
200.30.3,200,4,ims,8,8/8,6444.126685946704,6426.2400691029425
200.30.3,200,5,ims,0,0/8,12013.827485905487,6426.2400691029425
200.30.3,200,5,ims,1,1/8,6699.520225296664,6426.2400691029425
200.30.3,200,5,ims,2,2/8,6645.989319158634,6426.2400691029425
200.30.3,200,5,ims,3,3/8,6645.989319158634,6426.2400691029425
200.30.3,200,5,ims,4,4/8,6507.434439093436,6426.2400691029425
200.30.3,200,5,ims,5,5/8,6507.434439093436,6426.2400691029425
200.30.3,200,5,ims,6,6/8,6507.434439093436,6426.2400691029425
200.30.3,200,5,ims,7,7/8,6351.491277132378,6426.2400691029425
200.30.3,200,5,ims,8,8/8,6351.491277132378,6426.2400691029425
200.30.3,200,6,ims,0,0/8,13477.671340011006,6426.2400691029425
200.30.3,200,6,ims,1,1/8,6672.037249238478,6426.2400691029425
200.30.3,200,6,ims,2,2/8,6371.928673994497,6426.2400691029425
200.30.3,200,6,ims,3,3/8,6371.928673994497,6426.2400691029425
200.30.3,200,6,ims,4,4/8,6371.928673994497,6426.2400691029425
200.30.3,200,6,ims,5,5/8,6371.928673994497,6426.2400691029425
200.30.3,200,6,ims,6,6/8,6371.928673994497,6426.2400691029425
200.30.3,200,6,ims,7,7/8,6371.928673994497,6426.2400691029425
200.30.3,200,6,ims,8,8/8,6270.842540229405,6426.2400691029425
200.30.3,200,7,ims,0,0/8,12923.852969815445,6426.2400691029425
200.30.3,200,7,ims,1,1/8,6789.6520286812865,6426.2400691029425
200.30.3,200,7,ims,2,2/8,6579.115243688257,6426.2400691029425
200.30.3,200,7,ims,3,3/8,6536.916077412542,6426.2400691029425
200.30.3,200,7,ims,4,4/8,6515.73156164033,6426.2400691029425
200.30.3,200,7,ims,5,5/8,6448.245273325869,6426.2400691029425
200.30.3,200,7,ims,6,6/8,6448.245273325869,6426.2400691029425
200.30.3,200,7,ims,7,7/8,6448.245273325869,6426.2400691029425
200.30.3,200,7,ims,8,8/8,6448.245273325869,6426.2400691029425
200.30.3,200,8,ims,0,0/8,12380.362333736386,6426.2400691029425
200.30.3,200,8,ims,1,1/8,6725.282746647194,6426.2400691029425
200.30.3,200,8,ims,2,2/8,6542.774367318814,6426.2400691029425
200.30.3,200,8,ims,3,3/8,6542.774367318814,6426.2400691029425
200.30.3,200,8,ims,4,4/8,6301.355168947407,6426.2400691029425
200.30.3,200,8,ims,5,5/8,6301.355168947407,6426.2400691029425
200.30.3,200,8,ims,6,6/8,6301.355168947407,6426.2400691029425
200.30.3,200,8,ims,7,7/8,6301.355168947407,6426.2400691029425
200.30.3,200,8,ims,8,8/8,6301.355168947407,6426.2400691029425
200.30.3,200,9,ims,0,0/8,12378.464098390998,6426.2400691029425
200.30.3,200,9,ims,1,1/8,6547.486823106983,6426.2400691029425
200.30.3,200,9,ims,2,2/8,6503.076127712684,6426.2400691029425
200.30.3,200,9,ims,3,3/8,6497.104984376454,6426.2400691029425
200.30.3,200,9,ims,4,4/8,6497.104984376454,6426.2400691029425
200.30.3,200,9,ims,5,5/8,6497.104984376454,6426.2400691029425
200.30.3,200,9,ims,6,6/8,6481.245743820314,6426.2400691029425
200.30.3,200,9,ims,7,7/8,6481.245743820314,6426.2400691029425
200.30.3,200,9,ims,8,8/8,6481.245743820314,6426.2400691029425
200.30.3,200,10,ims,0,0/8,12172.80868576417,6426.2400691029425
200.30.3,200,10,ims,1,1/8,6782.243735527692,6426.2400691029425
200.30.3,200,10,ims,2,2/8,6746.067725527688,6426.2400691029425
200.30.3,200,10,ims,3,3/8,6628.0822483837255,6426.2400691029425
200.30.3,200,10,ims,4,4/8,6414.826814257603,6426.2400691029425
200.30.3,200,10,ims,5,5/8,6414.826814257603,6426.2400691029425
200.30.3,200,10,ims,6,6/8,6414.826814257603,6426.2400691029425
200.30.3,200,10,ims,7,7/8,6414.826814257603,6426.2400691029425
200.30.3,200,10,ims,8,8/8,6414.826814257603,6426.2400691029425
200.30.4,200,1,ims,0,0/8,13103.505879836237,6185.35831371928
200.30.4,200,1,ims,1,1/8,6439.967853113651,6185.35831371928
200.30.4,200,1,ims,2,2/8,6383.726980166683,6185.35831371928
200.30.4,200,1,ims,3,3/8,6228.091540444391,6185.35831371928
200.30.4,200,1,ims,4,4/8,6228.091540444391,6185.35831371928
200.30.4,200,1,ims,5,5/8,6228.091540444391,6185.35831371928
200.30.4,200,1,ims,6,6/8,6189.913005562392,6185.35831371928
200.30.4,200,1,ims,7,7/8,6166.581924770448,6185.35831371928
200.30.4,200,1,ims,8,8/8,6166.581924770448,6185.35831371928
200.30.4,200,2,ims,0,0/8,12256.008978947055,6185.35831371928
200.30.4,200,2,ims,1,1/8,6254.304963329996,6185.35831371928
200.30.4,200,2,ims,2,2/8,6254.031746295471,6185.35831371928
200.30.4,200,2,ims,3,3/8,6254.031746295471,6185.35831371928
200.30.4,200,2,ims,4,4/8,6254.031746295471,6185.35831371928
200.30.4,200,2,ims,5,5/8,6158.271152296219,6185.35831371928
200.30.4,200,2,ims,6,6/8,6158.271152296219,6185.35831371928
200.30.4,200,2,ims,7,7/8,6158.271152296219,6185.35831371928
200.30.4,200,2,ims,8,8/8,6158.271152296219,6185.35831371928
200.30.4,200,3,ims,0,0/8,12380.060718476187,6185.35831371928
200.30.4,200,3,ims,1,1/8,6374.814903960294,6185.35831371928
200.30.4,200,3,ims,2,2/8,6374.814903960294,6185.35831371928
200.30.4,200,3,ims,3,3/8,6374.814903960294,6185.35831371928
200.30.4,200,3,ims,4,4/8,6256.097396902393,6185.35831371928
200.30.4,200,3,ims,5,5/8,6256.097396902393,6185.35831371928
200.30.4,200,3,ims,6,6/8,6098.186393407352,6185.35831371928
200.30.4,200,3,ims,7,7/8,6098.186393407352,6185.35831371928
200.30.4,200,3,ims,8,8/8,6098.186393407352,6185.35831371928
200.30.4,200,4,ims,0,0/8,11829.173644369177,6185.35831371928
200.30.4,200,4,ims,1,1/8,6359.02214503416,6185.35831371928
200.30.4,200,4,ims,2,2/8,6359.02214503416,6185.35831371928
200.30.4,200,4,ims,3,3/8,5931.615738640853,6185.35831371928
200.30.4,200,4,ims,4,4/8,5931.615738640853,6185.35831371928
200.30.4,200,4,ims,5,5/8,5931.615738640853,6185.35831371928
200.30.4,200,4,ims,6,6/8,5931.615738640853,6185.35831371928
200.30.4,200,4,ims,7,7/8,5931.615738640853,6185.35831371928
200.30.4,200,4,ims,8,8/8,5931.615738640853,6185.35831371928
200.30.4,200,5,ims,0,0/8,12788.032758113217,6185.35831371928
200.30.4,200,5,ims,1,1/8,6438.485581770808,6185.35831371928
200.30.4,200,5,ims,2,2/8,6323.824067099752,6185.35831371928
200.30.4,200,5,ims,3,3/8,6238.999772234336,6185.35831371928
200.30.4,200,5,ims,4,4/8,6238.999772234336,6185.35831371928
200.30.4,200,5,ims,5,5/8,6238.999772234336,6185.35831371928
200.30.4,200,5,ims,6,6/8,6238.999772234336,6185.35831371928
200.30.4,200,5,ims,7,7/8,6238.999772234336,6185.35831371928
200.30.4,200,5,ims,8,8/8,6238.999772234336,6185.35831371928
200.30.4,200,6,ims,0,0/8,12793.798555720088,6185.35831371928
200.30.4,200,6,ims,1,1/8,6393.900512569676,6185.35831371928
200.30.4,200,6,ims,2,2/8,6319.189201795002,6185.35831371928
200.30.4,200,6,ims,3,3/8,6215.35316560805,6185.35831371928
200.30.4,200,6,ims,4,4/8,6084.975841008606,6185.35831371928
200.30.4,200,6,ims,5,5/8,6084.975841008606,6185.35831371928
200.30.4,200,6,ims,6,6/8,6084.975841008606,6185.35831371928
200.30.4,200,6,ims,7,7/8,6084.975841008606,6185.35831371928
200.30.4,200,6,ims,8,8/8,6084.975841008606,6185.35831371928
200.30.4,200,7,ims,0,0/8,12921.63948735889,6185.35831371928
200.30.4,200,7,ims,1,1/8,6342.333903669465,6185.35831371928
200.30.4,200,7,ims,2,2/8,5884.448848466771,6185.35831371928
200.30.4,200,7,ims,3,3/8,5884.448848466771,6185.35831371928
200.30.4,200,7,ims,4,4/8,5884.448848466771,6185.35831371928
200.30.4,200,7,ims,5,5/8,5884.448848466771,6185.35831371928
200.30.4,200,7,ims,6,6/8,5884.448848466771,6185.35831371928
200.30.4,200,7,ims,7,7/8,5884.448848466771,6185.35831371928
200.30.4,200,7,ims,8,8/8,5884.448848466771,6185.35831371928
200.30.4,200,8,ims,0,0/8,12591.575106974891,6185.35831371928
200.30.4,200,8,ims,1,1/8,6297.275946114685,6185.35831371928
200.30.4,200,8,ims,2,2/8,6205.071543371896,6185.35831371928
200.30.4,200,8,ims,3,3/8,6205.071543371896,6185.35831371928
200.30.4,200,8,ims,4,4/8,6193.050043458963,6185.35831371928
200.30.4,200,8,ims,5,5/8,6193.050043458963,6185.35831371928
200.30.4,200,8,ims,6,6/8,6113.773801134063,6185.35831371928
200.30.4,200,8,ims,7,7/8,6113.773801134063,6185.35831371928
200.30.4,200,8,ims,8,8/8,6113.773801134063,6185.35831371928
200.30.4,200,9,ims,0,0/8,13026.10301178326,6185.35831371928
200.30.4,200,9,ims,1,1/8,6421.9156952850535,6185.35831371928
200.30.4,200,9,ims,2,2/8,6337.439545771079,6185.35831371928
200.30.4,200,9,ims,3,3/8,6337.439545771079,6185.35831371928
200.30.4,200,9,ims,4,4/8,6337.439545771079,6185.35831371928
200.30.4,200,9,ims,5,5/8,6145.364175543893,6185.35831371928
200.30.4,200,9,ims,6,6/8,6145.364175543893,6185.35831371928
200.30.4,200,9,ims,7,7/8,6145.364175543893,6185.35831371928
200.30.4,200,9,ims,8,8/8,6145.364175543893,6185.35831371928
200.30.4,200,10,ims,0,0/8,12341.111620637854,6185.35831371928
200.30.4,200,10,ims,1,1/8,6557.974540618353,6185.35831371928
200.30.4,200,10,ims,2,2/8,6438.522913208343,6185.35831371928
200.30.4,200,10,ims,3,3/8,6281.0436854791,6185.35831371928
200.30.4,200,10,ims,4,4/8,6281.0436854791,6185.35831371928
200.30.4,200,10,ims,5,5/8,6206.960477871568,6185.35831371928
200.30.4,200,10,ims,6,6/8,6206.960477871568,6185.35831371928
200.30.4,200,10,ims,7,7/8,6206.960477871568,6185.35831371928
200.30.4,200,10,ims,8,8/8,6182.17911405224,6185.35831371928
200.40.2,200,1,ims,0,0/8,23924.145865413077,9507.795576638211
200.40.2,200,1,ims,1,1/8,9626.994799483678,9507.795576638211
200.40.2,200,1,ims,2,2/8,9542.135497306836,9507.795576638211
200.40.2,200,1,ims,3,3/8,9518.948060143564,9507.795576638211
200.40.2,200,1,ims,4,4/8,9479.74949946054,9507.795576638211
200.40.2,200,1,ims,5,5/8,9479.737754655043,9507.795576638211
200.40.2,200,1,ims,6,6/8,9479.737754655043,9507.795576638211
200.40.2,200,1,ims,7,7/8,9479.737754655043,9507.795576638211
200.40.2,200,1,ims,8,8/8,9479.737754655043,9507.795576638211
200.40.2,200,2,ims,0,0/8,23765.801422713033,9507.795576638211
200.40.2,200,2,ims,1,1/8,9599.004979057125,9507.795576638211
200.40.2,200,2,ims,2,2/8,9561.957825074936,9507.795576638211
200.40.2,200,2,ims,3,3/8,9493.572179717201,9507.795576638211
200.40.2,200,2,ims,4,4/8,9478.420216027613,9507.795576638211
200.40.2,200,2,ims,5,5/8,9478.420216027613,9507.795576638211
200.40.2,200,2,ims,6,6/8,9478.420216027613,9507.795576638211
200.40.2,200,2,ims,7,7/8,9478.420216027613,9507.795576638211
200.40.2,200,2,ims,8,8/8,9478.420216027613,9507.795576638211
200.40.2,200,3,ims,0,0/8,22694.74016283323,9507.795576638211
200.40.2,200,3,ims,1,1/8,9615.84393302842,9507.795576638211
200.40.2,200,3,ims,2,2/8,9523.476875859573,9507.795576638211
200.40.2,200,3,ims,3,3/8,9523.476875859573,9507.795576638211
200.40.2,200,3,ims,4,4/8,9523.476875859573,9507.795576638211
200.40.2,200,3,ims,5,5/8,9523.476875859573,9507.795576638211
200.40.2,200,3,ims,6,6/8,9523.476875859573,9507.795576638211
200.40.2,200,3,ims,7,7/8,9510.618705027537,9507.795576638211
200.40.2,200,3,ims,8,8/8,9510.618705027537,9507.795576638211
200.40.2,200,4,ims,0,0/8,23275.426953763556,9507.795576638211
200.40.2,200,4,ims,1,1/8,9491.83716321991,9507.795576638211
200.40.2,200,4,ims,2,2/8,9477.302883859886,9507.795576638211
200.40.2,200,4,ims,3,3/8,9477.302883859886,9507.795576638211
200.40.2,200,4,ims,4,4/8,9477.302883859886,9507.795576638211
200.40.2,200,4,ims,5,5/8,9439.096817499209,9507.795576638211
200.40.2,200,4,ims,6,6/8,9439.096817499209,9507.795576638211
200.40.2,200,4,ims,7,7/8,9439.096817499209,9507.795576638211
200.40.2,200,4,ims,8,8/8,9439.096817499209,9507.795576638211
200.40.2,200,5,ims,0,0/8,24012.036262767393,9507.795576638211
200.40.2,200,5,ims,1,1/8,9580.689570880419,9507.795576638211
200.40.2,200,5,ims,2,2/8,9542.42066937665,9507.795576638211
200.40.2,200,5,ims,3,3/8,9518.716771362686,9507.795576638211
200.40.2,200,5,ims,4,4/8,9518.716771362686,9507.795576638211
200.40.2,200,5,ims,5,5/8,9518.716771362686,9507.795576638211
200.40.2,200,5,ims,6,6/8,9510.851853279379,9507.795576638211
200.40.2,200,5,ims,7,7/8,9510.851853279379,9507.795576638211
200.40.2,200,5,ims,8,8/8,9510.851853279379,9507.795576638211
200.40.2,200,6,ims,0,0/8,24916.137217554384,9507.795576638211
200.40.2,200,6,ims,1,1/8,9650.776227670374,9507.795576638211
200.40.2,200,6,ims,2,2/8,9559.720647730323,9507.795576638211
200.40.2,200,6,ims,3,3/8,9559.720647730323,9507.795576638211
200.40.2,200,6,ims,4,4/8,9529.100437217021,9507.795576638211
200.40.2,200,6,ims,5,5/8,9528.739141103557,9507.795576638211
200.40.2,200,6,ims,6,6/8,9528.739141103557,9507.795576638211
200.40.2,200,6,ims,7,7/8,9528.739141103557,9507.795576638211
200.40.2,200,6,ims,8,8/8,9528.739141103557,9507.795576638211
200.40.2,200,7,ims,0,0/8,24124.397899696643,9507.795576638211
200.40.2,200,7,ims,1,1/8,9678.65993244675,9507.795576638211
200.40.2,200,7,ims,2,2/8,9555.37501555137,9507.795576638211
200.40.2,200,7,ims,3,3/8,9513.991369910746,9507.795576638211
200.40.2,200,7,ims,4,4/8,9500.680245118223,9507.795576638211
200.40.2,200,7,ims,5,5/8,9500.680245118223,9507.795576638211
200.40.2,200,7,ims,6,6/8,9500.680245118223,9507.795576638211
200.40.2,200,7,ims,7,7/8,9500.680245118223,9507.795576638211
200.40.2,200,7,ims,8,8/8,9500.680245118223,9507.795576638211
200.40.2,200,8,ims,0,0/8,24499.3038472785,9507.795576638211
200.40.2,200,8,ims,1,1/8,9623.085447138948,9507.795576638211
200.40.2,200,8,ims,2,2/8,9572.092686002263,9507.795576638211
200.40.2,200,8,ims,3,3/8,9528.223528301736,9507.795576638211
200.40.2,200,8,ims,4,4/8,9528.223528301736,9507.795576638211
200.40.2,200,8,ims,5,5/8,9528.223528301736,9507.795576638211
200.40.2,200,8,ims,6,6/8,9493.564130865227,9507.795576638211
200.40.2,200,8,ims,7,7/8,9493.564130865227,9507.795576638211
200.40.2,200,8,ims,8,8/8,9493.564130865227,9507.795576638211
200.40.2,200,9,ims,0,0/8,24356.558722694077,9507.795576638211
200.40.2,200,9,ims,1,1/8,9648.332934848426,9507.795576638211
200.40.2,200,9,ims,2,2/8,9537.368807187297,9507.795576638211
200.40.2,200,9,ims,3,3/8,9537.368807187297,9507.795576638211
200.40.2,200,9,ims,4,4/8,9537.368807187297,9507.795576638211
200.40.2,200,9,ims,5,5/8,9537.368807187297,9507.795576638211
200.40.2,200,9,ims,6,6/8,9537.079510726697,9507.795576638211
200.40.2,200,9,ims,7,7/8,9537.079510726697,9507.795576638211
200.40.2,200,9,ims,8,8/8,9517.971756692437,9507.795576638211
200.40.2,200,10,ims,0,0/8,23292.287660406346,9507.795576638211
200.40.2,200,10,ims,1,1/8,9568.3818630901,9507.795576638211
200.40.2,200,10,ims,2,2/8,9536.398295916082,9507.795576638211
200.40.2,200,10,ims,3,3/8,9485.131044885024,9507.795576638211
200.40.2,200,10,ims,4,4/8,9482.354084278952,9507.795576638211
200.40.2,200,10,ims,5,5/8,9482.354084278952,9507.795576638211
200.40.2,200,10,ims,6,6/8,9482.354084278952,9507.795576638211
200.40.2,200,10,ims,7,7/8,9456.220348121433,9507.795576638211
200.40.2,200,10,ims,8,8/8,9456.220348121433,9507.795576638211
200.40.3,200,1,ims,0,0/8,23932.642267371095,9405.787255113217
200.40.3,200,1,ims,1,1/8,9441.181554368131,9405.787255113217
200.40.3,200,1,ims,2,2/8,9422.809173081912,9405.787255113217
200.40.3,200,1,ims,3,3/8,9422.809173081912,9405.787255113217
200.40.3,200,1,ims,4,4/8,9355.229325875507,9405.787255113217
200.40.3,200,1,ims,5,5/8,9323.886757817221,9405.787255113217
200.40.3,200,1,ims,6,6/8,9323.886757817221,9405.787255113217
200.40.3,200,1,ims,7,7/8,9323.886757817221,9405.787255113217
200.40.3,200,1,ims,8,8/8,9323.886757817221,9405.787255113217
200.40.3,200,2,ims,0,0/8,23980.01176788343,9405.787255113217
200.40.3,200,2,ims,1,1/8,9491.112308569325,9405.787255113217
200.40.3,200,2,ims,2,2/8,9429.451118489182,9405.787255113217
200.40.3,200,2,ims,3,3/8,9368.284102964331,9405.787255113217
200.40.3,200,2,ims,4,4/8,9353.032202733735,9405.787255113217
200.40.3,200,2,ims,5,5/8,9346.709350695852,9405.787255113217
200.40.3,200,2,ims,6,6/8,9346.709350695852,9405.787255113217
200.40.3,200,2,ims,7,7/8,9346.709350695852,9405.787255113217
200.40.3,200,2,ims,8,8/8,9346.709350695852,9405.787255113217
200.40.3,200,3,ims,0,0/8,23732.172883654548,9405.787255113217
200.40.3,200,3,ims,1,1/8,9464.966143398779,9405.787255113217
200.40.3,200,3,ims,2,2/8,9410.940277839542,9405.787255113217
200.40.3,200,3,ims,3,3/8,9354.619124563604,9405.787255113217
200.40.3,200,3,ims,4,4/8,9332.51829997261,9405.787255113217
200.40.3,200,3,ims,5,5/8,9332.51829997261,9405.787255113217
200.40.3,200,3,ims,6,6/8,9332.51829997261,9405.787255113217
200.40.3,200,3,ims,7,7/8,9332.51829997261,9405.787255113217
200.40.3,200,3,ims,8,8/8,9332.51829997261,9405.787255113217
200.40.3,200,4,ims,0,0/8,23492.164465264446,9405.787255113217
200.40.3,200,4,ims,1,1/8,9523.810896103167,9405.787255113217
200.40.3,200,4,ims,2,2/8,9425.002745070627,9405.787255113217
200.40.3,200,4,ims,3,3/8,9363.07789134718,9405.787255113217
200.40.3,200,4,ims,4,4/8,9359.338466362977,9405.787255113217
200.40.3,200,4,ims,5,5/8,9359.338466362977,9405.787255113217
200.40.3,200,4,ims,6,6/8,9336.224213534239,9405.787255113217
200.40.3,200,4,ims,7,7/8,9336.224213534239,9405.787255113217
200.40.3,200,4,ims,8,8/8,9336.224213534239,9405.787255113217
200.40.3,200,5,ims,0,0/8,24796.336606893405,9405.787255113217
200.40.3,200,5,ims,1,1/8,9471.367638329757,9405.787255113217
200.40.3,200,5,ims,2,2/8,9391.648444419143,9405.787255113217
200.40.3,200,5,ims,3,3/8,9360.381741782294,9405.787255113217
200.40.3,200,5,ims,4,4/8,9360.381741782294,9405.787255113217
200.40.3,200,5,ims,5,5/8,9360.381741782294,9405.787255113217
200.40.3,200,5,ims,6,6/8,9360.381741782294,9405.787255113217
200.40.3,200,5,ims,7,7/8,9350.119845996058,9405.787255113217
200.40.3,200,5,ims,8,8/8,9350.119845996058,9405.787255113217
200.40.3,200,6,ims,0,0/8,23331.45909994204,9405.787255113217
200.40.3,200,6,ims,1,1/8,9429.215589639514,9405.787255113217
200.40.3,200,6,ims,2,2/8,9429.215589639514,9405.787255113217
200.40.3,200,6,ims,3,3/8,9354.764911965734,9405.787255113217
200.40.3,200,6,ims,4,4/8,9342.927215235984,9405.787255113217
200.40.3,200,6,ims,5,5/8,9308.557067508544,9405.787255113217
200.40.3,200,6,ims,6,6/8,9308.557067508544,9405.787255113217
200.40.3,200,6,ims,7,7/8,9308.557067508544,9405.787255113217
200.40.3,200,6,ims,8,8/8,9308.557067508544,9405.787255113217
200.40.3,200,7,ims,0,0/8,23435.305174798854,9405.787255113217
200.40.3,200,7,ims,1,1/8,9452.4673157246,9405.787255113217
200.40.3,200,7,ims,2,2/8,9388.684300819703,9405.787255113217
200.40.3,200,7,ims,3,3/8,9386.791847735758,9405.787255113217
200.40.3,200,7,ims,4,4/8,9356.85323159771,9405.787255113217
200.40.3,200,7,ims,5,5/8,9349.186638630461,9405.787255113217
200.40.3,200,7,ims,6,6/8,9349.186638630461,9405.787255113217
200.40.3,200,7,ims,7,7/8,9349.186638630461,9405.787255113217
200.40.3,200,7,ims,8,8/8,9349.186638630461,9405.787255113217
200.40.3,200,8,ims,0,0/8,24909.87692137382,9405.787255113217
200.40.3,200,8,ims,1,1/8,9394.757214287833,9405.787255113217
200.40.3,200,8,ims,2,2/8,9368.418343896805,9405.787255113217
200.40.3,200,8,ims,3,3/8,9368.418343896805,9405.787255113217
200.40.3,200,8,ims,4,4/8,9359.338466362977,9405.787255113217
200.40.3,200,8,ims,5,5/8,9319.751216584194,9405.787255113217
200.40.3,200,8,ims,6,6/8,9306.55541874185,9405.787255113217
200.40.3,200,8,ims,7,7/8,9306.55541874185,9405.787255113217
200.40.3,200,8,ims,8,8/8,9306.55541874185,9405.787255113217
200.40.3,200,9,ims,0,0/8,23296.81001780398,9405.787255113217
200.40.3,200,9,ims,1,1/8,9407.377293913773,9405.787255113217
200.40.3,200,9,ims,2,2/8,9365.336056332531,9405.787255113217
200.40.3,200,9,ims,3,3/8,9365.336056332531,9405.787255113217
200.40.3,200,9,ims,4,4/8,9361.001182555321,9405.787255113217
200.40.3,200,9,ims,5,5/8,9358.882926358718,9405.787255113217
200.40.3,200,9,ims,6,6/8,9358.882926358718,9405.787255113217
200.40.3,200,9,ims,7,7/8,9341.156912168379,9405.787255113217
200.40.3,200,9,ims,8,8/8,9341.156912168379,9405.787255113217
200.40.3,200,10,ims,0,0/8,26525.611945253397,9405.787255113217
200.40.3,200,10,ims,1,1/8,9527.171811124064,9405.787255113217
200.40.3,200,10,ims,2,2/8,9402.744407514398,9405.787255113217
200.40.3,200,10,ims,3,3/8,9342.115684616812,9405.787255113217
200.40.3,200,10,ims,4,4/8,9339.553993067919,9405.787255113217
200.40.3,200,10,ims,5,5/8,9339.553993067919,9405.787255113217
200.40.3,200,10,ims,6,6/8,9326.235565143394,9405.787255113217
200.40.3,200,10,ims,7,7/8,9325.51361031665,9405.787255113217
200.40.3,200,10,ims,8,8/8,9325.51361031665,9405.787255113217
200.40.4,200,1,ims,0,0/8,23734.115921694596,9335.570526764048
200.40.4,200,1,ims,1,1/8,9466.932976570817,9335.570526764048
200.40.4,200,1,ims,2,2/8,9323.221230134062,9335.570526764048
200.40.4,200,1,ims,3,3/8,9295.54058710322,9335.570526764048
200.40.4,200,1,ims,4,4/8,9286.985710838711,9335.570526764048
200.40.4,200,1,ims,5,5/8,9286.985710838711,9335.570526764048
200.40.4,200,1,ims,6,6/8,9284.275740718185,9335.570526764048
200.40.4,200,1,ims,7,7/8,9284.275740718185,9335.570526764048
200.40.4,200,1,ims,8,8/8,9284.275740718185,9335.570526764048
200.40.4,200,2,ims,0,0/8,23925.351565523353,9335.570526764048
200.40.4,200,2,ims,1,1/8,9422.100437647434,9335.570526764048
200.40.4,200,2,ims,2,2/8,9377.589528003307,9335.570526764048
200.40.4,200,2,ims,3,3/8,9325.608862924128,9335.570526764048
200.40.4,200,2,ims,4,4/8,9325.608862924128,9335.570526764048
200.40.4,200,2,ims,5,5/8,9325.608862924128,9335.570526764048
200.40.4,200,2,ims,6,6/8,9325.608862924128,9335.570526764048
200.40.4,200,2,ims,7,7/8,9318.43104237369,9335.570526764048
200.40.4,200,2,ims,8,8/8,9318.43104237369,9335.570526764048
200.40.4,200,3,ims,0,0/8,23427.20059587082,9335.570526764048
200.40.4,200,3,ims,1,1/8,9486.87210026622,9335.570526764048
200.40.4,200,3,ims,2,2/8,9441.972360021415,9335.570526764048
200.40.4,200,3,ims,3,3/8,9376.35541812795,9335.570526764048
200.40.4,200,3,ims,4,4/8,9376.35541812795,9335.570526764048
200.40.4,200,3,ims,5,5/8,9376.35541812795,9335.570526764048
200.40.4,200,3,ims,6,6/8,9376.35541812795,9335.570526764048
200.40.4,200,3,ims,7,7/8,9361.407300018067,9335.570526764048
200.40.4,200,3,ims,8,8/8,9357.059761747623,9335.570526764048
200.40.4,200,4,ims,0,0/8,23108.877365493216,9335.570526764048
200.40.4,200,4,ims,1,1/8,9480.321911625117,9335.570526764048
200.40.4,200,4,ims,2,2/8,9403.570851600938,9335.570526764048
200.40.4,200,4,ims,3,3/8,9293.862042878794,9335.570526764048
200.40.4,200,4,ims,4,4/8,9241.552907543786,9335.570526764048
200.40.4,200,4,ims,5,5/8,9241.552907543786,9335.570526764048
200.40.4,200,4,ims,6,6/8,9241.552907543786,9335.570526764048
200.40.4,200,4,ims,7,7/8,9241.054568604892,9335.570526764048
200.40.4,200,4,ims,8,8/8,9241.054568604892,9335.570526764048
200.40.4,200,5,ims,0,0/8,26224.568146602443,9335.570526764048
200.40.4,200,5,ims,1,1/8,9316.502854345927,9335.570526764048
200.40.4,200,5,ims,2,2/8,9308.409630704435,9335.570526764048
200.40.4,200,5,ims,3,3/8,9308.409630704435,9335.570526764048
200.40.4,200,5,ims,4,4/8,9306.421740702499,9335.570526764048
200.40.4,200,5,ims,5,5/8,9298.220327173363,9335.570526764048
200.40.4,200,5,ims,6,6/8,9270.479729058727,9335.570526764048
200.40.4,200,5,ims,7,7/8,9262.152120340666,9335.570526764048
200.40.4,200,5,ims,8,8/8,9262.152120340666,9335.570526764048
200.40.4,200,6,ims,0,0/8,25146.45187331542,9335.570526764048
200.40.4,200,6,ims,1,1/8,9430.829256130188,9335.570526764048
200.40.4,200,6,ims,2,2/8,9402.032360124565,9335.570526764048
200.40.4,200,6,ims,3,3/8,9394.381357925393,9335.570526764048
200.40.4,200,6,ims,4,4/8,9391.664377105599,9335.570526764048
200.40.4,200,6,ims,5,5/8,9338.30370489354,9335.570526764048
200.40.4,200,6,ims,6,6/8,9323.569231019477,9335.570526764048
200.40.4,200,6,ims,7,7/8,9323.569231019477,9335.570526764048
200.40.4,200,6,ims,8,8/8,9303.089481594441,9335.570526764048
200.40.4,200,7,ims,0,0/8,25972.786370607482,9335.570526764048
200.40.4,200,7,ims,1,1/8,9478.349542651165,9335.570526764048
200.40.4,200,7,ims,2,2/8,9448.307428238928,9335.570526764048
200.40.4,200,7,ims,3,3/8,9443.391510298554,9335.570526764048
200.40.4,200,7,ims,4,4/8,9443.391510298554,9335.570526764048
200.40.4,200,7,ims,5,5/8,9395.79807936268,9335.570526764048
200.40.4,200,7,ims,6,6/8,9355.651798313807,9335.570526764048
200.40.4,200,7,ims,7,7/8,9355.651798313807,9335.570526764048
200.40.4,200,7,ims,8,8/8,9318.474175366282,9335.570526764048
200.40.4,200,8,ims,0,0/8,24616.863115716253,9335.570526764048
200.40.4,200,8,ims,1,1/8,9495.476783803471,9335.570526764048
200.40.4,200,8,ims,2,2/8,9372.168200005992,9335.570526764048
200.40.4,200,8,ims,3,3/8,9298.297598542942,9335.570526764048
200.40.4,200,8,ims,4,4/8,9298.297598542942,9335.570526764048
200.40.4,200,8,ims,5,5/8,9298.297598542942,9335.570526764048
200.40.4,200,8,ims,6,6/8,9298.297598542942,9335.570526764048
200.40.4,200,8,ims,7,7/8,9295.636349127775,9335.570526764048
200.40.4,200,8,ims,8,8/8,9295.636349127775,9335.570526764048
200.40.4,200,9,ims,0,0/8,23532.39167014973,9335.570526764048
200.40.4,200,9,ims,1,1/8,9474.942234498063,9335.570526764048
200.40.4,200,9,ims,2,2/8,9453.654848829246,9335.570526764048
200.40.4,200,9,ims,3,3/8,9406.505579334662,9335.570526764048
200.40.4,200,9,ims,4,4/8,9343.680072786512,9335.570526764048
200.40.4,200,9,ims,5,5/8,9318.67210796108,9335.570526764048
200.40.4,200,9,ims,6,6/8,9299.241655327052,9335.570526764048
200.40.4,200,9,ims,7,7/8,9295.54058710322,9335.570526764048
200.40.4,200,9,ims,8,8/8,9295.54058710322,9335.570526764048
200.40.4,200,10,ims,0,0/8,23100.030892954248,9335.570526764048
200.40.4,200,10,ims,1,1/8,9460.466942066832,9335.570526764048
200.40.4,200,10,ims,2,2/8,9391.859611433865,9335.570526764048
200.40.4,200,10,ims,3,3/8,9380.011296895209,9335.570526764048
200.40.4,200,10,ims,4,4/8,9284.826806711935,9335.570526764048
200.40.4,200,10,ims,5,5/8,9273.97007525067,9335.570526764048
200.40.4,200,10,ims,6,6/8,9273.97007525067,9335.570526764048
200.40.4,200,10,ims,7,7/8,9273.97007525067,9335.570526764048
200.40.4,200,10,ims,8,8/8,9270.588777261077,9335.570526764048
500.10.1,500,1,ims,0,0/8,3531.6131093331596,1781.5993818599811
500.10.1,500,1,ims,1,1/8,1828.8262460056897,1781.5993818599811
500.10.1,500,1,ims,2,2/8,1808.5064623328772,1781.5993818599811
500.10.1,500,1,ims,3,3/8,1798.0258644631854,1781.5993818599811
500.10.1,500,1,ims,4,4/8,1789.3508847239252,1781.5993818599811
500.10.1,500,1,ims,5,5/8,1789.0924511076516,1781.5993818599811
500.10.1,500,1,ims,6,6/8,1789.0924511076516,1781.5993818599811
500.10.1,500,1,ims,7,7/8,1784.7219220445913,1781.5993818599811
500.10.1,500,1,ims,8,8/8,1782.277323147065,1781.5993818599811
500.10.1,500,2,ims,0,0/8,3478.9358696558625,1781.5993818599811
500.10.1,500,2,ims,1,1/8,1839.9380654013733,1781.5993818599811
500.10.1,500,2,ims,2,2/8,1810.7424242795903,1781.5993818599811
500.10.1,500,2,ims,3,3/8,1792.6602947111885,1781.5993818599811
500.10.1,500,2,ims,4,4/8,1789.135266456925,1781.5993818599811
500.10.1,500,2,ims,5,5/8,1787.7146587312125,1781.5993818599811
500.10.1,500,2,ims,6,6/8,1787.7146587312125,1781.5993818599811
500.10.1,500,2,ims,7,7/8,1781.3589893400567,1781.5993818599811
500.10.1,500,2,ims,8,8/8,1781.3589893400567,1781.5993818599811
500.10.1,500,3,ims,0,0/8,3536.4817135530993,1781.5993818599811
500.10.1,500,3,ims,1,1/8,1827.8571535293108,1781.5993818599811
500.10.1,500,3,ims,2,2/8,1792.4603695294463,1781.5993818599811
500.10.1,500,3,ims,3,3/8,1780.4812691894397,1781.5993818599811
500.10.1,500,3,ims,4,4/8,1780.4812691894397,1781.5993818599811
500.10.1,500,3,ims,5,5/8,1780.4812691894397,1781.5993818599811
500.10.1,500,3,ims,6,6/8,1780.4812691894397,1781.5993818599811
500.10.1,500,3,ims,7,7/8,1780.4812691894397,1781.5993818599811
500.10.1,500,3,ims,8,8/8,1780.4035901110672,1781.5993818599811
500.10.1,500,4,ims,0,0/8,3240.1636899843584,1781.5993818599811
500.10.1,500,4,ims,1,1/8,1832.4070760539817,1781.5993818599811
500.10.1,500,4,ims,2,2/8,1813.1970744757914,1781.5993818599811
500.10.1,500,4,ims,3,3/8,1802.1799560162317,1781.5993818599811
500.10.1,500,4,ims,4,4/8,1802.1799560162317,1781.5993818599811
500.10.1,500,4,ims,5,5/8,1799.6810587815494,1781.5993818599811
500.10.1,500,4,ims,6,6/8,1786.7636697637636,1781.5993818599811
500.10.1,500,4,ims,7,7/8,1786.7636697637636,1781.5993818599811
500.10.1,500,4,ims,8,8/8,1786.7636697637636,1781.5993818599811
500.10.1,500,5,ims,0,0/8,3418.8676494127476,1781.5993818599811
500.10.1,500,5,ims,1,1/8,1816.7591479343255,1781.5993818599811
500.10.1,500,5,ims,2,2/8,1800.275059685831,1781.5993818599811
500.10.1,500,5,ims,3,3/8,1795.6325826804805,1781.5993818599811
500.10.1,500,5,ims,4,4/8,1792.3179429932843,1781.5993818599811
500.10.1,500,5,ims,5,5/8,1788.0823731366322,1781.5993818599811
500.10.1,500,5,ims,6,6/8,1785.5809664790022,1781.5993818599811
500.10.1,500,5,ims,7,7/8,1781.9170810502897,1781.5993818599811
500.10.1,500,5,ims,8,8/8,1781.9170810502897,1781.5993818599811
500.10.1,500,6,ims,0,0/8,3367.5902305872187,1781.5993818599811
500.10.1,500,6,ims,1,1/8,1812.702525614715,1781.5993818599811
500.10.1,500,6,ims,2,2/8,1796.3476614653634,1781.5993818599811
500.10.1,500,6,ims,3,3/8,1796.3476614653634,1781.5993818599811
500.10.1,500,6,ims,4,4/8,1789.827016741475,1781.5993818599811
500.10.1,500,6,ims,5,5/8,1789.827016741475,1781.5993818599811
500.10.1,500,6,ims,6,6/8,1789.827016741475,1781.5993818599811
500.10.1,500,6,ims,7,7/8,1784.9149679794455,1781.5993818599811
500.10.1,500,6,ims,8,8/8,1781.8946037994215,1781.5993818599811
500.10.1,500,7,ims,0,0/8,3381.5966960577457,1781.5993818599811
500.10.1,500,7,ims,1,1/8,1824.452933824743,1781.5993818599811
500.10.1,500,7,ims,2,2/8,1793.1402359550013,1781.5993818599811
500.10.1,500,7,ims,3,3/8,1793.1402359550013,1781.5993818599811
500.10.1,500,7,ims,4,4/8,1793.1402359550013,1781.5993818599811
500.10.1,500,7,ims,5,5/8,1783.8379668326932,1781.5993818599811
500.10.1,500,7,ims,6,6/8,1783.8379668326932,1781.5993818599811
500.10.1,500,7,ims,7,7/8,1780.6998932128868,1781.5993818599811
500.10.1,500,7,ims,8,8/8,1780.6998932128868,1781.5993818599811
500.10.1,500,8,ims,0,0/8,3474.6728664169586,1781.5993818599811
500.10.1,500,8,ims,1,1/8,1811.1102708171654,1781.5993818599811
500.10.1,500,8,ims,2,2/8,1787.4548670405286,1781.5993818599811
500.10.1,500,8,ims,3,3/8,1787.4548670405286,1781.5993818599811
500.10.1,500,8,ims,4,4/8,1787.4548670405286,1781.5993818599811
500.10.1,500,8,ims,5,5/8,1787.4548670405286,1781.5993818599811
500.10.1,500,8,ims,6,6/8,1787.4548670405286,1781.5993818599811
500.10.1,500,8,ims,7,7/8,1785.9341160466108,1781.5993818599811
500.10.1,500,8,ims,8,8/8,1778.7975389054523,1781.5993818599811
500.10.1,500,9,ims,0,0/8,3346.4591787991467,1781.5993818599811
500.10.1,500,9,ims,1,1/8,1842.3105081326325,1781.5993818599811
500.10.1,500,9,ims,2,2/8,1820.7217768044195,1781.5993818599811
500.10.1,500,9,ims,3,3/8,1808.233048302473,1781.5993818599811
500.10.1,500,9,ims,4,4/8,1804.3091109862737,1781.5993818599811
500.10.1,500,9,ims,5,5/8,1804.3091109862737,1781.5993818599811
500.10.1,500,9,ims,6,6/8,1803.6163791450615,1781.5993818599811
500.10.1,500,9,ims,7,7/8,1795.8510834364056,1781.5993818599811
500.10.1,500,9,ims,8,8/8,1795.8510834364056,1781.5993818599811
500.10.1,500,10,ims,0,0/8,3415.6740830727745,1781.5993818599811
500.10.1,500,10,ims,1,1/8,1824.783364778936,1781.5993818599811
500.10.1,500,10,ims,2,2/8,1806.1770917712622,1781.5993818599811
500.10.1,500,10,ims,3,3/8,1802.8311874880126,1781.5993818599811
500.10.1,500,10,ims,4,4/8,1802.8311874880126,1781.5993818599811
500.10.1,500,10,ims,5,5/8,1802.8311874880126,1781.5993818599811
500.10.1,500,10,ims,6,6/8,1795.4471279947,1781.5993818599811
500.10.1,500,10,ims,7,7/8,1794.6435694161473,1781.5993818599811
500.10.1,500,10,ims,8,8/8,1794.6435694161473,1781.5993818599811
500.10.3,500,1,ims,0,0/8,3541.271498129417,1785.996460179697
500.10.3,500,1,ims,1,1/8,1838.5201896402218,1785.996460179697
500.10.3,500,1,ims,2,2/8,1821.764430429339,1785.996460179697
500.10.3,500,1,ims,3,3/8,1818.7047451332226,1785.996460179697
500.10.3,500,1,ims,4,4/8,1815.1408163209414,1785.996460179697
500.10.3,500,1,ims,5,5/8,1797.0878080152047,1785.996460179697
500.10.3,500,1,ims,6,6/8,1789.8809488005,1785.996460179697
500.10.3,500,1,ims,7,7/8,1787.468749018196,1785.996460179697
500.10.3,500,1,ims,8,8/8,1787.468749018196,1785.996460179697
500.10.3,500,2,ims,0,0/8,3219.208185254235,1785.996460179697
500.10.3,500,2,ims,1,1/8,1820.437575786941,1785.996460179697
500.10.3,500,2,ims,2,2/8,1807.691882033851,1785.996460179697
500.10.3,500,2,ims,3,3/8,1767.3095436751705,1785.996460179697
500.10.3,500,2,ims,4,4/8,1767.3095436751705,1785.996460179697
500.10.3,500,2,ims,5,5/8,1767.3095436751705,1785.996460179697
500.10.3,500,2,ims,6,6/8,1767.3095436751705,1785.996460179697
500.10.3,500,2,ims,7,7/8,1767.3095436751705,1785.996460179697
500.10.3,500,2,ims,8,8/8,1767.3095436751705,1785.996460179697
500.10.3,500,3,ims,0,0/8,3399.105645048635,1785.996460179697
500.10.3,500,3,ims,1,1/8,1831.487442820204,1785.996460179697
500.10.3,500,3,ims,2,2/8,1792.389438758983,1785.996460179697
500.10.3,500,3,ims,3,3/8,1779.449581233191,1785.996460179697
500.10.3,500,3,ims,4,4/8,1772.6835117600624,1785.996460179697
500.10.3,500,3,ims,5,5/8,1772.6835117600624,1785.996460179697
500.10.3,500,3,ims,6,6/8,1770.8239163583346,1785.996460179697
500.10.3,500,3,ims,7,7/8,1770.8239163583346,1785.996460179697
500.10.3,500,3,ims,8,8/8,1770.8239163583346,1785.996460179697
500.10.3,500,4,ims,0,0/8,3413.3124880253326,1785.996460179697
500.10.3,500,4,ims,1,1/8,1821.3932211133927,1785.996460179697
500.10.3,500,4,ims,2,2/8,1821.1864073177255,1785.996460179697
500.10.3,500,4,ims,3,3/8,1816.3714215727991,1785.996460179697
500.10.3,500,4,ims,4,4/8,1791.5574021746072,1785.996460179697
500.10.3,500,4,ims,5,5/8,1790.5074634540777,1785.996460179697
500.10.3,500,4,ims,6,6/8,1790.5074634540777,1785.996460179697
500.10.3,500,4,ims,7,7/8,1790.5074634540777,1785.996460179697
500.10.3,500,4,ims,8,8/8,1782.8669522027228,1785.996460179697
500.10.3,500,5,ims,0,0/8,2900.858928152873,1785.996460179697
500.10.3,500,5,ims,1,1/8,1821.6158049184248,1785.996460179697
500.10.3,500,5,ims,2,2/8,1814.4407425017203,1785.996460179697
500.10.3,500,5,ims,3,3/8,1797.570653209232,1785.996460179697
500.10.3,500,5,ims,4,4/8,1793.7941990686345,1785.996460179697
500.10.3,500,5,ims,5,5/8,1788.7961479552532,1785.996460179697
500.10.3,500,5,ims,6,6/8,1788.7961479552532,1785.996460179697
500.10.3,500,5,ims,7,7/8,1782.8787655555032,1785.996460179697
500.10.3,500,5,ims,8,8/8,1782.8787655555032,1785.996460179697
500.10.3,500,6,ims,0,0/8,3455.9449196215364,1785.996460179697
500.10.3,500,6,ims,1,1/8,1832.232406964083,1785.996460179697
500.10.3,500,6,ims,2,2/8,1803.1626811769052,1785.996460179697
500.10.3,500,6,ims,3,3/8,1794.8093545375839,1785.996460179697
500.10.3,500,6,ims,4,4/8,1794.8093545375839,1785.996460179697
500.10.3,500,6,ims,5,5/8,1792.5031733376495,1785.996460179697
500.10.3,500,6,ims,6,6/8,1792.2898284234532,1785.996460179697
500.10.3,500,6,ims,7,7/8,1791.4142533060424,1785.996460179697
500.10.3,500,6,ims,8,8/8,1791.4142533060424,1785.996460179697
500.10.3,500,7,ims,0,0/8,3451.063569332898,1785.996460179697
500.10.3,500,7,ims,1,1/8,1842.7128591724093,1785.996460179697
500.10.3,500,7,ims,2,2/8,1818.0203055611971,1785.996460179697
500.10.3,500,7,ims,3,3/8,1803.0185599611432,1785.996460179697
500.10.3,500,7,ims,4,4/8,1792.4899353463522,1785.996460179697
500.10.3,500,7,ims,5,5/8,1776.3388013445604,1785.996460179697
500.10.3,500,7,ims,6,6/8,1776.3388013445604,1785.996460179697
500.10.3,500,7,ims,7,7/8,1776.3388013445604,1785.996460179697
500.10.3,500,7,ims,8,8/8,1772.1619450848536,1785.996460179697
500.10.3,500,8,ims,0,0/8,2968.823631333197,1785.996460179697
500.10.3,500,8,ims,1,1/8,1825.3629242161833,1785.996460179697
500.10.3,500,8,ims,2,2/8,1808.8323690377483,1785.996460179697
500.10.3,500,8,ims,3,3/8,1793.8112280369246,1785.996460179697
500.10.3,500,8,ims,4,4/8,1792.658578781054,1785.996460179697
500.10.3,500,8,ims,5,5/8,1792.658578781054,1785.996460179697
500.10.3,500,8,ims,6,6/8,1791.2159918927218,1785.996460179697
500.10.3,500,8,ims,7,7/8,1783.2918817305335,1785.996460179697
500.10.3,500,8,ims,8,8/8,1782.6671513390381,1785.996460179697
500.10.3,500,9,ims,0,0/8,2925.6195234980364,1785.996460179697
500.10.3,500,9,ims,1,1/8,1858.5949280159332,1785.996460179697
500.10.3,500,9,ims,2,2/8,1809.9525366863577,1785.996460179697
500.10.3,500,9,ims,3,3/8,1802.4620398668835,1785.996460179697
500.10.3,500,9,ims,4,4/8,1802.3675889234964,1785.996460179697
500.10.3,500,9,ims,5,5/8,1789.067502849167,1785.996460179697
500.10.3,500,9,ims,6,6/8,1789.067502849167,1785.996460179697
500.10.3,500,9,ims,7,7/8,1789.067502849167,1785.996460179697
500.10.3,500,9,ims,8,8/8,1782.165949698974,1785.996460179697
500.10.3,500,10,ims,0,0/8,3626.2627531485623,1785.996460179697
500.10.3,500,10,ims,1,1/8,1819.710966905136,1785.996460179697
500.10.3,500,10,ims,2,2/8,1809.7735697859691,1785.996460179697
500.10.3,500,10,ims,3,3/8,1799.1697031629542,1785.996460179697
500.10.3,500,10,ims,4,4/8,1780.0490323415831,1785.996460179697
500.10.3,500,10,ims,5,5/8,1773.7848223135238,1785.996460179697
500.10.3,500,10,ims,6,6/8,1773.7848223135238,1785.996460179697
500.10.3,500,10,ims,7,7/8,1773.6927258452642,1785.996460179697
500.10.3,500,10,ims,8,8/8,1769.3972309378191,1785.996460179697
500.10.4,500,1,ims,0,0/8,3096.0950933913955,1769.8756117443172
500.10.4,500,1,ims,1,1/8,1823.910815839262,1769.8756117443172
500.10.4,500,1,ims,2,2/8,1799.2368506955863,1769.8756117443172
500.10.4,500,1,ims,3,3/8,1782.6054348955772,1769.8756117443172
500.10.4,500,1,ims,4,4/8,1782.6054348955772,1769.8756117443172
500.10.4,500,1,ims,5,5/8,1779.6183399265485,1769.8756117443172
500.10.4,500,1,ims,6,6/8,1771.260702319353,1769.8756117443172
500.10.4,500,1,ims,7,7/8,1763.4146999128443,1769.8756117443172
500.10.4,500,1,ims,8,8/8,1763.4146999128443,1769.8756117443172
500.10.4,500,2,ims,0,0/8,3287.988258348645,1769.8756117443172
500.10.4,500,2,ims,1,1/8,1790.8029625370502,1769.8756117443172
500.10.4,500,2,ims,2,2/8,1780.9768715889688,1769.8756117443172
500.10.4,500,2,ims,3,3/8,1780.9768715889688,1769.8756117443172
500.10.4,500,2,ims,4,4/8,1780.242946134243,1769.8756117443172
500.10.4,500,2,ims,5,5/8,1777.01633167137,1769.8756117443172
500.10.4,500,2,ims,6,6/8,1777.01633167137,1769.8756117443172
500.10.4,500,2,ims,7,7/8,1777.01633167137,1769.8756117443172
500.10.4,500,2,ims,8,8/8,1777.01633167137,1769.8756117443172
500.10.4,500,3,ims,0,0/8,3414.230635811499,1769.8756117443172
500.10.4,500,3,ims,1,1/8,1818.8146565785883,1769.8756117443172
500.10.4,500,3,ims,2,2/8,1786.564430147185,1769.8756117443172
500.10.4,500,3,ims,3,3/8,1786.564430147185,1769.8756117443172
500.10.4,500,3,ims,4,4/8,1785.5340877160656,1769.8756117443172
500.10.4,500,3,ims,5,5/8,1782.205073131077,1769.8756117443172
500.10.4,500,3,ims,6,6/8,1778.9628139544445,1769.8756117443172
500.10.4,500,3,ims,7,7/8,1778.188351903419,1769.8756117443172
500.10.4,500,3,ims,8,8/8,1778.188351903419,1769.8756117443172
500.10.4,500,4,ims,0,0/8,3431.392028938358,1769.8756117443172
500.10.4,500,4,ims,1,1/8,1822.3900693444007,1769.8756117443172
500.10.4,500,4,ims,2,2/8,1812.3491509767975,1769.8756117443172
500.10.4,500,4,ims,3,3/8,1798.177407422237,1769.8756117443172
500.10.4,500,4,ims,4,4/8,1795.7823089667238,1769.8756117443172
500.10.4,500,4,ims,5,5/8,1795.7823089667238,1769.8756117443172
500.10.4,500,4,ims,6,6/8,1795.7823089667238,1769.8756117443172
500.10.4,500,4,ims,7,7/8,1795.7823089667238,1769.8756117443172
500.10.4,500,4,ims,8,8/8,1793.870955030648,1769.8756117443172
500.10.4,500,5,ims,0,0/8,3380.0932287862697,1769.8756117443172
500.10.4,500,5,ims,1,1/8,1826.2974137423414,1769.8756117443172
500.10.4,500,5,ims,2,2/8,1792.3968034938214,1769.8756117443172
500.10.4,500,5,ims,3,3/8,1773.2656196312162,1769.8756117443172
500.10.4,500,5,ims,4,4/8,1764.5451765421856,1769.8756117443172
500.10.4,500,5,ims,5,5/8,1764.5451765421856,1769.8756117443172
500.10.4,500,5,ims,6,6/8,1764.5451765421856,1769.8756117443172
500.10.4,500,5,ims,7,7/8,1758.3906464147854,1769.8756117443172
500.10.4,500,5,ims,8,8/8,1758.3906464147854,1769.8756117443172
500.10.4,500,6,ims,0,0/8,3447.194391035232,1769.8756117443172
500.10.4,500,6,ims,1,1/8,1842.6269800706548,1769.8756117443172
500.10.4,500,6,ims,2,2/8,1802.4604896051853,1769.8756117443172
500.10.4,500,6,ims,3,3/8,1786.0282979922522,1769.8756117443172
500.10.4,500,6,ims,4,4/8,1776.6355592606576,1769.8756117443172
500.10.4,500,6,ims,5,5/8,1776.6355592606576,1769.8756117443172
500.10.4,500,6,ims,6,6/8,1776.6355592606576,1769.8756117443172
500.10.4,500,6,ims,7,7/8,1776.6355592606576,1769.8756117443172
500.10.4,500,6,ims,8,8/8,1776.6355592606576,1769.8756117443172
500.10.4,500,7,ims,0,0/8,3403.174855137928,1769.8756117443172
500.10.4,500,7,ims,1,1/8,1824.1815410064607,1769.8756117443172
500.10.4,500,7,ims,2,2/8,1814.9008249615888,1769.8756117443172
500.10.4,500,7,ims,3,3/8,1792.8665344989513,1769.8756117443172
500.10.4,500,7,ims,4,4/8,1783.826276846103,1769.8756117443172
500.10.4,500,7,ims,5,5/8,1783.826276846103,1769.8756117443172
500.10.4,500,7,ims,6,6/8,1779.0800452006124,1769.8756117443172
500.10.4,500,7,ims,7,7/8,1768.200325390117,1769.8756117443172
500.10.4,500,7,ims,8,8/8,1768.200325390117,1769.8756117443172
500.10.4,500,8,ims,0,0/8,3135.2468941060793,1769.8756117443172
500.10.4,500,8,ims,1,1/8,1814.5147113225846,1769.8756117443172
500.10.4,500,8,ims,2,2/8,1798.3218818319885,1769.8756117443172
500.10.4,500,8,ims,3,3/8,1793.839669077594,1769.8756117443172
500.10.4,500,8,ims,4,4/8,1786.6536124452775,1769.8756117443172
500.10.4,500,8,ims,5,5/8,1786.6536124452775,1769.8756117443172
500.10.4,500,8,ims,6,6/8,1784.9196114792835,1769.8756117443172
500.10.4,500,8,ims,7,7/8,1776.789871003667,1769.8756117443172
500.10.4,500,8,ims,8,8/8,1776.789871003667,1769.8756117443172
500.10.4,500,9,ims,0,0/8,3689.066567735737,1769.8756117443172
500.10.4,500,9,ims,1,1/8,1838.4608818707072,1769.8756117443172
500.10.4,500,9,ims,2,2/8,1818.8567789990307,1769.8756117443172
500.10.4,500,9,ims,3,3/8,1804.7128719661139,1769.8756117443172
500.10.4,500,9,ims,4,4/8,1791.431944241238,1769.8756117443172
500.10.4,500,9,ims,5,5/8,1791.431944241238,1769.8756117443172
500.10.4,500,9,ims,6,6/8,1789.168661892717,1769.8756117443172
500.10.4,500,9,ims,7,7/8,1784.3798525350553,1769.8756117443172
500.10.4,500,9,ims,8,8/8,1784.3798525350553,1769.8756117443172
500.10.4,500,10,ims,0,0/8,3287.9712642924633,1769.8756117443172
500.10.4,500,10,ims,1,1/8,1819.1190665683002,1769.8756117443172
500.10.4,500,10,ims,2,2/8,1809.1763104212232,1769.8756117443172
500.10.4,500,10,ims,3,3/8,1793.9838301019252,1769.8756117443172
500.10.4,500,10,ims,4,4/8,1790.5613581588946,1769.8756117443172
500.10.4,500,10,ims,5,5/8,1787.1809708362566,1769.8756117443172
500.10.4,500,10,ims,6,6/8,1787.1809708362566,1769.8756117443172
500.10.4,500,10,ims,7,7/8,1781.6774015441288,1769.8756117443172
500.10.4,500,10,ims,8,8/8,1781.4809244658004,1769.8756117443172
500.20.1,500,1,ims,0,0/8,8601.901244595374,3755.2470724809737
500.20.1,500,1,ims,1,1/8,3791.2667282860625,3755.2470724809737
500.20.1,500,1,ims,2,2/8,3779.8418616528647,3755.2470724809737
500.20.1,500,1,ims,3,3/8,3758.973684244609,3755.2470724809737
500.20.1,500,1,ims,4,4/8,3755.5908793190033,3755.2470724809737
500.20.1,500,1,ims,5,5/8,3755.5908793190033,3755.2470724809737
500.20.1,500,1,ims,6,6/8,3753.621114829442,3755.2470724809737
500.20.1,500,1,ims,7,7/8,3753.621114829442,3755.2470724809737
500.20.1,500,1,ims,8,8/8,3743.3765559632116,3755.2470724809737
500.20.1,500,2,ims,0,0/8,8407.908184810836,3755.2470724809737
500.20.1,500,2,ims,1,1/8,3787.2007052569347,3755.2470724809737
500.20.1,500,2,ims,2,2/8,3768.9807372884165,3755.2470724809737
500.20.1,500,2,ims,3,3/8,3768.9807372884165,3755.2470724809737
500.20.1,500,2,ims,4,4/8,3754.3938713095563,3755.2470724809737
500.20.1,500,2,ims,5,5/8,3754.3938713095563,3755.2470724809737
500.20.1,500,2,ims,6,6/8,3754.3938713095563,3755.2470724809737
500.20.1,500,2,ims,7,7/8,3748.597825505729,3755.2470724809737
500.20.1,500,2,ims,8,8/8,3748.597825505729,3755.2470724809737
500.20.1,500,3,ims,0,0/8,8505.735972940312,3755.2470724809737
500.20.1,500,3,ims,1,1/8,3797.0239065071373,3755.2470724809737
500.20.1,500,3,ims,2,2/8,3756.0504984388085,3755.2470724809737
500.20.1,500,3,ims,3,3/8,3753.1555922411153,3755.2470724809737
500.20.1,500,3,ims,4,4/8,3753.1555922411153,3755.2470724809737
500.20.1,500,3,ims,5,5/8,3732.194320873238,3755.2470724809737
500.20.1,500,3,ims,6,6/8,3732.194320873238,3755.2470724809737
500.20.1,500,3,ims,7,7/8,3732.194320873238,3755.2470724809737
500.20.1,500,3,ims,8,8/8,3732.194320873238,3755.2470724809737
500.20.1,500,4,ims,0,0/8,9076.308088792084,3755.2470724809737
500.20.1,500,4,ims,1,1/8,3816.8653334804712,3755.2470724809737
500.20.1,500,4,ims,2,2/8,3782.6748862506215,3755.2470724809737
500.20.1,500,4,ims,3,3/8,3760.1115401414636,3755.2470724809737
500.20.1,500,4,ims,4,4/8,3759.4047865586444,3755.2470724809737
500.20.1,500,4,ims,5,5/8,3758.43968939868,3755.2470724809737
500.20.1,500,4,ims,6,6/8,3758.43968939868,3755.2470724809737
500.20.1,500,4,ims,7,7/8,3745.5192423629805,3755.2470724809737
500.20.1,500,4,ims,8,8/8,3744.112227596118,3755.2470724809737
500.20.1,500,5,ims,0,0/8,9008.175870228495,3755.2470724809737
500.20.1,500,5,ims,1,1/8,3817.2177908306403,3755.2470724809737
500.20.1,500,5,ims,2,2/8,3757.4257552844865,3755.2470724809737
500.20.1,500,5,ims,3,3/8,3744.4341393009277,3755.2470724809737
500.20.1,500,5,ims,4,4/8,3744.4341393009277,3755.2470724809737
500.20.1,500,5,ims,5,5/8,3736.5254383646834,3755.2470724809737
500.20.1,500,5,ims,6,6/8,3736.5254383646834,3755.2470724809737
500.20.1,500,5,ims,7,7/8,3736.5254383646834,3755.2470724809737
500.20.1,500,5,ims,8,8/8,3728.105866931253,3755.2470724809737
500.20.1,500,6,ims,0,0/8,9660.18376111176,3755.2470724809737
500.20.1,500,6,ims,1,1/8,3847.0614604650527,3755.2470724809737
500.20.1,500,6,ims,2,2/8,3785.6161052590214,3755.2470724809737
500.20.1,500,6,ims,3,3/8,3773.378079294757,3755.2470724809737
500.20.1,500,6,ims,4,4/8,3748.150445012837,3755.2470724809737
500.20.1,500,6,ims,5,5/8,3748.150445012837,3755.2470724809737
500.20.1,500,6,ims,6,6/8,3748.150445012837,3755.2470724809737
500.20.1,500,6,ims,7,7/8,3748.150445012837,3755.2470724809737
500.20.1,500,6,ims,8,8/8,3741.961452404155,3755.2470724809737
500.20.1,500,7,ims,0,0/8,9240.171478740087,3755.2470724809737
500.20.1,500,7,ims,1,1/8,3808.1791791271253,3755.2470724809737
500.20.1,500,7,ims,2,2/8,3761.8539407272892,3755.2470724809737
500.20.1,500,7,ims,3,3/8,3761.8539407272892,3755.2470724809737
500.20.1,500,7,ims,4,4/8,3752.7730207386085,3755.2470724809737
500.20.1,500,7,ims,5,5/8,3752.7730207386085,3755.2470724809737
500.20.1,500,7,ims,6,6/8,3752.7730207386085,3755.2470724809737
500.20.1,500,7,ims,7,7/8,3752.7730207386085,3755.2470724809737
500.20.1,500,7,ims,8,8/8,3742.36523139114,3755.2470724809737
500.20.1,500,8,ims,0,0/8,8417.709941715093,3755.2470724809737
500.20.1,500,8,ims,1,1/8,3840.060867337553,3755.2470724809737
500.20.1,500,8,ims,2,2/8,3807.9924708824565,3755.2470724809737
500.20.1,500,8,ims,3,3/8,3751.202253629795,3755.2470724809737
500.20.1,500,8,ims,4,4/8,3751.202253629795,3755.2470724809737
500.20.1,500,8,ims,5,5/8,3751.202253629795,3755.2470724809737
500.20.1,500,8,ims,6,6/8,3732.194320873238,3755.2470724809737
500.20.1,500,8,ims,7,7/8,3732.194320873238,3755.2470724809737
500.20.1,500,8,ims,8,8/8,3732.194320873238,3755.2470724809737
500.20.1,500,9,ims,0,0/8,8836.54993922097,3755.2470724809737
500.20.1,500,9,ims,1,1/8,3780.4472902406983,3755.2470724809737
500.20.1,500,9,ims,2,2/8,3768.8136036489045,3755.2470724809737
500.20.1,500,9,ims,3,3/8,3764.0226005504114,3755.2470724809737
500.20.1,500,9,ims,4,4/8,3757.277144367115,3755.2470724809737
500.20.1,500,9,ims,5,5/8,3757.277144367115,3755.2470724809737
500.20.1,500,9,ims,6,6/8,3748.8608814168674,3755.2470724809737
500.20.1,500,9,ims,7,7/8,3743.7970119519496,3755.2470724809737
500.20.1,500,9,ims,8,8/8,3729.832761019286,3755.2470724809737
500.20.1,500,10,ims,0,0/8,9522.369125949645,3755.2470724809737
500.20.1,500,10,ims,1,1/8,3775.7001944889644,3755.2470724809737
500.20.1,500,10,ims,2,2/8,3759.897514657756,3755.2470724809737
500.20.1,500,10,ims,3,3/8,3754.6105443638066,3755.2470724809737
500.20.1,500,10,ims,4,4/8,3749.199845766629,3755.2470724809737
500.20.1,500,10,ims,5,5/8,3749.199845766629,3755.2470724809737
500.20.1,500,10,ims,6,6/8,3749.199845766629,3755.2470724809737
500.20.1,500,10,ims,7,7/8,3737.43531425355,3755.2470724809737
500.20.1,500,10,ims,8,8/8,3728.9996379869635,3755.2470724809737
500.20.2,500,1,ims,0,0/8,9515.028736710476,3785.324226339426
500.20.2,500,1,ims,1,1/8,3831.5550791861715,3785.324226339426
500.20.2,500,1,ims,2,2/8,3800.0888145645,3785.324226339426
500.20.2,500,1,ims,3,3/8,3800.0888145645,3785.324226339426
500.20.2,500,1,ims,4,4/8,3800.0888145645,3785.324226339426
500.20.2,500,1,ims,5,5/8,3795.1746042204363,3785.324226339426
500.20.2,500,1,ims,6,6/8,3795.1746042204363,3785.324226339426
500.20.2,500,1,ims,7,7/8,3791.786860098318,3785.324226339426
500.20.2,500,1,ims,8,8/8,3791.786860098318,3785.324226339426
500.20.2,500,2,ims,0,0/8,9380.594087050684,3785.324226339426
500.20.2,500,2,ims,1,1/8,3880.3907093721596,3785.324226339426
500.20.2,500,2,ims,2,2/8,3820.228339328612,3785.324226339426
500.20.2,500,2,ims,3,3/8,3790.485957488957,3785.324226339426
500.20.2,500,2,ims,4,4/8,3790.485957488957,3785.324226339426
500.20.2,500,2,ims,5,5/8,3790.485957488957,3785.324226339426
500.20.2,500,2,ims,6,6/8,3789.9043472265066,3785.324226339426
500.20.2,500,2,ims,7,7/8,3789.9043472265066,3785.324226339426
500.20.2,500,2,ims,8,8/8,3789.9043472265066,3785.324226339426
500.20.2,500,3,ims,0,0/8,9075.536325953073,3785.324226339426
500.20.2,500,3,ims,1,1/8,3824.8628101481354,3785.324226339426
500.20.2,500,3,ims,2,2/8,3803.3461684348913,3785.324226339426
500.20.2,500,3,ims,3,3/8,3802.514617662279,3785.324226339426
500.20.2,500,3,ims,4,4/8,3777.653732694819,3785.324226339426
500.20.2,500,3,ims,5,5/8,3752.009868419151,3785.324226339426
500.20.2,500,3,ims,6,6/8,3752.009868419151,3785.324226339426
500.20.2,500,3,ims,7,7/8,3752.009868419151,3785.324226339426
500.20.2,500,3,ims,8,8/8,3752.009868419151,3785.324226339426
500.20.2,500,4,ims,0,0/8,9726.112934181314,3785.324226339426
500.20.2,500,4,ims,1,1/8,3808.532006415267,3785.324226339426
500.20.2,500,4,ims,2,2/8,3795.952602693789,3785.324226339426
500.20.2,500,4,ims,3,3/8,3795.952602693789,3785.324226339426
500.20.2,500,4,ims,4,4/8,3790.5419828161544,3785.324226339426
500.20.2,500,4,ims,5,5/8,3790.5419828161544,3785.324226339426
500.20.2,500,4,ims,6,6/8,3785.3661788979925,3785.324226339426
500.20.2,500,4,ims,7,7/8,3785.3661788979925,3785.324226339426
500.20.2,500,4,ims,8,8/8,3785.3661788979925,3785.324226339426
500.20.2,500,5,ims,0,0/8,9743.457306945222,3785.324226339426
500.20.2,500,5,ims,1,1/8,3842.6651001489563,3785.324226339426
500.20.2,500,5,ims,2,2/8,3786.9173429755037,3785.324226339426
500.20.2,500,5,ims,3,3/8,3786.9173429755037,3785.324226339426
500.20.2,500,5,ims,4,4/8,3786.9173429755037,3785.324226339426
500.20.2,500,5,ims,5,5/8,3786.9173429755037,3785.324226339426
500.20.2,500,5,ims,6,6/8,3785.61159054808,3785.324226339426
500.20.2,500,5,ims,7,7/8,3785.61159054808,3785.324226339426
500.20.2,500,5,ims,8,8/8,3778.937647500002,3785.324226339426
500.20.2,500,6,ims,0,0/8,9066.043576274073,3785.324226339426
500.20.2,500,6,ims,1,1/8,3870.5419653601502,3785.324226339426
500.20.2,500,6,ims,2,2/8,3834.6526276941822,3785.324226339426
500.20.2,500,6,ims,3,3/8,3819.7617068305185,3785.324226339426
500.20.2,500,6,ims,4,4/8,3800.557302363497,3785.324226339426
500.20.2,500,6,ims,5,5/8,3782.284303052473,3785.324226339426
500.20.2,500,6,ims,6,6/8,3781.3754100664864,3785.324226339426
500.20.2,500,6,ims,7,7/8,3781.3754100664864,3785.324226339426
500.20.2,500,6,ims,8,8/8,3777.653732694819,3785.324226339426
500.20.2,500,7,ims,0,0/8,9605.518401845733,3785.324226339426
500.20.2,500,7,ims,1,1/8,3844.65312145972,3785.324226339426
500.20.2,500,7,ims,2,2/8,3806.616753625423,3785.324226339426
500.20.2,500,7,ims,3,3/8,3802.9759118916,3785.324226339426
500.20.2,500,7,ims,4,4/8,3790.5004985621595,3785.324226339426
500.20.2,500,7,ims,5,5/8,3790.5004985621595,3785.324226339426
500.20.2,500,7,ims,6,6/8,3790.5004985621595,3785.324226339426
500.20.2,500,7,ims,7,7/8,3782.2155186381337,3785.324226339426
500.20.2,500,7,ims,8,8/8,3779.085553225899,3785.324226339426
500.20.2,500,8,ims,0,0/8,8970.56424534307,3785.324226339426
500.20.2,500,8,ims,1,1/8,3813.614884512113,3785.324226339426
500.20.2,500,8,ims,2,2/8,3797.0655733928834,3785.324226339426
500.20.2,500,8,ims,3,3/8,3786.7753131100185,3785.324226339426
500.20.2,500,8,ims,4,4/8,3785.611590548081,3785.324226339426
500.20.2,500,8,ims,5,5/8,3776.245699946308,3785.324226339426
500.20.2,500,8,ims,6,6/8,3775.3616193374482,3785.324226339426
500.20.2,500,8,ims,7,7/8,3775.3616193374482,3785.324226339426
500.20.2,500,8,ims,8,8/8,3772.5214619159237,3785.324226339426
500.20.2,500,9,ims,0,0/8,9894.145886361808,3785.324226339426
500.20.2,500,9,ims,1,1/8,3831.1976520085955,3785.324226339426
500.20.2,500,9,ims,2,2/8,3808.541153865235,3785.324226339426
500.20.2,500,9,ims,3,3/8,3790.2811346145218,3785.324226339426
500.20.2,500,9,ims,4,4/8,3775.8463842206893,3785.324226339426
500.20.2,500,9,ims,5,5/8,3775.8463842206893,3785.324226339426
500.20.2,500,9,ims,6,6/8,3775.8463842206893,3785.324226339426
500.20.2,500,9,ims,7,7/8,3771.5909615683076,3785.324226339426
500.20.2,500,9,ims,8,8/8,3771.5909615683076,3785.324226339426
500.20.2,500,10,ims,0,0/8,9531.882299336225,3785.324226339426
500.20.2,500,10,ims,1,1/8,3844.339337714867,3785.324226339426
500.20.2,500,10,ims,2,2/8,3813.774906225029,3785.324226339426
500.20.2,500,10,ims,3,3/8,3801.919689372621,3785.324226339426
500.20.2,500,10,ims,4,4/8,3801.5235613697314,3785.324226339426
500.20.2,500,10,ims,5,5/8,3795.0391229542065,3785.324226339426
500.20.2,500,10,ims,6,6/8,3791.596946128473,3785.324226339426
500.20.2,500,10,ims,7,7/8,3789.903828387456,3785.324226339426
500.20.2,500,10,ims,8,8/8,3789.903828387456,3785.324226339426
500.20.3,500,1,ims,0,0/8,10023.571812433664,3888.9201705845535
500.20.3,500,1,ims,1,1/8,3990.7251130162454,3888.9201705845535
500.20.3,500,1,ims,2,2/8,3906.078405078041,3888.9201705845535
500.20.3,500,1,ims,3,3/8,3889.1793931954276,3888.9201705845535
500.20.3,500,1,ims,4,4/8,3885.837917830797,3888.9201705845535
500.20.3,500,1,ims,5,5/8,3876.3357597073277,3888.9201705845535
500.20.3,500,1,ims,6,6/8,3861.4693515492595,3888.9201705845535
500.20.3,500,1,ims,7,7/8,3861.4693515492595,3888.9201705845535
500.20.3,500,1,ims,8,8/8,3861.4693515492595,3888.9201705845535
500.20.3,500,2,ims,0,0/8,10272.219225590756,3888.9201705845535
500.20.3,500,2,ims,1,1/8,3943.325735584939,3888.9201705845535
500.20.3,500,2,ims,2,2/8,3898.8157893246334,3888.9201705845535
500.20.3,500,2,ims,3,3/8,3886.0023566379296,3888.9201705845535
500.20.3,500,2,ims,4,4/8,3886.0023566379296,3888.9201705845535
500.20.3,500,2,ims,5,5/8,3876.1172474471637,3888.9201705845535
500.20.3,500,2,ims,6,6/8,3874.3002691916154,3888.9201705845535
500.20.3,500,2,ims,7,7/8,3874.3002691916154,3888.9201705845535
500.20.3,500,2,ims,8,8/8,3865.4335582942513,3888.9201705845535
500.20.3,500,3,ims,0,0/8,10451.171285195116,3888.9201705845535
500.20.3,500,3,ims,1,1/8,3888.8680728104814,3888.9201705845535
500.20.3,500,3,ims,2,2/8,3885.9164956863997,3888.9201705845535
500.20.3,500,3,ims,3,3/8,3879.592050673069,3888.9201705845535
500.20.3,500,3,ims,4,4/8,3860.4217709061186,3888.9201705845535
500.20.3,500,3,ims,5,5/8,3860.4217709061186,3888.9201705845535
500.20.3,500,3,ims,6,6/8,3860.4217709061186,3888.9201705845535
500.20.3,500,3,ims,7,7/8,3860.4217709061186,3888.9201705845535
500.20.3,500,3,ims,8,8/8,3860.4217709061186,3888.9201705845535
500.20.3,500,4,ims,0,0/8,10342.31681629951,3888.9201705845535
500.20.3,500,4,ims,1,1/8,3939.0711119333314,3888.9201705845535
500.20.3,500,4,ims,2,2/8,3923.6598214259293,3888.9201705845535
500.20.3,500,4,ims,3,3/8,3905.573513832243,3888.9201705845535
500.20.3,500,4,ims,4,4/8,3898.714585314297,3888.9201705845535
500.20.3,500,4,ims,5,5/8,3884.572204362161,3888.9201705845535
500.20.3,500,4,ims,6,6/8,3860.6784493975024,3888.9201705845535
500.20.3,500,4,ims,7,7/8,3860.6784493975024,3888.9201705845535
500.20.3,500,4,ims,8,8/8,3860.6784493975024,3888.9201705845535
500.20.3,500,5,ims,0,0/8,8918.845328740363,3888.9201705845535
500.20.3,500,5,ims,1,1/8,4007.5309554299597,3888.9201705845535
500.20.3,500,5,ims,2,2/8,3887.6526987268157,3888.9201705845535
500.20.3,500,5,ims,3,3/8,3870.8480410507964,3888.9201705845535
500.20.3,500,5,ims,4,4/8,3870.8480410507964,3888.9201705845535
500.20.3,500,5,ims,5,5/8,3860.2650593539897,3888.9201705845535
500.20.3,500,5,ims,6,6/8,3860.2650593539897,3888.9201705845535
500.20.3,500,5,ims,7,7/8,3860.2650593539897,3888.9201705845535
500.20.3,500,5,ims,8,8/8,3844.390042596238,3888.9201705845535
500.20.3,500,6,ims,0,0/8,10442.409423635458,3888.9201705845535
500.20.3,500,6,ims,1,1/8,4019.636182085892,3888.9201705845535
500.20.3,500,6,ims,2,2/8,3901.7361375416126,3888.9201705845535
500.20.3,500,6,ims,3,3/8,3901.7361375416126,3888.9201705845535
500.20.3,500,6,ims,4,4/8,3893.068232575343,3888.9201705845535
500.20.3,500,6,ims,5,5/8,3881.9159896516685,3888.9201705845535
500.20.3,500,6,ims,6,6/8,3880.2486244220436,3888.9201705845535
500.20.3,500,6,ims,7,7/8,3870.6887342311857,3888.9201705845535
500.20.3,500,6,ims,8,8/8,3870.6887342311857,3888.9201705845535
500.20.3,500,7,ims,0,0/8,10240.391807578391,3888.9201705845535
500.20.3,500,7,ims,1,1/8,3924.6036037894046,3888.9201705845535
500.20.3,500,7,ims,2,2/8,3901.6915560335424,3888.9201705845535
500.20.3,500,7,ims,3,3/8,3882.298442051925,3888.9201705845535
500.20.3,500,7,ims,4,4/8,3882.298442051925,3888.9201705845535
500.20.3,500,7,ims,5,5/8,3880.323730946053,3888.9201705845535
500.20.3,500,7,ims,6,6/8,3880.323730946053,3888.9201705845535
500.20.3,500,7,ims,7,7/8,3880.323730946053,3888.9201705845535
500.20.3,500,7,ims,8,8/8,3880.323730946053,3888.9201705845535
500.20.3,500,8,ims,0,0/8,9906.319993721487,3888.9201705845535
500.20.3,500,8,ims,1,1/8,3886.1144582361276,3888.9201705845535
500.20.3,500,8,ims,2,2/8,3886.1144582361276,3888.9201705845535
500.20.3,500,8,ims,3,3/8,3886.1144582361276,3888.9201705845535
500.20.3,500,8,ims,4,4/8,3886.1144582361276,3888.9201705845535
500.20.3,500,8,ims,5,5/8,3886.1144582361276,3888.9201705845535
500.20.3,500,8,ims,6,6/8,3886.1144582361276,3888.9201705845535
500.20.3,500,8,ims,7,7/8,3885.8518251277324,3888.9201705845535
500.20.3,500,8,ims,8,8/8,3863.007505839524,3888.9201705845535
500.20.3,500,9,ims,0,0/8,9749.306466814669,3888.9201705845535
500.20.3,500,9,ims,1,1/8,3985.6802930315075,3888.9201705845535
500.20.3,500,9,ims,2,2/8,3886.019162011153,3888.9201705845535
500.20.3,500,9,ims,3,3/8,3876.4278245766072,3888.9201705845535
500.20.3,500,9,ims,4,4/8,3876.4278245766072,3888.9201705845535
500.20.3,500,9,ims,5,5/8,3876.4278245766072,3888.9201705845535
500.20.3,500,9,ims,6,6/8,3876.4278245766072,3888.9201705845535
500.20.3,500,9,ims,7,7/8,3876.4278245766072,3888.9201705845535
500.20.3,500,9,ims,8,8/8,3876.4278245766072,3888.9201705845535
500.20.3,500,10,ims,0,0/8,9764.268513413657,3888.9201705845535
500.20.3,500,10,ims,1,1/8,3916.059788626607,3888.9201705845535
500.20.3,500,10,ims,2,2/8,3868.740023321506,3888.9201705845535
500.20.3,500,10,ims,3,3/8,3867.3375891203755,3888.9201705845535
500.20.3,500,10,ims,4,4/8,3863.154803060784,3888.9201705845535
500.20.3,500,10,ims,5,5/8,3860.228871046244,3888.9201705845535
500.20.3,500,10,ims,6,6/8,3857.3657869320596,3888.9201705845535
500.20.3,500,10,ims,7,7/8,3857.3657869320596,3888.9201705845535
500.20.3,500,10,ims,8,8/8,3857.3657869320596,3888.9201705845535
500.20.4,500,1,ims,0,0/8,9005.739144686286,3797.9917549065894
500.20.4,500,1,ims,1,1/8,3848.234734969306,3797.9917549065894
500.20.4,500,1,ims,2,2/8,3826.4662155224355,3797.9917549065894
500.20.4,500,1,ims,3,3/8,3815.682325760066,3797.9917549065894
500.20.4,500,1,ims,4,4/8,3812.529862396668,3797.9917549065894
500.20.4,500,1,ims,5,5/8,3800.5634060401194,3797.9917549065894
500.20.4,500,1,ims,6,6/8,3800.5634060401194,3797.9917549065894
500.20.4,500,1,ims,7,7/8,3800.5634060401194,3797.9917549065894
500.20.4,500,1,ims,8,8/8,3798.123705227678,3797.9917549065894
500.20.4,500,2,ims,0,0/8,9382.530212170743,3797.9917549065894
500.20.4,500,2,ims,1,1/8,3884.5223244280633,3797.9917549065894
500.20.4,500,2,ims,2,2/8,3828.647696503028,3797.9917549065894
500.20.4,500,2,ims,3,3/8,3824.933044472331,3797.9917549065894
500.20.4,500,2,ims,4,4/8,3819.225395684024,3797.9917549065894
500.20.4,500,2,ims,5,5/8,3819.225395684024,3797.9917549065894
500.20.4,500,2,ims,6,6/8,3796.518338512987,3797.9917549065894
500.20.4,500,2,ims,7,7/8,3796.518338512987,3797.9917549065894
500.20.4,500,2,ims,8,8/8,3796.518338512987,3797.9917549065894
500.20.4,500,3,ims,0,0/8,8410.177025549981,3797.9917549065894
500.20.4,500,3,ims,1,1/8,3839.289193218663,3797.9917549065894
500.20.4,500,3,ims,2,2/8,3827.755071175288,3797.9917549065894
500.20.4,500,3,ims,3,3/8,3817.3989569153764,3797.9917549065894
500.20.4,500,3,ims,4,4/8,3815.435082263584,3797.9917549065894
500.20.4,500,3,ims,5,5/8,3806.472414948654,3797.9917549065894
500.20.4,500,3,ims,6,6/8,3806.472414948654,3797.9917549065894
500.20.4,500,3,ims,7,7/8,3806.472414948654,3797.9917549065894
500.20.4,500,3,ims,8,8/8,3806.472414948654,3797.9917549065894
500.20.4,500,4,ims,0,0/8,8303.309998349006,3797.9917549065894
500.20.4,500,4,ims,1,1/8,3854.6552901476243,3797.9917549065894
500.20.4,500,4,ims,2,2/8,3790.1577798436333,3797.9917549065894
500.20.4,500,4,ims,3,3/8,3790.1577798436333,3797.9917549065894
500.20.4,500,4,ims,4,4/8,3790.1577798436333,3797.9917549065894
500.20.4,500,4,ims,5,5/8,3790.1577798436333,3797.9917549065894
500.20.4,500,4,ims,6,6/8,3790.1577798436333,3797.9917549065894
500.20.4,500,4,ims,7,7/8,3790.1577798436333,3797.9917549065894
500.20.4,500,4,ims,8,8/8,3790.1577798436333,3797.9917549065894
500.20.4,500,5,ims,0,0/8,9520.373496742846,3797.9917549065894
500.20.4,500,5,ims,1,1/8,3897.0240661923613,3797.9917549065894
500.20.4,500,5,ims,2,2/8,3862.7613822055064,3797.9917549065894
500.20.4,500,5,ims,3,3/8,3839.7151693764226,3797.9917549065894
500.20.4,500,5,ims,4,4/8,3811.1191803395886,3797.9917549065894
500.20.4,500,5,ims,5,5/8,3807.044862641102,3797.9917549065894
500.20.4,500,5,ims,6,6/8,3806.100864101079,3797.9917549065894
500.20.4,500,5,ims,7,7/8,3805.8122363990597,3797.9917549065894
500.20.4,500,5,ims,8,8/8,3798.451002102556,3797.9917549065894
500.20.4,500,6,ims,0,0/8,8111.809535642658,3797.9917549065894
500.20.4,500,6,ims,1,1/8,3872.0398939778443,3797.9917549065894
500.20.4,500,6,ims,2,2/8,3840.5290910672284,3797.9917549065894
500.20.4,500,6,ims,3,3/8,3833.635981443353,3797.9917549065894
500.20.4,500,6,ims,4,4/8,3820.5167985831354,3797.9917549065894
500.20.4,500,6,ims,5,5/8,3817.0573753626727,3797.9917549065894
500.20.4,500,6,ims,6,6/8,3817.0573753626727,3797.9917549065894
500.20.4,500,6,ims,7,7/8,3817.0573753626727,3797.9917549065894
500.20.4,500,6,ims,8,8/8,3812.959295019484,3797.9917549065894
500.20.4,500,7,ims,0,0/8,9727.934455494023,3797.9917549065894
500.20.4,500,7,ims,1,1/8,3849.5409962791146,3797.9917549065894
500.20.4,500,7,ims,2,2/8,3838.5091700813714,3797.9917549065894
500.20.4,500,7,ims,3,3/8,3838.5091700813714,3797.9917549065894
500.20.4,500,7,ims,4,4/8,3828.344709484235,3797.9917549065894
500.20.4,500,7,ims,5,5/8,3826.462345409768,3797.9917549065894
500.20.4,500,7,ims,6,6/8,3803.179242375231,3797.9917549065894
500.20.4,500,7,ims,7,7/8,3803.179242375231,3797.9917549065894
500.20.4,500,7,ims,8,8/8,3803.179242375231,3797.9917549065894
500.20.4,500,8,ims,0,0/8,9705.177696136343,3797.9917549065894
500.20.4,500,8,ims,1,1/8,3910.562796868602,3797.9917549065894
500.20.4,500,8,ims,2,2/8,3834.453925236709,3797.9917549065894
500.20.4,500,8,ims,3,3/8,3828.1973336174565,3797.9917549065894
500.20.4,500,8,ims,4,4/8,3819.315231906021,3797.9917549065894
500.20.4,500,8,ims,5,5/8,3791.1811772322135,3797.9917549065894
500.20.4,500,8,ims,6,6/8,3791.1811772322135,3797.9917549065894
500.20.4,500,8,ims,7,7/8,3791.1811772322135,3797.9917549065894
500.20.4,500,8,ims,8,8/8,3791.1811772322135,3797.9917549065894
500.20.4,500,9,ims,0,0/8,9572.091533351242,3797.9917549065894
500.20.4,500,9,ims,1,1/8,3859.669872544214,3797.9917549065894
500.20.4,500,9,ims,2,2/8,3845.968062058493,3797.9917549065894
500.20.4,500,9,ims,3,3/8,3808.0957172386047,3797.9917549065894
500.20.4,500,9,ims,4,4/8,3800.517037215404,3797.9917549065894
500.20.4,500,9,ims,5,5/8,3798.9679399044335,3797.9917549065894
500.20.4,500,9,ims,6,6/8,3798.9679399044335,3797.9917549065894
500.20.4,500,9,ims,7,7/8,3785.2831257087655,3797.9917549065894
500.20.4,500,9,ims,8,8/8,3781.6463949341633,3797.9917549065894
500.20.4,500,10,ims,0,0/8,9423.163741667271,3797.9917549065894
500.20.4,500,10,ims,1,1/8,3863.1197902303275,3797.9917549065894
500.20.4,500,10,ims,2,2/8,3815.435082263584,3797.9917549065894
500.20.4,500,10,ims,3,3/8,3815.435082263584,3797.9917549065894
500.20.4,500,10,ims,4,4/8,3815.435082263584,3797.9917549065894
500.20.4,500,10,ims,5,5/8,3815.435082263584,3797.9917549065894
500.20.4,500,10,ims,6,6/8,3808.3681045007074,3797.9917549065894
500.20.4,500,10,ims,7,7/8,3808.3681045007074,3797.9917549065894
500.20.4,500,10,ims,8,8/8,3808.3681045007074,3797.9917549065894
500.30.1,500,1,ims,0,0/8,20765.22018377206,8009.518163624411
500.30.1,500,1,ims,1,1/8,8041.121036125889,8009.518163624411
500.30.1,500,1,ims,2,2/8,8030.392806067878,8009.518163624411
500.30.1,500,1,ims,3,3/8,8030.392806067878,8009.518163624411
500.30.1,500,1,ims,4,4/8,8027.884048004336,8009.518163624411
500.30.1,500,1,ims,5,5/8,8002.40092219639,8009.518163624411
500.30.1,500,1,ims,6,6/8,7993.270759863461,8009.518163624411
500.30.1,500,1,ims,7,7/8,7993.270759863461,8009.518163624411
500.30.1,500,1,ims,8,8/8,7993.270759863461,8009.518163624411
500.30.1,500,2,ims,0,0/8,19509.232596359285,8009.518163624411
500.30.1,500,2,ims,1,1/8,8130.060344161571,8009.518163624411
500.30.1,500,2,ims,2,2/8,8089.460815813726,8009.518163624411
500.30.1,500,2,ims,3,3/8,8079.5539330699485,8009.518163624411
500.30.1,500,2,ims,4,4/8,8079.5539330699485,8009.518163624411
500.30.1,500,2,ims,5,5/8,8072.529850080893,8009.518163624411
500.30.1,500,2,ims,6,6/8,8039.2413868238455,8009.518163624411
500.30.1,500,2,ims,7,7/8,8039.2413868238455,8009.518163624411
500.30.1,500,2,ims,8,8/8,8003.840311001827,8009.518163624411
500.30.1,500,3,ims,0,0/8,20559.590859854114,8009.518163624411
500.30.1,500,3,ims,1,1/8,8088.147289814028,8009.518163624411
500.30.1,500,3,ims,2,2/8,8054.433786588689,8009.518163624411
500.30.1,500,3,ims,3,3/8,8036.27906331658,8009.518163624411
500.30.1,500,3,ims,4,4/8,8036.27906331658,8009.518163624411
500.30.1,500,3,ims,5,5/8,8036.27906331658,8009.518163624411
500.30.1,500,3,ims,6,6/8,8036.27906331658,8009.518163624411
500.30.1,500,3,ims,7,7/8,8036.27906331658,8009.518163624411
500.30.1,500,3,ims,8,8/8,8021.3417526908925,8009.518163624411
500.30.1,500,4,ims,0,0/8,20153.70615374917,8009.518163624411
500.30.1,500,4,ims,1,1/8,8080.599646883504,8009.518163624411
500.30.1,500,4,ims,2,2/8,8048.08217843163,8009.518163624411
500.30.1,500,4,ims,3,3/8,8048.08217843163,8009.518163624411
500.30.1,500,4,ims,4,4/8,8048.08217843163,8009.518163624411
500.30.1,500,4,ims,5,5/8,8039.152788370771,8009.518163624411
500.30.1,500,4,ims,6,6/8,8039.152788370771,8009.518163624411
500.30.1,500,4,ims,7,7/8,8031.1274103817195,8009.518163624411
500.30.1,500,4,ims,8,8/8,8002.454694324913,8009.518163624411
500.30.1,500,5,ims,0,0/8,18784.558694848867,8009.518163624411
500.30.1,500,5,ims,1,1/8,8106.557793811935,8009.518163624411
500.30.1,500,5,ims,2,2/8,8102.554496433562,8009.518163624411
500.30.1,500,5,ims,3,3/8,8102.554496433562,8009.518163624411
500.30.1,500,5,ims,4,4/8,8022.925215313081,8009.518163624411
500.30.1,500,5,ims,5,5/8,7997.8629890960365,8009.518163624411
500.30.1,500,5,ims,6,6/8,7997.8629890960365,8009.518163624411
500.30.1,500,5,ims,7,7/8,7975.553405649014,8009.518163624411
500.30.1,500,5,ims,8,8/8,7975.553405649014,8009.518163624411
500.30.1,500,6,ims,0,0/8,20936.551604306133,8009.518163624411
500.30.1,500,6,ims,1,1/8,8084.248037989988,8009.518163624411
500.30.1,500,6,ims,2,2/8,8065.1194801388065,8009.518163624411
500.30.1,500,6,ims,3,3/8,8065.1194801388065,8009.518163624411
500.30.1,500,6,ims,4,4/8,8065.1194801388065,8009.518163624411
500.30.1,500,6,ims,5,5/8,8065.1194801388065,8009.518163624411
500.30.1,500,6,ims,6,6/8,8065.1194801388065,8009.518163624411
500.30.1,500,6,ims,7,7/8,8065.1194801388065,8009.518163624411
500.30.1,500,6,ims,8,8/8,8061.642873662409,8009.518163624411
500.30.1,500,7,ims,0,0/8,20603.037128609638,8009.518163624411
500.30.1,500,7,ims,1,1/8,8115.924762311513,8009.518163624411
500.30.1,500,7,ims,2,2/8,8020.497908366462,8009.518163624411
500.30.1,500,7,ims,3,3/8,7999.855075449075,8009.518163624411
500.30.1,500,7,ims,4,4/8,7999.855075449075,8009.518163624411
500.30.1,500,7,ims,5,5/8,7999.855075449075,8009.518163624411
500.30.1,500,7,ims,6,6/8,7999.855075449075,8009.518163624411
500.30.1,500,7,ims,7,7/8,7999.855075449075,8009.518163624411
500.30.1,500,7,ims,8,8/8,7999.855075449075,8009.518163624411
500.30.1,500,8,ims,0,0/8,20782.34702990805,8009.518163624411
500.30.1,500,8,ims,1,1/8,8068.6291818077225,8009.518163624411
500.30.1,500,8,ims,2,2/8,8068.6291818077225,8009.518163624411
500.30.1,500,8,ims,3,3/8,8053.266045842215,8009.518163624411
500.30.1,500,8,ims,4,4/8,8053.266045842215,8009.518163624411
500.30.1,500,8,ims,5,5/8,8053.266045842215,8009.518163624411
500.30.1,500,8,ims,6,6/8,8053.266045842215,8009.518163624411
500.30.1,500,8,ims,7,7/8,8047.772447241921,8009.518163624411
500.30.1,500,8,ims,8,8/8,8017.211497988032,8009.518163624411
500.30.1,500,9,ims,0,0/8,20360.504531409668,8009.518163624411
500.30.1,500,9,ims,1,1/8,8088.94003037646,8009.518163624411
500.30.1,500,9,ims,2,2/8,8081.136588294527,8009.518163624411
500.30.1,500,9,ims,3,3/8,8081.136588294527,8009.518163624411
500.30.1,500,9,ims,4,4/8,8060.092665331016,8009.518163624411
500.30.1,500,9,ims,5,5/8,8054.493697000809,8009.518163624411
500.30.1,500,9,ims,6,6/8,8054.493697000809,8009.518163624411
500.30.1,500,9,ims,7,7/8,8040.582972245467,8009.518163624411
500.30.1,500,9,ims,8,8/8,8040.582972245467,8009.518163624411
500.30.1,500,10,ims,0,0/8,20315.639279656185,8009.518163624411
500.30.1,500,10,ims,1,1/8,8083.542278996521,8009.518163624411
500.30.1,500,10,ims,2,2/8,8083.542278996521,8009.518163624411
500.30.1,500,10,ims,3,3/8,8083.542278996521,8009.518163624411
500.30.1,500,10,ims,4,4/8,8065.493381224506,8009.518163624411
500.30.1,500,10,ims,5,5/8,8065.493381224506,8009.518163624411
500.30.1,500,10,ims,6,6/8,8065.493381224506,8009.518163624411
500.30.1,500,10,ims,7,7/8,8065.493381224506,8009.518163624411
500.30.1,500,10,ims,8,8/8,8065.493381224506,8009.518163624411
500.30.2,500,1,ims,0,0/8,20955.57511266935,8238.766724977351
500.30.2,500,1,ims,1,1/8,8240.774073635645,8238.766724977351
500.30.2,500,1,ims,2,2/8,8197.308723601702,8238.766724977351
500.30.2,500,1,ims,3,3/8,8197.308723601702,8238.766724977351
500.30.2,500,1,ims,4,4/8,8190.893743193981,8238.766724977351
500.30.2,500,1,ims,5,5/8,8159.387692302626,8238.766724977351
500.30.2,500,1,ims,6,6/8,8159.387692302626,8238.766724977351
500.30.2,500,1,ims,7,7/8,8159.387692302626,8238.766724977351
500.30.2,500,1,ims,8,8/8,8159.387692302626,8238.766724977351
500.30.2,500,2,ims,0,0/8,20740.488781968903,8238.766724977351
500.30.2,500,2,ims,1,1/8,8290.657894700054,8238.766724977351
500.30.2,500,2,ims,2,2/8,8201.169917964628,8238.766724977351
500.30.2,500,2,ims,3,3/8,8160.91709135491,8238.766724977351
500.30.2,500,2,ims,4,4/8,8160.91709135491,8238.766724977351
500.30.2,500,2,ims,5,5/8,8160.195003031165,8238.766724977351
500.30.2,500,2,ims,6,6/8,8160.195003031165,8238.766724977351
500.30.2,500,2,ims,7,7/8,8160.195003031165,8238.766724977351
500.30.2,500,2,ims,8,8/8,8160.195003031165,8238.766724977351
500.30.2,500,3,ims,0,0/8,20437.312430024504,8238.766724977351
500.30.2,500,3,ims,1,1/8,8236.995055587602,8238.766724977351
500.30.2,500,3,ims,2,2/8,8215.055187208867,8238.766724977351
500.30.2,500,3,ims,3,3/8,8181.983957031772,8238.766724977351
500.30.2,500,3,ims,4,4/8,8181.983957031772,8238.766724977351
500.30.2,500,3,ims,5,5/8,8181.983957031772,8238.766724977351
500.30.2,500,3,ims,6,6/8,8181.983957031772,8238.766724977351
500.30.2,500,3,ims,7,7/8,8181.62977858983,8238.766724977351
500.30.2,500,3,ims,8,8/8,8162.6189259180555,8238.766724977351
500.30.2,500,4,ims,0,0/8,20948.8448053219,8238.766724977351
500.30.2,500,4,ims,1,1/8,8244.570017774897,8238.766724977351
500.30.2,500,4,ims,2,2/8,8236.484745775384,8238.766724977351
500.30.2,500,4,ims,3,3/8,8236.312983201125,8238.766724977351
500.30.2,500,4,ims,4,4/8,8236.312983201125,8238.766724977351
500.30.2,500,4,ims,5,5/8,8236.312983201125,8238.766724977351
500.30.2,500,4,ims,6,6/8,8236.312983201125,8238.766724977351
500.30.2,500,4,ims,7,7/8,8224.667668845428,8238.766724977351
500.30.2,500,4,ims,8,8/8,8224.667668845428,8238.766724977351
500.30.2,500,5,ims,0,0/8,19671.684427639644,8238.766724977351
500.30.2,500,5,ims,1,1/8,8295.3675547441,8238.766724977351
500.30.2,500,5,ims,2,2/8,8225.854555016074,8238.766724977351
500.30.2,500,5,ims,3,3/8,8225.73096869777,8238.766724977351
500.30.2,500,5,ims,4,4/8,8202.595730634946,8238.766724977351
500.30.2,500,5,ims,5,5/8,8202.595730634946,8238.766724977351
500.30.2,500,5,ims,6,6/8,8198.791822460036,8238.766724977351
500.30.2,500,5,ims,7,7/8,8198.791822460036,8238.766724977351
500.30.2,500,5,ims,8,8/8,8198.791822460036,8238.766724977351
500.30.2,500,6,ims,0,0/8,21084.036896422414,8238.766724977351
500.30.2,500,6,ims,1,1/8,8231.398748471782,8238.766724977351
500.30.2,500,6,ims,2,2/8,8226.620623366089,8238.766724977351
500.30.2,500,6,ims,3,3/8,8226.620623366089,8238.766724977351
500.30.2,500,6,ims,4,4/8,8185.97122518088,8238.766724977351
500.30.2,500,6,ims,5,5/8,8185.97122518088,8238.766724977351
500.30.2,500,6,ims,6,6/8,8185.97122518088,8238.766724977351
500.30.2,500,6,ims,7,7/8,8185.97122518088,8238.766724977351
500.30.2,500,6,ims,8,8/8,8161.623105251263,8238.766724977351
500.30.2,500,7,ims,0,0/8,20102.27674256489,8238.766724977351
500.30.2,500,7,ims,1,1/8,8257.819414617152,8238.766724977351
500.30.2,500,7,ims,2,2/8,8203.993183116407,8238.766724977351
500.30.2,500,7,ims,3,3/8,8203.993183116407,8238.766724977351
500.30.2,500,7,ims,4,4/8,8203.993183116407,8238.766724977351
500.30.2,500,7,ims,5,5/8,8203.993183116407,8238.766724977351
500.30.2,500,7,ims,6,6/8,8203.993183116407,8238.766724977351
500.30.2,500,7,ims,7,7/8,8203.993183116407,8238.766724977351
500.30.2,500,7,ims,8,8/8,8203.993183116407,8238.766724977351
500.30.2,500,8,ims,0,0/8,21717.289794423075,8238.766724977351
500.30.2,500,8,ims,1,1/8,8313.905462930321,8238.766724977351
500.30.2,500,8,ims,2,2/8,8253.77650012869,8238.766724977351
500.30.2,500,8,ims,3,3/8,8199.737052267214,8238.766724977351
500.30.2,500,8,ims,4,4/8,8199.737052267214,8238.766724977351
500.30.2,500,8,ims,5,5/8,8199.737052267214,8238.766724977351
500.30.2,500,8,ims,6,6/8,8199.737052267214,8238.766724977351
500.30.2,500,8,ims,7,7/8,8199.737052267214,8238.766724977351
500.30.2,500,8,ims,8,8/8,8192.478028990587,8238.766724977351
500.30.2,500,9,ims,0,0/8,20989.33294122071,8238.766724977351
500.30.2,500,9,ims,1,1/8,8278.959614462625,8238.766724977351
500.30.2,500,9,ims,2,2/8,8243.963039539893,8238.766724977351
500.30.2,500,9,ims,3,3/8,8215.682749106436,8238.766724977351
500.30.2,500,9,ims,4,4/8,8205.823429582662,8238.766724977351
500.30.2,500,9,ims,5,5/8,8205.823429582662,8238.766724977351
500.30.2,500,9,ims,6,6/8,8182.439889737245,8238.766724977351
500.30.2,500,9,ims,7,7/8,8160.627671756456,8238.766724977351
500.30.2,500,9,ims,8,8/8,8156.544804298631,8238.766724977351
500.30.2,500,10,ims,0,0/8,21121.12458283696,8238.766724977351
500.30.2,500,10,ims,1,1/8,8282.698610406358,8238.766724977351
500.30.2,500,10,ims,2,2/8,8220.937200479373,8238.766724977351
500.30.2,500,10,ims,3,3/8,8220.937200479373,8238.766724977351
500.30.2,500,10,ims,4,4/8,8220.937200479373,8238.766724977351
500.30.2,500,10,ims,5,5/8,8193.689076248793,8238.766724977351
500.30.2,500,10,ims,6,6/8,8165.2966903384295,8238.766724977351
500.30.2,500,10,ims,7,7/8,8165.2966903384295,8238.766724977351
500.30.2,500,10,ims,8,8/8,8165.2966903384295,8238.766724977351
500.30.3,500,1,ims,0,0/8,18483.52571431882,8065.710092023437
500.30.3,500,1,ims,1,1/8,8128.662327052489,8065.710092023437
500.30.3,500,1,ims,2,2/8,8128.662327052489,8065.710092023437
500.30.3,500,1,ims,3,3/8,8128.146094103113,8065.710092023437
500.30.3,500,1,ims,4,4/8,8106.816230043087,8065.710092023437
500.30.3,500,1,ims,5,5/8,8106.816230043087,8065.710092023437
500.30.3,500,1,ims,6,6/8,8106.816230043087,8065.710092023437
500.30.3,500,1,ims,7,7/8,8097.515297227067,8065.710092023437
500.30.3,500,1,ims,8,8/8,8093.905772163523,8065.710092023437
500.30.3,500,2,ims,0,0/8,19950.549392764617,8065.710092023437
500.30.3,500,2,ims,1,1/8,8139.36906041112,8065.710092023437
500.30.3,500,2,ims,2,2/8,8116.381942766476,8065.710092023437
500.30.3,500,2,ims,3,3/8,8116.381942766476,8065.710092023437
500.30.3,500,2,ims,4,4/8,8097.221874807141,8065.710092023437
500.30.3,500,2,ims,5,5/8,8067.044667792996,8065.710092023437
500.30.3,500,2,ims,6,6/8,8066.970259306072,8065.710092023437
500.30.3,500,2,ims,7,7/8,8066.970259306072,8065.710092023437
500.30.3,500,2,ims,8,8/8,8066.970259306072,8065.710092023437
500.30.3,500,3,ims,0,0/8,19330.56502690177,8065.710092023437
500.30.3,500,3,ims,1,1/8,8191.03502219405,8065.710092023437
500.30.3,500,3,ims,2,2/8,8139.37761006462,8065.710092023437
500.30.3,500,3,ims,3,3/8,8078.406036906716,8065.710092023437
500.30.3,500,3,ims,4,4/8,8078.406036906716,8065.710092023437
500.30.3,500,3,ims,5,5/8,8078.406036906716,8065.710092023437
500.30.3,500,3,ims,6,6/8,8078.406036906716,8065.710092023437
500.30.3,500,3,ims,7,7/8,8078.406036906716,8065.710092023437
500.30.3,500,3,ims,8,8/8,8078.406036906716,8065.710092023437
500.30.3,500,4,ims,0,0/8,20683.863921567056,8065.710092023437
500.30.3,500,4,ims,1,1/8,8165.043738858261,8065.710092023437
500.30.3,500,4,ims,2,2/8,8156.579592041222,8065.710092023437
500.30.3,500,4,ims,3,3/8,8120.687802643491,8065.710092023437
500.30.3,500,4,ims,4,4/8,8120.687802643491,8065.710092023437
500.30.3,500,4,ims,5,5/8,8120.687802643491,8065.710092023437
500.30.3,500,4,ims,6,6/8,8118.940545554625,8065.710092023437
500.30.3,500,4,ims,7,7/8,8118.940545554625,8065.710092023437
500.30.3,500,4,ims,8,8/8,8110.05093095934,8065.710092023437
500.30.3,500,5,ims,0,0/8,20995.721179674933,8065.710092023437
500.30.3,500,5,ims,1,1/8,8216.307035008807,8065.710092023437
500.30.3,500,5,ims,2,2/8,8178.094055978483,8065.710092023437
500.30.3,500,5,ims,3,3/8,8066.524510297482,8065.710092023437
500.30.3,500,5,ims,4,4/8,8066.524510297482,8065.710092023437
500.30.3,500,5,ims,5,5/8,8066.524510297482,8065.710092023437
500.30.3,500,5,ims,6,6/8,8066.524510297482,8065.710092023437
500.30.3,500,5,ims,7,7/8,8066.524510297482,8065.710092023437
500.30.3,500,5,ims,8,8/8,8066.524510297482,8065.710092023437
500.30.3,500,6,ims,0,0/8,20642.950622808065,8065.710092023437
500.30.3,500,6,ims,1,1/8,8113.965648723272,8065.710092023437
500.30.3,500,6,ims,2,2/8,8065.215188374372,8065.710092023437
500.30.3,500,6,ims,3,3/8,8065.215188374372,8065.710092023437
500.30.3,500,6,ims,4,4/8,8065.215188374372,8065.710092023437
500.30.3,500,6,ims,5,5/8,8065.215188374372,8065.710092023437
500.30.3,500,6,ims,6,6/8,8065.215188374372,8065.710092023437
500.30.3,500,6,ims,7,7/8,8065.215188374372,8065.710092023437
500.30.3,500,6,ims,8,8/8,8065.215188374372,8065.710092023437
500.30.3,500,7,ims,0,0/8,19826.442597668985,8065.710092023437
500.30.3,500,7,ims,1,1/8,8169.663827690193,8065.710092023437
500.30.3,500,7,ims,2,2/8,8118.625551125074,8065.710092023437
500.30.3,500,7,ims,3,3/8,8098.285109889815,8065.710092023437
500.30.3,500,7,ims,4,4/8,8098.285109889815,8065.710092023437
500.30.3,500,7,ims,5,5/8,8084.340713347666,8065.710092023437
500.30.3,500,7,ims,6,6/8,8084.340713347666,8065.710092023437
500.30.3,500,7,ims,7,7/8,8084.340713347666,8065.710092023437
500.30.3,500,7,ims,8,8/8,8084.340713347666,8065.710092023437
500.30.3,500,8,ims,0,0/8,19771.12857491328,8065.710092023437
500.30.3,500,8,ims,1,1/8,8155.173510071019,8065.710092023437
500.30.3,500,8,ims,2,2/8,8121.155683746865,8065.710092023437
500.30.3,500,8,ims,3,3/8,8091.163768223258,8065.710092023437
500.30.3,500,8,ims,4,4/8,8091.163768223258,8065.710092023437
500.30.3,500,8,ims,5,5/8,8089.9724096777345,8065.710092023437
500.30.3,500,8,ims,6,6/8,8089.9724096777345,8065.710092023437
500.30.3,500,8,ims,7,7/8,8089.9724096777345,8065.710092023437
500.30.3,500,8,ims,8,8/8,8089.9724096777345,8065.710092023437
500.30.3,500,9,ims,0,0/8,20206.83346033183,8065.710092023437
500.30.3,500,9,ims,1,1/8,8150.200680629258,8065.710092023437
500.30.3,500,9,ims,2,2/8,8150.200680629258,8065.710092023437
500.30.3,500,9,ims,3,3/8,8134.821555996728,8065.710092023437
500.30.3,500,9,ims,4,4/8,8088.999892716942,8065.710092023437
500.30.3,500,9,ims,5,5/8,8088.999892716942,8065.710092023437
500.30.3,500,9,ims,6,6/8,8088.999892716942,8065.710092023437
500.30.3,500,9,ims,7,7/8,8088.999892716942,8065.710092023437
500.30.3,500,9,ims,8,8/8,8088.999892716942,8065.710092023437
500.30.3,500,10,ims,0,0/8,19763.593006491694,8065.710092023437
500.30.3,500,10,ims,1,1/8,8193.38270644204,8065.710092023437
500.30.3,500,10,ims,2,2/8,8115.273232417321,8065.710092023437
500.30.3,500,10,ims,3,3/8,8095.543865755286,8065.710092023437
500.30.3,500,10,ims,4,4/8,8082.482650224054,8065.710092023437
500.30.3,500,10,ims,5,5/8,8053.509324592844,8065.710092023437
500.30.3,500,10,ims,6,6/8,8053.509324592844,8065.710092023437
500.30.3,500,10,ims,7,7/8,8053.509324592844,8065.710092023437
500.30.3,500,10,ims,8,8/8,8053.509324592844,8065.710092023437
500.30.4,500,1,ims,0,0/8,20762.361693681727,8197.555813456434
500.30.4,500,1,ims,1,1/8,8265.729885379276,8197.555813456434
500.30.4,500,1,ims,2,2/8,8210.260473412365,8197.555813456434
500.30.4,500,1,ims,3,3/8,8190.7883632910325,8197.555813456434
500.30.4,500,1,ims,4,4/8,8181.227111017808,8197.555813456434
500.30.4,500,1,ims,5,5/8,8181.227111017808,8197.555813456434
500.30.4,500,1,ims,6,6/8,8181.227111017808,8197.555813456434
500.30.4,500,1,ims,7,7/8,8181.227111017808,8197.555813456434
500.30.4,500,1,ims,8,8/8,8181.227111017808,8197.555813456434
500.30.4,500,2,ims,0,0/8,20181.946089132376,8197.555813456434
500.30.4,500,2,ims,1,1/8,8235.356123920852,8197.555813456434
500.30.4,500,2,ims,2,2/8,8229.712181654575,8197.555813456434
500.30.4,500,2,ims,3,3/8,8200.323461905475,8197.555813456434
500.30.4,500,2,ims,4,4/8,8174.072739373991,8197.555813456434
500.30.4,500,2,ims,5,5/8,8161.573801197639,8197.555813456434
500.30.4,500,2,ims,6,6/8,8161.573801197639,8197.555813456434
500.30.4,500,2,ims,7,7/8,8161.573801197639,8197.555813456434
500.30.4,500,2,ims,8,8/8,8160.122997403515,8197.555813456434
500.30.4,500,3,ims,0,0/8,21285.60470821133,8197.555813456434
500.30.4,500,3,ims,1,1/8,8244.744761553917,8197.555813456434
500.30.4,500,3,ims,2,2/8,8167.595552798639,8197.555813456434
500.30.4,500,3,ims,3,3/8,8167.595552798639,8197.555813456434
500.30.4,500,3,ims,4,4/8,8167.595552798639,8197.555813456434
500.30.4,500,3,ims,5,5/8,8167.595552798639,8197.555813456434
500.30.4,500,3,ims,6,6/8,8167.595552798639,8197.555813456434
500.30.4,500,3,ims,7,7/8,8167.595552798639,8197.555813456434
500.30.4,500,3,ims,8,8/8,8167.595552798639,8197.555813456434
500.30.4,500,4,ims,0,0/8,20883.61813294154,8197.555813456434
500.30.4,500,4,ims,1,1/8,8223.46777198161,8197.555813456434
500.30.4,500,4,ims,2,2/8,8204.00758619267,8197.555813456434
500.30.4,500,4,ims,3,3/8,8204.00758619267,8197.555813456434
500.30.4,500,4,ims,4,4/8,8204.00758619267,8197.555813456434
500.30.4,500,4,ims,5,5/8,8204.00758619267,8197.555813456434
500.30.4,500,4,ims,6,6/8,8204.00758619267,8197.555813456434
500.30.4,500,4,ims,7,7/8,8168.148253513265,8197.555813456434
500.30.4,500,4,ims,8,8/8,8168.148253513265,8197.555813456434
500.30.4,500,5,ims,0,0/8,20638.034387181986,8197.555813456434
500.30.4,500,5,ims,1,1/8,8171.408780514343,8197.555813456434
500.30.4,500,5,ims,2,2/8,8151.381045512619,8197.555813456434
500.30.4,500,5,ims,3,3/8,8151.381045512619,8197.555813456434
500.30.4,500,5,ims,4,4/8,8142.2489879075165,8197.555813456434
500.30.4,500,5,ims,5,5/8,8139.608727573491,8197.555813456434
500.30.4,500,5,ims,6,6/8,8131.153610534529,8197.555813456434
500.30.4,500,5,ims,7,7/8,8131.153610534529,8197.555813456434
500.30.4,500,5,ims,8,8/8,8131.153610534529,8197.555813456434
500.30.4,500,6,ims,0,0/8,17763.88227411111,8197.555813456434
500.30.4,500,6,ims,1,1/8,8326.789717703341,8197.555813456434
500.30.4,500,6,ims,2,2/8,8212.788220533683,8197.555813456434
500.30.4,500,6,ims,3,3/8,8212.788220533683,8197.555813456434
500.30.4,500,6,ims,4,4/8,8212.788220533683,8197.555813456434
500.30.4,500,6,ims,5,5/8,8198.75401555157,8197.555813456434
500.30.4,500,6,ims,6,6/8,8198.75401555157,8197.555813456434
500.30.4,500,6,ims,7,7/8,8180.01839573817,8197.555813456434
500.30.4,500,6,ims,8,8/8,8163.288210667933,8197.555813456434
500.30.4,500,7,ims,0,0/8,21245.007332952337,8197.555813456434
500.30.4,500,7,ims,1,1/8,8277.072165470794,8197.555813456434
500.30.4,500,7,ims,2,2/8,8228.49600710823,8197.555813456434
500.30.4,500,7,ims,3,3/8,8195.655487883556,8197.555813456434
500.30.4,500,7,ims,4,4/8,8195.655487883556,8197.555813456434
500.30.4,500,7,ims,5,5/8,8195.655487883556,8197.555813456434
500.30.4,500,7,ims,6,6/8,8185.692203536174,8197.555813456434
500.30.4,500,7,ims,7,7/8,8185.692203536174,8197.555813456434
500.30.4,500,7,ims,8,8/8,8185.692203536174,8197.555813456434
500.30.4,500,8,ims,0,0/8,21111.609671106136,8197.555813456434
500.30.4,500,8,ims,1,1/8,8223.606832579955,8197.555813456434
500.30.4,500,8,ims,2,2/8,8183.735654216875,8197.555813456434
500.30.4,500,8,ims,3,3/8,8179.278153029933,8197.555813456434
500.30.4,500,8,ims,4,4/8,8179.278153029933,8197.555813456434
500.30.4,500,8,ims,5,5/8,8179.278153029933,8197.555813456434
500.30.4,500,8,ims,6,6/8,8179.278153029933,8197.555813456434
500.30.4,500,8,ims,7,7/8,8179.278153029933,8197.555813456434
500.30.4,500,8,ims,8,8/8,8179.278153029933,8197.555813456434
500.30.4,500,9,ims,0,0/8,21191.844582487545,8197.555813456434
500.30.4,500,9,ims,1,1/8,8243.03848525053,8197.555813456434
500.30.4,500,9,ims,2,2/8,8219.785415286497,8197.555813456434
500.30.4,500,9,ims,3,3/8,8219.785415286497,8197.555813456434
500.30.4,500,9,ims,4,4/8,8192.555049028331,8197.555813456434
500.30.4,500,9,ims,5,5/8,8192.555049028331,8197.555813456434
500.30.4,500,9,ims,6,6/8,8192.555049028331,8197.555813456434
500.30.4,500,9,ims,7,7/8,8177.399661299547,8197.555813456434
500.30.4,500,9,ims,8,8/8,8177.399661299547,8197.555813456434
500.30.4,500,10,ims,0,0/8,20480.459315637145,8197.555813456434
500.30.4,500,10,ims,1,1/8,8300.339153101297,8197.555813456434
500.30.4,500,10,ims,2,2/8,8205.683307581701,8197.555813456434
500.30.4,500,10,ims,3,3/8,8205.683307581701,8197.555813456434
500.30.4,500,10,ims,4,4/8,8205.683307581701,8197.555813456434
500.30.4,500,10,ims,5,5/8,8205.683307581701,8197.555813456434
500.30.4,500,10,ims,6,6/8,8203.83593183994,8197.555813456434
500.30.4,500,10,ims,7,7/8,8174.719627273035,8197.555813456434
500.30.4,500,10,ims,8,8/8,8174.719627273035,8197.555813456434
500.40.2,500,1,ims,0,0/8,38595.82807802704,14573.038435559924
500.40.2,500,1,ims,1,1/8,14675.563359576883,14573.038435559924
500.40.2,500,1,ims,2,2/8,14643.068574169247,14573.038435559924
500.40.2,500,1,ims,3,3/8,14522.507428991514,14573.038435559924
500.40.2,500,1,ims,4,4/8,14468.641623472438,14573.038435559924
500.40.2,500,1,ims,5,5/8,14468.641623472438,14573.038435559924
500.40.2,500,1,ims,6,6/8,14468.641623472438,14573.038435559924
500.40.2,500,1,ims,7,7/8,14468.641623472438,14573.038435559924
500.40.2,500,1,ims,8,8/8,14468.641623472438,14573.038435559924
500.40.2,500,2,ims,0,0/8,39378.353256904265,14573.038435559924
500.40.2,500,2,ims,1,1/8,14785.507158011347,14573.038435559924
500.40.2,500,2,ims,2,2/8,14677.176146843834,14573.038435559924
500.40.2,500,2,ims,3,3/8,14547.221551110637,14573.038435559924
500.40.2,500,2,ims,4,4/8,14425.335276770718,14573.038435559924
500.40.2,500,2,ims,5,5/8,14425.335276770718,14573.038435559924
500.40.2,500,2,ims,6,6/8,14425.335276770718,14573.038435559924
500.40.2,500,2,ims,7,7/8,14425.335276770718,14573.038435559924
500.40.2,500,2,ims,8,8/8,14425.335276770718,14573.038435559924
500.40.2,500,3,ims,0,0/8,40199.265736879235,14573.038435559924
500.40.2,500,3,ims,1,1/8,14821.07967351586,14573.038435559924
500.40.2,500,3,ims,2,2/8,14736.834620639047,14573.038435559924
500.40.2,500,3,ims,3,3/8,14730.89973705953,14573.038435559924
500.40.2,500,3,ims,4,4/8,14651.070721331018,14573.038435559924
500.40.2,500,3,ims,5,5/8,14623.882249969916,14573.038435559924
500.40.2,500,3,ims,6,6/8,14606.820919433287,14573.038435559924
500.40.2,500,3,ims,7,7/8,14498.441691375465,14573.038435559924
500.40.2,500,3,ims,8,8/8,14496.395626471596,14573.038435559924
500.40.2,500,4,ims,0,0/8,39614.25103861182,14573.038435559924
500.40.2,500,4,ims,1,1/8,14890.19044561069,14573.038435559924
500.40.2,500,4,ims,2,2/8,14673.852321919254,14573.038435559924
500.40.2,500,4,ims,3,3/8,14634.947479114555,14573.038435559924
500.40.2,500,4,ims,4,4/8,14497.59447041591,14573.038435559924
500.40.2,500,4,ims,5,5/8,14497.59447041591,14573.038435559924
500.40.2,500,4,ims,6,6/8,14497.59447041591,14573.038435559924
500.40.2,500,4,ims,7,7/8,14497.59447041591,14573.038435559924
500.40.2,500,4,ims,8,8/8,14483.364651814227,14573.038435559924
500.40.2,500,5,ims,0,0/8,38644.88298577402,14573.038435559924
500.40.2,500,5,ims,1,1/8,14698.942686198592,14573.038435559924
500.40.2,500,5,ims,2,2/8,14628.211236300795,14573.038435559924
500.40.2,500,5,ims,3,3/8,14628.211236300795,14573.038435559924
500.40.2,500,5,ims,4,4/8,14628.211236300795,14573.038435559924
500.40.2,500,5,ims,5,5/8,14628.211236300795,14573.038435559924
500.40.2,500,5,ims,6,6/8,14628.211236300795,14573.038435559924
500.40.2,500,5,ims,7,7/8,14581.875621569856,14573.038435559924
500.40.2,500,5,ims,8,8/8,14494.82541770555,14573.038435559924
500.40.2,500,6,ims,0,0/8,40852.21722500417,14573.038435559924
500.40.2,500,6,ims,1,1/8,14786.174467281311,14573.038435559924
500.40.2,500,6,ims,2,2/8,14670.737522983754,14573.038435559924
500.40.2,500,6,ims,3,3/8,14618.25482466616,14573.038435559924
500.40.2,500,6,ims,4,4/8,14599.676190789001,14573.038435559924
500.40.2,500,6,ims,5,5/8,14491.173279617387,14573.038435559924
500.40.2,500,6,ims,6,6/8,14453.30245051965,14573.038435559924
500.40.2,500,6,ims,7,7/8,14453.30245051965,14573.038435559924
500.40.2,500,6,ims,8,8/8,14453.30245051965,14573.038435559924
500.40.2,500,7,ims,0,0/8,40242.84768665754,14573.038435559924
500.40.2,500,7,ims,1,1/8,14831.85249065783,14573.038435559924
500.40.2,500,7,ims,2,2/8,14724.600644070084,14573.038435559924
500.40.2,500,7,ims,3,3/8,14597.005239418979,14573.038435559924
500.40.2,500,7,ims,4,4/8,14597.005239418979,14573.038435559924
500.40.2,500,7,ims,5,5/8,14597.005239418979,14573.038435559924
500.40.2,500,7,ims,6,6/8,14597.005239418979,14573.038435559924
500.40.2,500,7,ims,7,7/8,14597.005239418979,14573.038435559924
500.40.2,500,7,ims,8,8/8,14597.005239418979,14573.038435559924
500.40.2,500,8,ims,0,0/8,39063.57670933734,14573.038435559924
500.40.2,500,8,ims,1,1/8,14768.820871305474,14573.038435559924
500.40.2,500,8,ims,2,2/8,14667.560643235462,14573.038435559924
500.40.2,500,8,ims,3,3/8,14573.160664841416,14573.038435559924
500.40.2,500,8,ims,4,4/8,14465.956295290945,14573.038435559924
500.40.2,500,8,ims,5,5/8,14411.611228706002,14573.038435559924
500.40.2,500,8,ims,6,6/8,14411.611228706002,14573.038435559924
500.40.2,500,8,ims,7,7/8,14411.611228706002,14573.038435559924
500.40.2,500,8,ims,8,8/8,14409.10989914362,14573.038435559924
500.40.2,500,9,ims,0,0/8,39468.52276090678,14573.038435559924
500.40.2,500,9,ims,1,1/8,14867.231855029075,14573.038435559924
500.40.2,500,9,ims,2,2/8,14678.49580253352,14573.038435559924
500.40.2,500,9,ims,3,3/8,14604.54369835752,14573.038435559924
500.40.2,500,9,ims,4,4/8,14525.559473622361,14573.038435559924
500.40.2,500,9,ims,5,5/8,14483.989446192827,14573.038435559924
500.40.2,500,9,ims,6,6/8,14483.989446192827,14573.038435559924
500.40.2,500,9,ims,7,7/8,14483.989446192827,14573.038435559924
500.40.2,500,9,ims,8,8/8,14483.989446192827,14573.038435559924
500.40.2,500,10,ims,0,0/8,38813.141646163014,14573.038435559924
500.40.2,500,10,ims,1,1/8,14858.259615245282,14573.038435559924
500.40.2,500,10,ims,2,2/8,14633.804433493791,14573.038435559924
500.40.2,500,10,ims,3,3/8,14563.638832891087,14573.038435559924
500.40.2,500,10,ims,4,4/8,14554.36920017763,14573.038435559924
500.40.2,500,10,ims,5,5/8,14554.36920017763,14573.038435559924
500.40.2,500,10,ims,6,6/8,14554.36920017763,14573.038435559924
500.40.2,500,10,ims,7,7/8,14554.36920017763,14573.038435559924
500.40.2,500,10,ims,8,8/8,14554.36920017763,14573.038435559924
500.40.3,500,1,ims,0,0/8,38320.63564094532,14236.695571992352
500.40.3,500,1,ims,1,1/8,14459.229645042793,14236.695571992352
500.40.3,500,1,ims,2,2/8,14283.623939046029,14236.695571992352
500.40.3,500,1,ims,3,3/8,14283.623939046029,14236.695571992352
500.40.3,500,1,ims,4,4/8,14283.623939046029,14236.695571992352
500.40.3,500,1,ims,5,5/8,14283.623939046029,14236.695571992352
500.40.3,500,1,ims,6,6/8,14283.623939046029,14236.695571992352
500.40.3,500,1,ims,7,7/8,14283.623939046029,14236.695571992352
500.40.3,500,1,ims,8,8/8,14252.242741600636,14236.695571992352
500.40.3,500,2,ims,0,0/8,38148.60291624555,14236.695571992352
500.40.3,500,2,ims,1,1/8,14367.363121921408,14236.695571992352
500.40.3,500,2,ims,2,2/8,14270.568431905565,14236.695571992352
500.40.3,500,2,ims,3,3/8,14270.568431905565,14236.695571992352
500.40.3,500,2,ims,4,4/8,14270.568431905565,14236.695571992352
500.40.3,500,2,ims,5,5/8,14270.568431905565,14236.695571992352
500.40.3,500,2,ims,6,6/8,14270.568431905565,14236.695571992352
500.40.3,500,2,ims,7,7/8,14159.09628829857,14236.695571992352
500.40.3,500,2,ims,8,8/8,14146.390802299804,14236.695571992352
500.40.3,500,3,ims,0,0/8,37838.67190843023,14236.695571992352
500.40.3,500,3,ims,1,1/8,14424.632133033967,14236.695571992352
500.40.3,500,3,ims,2,2/8,14298.89694940334,14236.695571992352
500.40.3,500,3,ims,3,3/8,14219.225828767045,14236.695571992352
500.40.3,500,3,ims,4,4/8,14178.000745723071,14236.695571992352
500.40.3,500,3,ims,5,5/8,14156.939284611592,14236.695571992352
500.40.3,500,3,ims,6,6/8,14107.15131803409,14236.695571992352
500.40.3,500,3,ims,7,7/8,14081.88368247486,14236.695571992352
500.40.3,500,3,ims,8,8/8,14081.88368247486,14236.695571992352
500.40.3,500,4,ims,0,0/8,38010.54536444187,14236.695571992352
500.40.3,500,4,ims,1,1/8,14442.580952832766,14236.695571992352
500.40.3,500,4,ims,2,2/8,14423.703694056465,14236.695571992352
500.40.3,500,4,ims,3,3/8,14396.781294631139,14236.695571992352
500.40.3,500,4,ims,4,4/8,14396.781294631139,14236.695571992352
500.40.3,500,4,ims,5,5/8,14356.799892230596,14236.695571992352
500.40.3,500,4,ims,6,6/8,14240.062692604453,14236.695571992352
500.40.3,500,4,ims,7,7/8,14224.983493678828,14236.695571992352
500.40.3,500,4,ims,8,8/8,14224.983493678828,14236.695571992352
500.40.3,500,5,ims,0,0/8,36449.00332986714,14236.695571992352
500.40.3,500,5,ims,1,1/8,14555.06134819259,14236.695571992352
500.40.3,500,5,ims,2,2/8,14422.480088205677,14236.695571992352
500.40.3,500,5,ims,3,3/8,14305.384498105212,14236.695571992352
500.40.3,500,5,ims,4,4/8,14282.538159041045,14236.695571992352
500.40.3,500,5,ims,5,5/8,14282.538159041045,14236.695571992352
500.40.3,500,5,ims,6,6/8,14282.538159041045,14236.695571992352
500.40.3,500,5,ims,7,7/8,14282.538159041045,14236.695571992352
500.40.3,500,5,ims,8,8/8,14282.538159041045,14236.695571992352
500.40.3,500,6,ims,0,0/8,38657.51888187763,14236.695571992352
500.40.3,500,6,ims,1,1/8,14523.325400117024,14236.695571992352
500.40.3,500,6,ims,2,2/8,14469.67141818609,14236.695571992352
500.40.3,500,6,ims,3,3/8,14452.334428463879,14236.695571992352
500.40.3,500,6,ims,4,4/8,14430.059123805415,14236.695571992352
500.40.3,500,6,ims,5,5/8,14343.216161775008,14236.695571992352
500.40.3,500,6,ims,6,6/8,14340.448336276477,14236.695571992352
500.40.3,500,6,ims,7,7/8,14225.252155727052,14236.695571992352
500.40.3,500,6,ims,8,8/8,14146.423178078407,14236.695571992352
500.40.3,500,7,ims,0,0/8,37614.230921794704,14236.695571992352
500.40.3,500,7,ims,1,1/8,14205.270152198198,14236.695571992352
500.40.3,500,7,ims,2,2/8,14202.639846867845,14236.695571992352
500.40.3,500,7,ims,3,3/8,14195.794612465179,14236.695571992352
500.40.3,500,7,ims,4,4/8,14195.794612465179,14236.695571992352
500.40.3,500,7,ims,5,5/8,14195.794612465179,14236.695571992352
500.40.3,500,7,ims,6,6/8,14172.964042522384,14236.695571992352
500.40.3,500,7,ims,7,7/8,14172.964042522384,14236.695571992352
500.40.3,500,7,ims,8,8/8,14172.964042522384,14236.695571992352
500.40.3,500,8,ims,0,0/8,38874.72683742669,14236.695571992352
500.40.3,500,8,ims,1,1/8,14496.30648420117,14236.695571992352
500.40.3,500,8,ims,2,2/8,14346.155185313972,14236.695571992352
500.40.3,500,8,ims,3,3/8,14346.155185313972,14236.695571992352
500.40.3,500,8,ims,4,4/8,14208.80669082042,14236.695571992352
500.40.3,500,8,ims,5,5/8,14174.032831042068,14236.695571992352
500.40.3,500,8,ims,6,6/8,14174.032831042068,14236.695571992352
500.40.3,500,8,ims,7,7/8,14174.032831042068,14236.695571992352
500.40.3,500,8,ims,8,8/8,14174.032831042068,14236.695571992352
500.40.3,500,9,ims,0,0/8,36207.66677603703,14236.695571992352
500.40.3,500,9,ims,1,1/8,14397.474687544216,14236.695571992352
500.40.3,500,9,ims,2,2/8,14275.251160949425,14236.695571992352
500.40.3,500,9,ims,3,3/8,14221.167282266819,14236.695571992352
500.40.3,500,9,ims,4,4/8,14204.076685004586,14236.695571992352
500.40.3,500,9,ims,5,5/8,14155.977747891702,14236.695571992352
500.40.3,500,9,ims,6,6/8,14155.977747891702,14236.695571992352
500.40.3,500,9,ims,7,7/8,14155.977747891702,14236.695571992352
500.40.3,500,9,ims,8,8/8,14155.977747891702,14236.695571992352
500.40.3,500,10,ims,0,0/8,37748.31717534726,14236.695571992352
500.40.3,500,10,ims,1,1/8,14394.0325463917,14236.695571992352
500.40.3,500,10,ims,2,2/8,14216.987835389766,14236.695571992352
500.40.3,500,10,ims,3,3/8,14216.987835389766,14236.695571992352
500.40.3,500,10,ims,4,4/8,14216.987835389766,14236.695571992352
500.40.3,500,10,ims,5,5/8,14216.987835389766,14236.695571992352
500.40.3,500,10,ims,6,6/8,14208.629021154162,14236.695571992352
500.40.3,500,10,ims,7,7/8,14205.126166534654,14236.695571992352
500.40.3,500,10,ims,8,8/8,14205.126166534654,14236.695571992352
500.40.4,500,1,ims,0,0/8,36536.804833988666,14402.551609549417
500.40.4,500,1,ims,1,1/8,14804.18485181332,14402.551609549417
500.40.4,500,1,ims,2,2/8,14364.485651485018,14402.551609549417
500.40.4,500,1,ims,3,3/8,14315.314398507971,14402.551609549417
500.40.4,500,1,ims,4,4/8,14315.314398507971,14402.551609549417
500.40.4,500,1,ims,5,5/8,14315.314398507971,14402.551609549417
500.40.4,500,1,ims,6,6/8,14315.314398507971,14402.551609549417
500.40.4,500,1,ims,7,7/8,14315.314398507971,14402.551609549417
500.40.4,500,1,ims,8,8/8,14311.249156041042,14402.551609549417
500.40.4,500,2,ims,0,0/8,37877.13195223539,14402.551609549417
500.40.4,500,2,ims,1,1/8,14495.052874422618,14402.551609549417
500.40.4,500,2,ims,2,2/8,14407.258630508772,14402.551609549417
500.40.4,500,2,ims,3,3/8,14378.516499327263,14402.551609549417
500.40.4,500,2,ims,4,4/8,14332.820380284587,14402.551609549417
500.40.4,500,2,ims,5,5/8,14220.760063937407,14402.551609549417
500.40.4,500,2,ims,6,6/8,14220.760063937407,14402.551609549417
500.40.4,500,2,ims,7,7/8,14220.760063937407,14402.551609549417
500.40.4,500,2,ims,8,8/8,14220.760063937407,14402.551609549417
500.40.4,500,3,ims,0,0/8,37353.344050216576,14402.551609549417
500.40.4,500,3,ims,1,1/8,14643.405510101638,14402.551609549417
500.40.4,500,3,ims,2,2/8,14514.699462769724,14402.551609549417
500.40.4,500,3,ims,3,3/8,14393.614308312684,14402.551609549417
500.40.4,500,3,ims,4,4/8,14393.614308312684,14402.551609549417
500.40.4,500,3,ims,5,5/8,14393.614308312684,14402.551609549417
500.40.4,500,3,ims,6,6/8,14393.614308312684,14402.551609549417
500.40.4,500,3,ims,7,7/8,14393.614308312684,14402.551609549417
500.40.4,500,3,ims,8,8/8,14393.614308312684,14402.551609549417
500.40.4,500,4,ims,0,0/8,37739.96624660783,14402.551609549417
500.40.4,500,4,ims,1,1/8,14670.125451347445,14402.551609549417
500.40.4,500,4,ims,2,2/8,14471.280736990739,14402.551609549417
500.40.4,500,4,ims,3,3/8,14416.441336603832,14402.551609549417
500.40.4,500,4,ims,4,4/8,14416.441336603832,14402.551609549417
500.40.4,500,4,ims,5,5/8,14416.441336603832,14402.551609549417
500.40.4,500,4,ims,6,6/8,14416.441336603832,14402.551609549417
500.40.4,500,4,ims,7,7/8,14416.441336603832,14402.551609549417
500.40.4,500,4,ims,8,8/8,14416.441336603832,14402.551609549417
500.40.4,500,5,ims,0,0/8,37924.9927290797,14402.551609549417
500.40.4,500,5,ims,1,1/8,14591.079380426254,14402.551609549417
500.40.4,500,5,ims,2,2/8,14433.115175941348,14402.551609549417
500.40.4,500,5,ims,3,3/8,14326.403883571445,14402.551609549417
500.40.4,500,5,ims,4,4/8,14233.313486315825,14402.551609549417
500.40.4,500,5,ims,5,5/8,14233.313486315825,14402.551609549417
500.40.4,500,5,ims,6,6/8,14233.313486315825,14402.551609549417
500.40.4,500,5,ims,7,7/8,14233.313486315825,14402.551609549417
500.40.4,500,5,ims,8,8/8,14233.313486315825,14402.551609549417
500.40.4,500,6,ims,0,0/8,38838.81516214813,14402.551609549417
500.40.4,500,6,ims,1,1/8,14687.905570412931,14402.551609549417
500.40.4,500,6,ims,2,2/8,14584.282636234711,14402.551609549417
500.40.4,500,6,ims,3,3/8,14525.107130733748,14402.551609549417
500.40.4,500,6,ims,4,4/8,14525.107130733748,14402.551609549417
500.40.4,500,6,ims,5,5/8,14494.267707732484,14402.551609549417
500.40.4,500,6,ims,6,6/8,14364.627099441645,14402.551609549417
500.40.4,500,6,ims,7,7/8,14364.627099441645,14402.551609549417
500.40.4,500,6,ims,8,8/8,14364.627099441645,14402.551609549417
500.40.4,500,7,ims,0,0/8,39734.7696133043,14402.551609549417
500.40.4,500,7,ims,1,1/8,14742.008514066498,14402.551609549417
500.40.4,500,7,ims,2,2/8,14532.786227115363,14402.551609549417
500.40.4,500,7,ims,3,3/8,14480.190717388596,14402.551609549417
500.40.4,500,7,ims,4,4/8,14289.689972106475,14402.551609549417
500.40.4,500,7,ims,5,5/8,14284.415746114879,14402.551609549417
500.40.4,500,7,ims,6,6/8,14284.415746114879,14402.551609549417
500.40.4,500,7,ims,7,7/8,14284.415746114879,14402.551609549417
500.40.4,500,7,ims,8,8/8,14284.415746114879,14402.551609549417
500.40.4,500,8,ims,0,0/8,35933.161937460696,14402.551609549417
500.40.4,500,8,ims,1,1/8,14337.340498795114,14402.551609549417
500.40.4,500,8,ims,2,2/8,14240.116977655842,14402.551609549417
500.40.4,500,8,ims,3,3/8,14153.70863340441,14402.551609549417
500.40.4,500,8,ims,4,4/8,14153.70863340441,14402.551609549417
500.40.4,500,8,ims,5,5/8,14153.70863340441,14402.551609549417
500.40.4,500,8,ims,6,6/8,14153.70863340441,14402.551609549417
500.40.4,500,8,ims,7,7/8,14153.70863340441,14402.551609549417
500.40.4,500,8,ims,8,8/8,14153.70863340441,14402.551609549417
500.40.4,500,9,ims,0,0/8,38522.07416976362,14402.551609549417
500.40.4,500,9,ims,1,1/8,14666.057938955051,14402.551609549417
500.40.4,500,9,ims,2,2/8,14570.123398927744,14402.551609549417
500.40.4,500,9,ims,3,3/8,14469.768350636492,14402.551609549417
500.40.4,500,9,ims,4,4/8,14409.826013291051,14402.551609549417
500.40.4,500,9,ims,5,5/8,14316.912133820519,14402.551609549417
500.40.4,500,9,ims,6,6/8,14272.632442545524,14402.551609549417
500.40.4,500,9,ims,7,7/8,14272.632442545524,14402.551609549417
500.40.4,500,9,ims,8,8/8,14272.632442545524,14402.551609549417
500.40.4,500,10,ims,0,0/8,37420.41837128176,14402.551609549417
500.40.4,500,10,ims,1,1/8,14577.310696834917,14402.551609549417
500.40.4,500,10,ims,2,2/8,14482.073450536815,14402.551609549417
500.40.4,500,10,ims,3,3/8,14482.073450536815,14402.551609549417
500.40.4,500,10,ims,4,4/8,14482.073450536815,14402.551609549417
500.40.4,500,10,ims,5,5/8,14424.395269424173,14402.551609549417
500.40.4,500,10,ims,6,6/8,14424.395269424173,14402.551609549417
500.40.4,500,10,ims,7,7/8,14424.395269424173,14402.551609549417
500.40.4,500,10,ims,8,8/8,14424.395269424173,14402.551609549417
