instance,n,set,Tn,run,seed,bks,ims-final,coop-final,delta_coop,ims-evals,coop-evals
6.10.1,6,held-out,1.0,1,100,1078.7476708790684,1078.7476708790684,1078.7476708790684,0.0,22762790,23119485
6.10.1,6,held-out,1.0,2,200,1078.7476708790684,1078.7476708790684,1078.7476708790684,0.0,23598601,23161610
6.10.1,6,held-out,1.0,3,300,1078.7476708790684,1078.7476708790684,1078.7476708790684,0.0,22784873,23049437
6.10.1,6,held-out,1.0,4,400,1078.7476708790684,1078.7476708790684,1078.7476708790684,0.0,22838909,23030857
6.10.1,6,held-out,1.0,5,500,1078.7476708790684,1078.7476708790684,1078.7476708790684,0.0,22778761,23004202
6.10.1,6,held-out,1.0,6,600,1078.7476708790684,1078.7476708790684,1078.7476708790684,0.0,23197135,22904895
6.10.1,6,held-out,1.0,7,700,1078.7476708790684,1078.7476708790684,1078.7476708790684,0.0,22908177,22786992
6.10.1,6,held-out,1.0,8,800,1078.7476708790684,1078.7476708790684,1078.7476708790684,0.0,22815907,22861313
6.10.1,6,held-out,1.0,9,900,1078.7476708790684,1078.7476708790684,1078.7476708790684,0.0,23535148,23026880
6.10.1,6,held-out,1.0,10,1000,1078.7476708790684,1078.7476708790684,1078.7476708790684,0.0,22905683,23140827
6.10.2,6,held-out,1.0,1,100,1232.5642370084722,1232.5642370084722,1232.5642370084722,0.0,22730326,22634367
6.10.2,6,held-out,1.0,2,200,1232.5642370084722,1232.5642370084722,1232.5642370084722,0.0,22664689,22757196
6.10.2,6,held-out,1.0,3,300,1232.5642370084722,1232.5642370084722,1232.5642370084722,0.0,22754959,22697934
6.10.2,6,held-out,1.0,4,400,1232.5642370084722,1232.5642370084722,1232.5642370084722,0.0,22196279,22693695
6.10.2,6,held-out,1.0,5,500,1232.5642370084722,1232.5642370084722,1232.5642370084722,0.0,22860851,22809096
6.10.2,6,held-out,1.0,6,600,1232.5642370084722,1232.5642370084722,1232.5642370084722,0.0,22207037,22721692
6.10.2,6,held-out,1.0,7,700,1232.5642370084722,1232.5642370084722,1232.5642370084722,0.0,22674917,22690567
6.10.2,6,held-out,1.0,8,800,1232.5642370084722,1232.5642370084722,1232.5642370084722,0.0,22821956,22602903
6.10.2,6,held-out,1.0,9,900,1232.5642370084722,1232.5642370084722,1232.5642370084722,0.0,23301657,22473807
6.10.2,6,held-out,1.0,10,1000,1232.5642370084722,1232.5642370084722,1232.5642370084722,0.0,22033293,22774701
6.10.3,6,held-out,1.0,1,100,1230.0423116063364,1230.0423116063364,1230.0423116063364,0.0,22685954,22516293
6.10.3,6,held-out,1.0,2,200,1230.0423116063364,1230.0423116063364,1230.0423116063364,0.0,22285918,22448176
6.10.3,6,held-out,1.0,3,300,1230.0423116063364,1230.0423116063364,1230.0423116063364,0.0,21913451,22472536
6.10.3,6,held-out,1.0,4,400,1230.0423116063364,1230.0423116063364,1230.0423116063364,0.0,22711591,22526870
6.10.3,6,held-out,1.0,5,500,1230.0423116063364,1230.0423116063364,1230.0423116063364,0.0,22632811,22510748
6.10.3,6,held-out,1.0,6,600,1230.0423116063364,1230.0423116063364,1230.0423116063364,0.0,22370025,22462882
6.10.3,6,held-out,1.0,7,700,1230.0423116063364,1230.0423116063364,1230.0423116063364,0.0,22383851,22454305
6.10.3,6,held-out,1.0,8,800,1230.0423116063364,1230.0423116063364,1230.0423116063364,0.0,22371530,22289949
6.10.3,6,held-out,1.0,9,900,1230.0423116063364,1230.0423116063364,1230.0423116063364,0.0,22229673,22435492
6.10.3,6,held-out,1.0,10,1000,1230.0423116063364,1230.0423116063364,1230.0423116063364,0.0,22637026,22324990
6.10.4,6,held-out,1.0,1,100,997.8432105109541,997.8432105109541,997.8432105109541,0.0,23252542,23247757
6.10.4,6,held-out,1.0,2,200,997.8432105109541,997.8432105109541,997.8432105109541,0.0,23208610,23278953
6.10.4,6,held-out,1.0,3,300,997.8432105109541,997.8432105109541,997.8432105109541,0.0,23210794,22227718
6.10.4,6,held-out,1.0,4,400,997.8432105109541,997.8432105109541,997.8432105109541,0.0,23297675,23168739
6.10.4,6,held-out,1.0,5,500,997.8432105109541,997.8432105109541,997.8432105109541,0.0,23525560,23183804
6.10.4,6,held-out,1.0,6,600,997.8432105109541,997.8432105109541,997.8432105109541,0.0,23460666,23390250
6.10.4,6,held-out,1.0,7,700,997.8432105109541,997.8432105109541,997.8432105109541,0.0,23962968,23251250
6.10.4,6,held-out,1.0,8,800,997.8432105109541,997.8432105109541,997.8432105109541,0.0,23904308,23190523
6.10.4,6,held-out,1.0,9,900,997.8432105109541,997.8432105109541,997.8432105109541,0.0,23535216,23322131
6.10.4,6,held-out,1.0,10,1000,997.8432105109541,997.8432105109541,997.8432105109541,0.0,23575551,23271768
6.20.1,6,held-out,1.0,1,100,4486.681346181809,4486.681346181809,4486.681346181809,0.0,26597794,26629578
6.20.1,6,held-out,1.0,2,200,4486.681346181809,4486.681346181809,4486.681346181809,0.0,26668144,26570045
6.20.1,6,held-out,1.0,3,300,4486.681346181809,4486.681346181809,4486.681346181809,0.0,26278273,26692771
6.20.1,6,held-out,1.0,4,400,4486.681346181809,4486.681346181809,4486.681346181809,0.0,26454234,25620309
6.20.1,6,held-out,1.0,5,500,4486.681346181809,4486.681346181809,4486.681346181809,0.0,26621279,26714035
6.20.1,6,held-out,1.0,6,600,4486.681346181809,4486.681346181809,4486.681346181809,0.0,26189181,26713181
6.20.1,6,held-out,1.0,7,700,4486.681346181809,4486.681346181809,4486.681346181809,0.0,26406986,26583213
6.20.1,6,held-out,1.0,8,800,4486.681346181809,4486.681346181809,4486.681346181809,0.0,26355891,26630713
6.20.1,6,held-out,1.0,9,900,4486.681346181809,4486.681346181809,4486.681346181809,0.0,26373949,26652243
6.20.1,6,held-out,1.0,10,1000,4486.681346181809,4486.681346181809,4486.681346181809,0.0,26152349,26843243
6.20.2,6,held-out,1.0,1,100,4099.787885636016,4099.787885636016,4099.787885636016,0.0,22140541,22003438
6.20.2,6,held-out,1.0,2,200,4099.787885636016,4099.787885636016,4099.787885636016,0.0,22584182,22118140
6.20.2,6,held-out,1.0,3,300,4099.787885636016,4099.787885636016,4099.787885636016,0.0,22214435,22196274
6.20.2,6,held-out,1.0,4,400,4099.787885636016,4099.787885636016,4099.787885636016,0.0,21624121,21946393
6.20.2,6,held-out,1.0,5,500,4099.787885636016,4099.787885636016,4099.787885636016,0.0,22368414,22025104
6.20.2,6,held-out,1.0,6,600,4099.787885636016,4099.787885636016,4099.787885636016,0.0,22546481,21202904
6.20.2,6,held-out,1.0,7,700,4099.787885636016,4099.787885636016,4099.787885636016,0.0,22253894,21320000
6.20.2,6,held-out,1.0,8,800,4099.787885636016,4099.787885636016,4099.787885636016,0.0,22457556,22113722
6.20.2,6,held-out,1.0,9,900,4099.787885636016,4099.787885636016,4099.787885636016,0.0,21665343,21375899
6.20.2,6,held-out,1.0,10,1000,4099.787885636016,4099.787885636016,4099.787885636016,0.0,22211296,21227286
6.20.3,6,held-out,1.0,1,100,6233.214544913807,6233.214544913807,6233.214544913807,0.0,25803385,26035326
6.20.3,6,held-out,1.0,2,200,6233.214544913807,6233.214544913807,6233.214544913807,0.0,25844839,25292578
6.20.3,6,held-out,1.0,3,300,6233.214544913807,6233.214544913807,6233.214544913807,0.0,25974014,26126450
6.20.3,6,held-out,1.0,4,400,6233.214544913807,6233.214544913807,6233.214544913807,0.0,25820514,25982930
6.20.3,6,held-out,1.0,5,500,6233.214544913807,6233.214544913807,6233.214544913807,0.0,26082193,26210122
6.20.3,6,held-out,1.0,6,600,6233.214544913807,6233.214544913807,6233.214544913807,0.0,25877388,26180112
6.20.3,6,held-out,1.0,7,700,6233.214544913807,6233.214544913807,6233.214544913807,0.0,26032224,26001767
6.20.3,6,held-out,1.0,8,800,6233.214544913807,6233.214544913807,6233.214544913807,0.0,26192699,25204981
6.20.3,6,held-out,1.0,9,900,6233.214544913807,6233.214544913807,6233.214544913807,0.0,25141529,26188277
6.20.3,6,held-out,1.0,10,1000,6233.214544913807,6233.214544913807,6233.214544913807,0.0,26005993,26154953
6.20.4,6,held-out,1.0,1,100,6174.786067461169,6174.786067461169,6174.786067461169,0.0,25345208,25562439
6.20.4,6,held-out,1.0,2,200,6174.786067461169,6174.786067461169,6174.786067461169,0.0,24798125,25413869
6.20.4,6,held-out,1.0,3,300,6174.786067461169,6174.786067461169,6174.786067461169,0.0,25423125,25452971
6.20.4,6,held-out,1.0,4,400,6174.786067461169,6174.786067461169,6174.786067461169,0.0,25162614,25378845
6.20.4,6,held-out,1.0,5,500,6174.786067461169,6174.786067461169,6174.786067461169,0.0,25334921,24423677
6.20.4,6,held-out,1.0,6,600,6174.786067461169,6174.786067461169,6174.786067461169,0.0,25400420,25340980
6.20.4,6,held-out,1.0,7,700,6174.786067461169,6174.786067461169,6174.786067461169,0.0,25822560,25516161
6.20.4,6,held-out,1.0,8,800,6174.786067461169,6174.786067461169,6174.786067461169,0.0,25123923,25569554
6.20.4,6,held-out,1.0,9,900,6174.786067461169,6174.786067461169,6174.786067461169,0.0,24986993,25484473
6.20.4,6,held-out,1.0,10,1000,6174.786067461169,6174.786067461169,6174.786067461169,0.0,24799544,24428507
6.5.1,6,held-out,1.0,1,100,699.6656534991815,699.6656534991815,699.6656534991815,0.0,20408431,20949602
6.5.1,6,held-out,1.0,2,200,699.6656534991815,699.6656534991815,699.6656534991815,0.0,21019813,20966866
6.5.1,6,held-out,1.0,3,300,699.6656534991815,699.6656534991815,699.6656534991815,0.0,20395989,20839695
6.5.1,6,held-out,1.0,4,400,699.6656534991815,699.6656534991815,699.6656534991815,0.0,20696888,20973149
6.5.1,6,held-out,1.0,5,500,699.6656534991815,699.6656534991815,699.6656534991815,0.0,21267047,20936252
6.5.1,6,held-out,1.0,6,600,699.6656534991815,699.6656534991815,699.6656534991815,0.0,21169072,21019307
6.5.1,6,held-out,1.0,7,700,699.6656534991815,699.6656534991815,699.6656534991815,0.0,21039276,20931199
6.5.1,6,held-out,1.0,8,800,699.6656534991815,699.6656534991815,699.6656534991815,0.0,21230318,20951029
6.5.1,6,held-out,1.0,9,900,699.6656534991815,699.6656534991815,699.6656534991815,0.0,21231432,20988382
6.5.1,6,held-out,1.0,10,1000,699.6656534991815,699.6656534991815,699.6656534991815,0.0,20709374,21004711
6.5.2,6,held-out,1.0,1,100,550.7224677595595,550.7224677595595,550.7224677595595,0.0,25696980,25519656
6.5.2,6,held-out,1.0,2,200,550.7224677595595,550.7224677595595,550.7224677595595,0.0,25830510,25513168
6.5.2,6,held-out,1.0,3,300,550.7224677595595,550.7224677595595,550.7224677595595,0.0,25919184,25431658
6.5.2,6,held-out,1.0,4,400,550.7224677595595,550.7224677595595,550.7224677595595,0.0,25797917,25554300
6.5.2,6,held-out,1.0,5,500,550.7224677595595,550.7224677595595,550.7224677595595,0.0,25849802,25400170
6.5.2,6,held-out,1.0,6,600,550.7224677595595,550.7224677595595,550.7224677595595,0.0,25645691,25485023
6.5.2,6,held-out,1.0,7,700,550.7224677595595,550.7224677595595,550.7224677595595,0.0,25475274,25394706
6.5.2,6,held-out,1.0,8,800,550.7224677595595,550.7224677595595,550.7224677595595,0.0,25864888,25471411
6.5.2,6,held-out,1.0,9,900,550.7224677595595,550.7224677595595,550.7224677595595,0.0,25554548,25347162
6.5.2,6,held-out,1.0,10,1000,550.7224677595595,550.7224677595595,550.7224677595595,0.0,25705545,25505769
6.5.3,6,held-out,1.0,1,100,766.7833863800394,766.7833863800394,766.7833863800394,0.0,22043663,21774452
6.5.3,6,held-out,1.0,2,200,766.7833863800394,766.7833863800394,766.7833863800394,0.0,21968392,21754971
6.5.3,6,held-out,1.0,3,300,766.7833863800394,766.7833863800394,766.7833863800394,0.0,21940196,21817963
6.5.3,6,held-out,1.0,4,400,766.7833863800394,766.7833863800394,766.7833863800394,0.0,22089384,21751411
6.5.3,6,held-out,1.0,5,500,766.7833863800394,766.7833863800394,766.7833863800394,0.0,21870604,21844000
6.5.3,6,held-out,1.0,6,600,766.7833863800394,766.7833863800394,766.7833863800394,0.0,21314286,21874005
6.5.3,6,held-out,1.0,7,700,766.7833863800394,766.7833863800394,766.7833863800394,0.0,21917772,21884105
6.5.3,6,held-out,1.0,8,800,766.7833863800394,766.7833863800394,766.7833863800394,0.0,21402018,21849360
6.5.3,6,held-out,1.0,9,900,766.7833863800394,766.7833863800394,766.7833863800394,0.0,22064831,21851649
6.5.3,6,held-out,1.0,10,1000,766.7833863800394,766.7833863800394,766.7833863800394,0.0,21941459,21795290
6.5.4,6,held-out,1.0,1,100,579.9713227928262,579.9713227928262,579.9713227928262,0.0,23797703,23531838
6.5.4,6,held-out,1.0,2,200,579.9713227928262,579.9713227928262,579.9713227928262,0.0,23359558,23136172
6.5.4,6,held-out,1.0,3,300,579.9713227928262,579.9713227928262,579.9713227928262,0.0,23672217,23389112
6.5.4,6,held-out,1.0,4,400,579.9713227928262,579.9713227928262,579.9713227928262,0.0,23708220,23470637
6.5.4,6,held-out,1.0,5,500,579.9713227928262,579.9713227928262,579.9713227928262,0.0,23638778,23318050
6.5.4,6,held-out,1.0,6,600,579.9713227928262,579.9713227928262,579.9713227928262,0.0,23833995,23385642
6.5.4,6,held-out,1.0,7,700,579.9713227928262,579.9713227928262,579.9713227928262,0.0,23507086,23533098
6.5.4,6,held-out,1.0,8,800,579.9713227928262,579.9713227928262,579.9713227928262,0.0,23290051,23468345
6.5.4,6,held-out,1.0,9,900,579.9713227928262,579.9713227928262,579.9713227928262,0.0,23650318,23514151
6.5.4,6,held-out,1.0,10,1000,579.9713227928262,579.9713227928262,579.9713227928262,0.0,23934944,23565783
10.10.1,10,held-out,1.0,1,100,1735.950029753597,1735.950029753597,1735.950029753597,0.0,28442579,29841437
10.10.1,10,held-out,1.0,2,200,1735.950029753597,1735.950029753597,1735.950029753597,0.0,29540630,29906314
10.10.1,10,held-out,1.0,3,300,1735.950029753597,1735.950029753597,1735.950029753597,0.0,29084601,29908651
10.10.1,10,held-out,1.0,4,400,1735.950029753597,1735.950029753597,1735.950029753597,0.0,29342705,29935926
10.10.1,10,held-out,1.0,5,500,1735.950029753597,1735.950029753597,1735.950029753597,0.0,29167215,29170614
10.10.1,10,held-out,1.0,6,600,1735.950029753597,1735.950029753597,1735.950029753597,0.0,29103576,29635467
10.10.1,10,held-out,1.0,7,700,1735.950029753597,1735.950029753597,1735.950029753597,0.0,28915162,29811679
10.10.1,10,held-out,1.0,8,800,1735.950029753597,1735.950029753597,1735.950029753597,0.0,29349684,29926044
10.10.1,10,held-out,1.0,9,900,1735.950029753597,1735.950029753597,1735.950029753597,0.0,29683848,29826077
10.10.1,10,held-out,1.0,10,1000,1735.950029753597,1735.950029753597,1735.950029753597,0.0,28618995,28824830
10.10.2,10,held-out,1.0,1,100,2006.7277325718107,2006.7277325718107,2006.7277325718107,0.0,26357179,26926539
10.10.2,10,held-out,1.0,2,200,2006.7277325718107,2006.7277325718107,2006.7277325718107,0.0,27061619,26212074
10.10.2,10,held-out,1.0,3,300,2006.7277325718107,2006.7277325718107,2006.7277325718107,0.0,26263793,26952879
10.10.2,10,held-out,1.0,4,400,2006.7277325718107,2006.7277325718107,2006.7277325718107,0.0,26688810,27039553
10.10.2,10,held-out,1.0,5,500,2006.7277325718107,2006.7277325718107,2006.7277325718107,0.0,26861917,27089218
10.10.2,10,held-out,1.0,6,600,2006.7277325718107,2006.7277325718107,2006.7277325718107,0.0,26149327,26986707
10.10.2,10,held-out,1.0,7,700,2006.7277325718107,2006.7277325718107,2006.7277325718107,0.0,25685157,27032797
10.10.2,10,held-out,1.0,8,800,2006.7277325718107,2006.7277325718107,2006.7277325718107,0.0,26394574,26908728
10.10.2,10,held-out,1.0,9,900,2006.7277325718107,2006.7277325718107,2006.7277325718107,0.0,26293791,27135240
10.10.2,10,held-out,1.0,10,1000,2006.7277325718107,2006.7277325718107,2006.7277325718107,0.0,26317570,26877866
10.10.3,10,held-out,1.0,1,100,1818.1502668036478,1818.1502668036474,1818.1502668036474,0.0,29665548,29457490
10.10.3,10,held-out,1.0,2,200,1818.1502668036478,1818.1502668036474,1818.1502668036474,0.0,29145926,29468877
10.10.3,10,held-out,1.0,3,300,1818.1502668036478,1818.1502668036474,1818.1502668036474,0.0,28611424,29464173
10.10.3,10,held-out,1.0,4,400,1818.1502668036478,1818.1502668036474,1818.1502668036474,0.0,28347577,28466205
10.10.3,10,held-out,1.0,5,500,1818.1502668036478,1818.1502668036474,1818.1502668036474,0.0,29128962,29450199
10.10.3,10,held-out,1.0,6,600,1818.1502668036478,1818.1502668036474,1818.1502668036474,0.0,28043720,29123018
10.10.3,10,held-out,1.0,7,700,1818.1502668036478,1818.1502668036474,1818.1502668036474,0.0,28830801,29347318
10.10.3,10,held-out,1.0,8,800,1818.1502668036478,1818.1502668036474,1818.1502668036474,0.0,28975727,29431149
10.10.3,10,held-out,1.0,9,900,1818.1502668036478,1818.1502668036474,1818.1502668036474,0.0,28583457,28541693
10.10.3,10,held-out,1.0,10,1000,1818.1502668036478,1818.1502668036474,1818.1502668036474,0.0,28035455,29404823
10.10.4,10,held-out,1.0,1,100,1359.633305210052,1359.633305210052,1359.633305210052,0.0,28333145,28930732
10.10.4,10,held-out,1.0,2,200,1359.633305210052,1359.633305210052,1359.633305210052,0.0,28232008,28735371
10.10.4,10,held-out,1.0,3,300,1359.633305210052,1359.633305210052,1359.633305210052,0.0,28327359,28987255
10.10.4,10,held-out,1.0,4,400,1359.633305210052,1359.633305210052,1359.633305210052,0.0,28236349,28895727
10.10.4,10,held-out,1.0,5,500,1359.633305210052,1359.633305210052,1359.633305210052,0.0,28475092,28830438
10.10.4,10,held-out,1.0,6,600,1359.633305210052,1359.633305210052,1359.633305210052,0.0,28272384,27729322
10.10.4,10,held-out,1.0,7,700,1359.633305210052,1359.633305210052,1359.633305210052,0.0,28519114,28808392
10.10.4,10,held-out,1.0,8,800,1359.633305210052,1359.633305210052,1359.633305210052,0.0,28205733,28718194
10.10.4,10,held-out,1.0,9,900,1359.633305210052,1359.633305210052,1359.633305210052,0.0,28476070,27779431
10.10.4,10,held-out,1.0,10,1000,1359.633305210052,1359.633305210052,1359.633305210052,0.0,28247798,28978814
10.20.1,10,held-out,1.0,1,100,5738.066783105984,5738.066783105984,5738.066783105984,0.0,34890492,35643222
10.20.1,10,held-out,1.0,2,200,5738.066783105984,5738.066783105984,5738.066783105984,0.0,34462182,35480940
10.20.1,10,held-out,1.0,3,300,5738.066783105984,5738.066783105984,5738.066783105984,0.0,34416090,35479827
10.20.1,10,held-out,1.0,4,400,5738.066783105984,5738.066783105984,5738.066783105984,0.0,34214098,34437096
10.20.1,10,held-out,1.0,5,500,5738.066783105984,5738.066783105984,5738.066783105984,0.0,35328580,35624195
10.20.1,10,held-out,1.0,6,600,5738.066783105984,5738.066783105984,5738.066783105984,0.0,34199492,35507942
10.20.1,10,held-out,1.0,7,700,5738.066783105984,5738.066783105984,5738.066783105984,0.0,34380461,34318936
10.20.1,10,held-out,1.0,8,800,5738.066783105984,5738.066783105984,5738.066783105984,0.0,33600308,35470146
10.20.1,10,held-out,1.0,9,900,5738.066783105984,5738.066783105984,5738.066783105984,0.0,34678877,35290748
10.20.1,10,held-out,1.0,10,1000,5738.066783105984,5738.066783105984,5738.066783105984,0.0,34846581,35553351
10.20.2,10,held-out,1.0,1,100,6973.407432305421,6973.407432305421,6973.407432305421,0.0,40942646,41044926
10.20.2,10,held-out,1.0,2,200,6973.407432305421,6973.407432305421,6973.407432305421,0.0,41826925,43119391
10.20.2,10,held-out,1.0,3,300,6973.407432305421,6973.407432305421,6973.407432305421,0.0,42329371,43121859
10.20.2,10,held-out,1.0,4,400,6973.407432305421,6973.407432305421,6973.407432305421,0.0,40120217,41394762
10.20.2,10,held-out,1.0,5,500,6973.407432305421,6973.407432305421,6973.407432305421,0.0,39991681,39867390
10.20.2,10,held-out,1.0,6,600,6973.407432305421,6973.407432305421,6973.407432305421,0.0,41679001,43094462
10.20.2,10,held-out,1.0,7,700,6973.407432305421,6973.407432305421,6973.407432305421,0.0,42004226,43309800
10.20.2,10,held-out,1.0,8,800,6973.407432305421,6973.407432305421,6973.407432305421,0.0,41908230,42966908
10.20.2,10,held-out,1.0,9,900,6973.407432305421,6973.407432305421,6973.407432305421,0.0,41266680,42342565
10.20.2,10,held-out,1.0,10,1000,6973.407432305421,6973.407432305421,6973.407432305421,0.0,40599828,42593746
10.20.3,10,held-out,1.0,1,100,6468.868414029823,6468.868414029823,6468.868414029823,0.0,37830252,38863831
10.20.3,10,held-out,1.0,2,200,6468.868414029823,6468.868414029823,6468.868414029823,0.0,37571934,38815343
10.20.3,10,held-out,1.0,3,300,6468.868414029823,6468.868414029823,6468.868414029823,0.0,37645287,38845718
10.20.3,10,held-out,1.0,4,400,6468.868414029823,6468.868414029823,6468.868414029823,0.0,37673483,38827735
10.20.3,10,held-out,1.0,5,500,6468.868414029823,6468.868414029823,6468.868414029823,0.0,36764007,38915514
10.20.3,10,held-out,1.0,6,600,6468.868414029823,6468.868414029823,6468.868414029823,0.0,37985954,38942507
10.20.3,10,held-out,1.0,7,700,6468.868414029823,6468.868414029823,6468.868414029823,0.0,37487727,38931966
10.20.3,10,held-out,1.0,8,800,6468.868414029823,6468.868414029823,6468.868414029823,0.0,37222970,38906518
10.20.3,10,held-out,1.0,9,900,6468.868414029823,6468.868414029823,6468.868414029823,0.0,37875269,38955045
10.20.3,10,held-out,1.0,10,1000,6468.868414029823,6468.868414029823,6468.868414029823,0.0,38120780,38858836
10.20.4,10,held-out,1.0,1,100,6469.04259277102,6469.04259277102,6469.04259277102,0.0,41207523,42905753
10.20.4,10,held-out,1.0,2,200,6469.04259277102,6469.04259277102,6469.04259277102,0.0,40565936,41691272
10.20.4,10,held-out,1.0,3,300,6469.04259277102,6469.04259277102,6469.04259277102,0.0,41435311,42911265
10.20.4,10,held-out,1.0,4,400,6469.04259277102,6469.04259277102,6469.04259277102,0.0,41926281,42786860
10.20.4,10,held-out,1.0,5,500,6469.04259277102,6469.04259277102,6469.04259277102,0.0,41541716,42809362
10.20.4,10,held-out,1.0,6,600,6469.04259277102,6469.04259277102,6469.04259277102,0.0,42213605,43275440
10.20.4,10,held-out,1.0,7,700,6469.04259277102,6469.04259277102,6469.04259277102,0.0,41166541,42342139
10.20.4,10,held-out,1.0,8,800,6469.04259277102,6469.04259277102,6469.04259277102,0.0,42099056,42295563
10.20.4,10,held-out,1.0,9,900,6469.04259277102,6469.04259277102,6469.04259277102,0.0,41076789,43069744
10.20.4,10,held-out,1.0,10,1000,6469.04259277102,6469.04259277102,6469.04259277102,0.0,41699071,42678313
10.5.1,10,held-out,1.0,1,100,1212.9464832192677,1212.9464832192677,1212.9464832192677,0.0,30063192,31227425
10.5.1,10,held-out,1.0,2,200,1212.9464832192677,1212.9464832192677,1212.9464832192677,0.0,30701185,31169385
10.5.1,10,held-out,1.0,3,300,1212.9464832192677,1212.9464832192677,1212.9464832192677,0.0,30577605,31023085
10.5.1,10,held-out,1.0,4,400,1212.9464832192677,1212.9464832192677,1212.9464832192677,0.0,30214035,31098067
10.5.1,10,held-out,1.0,5,500,1212.9464832192677,1212.9464832192677,1212.9464832192677,0.0,30293170,31138160
10.5.1,10,held-out,1.0,6,600,1212.9464832192677,1212.9464832192677,1212.9464832192677,0.0,29500124,29889148
10.5.1,10,held-out,1.0,7,700,1212.9464832192677,1212.9464832192677,1212.9464832192677,0.0,31241750,31056671
10.5.1,10,held-out,1.0,8,800,1212.9464832192677,1212.9464832192677,1212.9464832192677,0.0,30964145,31117846
10.5.1,10,held-out,1.0,9,900,1212.9464832192677,1212.9464832192677,1212.9464832192677,0.0,30280220,31094572
10.5.1,10,held-out,1.0,10,1000,1212.9464832192677,1212.9464832192677,1212.9464832192677,0.0,30381484,31106845
10.5.2,10,held-out,1.0,1,100,709.2037454135201,709.20374541352,709.20374541352,0.0,31913865,32969096
10.5.2,10,held-out,1.0,2,200,709.2037454135201,709.20374541352,709.20374541352,0.0,32320335,32784582
10.5.2,10,held-out,1.0,3,300,709.2037454135201,709.20374541352,709.20374541352,0.0,31284510,32968122
10.5.2,10,held-out,1.0,4,400,709.2037454135201,709.20374541352,709.20374541352,0.0,31887012,32589813
10.5.2,10,held-out,1.0,5,500,709.2037454135201,709.20374541352,709.20374541352,0.0,31897431,32745878
10.5.2,10,held-out,1.0,6,600,709.2037454135201,709.20374541352,709.20374541352,0.0,32334924,32938349
10.5.2,10,held-out,1.0,7,700,709.2037454135201,709.20374541352,709.20374541352,0.0,32622806,31880058
10.5.2,10,held-out,1.0,8,800,709.2037454135201,709.20374541352,709.20374541352,0.0,32710028,32882879
10.5.2,10,held-out,1.0,9,900,709.2037454135201,709.20374541352,709.20374541352,0.0,31968982,32878326
10.5.2,10,held-out,1.0,10,1000,709.2037454135201,709.20374541352,709.20374541352,0.0,32272201,32779548
10.5.3,10,held-out,1.0,1,100,775.6904789217117,775.6904789217117,775.6904789217117,0.0,28611705,28461691
10.5.3,10,held-out,1.0,2,200,775.6904789217117,775.6904789217117,775.6904789217117,0.0,28781162,29397998
10.5.3,10,held-out,1.0,3,300,775.6904789217117,775.6904789217117,775.6904789217117,0.0,28789824,29555102
10.5.3,10,held-out,1.0,4,400,775.6904789217117,775.6904789217117,775.6904789217117,0.0,28846121,29513757
10.5.3,10,held-out,1.0,5,500,775.6904789217117,775.6904789217117,775.6904789217117,0.0,28731538,29466309
10.5.3,10,held-out,1.0,6,600,775.6904789217117,775.6904789217117,775.6904789217117,0.0,29284806,29581552
10.5.3,10,held-out,1.0,7,700,775.6904789217117,775.6904789217117,775.6904789217117,0.0,28811162,29337137
10.5.3,10,held-out,1.0,8,800,775.6904789217117,775.6904789217117,775.6904789217117,0.0,29095001,29474845
10.5.3,10,held-out,1.0,9,900,775.6904789217117,775.6904789217117,775.6904789217117,0.0,28638495,29584839
10.5.3,10,held-out,1.0,10,1000,775.6904789217117,775.6904789217117,775.6904789217117,0.0,28818542,29576170
10.5.4,10,held-out,1.0,1,100,745.4251979411413,745.4251979411413,745.4251979411413,0.0,32922295,34120302
10.5.4,10,held-out,1.0,2,200,745.4251979411413,745.4251979411413,745.4251979411413,0.0,33428518,33952627
10.5.4,10,held-out,1.0,3,300,745.4251979411413,745.4251979411413,745.4251979411413,0.0,33514133,33853266
10.5.4,10,held-out,1.0,4,400,745.4251979411413,745.4251979411413,745.4251979411413,0.0,33066493,34115942
10.5.4,10,held-out,1.0,5,500,745.4251979411413,745.4251979411413,745.4251979411413,0.0,33260942,33915515
10.5.4,10,held-out,1.0,6,600,745.4251979411413,745.4251979411413,745.4251979411413,0.0,33464719,34101814
10.5.4,10,held-out,1.0,7,700,745.4251979411413,745.4251979411413,745.4251979411413,0.0,33197922,32829220
10.5.4,10,held-out,1.0,8,800,745.4251979411413,745.4251979411413,745.4251979411413,0.0,33277991,32753916
10.5.4,10,held-out,1.0,9,900,745.4251979411413,745.4251979411413,745.4251979411413,0.0,32813567,33974103
10.5.4,10,held-out,1.0,10,1000,745.4251979411413,745.4251979411413,745.4251979411413,0.0,32946532,32872543
12.10.1,12,held-out,1.0,1,100,1669.8569829807207,1669.8569829807202,1669.8569829807202,0.0,32160591,33133393
12.10.1,12,held-out,1.0,2,200,1669.8569829807207,1669.8569829807202,1669.8569829807202,0.0,31953901,33139801
12.10.1,12,held-out,1.0,3,300,1669.8569829807207,1669.8569829807204,1669.8569829807204,0.0,32256511,33167888
12.10.1,12,held-out,1.0,4,400,1669.8569829807207,1669.8569829807202,1669.8569829807202,0.0,32056826,33092626
12.10.1,12,held-out,1.0,5,500,1669.8569829807207,1669.8569829807202,1669.8569829807202,0.0,32484198,33256846
12.10.1,12,held-out,1.0,6,600,1669.8569829807207,1669.8569829807202,1669.8569829807202,0.0,32224149,33003719
12.10.1,12,held-out,1.0,7,700,1669.8569829807207,1669.8569829807202,1669.8569829807202,0.0,31215066,33167170
12.10.1,12,held-out,1.0,8,800,1669.8569829807207,1669.8569829807202,1669.8569829807202,0.0,31813298,33151474
12.10.1,12,held-out,1.0,9,900,1669.8569829807207,1669.8569829807204,1669.8569829807204,0.0,31878868,33108879
12.10.1,12,held-out,1.0,10,1000,1669.8569829807207,1669.8569829807207,1669.8569829807207,0.0,31862037,33053338
12.10.2,12,held-out,1.0,1,100,1670.91224105981,1670.9122410598097,1670.9122410598097,0.0,31520498,32359702
12.10.2,12,held-out,1.0,2,200,1670.91224105981,1670.9122410598097,1670.9122410598097,0.0,30961448,31066028
12.10.2,12,held-out,1.0,3,300,1670.91224105981,1670.9122410598097,1670.9122410598097,0.0,31118205,32462676
12.10.2,12,held-out,1.0,4,400,1670.91224105981,1670.9122410598097,1670.9122410598097,0.0,31053209,32431971
12.10.2,12,held-out,1.0,5,500,1670.91224105981,1670.9122410598097,1670.9122410598097,0.0,31047009,31558874
12.10.2,12,held-out,1.0,6,600,1670.91224105981,1670.9122410598097,1670.9122410598097,0.0,30194509,32379322
12.10.2,12,held-out,1.0,7,700,1670.91224105981,1670.9122410598097,1670.9122410598097,0.0,31690690,32349740
12.10.2,12,held-out,1.0,8,800,1670.91224105981,1670.9122410598097,1670.9122410598097,0.0,31306432,32377269
12.10.2,12,held-out,1.0,9,900,1670.91224105981,1670.9122410598097,1670.9122410598097,0.0,31413172,32507059
12.10.2,12,held-out,1.0,10,1000,1670.91224105981,1670.9122410598097,1670.9122410598097,0.0,31201581,32340092
12.10.3,12,held-out,1.0,1,100,1788.491293002548,1788.4912930025478,1788.4912930025478,0.0,30441636,31142234
12.10.3,12,held-out,1.0,2,200,1788.491293002548,1788.4912930025478,1788.4912930025478,0.0,30759548,31678311
12.10.3,12,held-out,1.0,3,300,1788.491293002548,1788.4912930025478,1788.4912930025478,0.0,30722210,30132309
12.10.3,12,held-out,1.0,4,400,1788.491293002548,1788.4912930025478,1788.4912930025478,0.0,30625381,30691720
12.10.3,12,held-out,1.0,5,500,1788.491293002548,1788.4912930025478,1788.4912930025478,0.0,30513750,31640678
12.10.3,12,held-out,1.0,6,600,1788.491293002548,1788.4912930025478,1788.4912930025478,0.0,30480173,31639010
12.10.3,12,held-out,1.0,7,700,1788.491293002548,1788.4912930025475,1788.4912930025475,0.0,30447158,31593580
12.10.3,12,held-out,1.0,8,800,1788.491293002548,1788.4912930025478,1788.4912930025478,0.0,30191153,30533395
12.10.3,12,held-out,1.0,9,900,1788.491293002548,1788.4912930025478,1788.4912930025478,0.0,29951784,30321487
12.10.3,12,held-out,1.0,10,1000,1788.491293002548,1788.4912930025478,1788.4912930025478,0.0,30861264,30587242
12.10.4,12,held-out,1.0,1,100,1719.9583049917032,1719.958304991703,1719.958304991703,0.0,31215974,32270252
12.10.4,12,held-out,1.0,2,200,1719.9583049917032,1719.958304991703,1719.958304991703,0.0,31130287,32206311
12.10.4,12,held-out,1.0,3,300,1719.9583049917032,1719.958304991703,1719.958304991703,0.0,31366788,32136636
12.10.4,12,held-out,1.0,4,400,1719.9583049917032,1719.958304991703,1719.958304991703,0.0,31071130,32338597
12.10.4,12,held-out,1.0,5,500,1719.9583049917032,1719.958304991703,1719.958304991703,0.0,31435010,32221740
12.10.4,12,held-out,1.0,6,600,1719.9583049917032,1719.958304991703,1719.958304991703,0.0,31204975,31944087
12.10.4,12,held-out,1.0,7,700,1719.9583049917032,1719.958304991703,1719.958304991703,0.0,31197812,32222998
12.10.4,12,held-out,1.0,8,800,1719.9583049917032,1719.958304991703,1719.958304991703,0.0,31900342,31173640
12.10.4,12,held-out,1.0,9,900,1719.9583049917032,1719.958304991703,1719.958304991703,0.0,31508069,32216135
12.10.4,12,held-out,1.0,10,1000,1719.9583049917032,1719.958304991703,1719.958304991703,0.0,31425741,32321861
12.20.1,12,held-out,1.0,1,100,8240.622101600888,8240.622101600888,8240.622101600888,0.0,36586225,38367107
12.20.1,12,held-out,1.0,2,200,8240.622101600888,8240.622101600888,8240.622101600888,0.0,36810866,38145505
12.20.1,12,held-out,1.0,3,300,8240.622101600888,8240.622101600888,8240.622101600888,0.0,35870285,38027184
12.20.1,12,held-out,1.0,4,400,8240.622101600888,8240.622101600888,8240.622101600888,0.0,36283832,38076063
12.20.1,12,held-out,1.0,5,500,8240.622101600888,8240.622101600888,8240.622101600888,0.0,37056633,38271358
12.20.1,12,held-out,1.0,6,600,8240.622101600888,8240.622101600888,8240.622101600888,0.0,35877813,38166951
12.20.1,12,held-out,1.0,7,700,8240.622101600888,8240.622101600888,8240.622101600888,0.0,37366663,38093694
12.20.1,12,held-out,1.0,8,800,8240.622101600888,8240.622101600888,8240.622101600888,0.0,36913415,38098782
12.20.1,12,held-out,1.0,9,900,8240.622101600888,8240.622101600888,8240.622101600888,0.0,37068479,36149696
12.20.1,12,held-out,1.0,10,1000,8240.622101600888,8240.622101600888,8240.622101600888,0.0,37270978,38215516
12.20.2,12,held-out,1.0,1,100,8615.090910921224,8615.090910921224,8615.090910921224,0.0,41677193,42814967
12.20.2,12,held-out,1.0,2,200,8615.090910921224,8615.090910921224,8615.090910921224,0.0,40756866,42818398
12.20.2,12,held-out,1.0,3,300,8615.090910921224,8615.090910921224,8615.090910921224,0.0,41440674,42546777
12.20.2,12,held-out,1.0,4,400,8615.090910921224,8615.090910921224,8615.090910921224,0.0,41006418,41426587
12.20.2,12,held-out,1.0,5,500,8615.090910921224,8615.090910921224,8615.090910921224,0.0,41654599,42617478
12.20.2,12,held-out,1.0,6,600,8615.090910921224,8615.090910921224,8615.090910921224,0.0,41576494,41394667
12.20.2,12,held-out,1.0,7,700,8615.090910921224,8615.090910921224,8615.090910921224,0.0,41398218,42673307
12.20.2,12,held-out,1.0,8,800,8615.090910921224,8615.090910921224,8615.090910921224,0.0,40357992,42673445
12.20.2,12,held-out,1.0,9,900,8615.090910921224,8615.090910921224,8615.090910921224,0.0,41511332,42747465
12.20.2,12,held-out,1.0,10,1000,8615.090910921224,8615.090910921224,8615.090910921224,0.0,40361464,42938348
12.20.3,12,held-out,1.0,1,100,5974.02974337627,5974.02974337627,5974.02974337627,0.0,34935146,36395777
12.20.3,12,held-out,1.0,2,200,5974.02974337627,5974.02974337627,5974.02974337627,0.0,34939701,36289301
12.20.3,12,held-out,1.0,3,300,5974.02974337627,5974.02974337627,5974.02974337627,0.0,35097693,36620430
12.20.3,12,held-out,1.0,4,400,5974.02974337627,5974.02974337627,5974.02974337627,0.0,35431688,36450662
12.20.3,12,held-out,1.0,5,500,5974.02974337627,5974.02974337627,5974.02974337627,0.0,35770000,36174061
12.20.3,12,held-out,1.0,6,600,5974.02974337627,5974.02974337627,5974.02974337627,0.0,34571646,36508985
12.20.3,12,held-out,1.0,7,700,5974.02974337627,5974.02974337627,5974.02974337627,0.0,35550349,36389893
12.20.3,12,held-out,1.0,8,800,5974.02974337627,5974.02974337627,5974.02974337627,0.0,35567315,36286940
12.20.3,12,held-out,1.0,9,900,5974.02974337627,5974.02974337627,5974.02974337627,0.0,35485180,36489688
12.20.3,12,held-out,1.0,10,1000,5974.02974337627,5974.02974337627,5974.02974337627,0.0,35395557,35369408
12.20.4,12,held-out,1.0,1,100,7417.996848485695,7417.9968484856945,7417.9968484856945,0.0,42081811,43796831
12.20.4,12,held-out,1.0,2,200,7417.996848485695,7417.9968484856945,7417.9968484856945,0.0,42228894,43858544
12.20.4,12,held-out,1.0,3,300,7417.996848485695,7417.9968484856945,7417.9968484856945,0.0,42229712,43695739
12.20.4,12,held-out,1.0,4,400,7417.996848485695,7417.9968484856945,7417.9968484856945,0.0,42025413,43794590
12.20.4,12,held-out,1.0,5,500,7417.996848485695,7417.9968484856945,7417.9968484856945,0.0,41686125,43777628
12.20.4,12,held-out,1.0,6,600,7417.996848485695,7417.9968484856945,7417.9968484856945,0.0,42224479,43626546
12.20.4,12,held-out,1.0,7,700,7417.996848485695,7417.9968484856945,7417.9968484856945,0.0,42605901,43882117
12.20.4,12,held-out,1.0,8,800,7417.996848485695,7417.9968484856945,7417.9968484856945,0.0,41668522,43802460
12.20.4,12,held-out,1.0,9,900,7417.996848485695,7417.9968484856945,7417.9968484856945,0.0,41941386,43888537
12.20.4,12,held-out,1.0,10,1000,7417.996848485695,7417.9968484856945,7417.9968484856945,0.0,42904043,43776179
12.5.1,12,held-out,1.0,1,100,722.7394361159835,722.7394361159835,722.7394361159835,0.0,33499066,33806382
12.5.1,12,held-out,1.0,2,200,722.7394361159835,722.7394361159835,722.7394361159835,0.0,31426412,33563843
12.5.1,12,held-out,1.0,3,300,722.7394361159835,722.7394361159835,722.7394361159835,0.0,32180589,32328620
12.5.1,12,held-out,1.0,4,400,722.7394361159835,722.7394361159835,722.7394361159835,0.0,32302495,32584988
12.5.1,12,held-out,1.0,5,500,722.7394361159835,722.7394361159835,722.7394361159835,0.0,32576908,33729201
12.5.1,12,held-out,1.0,6,600,722.7394361159835,722.7394361159835,722.7394361159835,0.0,32369416,32717174
12.5.1,12,held-out,1.0,7,700,722.7394361159835,722.7394361159835,722.7394361159835,0.0,31861950,33707917
12.5.1,12,held-out,1.0,8,800,722.7394361159835,722.7394361159835,722.7394361159835,0.0,32598639,33683261
12.5.1,12,held-out,1.0,9,900,722.7394361159835,722.7394361159835,722.7394361159835,0.0,32000552,33468351
12.5.1,12,held-out,1.0,10,1000,722.7394361159835,722.7394361159835,722.7394361159835,0.0,32499776,33660513
12.5.2,12,held-out,1.0,1,100,682.5606451824856,682.5606451824856,682.5606451824856,0.0,33083762,33914721
12.5.2,12,held-out,1.0,2,200,682.5606451824856,682.5606451824856,682.5606451824856,0.0,33310930,33787573
12.5.2,12,held-out,1.0,3,300,682.5606451824856,682.5606451824856,682.5606451824856,0.0,33312246,32725345
12.5.2,12,held-out,1.0,4,400,682.5606451824856,682.5606451824856,682.5606451824856,0.0,33071528,33677961
12.5.2,12,held-out,1.0,5,500,682.5606451824856,682.5606451824856,682.5606451824856,0.0,33105470,33837774
12.5.2,12,held-out,1.0,6,600,682.5606451824856,682.5606451824856,682.5606451824856,0.0,32822930,32590438
12.5.2,12,held-out,1.0,7,700,682.5606451824856,682.5606451824856,682.5606451824856,0.0,33026163,32803116
12.5.2,12,held-out,1.0,8,800,682.5606451824856,682.5606451824856,682.5606451824856,0.0,32292886,33633731
12.5.2,12,held-out,1.0,9,900,682.5606451824856,682.5606451824856,682.5606451824856,0.0,32873913,33809179
12.5.2,12,held-out,1.0,10,1000,682.5606451824856,682.5606451824856,682.5606451824856,0.0,32931213,33959942
12.5.3,12,held-out,1.0,1,100,1011.0698275268996,1011.0698275268996,1011.0698275268996,0.0,30903542,31739717
12.5.3,12,held-out,1.0,2,200,1011.0698275268996,1011.0698275268996,1011.0698275268996,0.0,30074325,31670432
12.5.3,12,held-out,1.0,3,300,1011.0698275268996,1011.0698275268996,1011.0698275268996,0.0,30702024,31678440
12.5.3,12,held-out,1.0,4,400,1011.0698275268996,1011.0698275268996,1011.0698275268996,0.0,31137897,31835260
12.5.3,12,held-out,1.0,5,500,1011.0698275268996,1011.0698275268996,1011.0698275268996,0.0,30655635,31631296
12.5.3,12,held-out,1.0,6,600,1011.0698275268996,1011.0698275268996,1011.0698275268996,0.0,30765602,31442623
12.5.3,12,held-out,1.0,7,700,1011.0698275268996,1011.0698275268996,1011.0698275268996,0.0,30362509,30234326
12.5.3,12,held-out,1.0,8,800,1011.0698275268996,1011.0698275268996,1011.0698275268996,0.0,30779559,30562734
12.5.3,12,held-out,1.0,9,900,1011.0698275268996,1011.0698275268996,1011.0698275268996,0.0,30893361,30405862
12.5.3,12,held-out,1.0,10,1000,1011.0698275268996,1011.0698275268996,1011.0698275268996,0.0,29952774,31632207
12.5.4,12,held-out,1.0,1,100,925.8220031419719,925.8220031419719,925.8220031419719,0.0,31816177,32667732
12.5.4,12,held-out,1.0,2,200,925.8220031419719,925.8220031419719,925.8220031419719,0.0,31559920,32755269
12.5.4,12,held-out,1.0,3,300,925.8220031419719,925.8220031419719,925.8220031419719,0.0,31601591,31591563
12.5.4,12,held-out,1.0,4,400,925.8220031419719,925.8220031419719,925.8220031419719,0.0,31938931,32479215
12.5.4,12,held-out,1.0,5,500,925.8220031419719,925.8220031419719,925.8220031419719,0.0,31370412,32580157
12.5.4,12,held-out,1.0,6,600,925.8220031419719,925.8220031419719,925.8220031419719,0.0,31762013,32460857
12.5.4,12,held-out,1.0,7,700,925.8220031419719,925.8220031419719,925.8220031419719,0.0,32212908,32499025
12.5.4,12,held-out,1.0,8,800,925.8220031419719,925.8220031419719,925.8220031419719,0.0,31264080,32618416
12.5.4,12,held-out,1.0,9,900,925.8220031419719,925.8220031419719,925.8220031419719,0.0,30945608,31684433
12.5.4,12,held-out,1.0,10,1000,925.8220031419719,925.8220031419719,925.8220031419719,0.0,31715845,32435586
20.10.1,20,held-out,1.0,1,100,1190.6920375792722,1190.6920375792722,1190.6920375792722,0.0,31226268,32168786
20.10.1,20,held-out,1.0,2,200,1190.6920375792722,1190.6920375792722,1190.6920375792722,0.0,31029646,32202081
20.10.1,20,held-out,1.0,3,300,1190.6920375792722,1190.6920375792722,1190.6920375792722,0.0,31323309,32298646
20.10.1,20,held-out,1.0,4,400,1190.6920375792722,1190.6920375792722,1190.6920375792722,0.0,31193453,32182893
20.10.1,20,held-out,1.0,5,500,1190.6920375792722,1190.6920375792722,1190.6920375792722,0.0,30984606,32301825
20.10.1,20,held-out,1.0,6,600,1190.6920375792722,1190.6920375792722,1190.6920375792722,0.0,31039585,30558792
20.10.1,20,held-out,1.0,7,700,1190.6920375792722,1190.6920375792722,1190.6920375792722,0.0,31202084,32109633
20.10.1,20,held-out,1.0,8,800,1190.6920375792722,1190.6920375792722,1190.6920375792722,0.0,30968268,32220443
20.10.1,20,held-out,1.0,9,900,1190.6920375792722,1190.6920375792722,1190.6920375792722,0.0,30928992,32189791
20.10.1,20,held-out,1.0,10,1000,1190.6920375792722,1190.6920375792722,1190.6920375792722,0.0,30606680,32261287
20.10.2,20,held-out,1.0,1,100,1254.6043475032363,1254.6043475032363,1254.6043475032363,0.0,30381235,32178923
20.10.2,20,held-out,1.0,2,200,1254.6043475032363,1254.6043475032363,1254.6043475032363,0.0,31335881,32544177
20.10.2,20,held-out,1.0,3,300,1254.6043475032363,1254.6043475032363,1254.604347503236,1.812313785582873e-14,30644193,32466161
20.10.2,20,held-out,1.0,4,400,1254.6043475032363,1254.6043475032363,1254.6043475032363,0.0,30795664,32480268
20.10.2,20,held-out,1.0,5,500,1254.6043475032363,1254.6043475032363,1254.6043475032363,0.0,31152654,32370557
20.10.2,20,held-out,1.0,6,600,1254.6043475032363,1254.6043475032363,1254.6043475032363,0.0,30992821,32398952
20.10.2,20,held-out,1.0,7,700,1254.6043475032363,1254.6043475032363,1254.6043475032363,0.0,31184159,32465131
20.10.2,20,held-out,1.0,8,800,1254.6043475032363,1254.604347503236,1254.6043475032363,-1.8123137855828733e-14,30342607,32440570
20.10.2,20,held-out,1.0,9,900,1254.6043475032363,1254.604347503236,1254.6043475032363,-1.8123137855828733e-14,30681312,32541326
20.10.2,20,held-out,1.0,10,1000,1254.6043475032363,1254.6043475032363,1254.6043475032363,0.0,31308754,32183614
20.10.3,20,held-out,1.0,1,100,1206.1754607013595,1206.1754607013595,1206.1754607013595,0.0,31024717,32272389
20.10.3,20,held-out,1.0,2,200,1206.1754607013595,1206.1754607013595,1206.1754607013595,0.0,30892941,32335510
20.10.3,20,held-out,1.0,3,300,1206.1754607013595,1206.1754607013595,1206.1754607013595,0.0,30615357,32349902
20.10.3,20,held-out,1.0,4,400,1206.1754607013595,1206.1754607013595,1206.1754607013595,0.0,30220295,32252083
20.10.3,20,held-out,1.0,5,500,1206.1754607013595,1206.1754607013595,1206.1754607013595,0.0,30430326,31125320
20.10.3,20,held-out,1.0,6,600,1206.1754607013595,1206.1754607013595,1206.1754607013595,0.0,30731846,32423571
20.10.3,20,held-out,1.0,7,700,1206.1754607013595,1206.1754607013595,1206.1754607013595,0.0,30228664,32264088
20.10.3,20,held-out,1.0,8,800,1206.1754607013595,1206.1754607013595,1206.1754607013595,0.0,31222509,32333172
20.10.3,20,held-out,1.0,9,900,1206.1754607013595,1206.1754607013595,1206.1754607013595,0.0,30979815,32257862
20.10.3,20,held-out,1.0,10,1000,1206.1754607013595,1206.1754607013595,1206.1754607013595,0.0,30960503,32269614
20.10.4,20,held-out,1.0,1,100,1325.8547556895428,1325.8547556895428,1325.8547556895428,0.0,30467355,32585354
20.10.4,20,held-out,1.0,2,200,1325.8547556895428,1325.8547556895428,1325.8547556895428,0.0,31398268,32434019
20.10.4,20,held-out,1.0,3,300,1325.8547556895428,1325.8547556895428,1325.8547556895428,0.0,31074950,31511058
20.10.4,20,held-out,1.0,4,400,1325.8547556895428,1325.8547556895428,1325.8547556895428,0.0,31189194,32301031
20.10.4,20,held-out,1.0,5,500,1325.8547556895428,1325.8547556895428,1325.8547556895428,0.0,31486249,31234208
20.10.4,20,held-out,1.0,6,600,1325.8547556895428,1325.8547556895428,1325.8547556895428,0.0,31131828,32391524
20.10.4,20,held-out,1.0,7,700,1325.8547556895428,1325.8547556895428,1325.8547556895428,0.0,30567605,32277392
20.10.4,20,held-out,1.0,8,800,1325.8547556895428,1325.8547556895428,1325.8547556895428,0.0,31441225,32576507
20.10.4,20,held-out,1.0,9,900,1325.8547556895428,1325.8547556895428,1325.8547556895428,0.0,31536590,32420644
20.10.4,20,held-out,1.0,10,1000,1325.8547556895428,1325.8547556895428,1325.8547556895428,0.0,31370398,32409907
20.20.1,20,held-out,1.0,1,100,4375.996152509832,4375.996152509832,4375.996152509832,0.0,38710209,40494348
20.20.1,20,held-out,1.0,2,200,4375.996152509832,4375.996152509832,4375.996152509832,0.0,38819902,40597651
20.20.1,20,held-out,1.0,3,300,4375.996152509832,4375.996152509832,4375.996152509832,0.0,39044083,38944611
20.20.1,20,held-out,1.0,4,400,4375.996152509832,4375.996152509832,4375.996152509832,0.0,39256771,38993255
20.20.1,20,held-out,1.0,5,500,4375.996152509832,4375.996152509832,4375.996152509832,0.0,39270264,39168452
20.20.1,20,held-out,1.0,6,600,4375.996152509832,4375.996152509832,4375.996152509832,0.0,38866840,40376443
20.20.1,20,held-out,1.0,7,700,4375.996152509832,4375.996152509832,4375.996152509832,0.0,39310044,40626142
20.20.1,20,held-out,1.0,8,800,4375.996152509832,4375.996152509832,4375.996152509832,0.0,39447062,40449819
20.20.1,20,held-out,1.0,9,900,4375.996152509832,4375.996152509832,4375.996152509832,0.0,39369906,40077509
20.20.1,20,held-out,1.0,10,1000,4375.996152509832,4375.996152509832,4375.996152509832,0.0,39414038,40214895
20.20.2,20,held-out,1.0,1,100,4041.311867006855,4041.311867006855,4041.311867006855,0.0,38060012,39751227
20.20.2,20,held-out,1.0,2,200,4041.311867006855,4041.311867006855,4041.311867006855,0.0,38347498,39503390
20.20.2,20,held-out,1.0,3,300,4041.311867006855,4041.311867006855,4041.311867006855,0.0,38089633,39743993
20.20.2,20,held-out,1.0,4,400,4041.311867006855,4041.311867006855,4041.311867006855,0.0,38607693,39892157
20.20.2,20,held-out,1.0,5,500,4041.311867006855,4041.311867006855,4041.311867006855,0.0,38321080,38614208
20.20.2,20,held-out,1.0,6,600,4041.311867006855,4041.311867006855,4041.311867006855,0.0,38064379,39592491
20.20.2,20,held-out,1.0,7,700,4041.311867006855,4041.311867006855,4041.311867006855,0.0,38149182,39889608
20.20.2,20,held-out,1.0,8,800,4041.311867006855,4041.311867006855,4041.311867006855,0.0,38039449,39790101
20.20.2,20,held-out,1.0,9,900,4041.311867006855,4041.311867006855,4041.311867006855,0.0,38711502,39704707
20.20.2,20,held-out,1.0,10,1000,4041.311867006855,4041.311867006855,4041.311867006855,0.0,38604954,39758472
20.20.3,20,held-out,1.0,1,100,5069.655033539804,5069.655033539804,5069.655033539804,0.0,39297259,40575201
20.20.3,20,held-out,1.0,2,200,5069.655033539804,5069.655033539804,5069.655033539804,0.0,39076438,40317923
20.20.3,20,held-out,1.0,3,300,5069.655033539804,5069.655033539804,5069.655033539804,0.0,38872132,40286358
20.20.3,20,held-out,1.0,4,400,5069.655033539804,5069.655033539804,5069.655033539804,0.0,38166786,40252286
20.20.3,20,held-out,1.0,5,500,5069.655033539804,5069.655033539804,5069.655033539804,0.0,39035061,40343531
20.20.3,20,held-out,1.0,6,600,5069.655033539804,5069.655033539804,5069.655033539804,0.0,38718434,40356907
20.20.3,20,held-out,1.0,7,700,5069.655033539804,5069.655033539804,5069.655033539804,0.0,38567507,40383279
20.20.3,20,held-out,1.0,8,800,5069.655033539804,5069.655033539804,5069.655033539804,0.0,38582819,40308975
20.20.3,20,held-out,1.0,9,900,5069.655033539804,5069.655033539804,5069.655033539804,0.0,39101595,38914103
20.20.3,20,held-out,1.0,10,1000,5069.655033539804,5069.655033539804,5069.655033539804,0.0,38985624,40244440
20.20.4,20,held-out,1.0,1,100,4371.301453971331,4371.301453971331,4371.301453971331,0.0,35096222,36638993
20.20.4,20,held-out,1.0,2,200,4371.301453971331,4371.301453971331,4371.301453971331,0.0,34270687,36619051
20.20.4,20,held-out,1.0,3,300,4371.301453971331,4371.301453971331,4371.301453971331,0.0,35339252,36625168
20.20.4,20,held-out,1.0,4,400,4371.301453971331,4371.301453971331,4371.301453971331,0.0,34807126,36457846
20.20.4,20,held-out,1.0,5,500,4371.301453971331,4371.301453971331,4371.301453971331,0.0,35366085,36624742
20.20.4,20,held-out,1.0,6,600,4371.301453971331,4371.301453971331,4371.301453971331,0.0,35813180,36209796
20.20.4,20,held-out,1.0,7,700,4371.301453971331,4371.301453971331,4371.301453971331,0.0,34895363,36429654
20.20.4,20,held-out,1.0,8,800,4371.301453971331,4371.301453971331,4371.301453971331,0.0,34444820,36492703
20.20.4,20,held-out,1.0,9,900,4371.301453971331,4371.301453971331,4371.301453971331,0.0,34350351,36260726
20.20.4,20,held-out,1.0,10,1000,4371.301453971331,4371.301453971331,4371.301453971331,0.0,34974156,36496720
20.5.1,20,held-out,1.0,1,100,626.0038177239053,626.0038177239053,626.0038177239053,0.0,31259719,32665120
20.5.1,20,held-out,1.0,2,200,626.0038177239053,626.0038177239053,626.0038177239053,0.0,31703931,32304101
20.5.1,20,held-out,1.0,3,300,626.0038177239053,626.0038177239053,626.0038177239053,0.0,32096474,33127134
20.5.1,20,held-out,1.0,4,400,626.0038177239053,626.0038177239053,626.0038177239053,0.0,31875912,33186870
20.5.1,20,held-out,1.0,5,500,626.0038177239053,626.0038177239053,626.0038177239053,0.0,31227287,33041634
20.5.1,20,held-out,1.0,6,600,626.0038177239053,626.0038177239053,626.0038177239053,0.0,31635813,33096631
20.5.1,20,held-out,1.0,7,700,626.0038177239053,626.0038177239053,626.0038177239053,0.0,31808731,33128387
20.5.1,20,held-out,1.0,8,800,626.0038177239053,626.0038177239053,626.0038177239053,0.0,31881736,33073703
20.5.1,20,held-out,1.0,9,900,626.0038177239053,626.0038177239053,626.0038177239053,0.0,31121268,33213267
20.5.1,20,held-out,1.0,10,1000,626.0038177239053,626.0038177239053,626.0038177239053,0.0,31499035,33043484
20.5.2,20,held-out,1.0,1,100,711.9602671858845,711.9602671858845,711.9602671858845,0.0,32188544,33450744
20.5.2,20,held-out,1.0,2,200,711.9602671858845,711.9602671858845,711.9602671858845,0.0,31772157,33443568
20.5.2,20,held-out,1.0,3,300,711.9602671858845,711.9602671858845,711.9602671858845,0.0,32059586,33206225
20.5.2,20,held-out,1.0,4,400,711.9602671858845,711.9602671858845,711.9602671858845,0.0,32225081,33416787
20.5.2,20,held-out,1.0,5,500,711.9602671858845,711.9602671858845,711.9602671858845,0.0,31769744,33058655
20.5.2,20,held-out,1.0,6,600,711.9602671858845,711.9602671858845,711.9602671858845,0.0,32195356,33356525
20.5.2,20,held-out,1.0,7,700,711.9602671858845,711.9602671858845,711.9602671858845,0.0,32154469,33326775
20.5.2,20,held-out,1.0,8,800,711.9602671858845,711.9602671858845,711.9602671858845,0.0,32109587,33311675
20.5.2,20,held-out,1.0,9,900,711.9602671858845,711.9602671858845,711.9602671858845,0.0,32429290,33377349
20.5.2,20,held-out,1.0,10,1000,711.9602671858845,711.9602671858845,711.9602671858845,0.0,32426656,32262390
20.5.3,20,held-out,1.0,1,100,499.81231236662194,499.81231236662194,499.81231236662194,0.0,31554670,33021329
20.5.3,20,held-out,1.0,2,200,499.81231236662194,499.81231236662194,499.81231236662194,0.0,31943637,33035337
20.5.3,20,held-out,1.0,3,300,499.81231236662194,499.81231236662194,499.81231236662194,0.0,31876485,33021296
20.5.3,20,held-out,1.0,4,400,499.81231236662194,499.81231236662194,499.81231236662194,0.0,31574870,32970356
20.5.3,20,held-out,1.0,5,500,499.81231236662194,499.81231236662194,499.81231236662194,0.0,31655067,33089114
20.5.3,20,held-out,1.0,6,600,499.81231236662194,499.81231236662194,499.81231236662194,0.0,31550907,33090649
20.5.3,20,held-out,1.0,7,700,499.81231236662194,499.81231236662194,499.81231236662194,0.0,31833140,33011371
20.5.3,20,held-out,1.0,8,800,499.81231236662194,499.81231236662194,499.81231236662194,0.0,31810872,32974026
20.5.3,20,held-out,1.0,9,900,499.81231236662194,499.81231236662194,499.81231236662194,0.0,31839539,32901124
20.5.3,20,held-out,1.0,10,1000,499.81231236662194,499.81231236662194,499.81231236662194,0.0,32022619,32481634
20.5.4,20,held-out,1.0,1,100,518.3642017631608,518.3642017631608,518.3642017631608,0.0,31962244,33361830
20.5.4,20,held-out,1.0,2,200,518.3642017631608,518.3642017631608,518.3642017631608,0.0,31835940,33351230
20.5.4,20,held-out,1.0,3,300,518.3642017631608,518.3642017631608,518.3642017631608,0.0,31885079,33350337
20.5.4,20,held-out,1.0,4,400,518.3642017631608,518.3642017631608,518.3642017631608,0.0,32229183,33294758
20.5.4,20,held-out,1.0,5,500,518.3642017631608,518.3642017631608,518.3642017631608,0.0,32398020,33139348
20.5.4,20,held-out,1.0,6,600,518.3642017631608,518.3642017631608,518.364201763161,-2.193184585951775e-14,32290995,33247649
20.5.4,20,held-out,1.0,7,700,518.3642017631608,518.3642017631608,518.3642017631608,0.0,32273281,33005738
20.5.4,20,held-out,1.0,8,800,518.3642017631608,518.3642017631608,518.3642017631608,0.0,31408275,33381405
20.5.4,20,held-out,1.0,9,900,518.3642017631608,518.3642017631608,518.3642017631608,0.0,32240869,32341542
20.5.4,20,held-out,1.0,10,1000,518.3642017631608,518.3642017631608,518.3642017631608,0.0,31636841,33262180
50.10.1,50,held-out,2.0,1,100,1893.3764241835136,1893.3764241835136,1893.3764241835136,0.0,71466335,74256755
50.10.1,50,held-out,2.0,2,200,1893.3764241835136,1893.3764241835136,1893.3764241835136,0.0,71902649,72670104
50.10.1,50,held-out,2.0,3,300,1893.3764241835136,1893.3764241835136,1893.3764241835136,0.0,71864952,74179544
50.10.1,50,held-out,2.0,4,400,1893.3764241835136,1893.3764241835136,1893.3764241835138,-1.2008899685189812e-14,72212901,74010714
50.10.1,50,held-out,2.0,5,500,1893.3764241835136,1893.3764241835136,1893.3764241835136,0.0,72689458,74340884
50.10.1,50,held-out,2.0,6,600,1893.3764241835136,1893.3764241835136,1893.3764241835136,0.0,71847138,74089767
50.10.1,50,held-out,2.0,7,700,1893.3764241835136,1893.3764241835136,1893.3764241835136,0.0,71920829,73856492
50.10.1,50,held-out,2.0,8,800,1893.3764241835136,1893.3764241835136,1893.3764241835136,0.0,71207747,73835578
50.10.1,50,held-out,2.0,9,900,1893.3764241835136,1893.3764241835136,1893.3764241835136,0.0,71553704,74091316
50.10.1,50,held-out,2.0,10,1000,1893.3764241835136,1893.3764241835136,1893.3764241835136,0.0,71743340,74265780
50.10.2,50,held-out,2.0,1,100,1551.8213832018114,1545.1204889657313,1544.8554615787334,0.017152538516609486,72303013,73969251
50.10.2,50,held-out,2.0,2,200,1551.8213832018114,1544.8554615787332,1543.6861586127707,0.07569012085878703,71394875,73776203
50.10.2,50,held-out,2.0,3,300,1551.8213832018114,1543.6861586127707,1543.6861586127707,0.0,71290453,72833495
50.10.2,50,held-out,2.0,4,400,1551.8213832018114,1543.6861586127707,1543.6861586127707,0.0,71189283,73867868
50.10.2,50,held-out,2.0,5,500,1551.8213832018114,1543.6861586127707,1543.6861586127707,0.0,71135376,73156741
50.10.2,50,held-out,2.0,6,600,1551.8213832018114,1544.8554615787332,1543.6861586127707,0.07569012085878703,71673180,73945200
50.10.2,50,held-out,2.0,7,700,1551.8213832018114,1544.8554615787332,1543.6861586127707,0.07569012085878703,71518796,73774567
50.10.2,50,held-out,2.0,8,800,1551.8213832018114,1551.4082903386693,1543.6861586127707,0.49774980409656755,71441891,73835104
50.10.2,50,held-out,2.0,9,900,1551.8213832018114,1543.6861586127707,1543.6861586127707,0.0,71371247,73814963
50.10.2,50,held-out,2.0,10,1000,1551.8213832018114,1544.8554615787334,1543.6861586127707,0.07569012085880174,72254421,73880628
50.10.3,50,held-out,2.0,1,100,1512.4058810954446,1511.2011884729018,1511.2011884729018,0.0,69558774,72012872
50.10.3,50,held-out,2.0,2,200,1512.4058810954446,1512.4058810954446,1511.2011884729018,0.07965405567387861,69069862,71724219
50.10.3,50,held-out,2.0,3,300,1512.4058810954446,1511.2011884729018,1511.2011884729018,0.0,69783231,72163806
50.10.3,50,held-out,2.0,4,400,1512.4058810954446,1511.0050516725973,1513.567189981597,-0.16956517161630597,69127335,72156779
50.10.3,50,held-out,2.0,5,500,1512.4058810954446,1511.2011884729018,1511.2011884729018,0.0,69039888,71962216
50.10.3,50,held-out,2.0,6,600,1512.4058810954446,1513.567189981597,1511.2011884729018,0.1563195558384184,69519808,71797650
50.10.3,50,held-out,2.0,7,700,1512.4058810954446,1515.0832657199758,1511.2011884729018,0.25622864002984086,70082554,71796521
50.10.3,50,held-out,2.0,8,800,1512.4058810954446,1511.2011884729018,1511.0050516725973,0.012978867526079038,70015445,71890020
50.10.3,50,held-out,2.0,9,900,1512.4058810954446,1511.0050516725973,1511.0050516725973,0.0,69785932,70753230
50.10.3,50,held-out,2.0,10,1000,1512.4058810954446,1511.0050516725973,1511.2011884729018,-0.012980552254760337,69881875,72068694
50.10.4,50,held-out,2.0,1,100,1455.8578212932475,1455.8578212932475,1454.1799370070466,0.11525055961236681,69643319,71878655
50.10.4,50,held-out,2.0,2,200,1455.8578212932475,1455.8578212932475,1455.8578212932475,0.0,69021780,72094908
50.10.4,50,held-out,2.0,3,300,1455.8578212932475,1455.8578212932475,1455.8578212932475,0.0,69292927,70802223
50.10.4,50,held-out,2.0,4,400,1455.8578212932475,1455.8578212932475,1455.8578212932475,0.0,70219360,72280098
50.10.4,50,held-out,2.0,5,500,1455.8578212932475,1455.8578212932475,1455.8578212932475,0.0,69375992,72286897
50.10.4,50,held-out,2.0,6,600,1455.8578212932475,1455.8578212932475,1455.673172241442,0.012683178886349717,70331377,71051186
50.10.4,50,held-out,2.0,7,700,1455.8578212932475,1455.8578212932475,1455.8578212932475,0.0,69083913,72253560
50.10.4,50,held-out,2.0,8,800,1455.8578212932475,1455.8578212932475,1455.8578212932475,0.0,69482799,72100802
50.10.4,50,held-out,2.0,9,900,1455.8578212932475,1455.8578212932475,1455.8578212932475,0.0,69800824,72282012
50.10.4,50,held-out,2.0,10,1000,1455.8578212932475,1455.8578212932475,1455.8578212932475,0.0,69099427,72282826
50.20.1,50,held-out,2.0,1,100,4182.09111960489,4182.09111960489,4182.09111960489,0.0,77050950,80352867
50.20.1,50,held-out,2.0,2,200,4182.09111960489,4182.09111960489,4182.09111960489,0.0,77985992,78387156
50.20.1,50,held-out,2.0,3,300,4182.09111960489,4182.09111960489,4194.048484882342,-0.2859183345240279,78141296,80795472
50.20.1,50,held-out,2.0,4,400,4182.09111960489,4182.09111960489,4182.09111960489,0.0,77746454,80696607
50.20.1,50,held-out,2.0,5,500,4182.09111960489,4182.09111960489,4182.09111960489,0.0,77714137,79989735
50.20.1,50,held-out,2.0,6,600,4182.09111960489,4182.09111960489,4182.09111960489,0.0,79575671,80198188
50.20.1,50,held-out,2.0,7,700,4182.09111960489,4182.09111960489,4182.09111960489,0.0,76579586,79849704
50.20.1,50,held-out,2.0,8,800,4182.09111960489,4182.09111960489,4182.09111960489,0.0,78728010,80430917
50.20.1,50,held-out,2.0,9,900,4182.09111960489,4194.048484882342,4182.09111960489,0.28510317228216353,77689425,80601757
50.20.1,50,held-out,2.0,10,1000,4182.09111960489,4182.09111960489,4182.09111960489,0.0,78154001,80110834
50.20.2,50,held-out,2.0,1,100,4239.8820130716895,4239.8820130716895,4239.8820130716895,0.0,77738775,80553762
50.20.2,50,held-out,2.0,2,200,4239.8820130716895,4239.8820130716895,4239.8820130716895,0.0,77806766,80529386
50.20.2,50,held-out,2.0,3,300,4239.8820130716895,4239.8820130716895,4239.8820130716895,0.0,77983410,80605793
50.20.2,50,held-out,2.0,4,400,4239.8820130716895,4239.8820130716895,4239.8820130716895,0.0,76709521,80162342
50.20.2,50,held-out,2.0,5,500,4239.8820130716895,4239.8820130716895,4239.8820130716895,0.0,77175462,80394959
50.20.2,50,held-out,2.0,6,600,4239.8820130716895,4239.8820130716895,4239.8820130716895,0.0,78072469,80569812
50.20.2,50,held-out,2.0,7,700,4239.8820130716895,4239.8820130716895,4239.8820130716895,0.0,76092920,80135073
50.20.2,50,held-out,2.0,8,800,4239.8820130716895,4239.8820130716895,4239.8820130716895,0.0,76454110,80479592
50.20.2,50,held-out,2.0,9,900,4239.8820130716895,4239.8820130716895,4239.8820130716895,0.0,77153149,80540438
50.20.2,50,held-out,2.0,10,1000,4239.8820130716895,4239.8820130716895,4239.8820130716895,0.0,77232227,78863150
50.20.3,50,held-out,2.0,1,100,4711.898720148452,4711.898720148452,4711.898720148452,0.0,75573664,77648423
50.20.3,50,held-out,2.0,2,200,4711.898720148452,4700.008218819873,4711.898720148452,-0.2529889475717761,75976190,77991431
50.20.3,50,held-out,2.0,3,300,4711.898720148452,4711.898720148452,4688.616785800633,0.49410939688207045,75812912,78255639
50.20.3,50,held-out,2.0,4,400,4711.898720148452,4711.898720148452,4614.738181391734,2.062025194668396,74173358,78169055
50.20.3,50,held-out,2.0,5,500,4711.898720148452,4711.898720148452,4711.898720148452,0.0,75130716,78181292
50.20.3,50,held-out,2.0,6,600,4711.898720148452,4614.738181391734,4711.898720148452,-2.1054398957779368,74236736,78266917
50.20.3,50,held-out,2.0,7,700,4711.898720148452,4711.898720148452,4688.616785800633,0.49410939688207045,75086869,78255419
50.20.3,50,held-out,2.0,8,800,4711.898720148452,4711.898720148452,4528.882763562043,3.8841233111361007,74610408,78380642
50.20.3,50,held-out,2.0,9,900,4711.898720148452,4711.898720148452,4646.937877606128,1.378655323480259,75583706,78150062
50.20.3,50,held-out,2.0,10,1000,4711.898720148452,4654.39869498903,4596.790403689767,1.237717159066862,74856616,78265029
50.20.4,50,held-out,2.0,1,100,4531.5985742643925,4529.6603036857105,4529.6603036857105,0.0,79365647,82040639
50.20.4,50,held-out,2.0,2,200,4531.5985742643925,4529.6603036857105,4529.6603036857105,0.0,78881520,81372973
50.20.4,50,held-out,2.0,3,300,4531.5985742643925,4561.371302199013,4529.6603036857105,0.6952075683471592,78459573,81725922
50.20.4,50,held-out,2.0,4,400,4531.5985742643925,4529.6603036857105,4529.6603036857105,0.0,78731383,80195136
50.20.4,50,held-out,2.0,5,500,4531.5985742643925,4529.6603036857105,4529.6603036857105,0.0,78518541,81787240
50.20.4,50,held-out,2.0,6,600,4531.5985742643925,4529.6603036857105,4529.6603036857105,0.0,78541725,81805572
50.20.4,50,held-out,2.0,7,700,4531.5985742643925,4529.6603036857105,4611.172244095568,-1.7995155253371384,78677471,81697992
50.20.4,50,held-out,2.0,8,800,4531.5985742643925,4529.6603036857105,4529.6603036857105,0.0,79085310,82027513
50.20.4,50,held-out,2.0,9,900,4531.5985742643925,4529.6603036857105,4529.6603036857105,0.0,79506835,81779152
50.20.4,50,held-out,2.0,10,1000,4531.5985742643925,4531.5985742643925,4529.6603036857105,0.042772336227876476,79039513,81828736
50.30.1,50,held-out,2.0,1,100,8873.783828187867,8873.783828187865,8873.783828187865,0.0,80993601,83629542
50.30.1,50,held-out,2.0,2,200,8873.783828187867,8873.783828187865,8873.783828187865,0.0,80661251,82321942
50.30.1,50,held-out,2.0,3,300,8873.783828187867,8873.783828187865,8873.783828187865,0.0,80677741,83735193
50.30.1,50,held-out,2.0,4,400,8873.783828187867,8873.783828187865,8873.783828187865,0.0,81967113,83852833
50.30.1,50,held-out,2.0,5,500,8873.783828187867,8873.783828187865,8873.783828187865,0.0,81470406,83847792
50.30.1,50,held-out,2.0,6,600,8873.783828187867,8873.783828187865,8873.783828187865,0.0,80766572,83378077
50.30.1,50,held-out,2.0,7,700,8873.783828187867,8873.783828187865,8873.783828187865,0.0,82186217,83882839
50.30.1,50,held-out,2.0,8,800,8873.783828187867,8873.783828187865,8873.783828187865,0.0,81642098,83789770
50.30.1,50,held-out,2.0,9,900,8873.783828187867,8873.783828187865,8873.783828187865,0.0,81185226,83617299
50.30.1,50,held-out,2.0,10,1000,8873.783828187867,8873.783828187865,8873.783828187865,0.0,81188330,83938475
50.30.2,50,held-out,2.0,1,100,8019.961154560939,8019.961154560939,8019.961154560939,0.0,82406864,84370824
50.30.2,50,held-out,2.0,2,200,8019.961154560939,8019.961154560939,8019.961154560939,0.0,80839271,84459643
50.30.2,50,held-out,2.0,3,300,8019.961154560939,8019.961154560939,8019.961154560939,0.0,81576168,84341963
50.30.2,50,held-out,2.0,4,400,8019.961154560939,8019.961154560939,8019.961154560939,0.0,81375068,84382120
50.30.2,50,held-out,2.0,5,500,8019.961154560939,8019.961154560939,8019.961154560939,0.0,81239611,84291005
50.30.2,50,held-out,2.0,6,600,8019.961154560939,8019.961154560939,8019.961154560939,0.0,81739946,82988301
50.30.2,50,held-out,2.0,7,700,8019.961154560939,8019.961154560939,8019.961154560939,0.0,80864594,84492747
50.30.2,50,held-out,2.0,8,800,8019.961154560939,8019.961154560939,8019.961154560939,0.0,81221293,84379305
50.30.2,50,held-out,2.0,9,900,8019.961154560939,8019.961154560939,8019.961154560939,0.0,81424889,84495496
50.30.2,50,held-out,2.0,10,1000,8019.961154560939,8019.961154560939,8019.961154560939,0.0,82823964,83455953
50.30.3,50,held-out,2.0,1,100,8908.103012671027,8908.103012671027,8908.103012671027,0.0,80217084,83767130
50.30.3,50,held-out,2.0,2,200,8908.103012671027,8908.103012671027,8908.103012671027,0.0,80173248,81735114
50.30.3,50,held-out,2.0,3,300,8908.103012671027,8908.103012671027,8908.103012671027,0.0,80051922,82498497
50.30.3,50,held-out,2.0,4,400,8908.103012671027,8908.103012671027,8908.103012671027,0.0,79529452,82983997
50.30.3,50,held-out,2.0,5,500,8908.103012671027,8908.103012671027,8908.103012671027,0.0,79847032,83330729
50.30.3,50,held-out,2.0,6,600,8908.103012671027,8908.103012671027,8908.103012671027,0.0,80279657,81541455
50.30.3,50,held-out,2.0,7,700,8908.103012671027,8908.103012671027,8908.103012671027,0.0,80725827,83496790
50.30.3,50,held-out,2.0,8,800,8908.103012671027,8908.103012671027,8908.103012671027,0.0,80440482,83422749
50.30.3,50,held-out,2.0,9,900,8908.103012671027,8908.103012671027,8908.103012671027,0.0,80048540,83080523
50.30.3,50,held-out,2.0,10,1000,8908.103012671027,8908.103012671027,8908.103012671027,0.0,80930547,82128283
50.30.4,50,held-out,2.0,1,100,8811.661300005724,8811.661300005724,8811.661300005724,0.0,80019802,82975947
50.30.4,50,held-out,2.0,2,200,8811.661300005724,8811.661300005724,8811.661300005724,0.0,80521086,82920819
50.30.4,50,held-out,2.0,3,300,8811.661300005724,8811.661300005724,8811.661300005724,0.0,80984398,83026382
50.30.4,50,held-out,2.0,4,400,8811.661300005724,8811.661300005724,8811.661300005724,0.0,80922917,83180249
50.30.4,50,held-out,2.0,5,500,8811.661300005724,8811.661300005724,8811.661300005724,0.0,80358217,82907567
50.30.4,50,held-out,2.0,6,600,8811.661300005724,8811.661300005724,8811.661300005724,0.0,80644227,83265985
50.30.4,50,held-out,2.0,7,700,8811.661300005724,8811.661300005724,8811.661300005724,0.0,81387469,83008441
50.30.4,50,held-out,2.0,8,800,8811.661300005724,8811.661300005724,8811.661300005724,0.0,81093795,83146201
50.30.4,50,held-out,2.0,9,900,8811.661300005724,8811.661300005724,8811.661300005724,0.0,80680307,83077166
50.30.4,50,held-out,2.0,10,1000,8811.661300005724,8811.661300005724,8811.661300005724,0.0,80105914,82461955
50.40.1,50,held-out,2.0,1,100,14408.673370992698,14370.598986537252,14370.598986537252,0.0,78490654,80938284
50.40.1,50,held-out,2.0,2,200,14408.673370992698,14370.598986537252,14372.510564949152,-0.013302009287790665,77865743,80829272
50.40.1,50,held-out,2.0,3,300,14408.673370992698,14370.598986537252,14370.598986537252,0.0,78653743,80258971
50.40.1,50,held-out,2.0,4,400,14408.673370992698,14370.598986537252,14368.635749041407,0.013661486885026468,77170195,80871489
50.40.1,50,held-out,2.0,5,500,14408.673370992698,14402.385569729808,14368.635749041407,0.23433493378579393,78859641,80808755
50.40.1,50,held-out,2.0,6,600,14408.673370992698,14402.385569729808,14370.598986537252,0.22070359829390318,78318510,80935277
50.40.1,50,held-out,2.0,7,700,14408.673370992698,14368.635749041407,14370.598986537252,-0.013663353502273235,77458231,80706218
50.40.1,50,held-out,2.0,8,800,14408.673370992698,14368.875113483191,14370.598986537252,-0.011997272162547864,77552120,80651018
50.40.1,50,held-out,2.0,9,900,14408.673370992698,14370.598986537252,14368.635749041407,0.013661486885026468,77928649,80843884
50.40.1,50,held-out,2.0,10,1000,14408.673370992698,14385.33047657982,14368.635749041407,0.11605383390804723,77271733,79251252
50.40.2,50,held-out,2.0,1,100,14334.608383894823,14473.367495952687,14334.608383894822,0.9587202984838727,78488519,81369924
50.40.2,50,held-out,2.0,2,200,14334.608383894823,14334.608383894822,14334.608383894822,0.0,79411784,79746851
50.40.2,50,held-out,2.0,3,300,14334.608383894823,14488.631393411493,14484.939184273477,0.025483491420007637,78655774,81405396
50.40.2,50,held-out,2.0,4,400,14334.608383894823,14402.335987788294,14488.631393411495,-0.5991764509338675,78249137,80940146
50.40.2,50,held-out,2.0,5,500,14334.608383894823,14334.608383894825,14334.608383894822,2.5378989852133274e-14,78475006,81125846
50.40.2,50,held-out,2.0,6,600,14334.608383894823,14338.177800279138,14334.608383894823,0.02489449101576245,77889631,81268928
50.40.2,50,held-out,2.0,7,700,14334.608383894823,14407.209741281837,14334.608383894822,0.5039237901769835,78742881,80493130
50.40.2,50,held-out,2.0,8,800,14334.608383894823,14334.608383894825,14334.608383894822,2.5378989852133274e-14,79086304,81586779
50.40.2,50,held-out,2.0,9,900,14334.608383894823,14402.33598778829,14334.608383894822,0.47025429729520857,78966268,81519637
50.40.2,50,held-out,2.0,10,1000,14334.608383894823,14334.611685525575,14334.608383894822,2.303257894838158e-05,77914231,81260636
50.40.3,50,held-out,2.0,1,100,12527.925293145607,12472.459799760998,12472.459799760998,0.0,78890438,81191620
50.40.3,50,held-out,2.0,2,200,12527.925293145607,12472.459799760998,12472.459799760998,0.0,78198127,80785867
50.40.3,50,held-out,2.0,3,300,12527.925293145607,12472.459799760998,12472.459799760998,0.0,77925544,81177019
50.40.3,50,held-out,2.0,4,400,12527.925293145607,12472.459799760998,12472.459799760998,0.0,78404705,81194837
50.40.3,50,held-out,2.0,5,500,12527.925293145607,12472.459799760998,12472.459799760998,0.0,78133149,80754763
50.40.3,50,held-out,2.0,6,600,12527.925293145607,12472.459799760998,12472.459799760998,0.0,78080258,79919600
50.40.3,50,held-out,2.0,7,700,12527.925293145607,12472.459799760998,12472.459799760998,0.0,77507304,80676032
50.40.3,50,held-out,2.0,8,800,12527.925293145607,12522.012471872447,12472.459799760998,0.39572450692535965,78428443,81136931
50.40.3,50,held-out,2.0,9,900,12527.925293145607,12472.459799760998,12472.459799760998,0.0,78963662,79708165
50.40.3,50,held-out,2.0,10,1000,12527.925293145607,12472.459799760998,12472.459799760998,0.0,77699403,81064021
50.40.4,50,held-out,2.0,1,100,12992.72316097867,12992.723160978669,12992.723160978669,0.0,78858940,81662903
50.40.4,50,held-out,2.0,2,200,12992.72316097867,12992.723160978669,12992.723160978669,0.0,78287798,81526593
50.40.4,50,held-out,2.0,3,300,12992.72316097867,12992.723160978669,12992.723160978669,0.0,78730071,81243139
50.40.4,50,held-out,2.0,4,400,12992.72316097867,12992.723160978669,12992.723160978669,0.0,78354898,81708516
50.40.4,50,held-out,2.0,5,500,12992.72316097867,12992.723160978669,12992.723160978669,0.0,79626977,81680625
50.40.4,50,held-out,2.0,6,600,12992.72316097867,12992.723160978669,12992.723160978669,0.0,78955373,80821179
50.40.4,50,held-out,2.0,7,700,12992.72316097867,12992.723160978669,12992.723160978669,0.0,79315755,81566832
50.40.4,50,held-out,2.0,8,800,12992.72316097867,12992.723160978669,12992.723160978669,0.0,78151598,81665827
50.40.4,50,held-out,2.0,9,900,12992.72316097867,12992.723160978669,12992.723160978669,0.0,79143794,81458788
50.40.4,50,held-out,2.0,10,1000,12992.72316097867,12992.723160978669,12992.723160978669,0.0,79114987,81602531
100.10.1,100,held-out,10.0,1,100,1563.2556451543076,1559.4607834953479,1544.0472548280381,0.9883883474621342,353623149,360364343
100.10.1,100,held-out,10.0,2,200,1563.2556451543076,1560.0780143511952,1541.602983805144,1.1842376071003424,354859244,359183121
100.10.1,100,held-out,10.0,3,300,1563.2556451543076,1560.0780143511952,1554.7149820659436,0.34376692934051745,353108541,359992936
100.10.1,100,held-out,10.0,4,400,1563.2556451543076,1561.089771156686,1551.8212415382027,0.5937217570528248,354277928,360217415
100.10.1,100,held-out,10.0,5,500,1563.2556451543076,1560.0780143511952,1558.20435266476,0.1201005122307482,351913016,359914554
100.10.1,100,held-out,10.0,6,600,1563.2556451543076,1560.0780143511952,1553.3001166129252,0.4344588973064129,354208316,359935196
100.10.1,100,held-out,10.0,7,700,1563.2556451543076,1561.0684124444215,1542.2646511955177,1.2045443427722473,350359107,357787476
100.10.1,100,held-out,10.0,8,800,1563.2556451543076,1558.3566784896989,1559.492197096819,-0.07286641259949231,354856708,358421398
100.10.1,100,held-out,10.0,9,900,1563.2556451543076,1555.9032815292487,1559.4607834953479,-0.22864544398946157,353605808,359301291
100.10.1,100,held-out,10.0,10,1000,1563.2556451543076,1559.4607834953479,1559.7757882779435,-0.020199596291843442,353560320,359814575
100.10.2,100,held-out,10.0,1,100,1579.871987611483,1578.8167728114183,1565.2361916711448,0.8601746177354369,354290075,361260829
100.10.2,100,held-out,10.0,2,200,1579.871987611483,1554.5164233608957,1554.4567738646674,0.0038371737558963686,352169677,355357716
100.10.2,100,held-out,10.0,3,300,1579.871987611483,1576.7896316974914,1559.4730648363993,1.098216687437874,355350000,356624055
100.10.2,100,held-out,10.0,4,400,1579.871987611483,1572.825478329376,1562.7187940404679,0.6425814197544184,355077726,360436266
100.10.2,100,held-out,10.0,5,500,1579.871987611483,1565.897785372972,1563.461247668057,0.15560004795170643,355172964,356681505
100.10.2,100,held-out,10.0,6,600,1579.871987611483,1570.0408134188988,1579.274553224483,-0.5881210046684712,351434466,361403102
100.10.2,100,held-out,10.0,7,700,1579.871987611483,1557.4904366398227,1570.7230554123198,-0.8496115585175289,354796135,361512736
100.10.2,100,held-out,10.0,8,800,1579.871987611483,1572.2885582936065,1547.9979548737576,1.5449201923984768,353093646,356623929
100.10.2,100,held-out,10.0,9,900,1579.871987611483,1576.4610114618272,1563.4220557276485,0.8271029628628656,355920882,358055785
100.10.2,100,held-out,10.0,10,1000,1579.871987611483,1575.8489324501493,1565.4145235947901,0.6621452501246807,354323920,355029619
100.10.3,100,held-out,10.0,1,100,1516.067161387965,1519.1654519143972,1512.0284863385982,0.46979514751373674,353117064,359203420
100.10.3,100,held-out,10.0,2,200,1516.067161387965,1515.7567992706488,1507.811069954586,0.5242087200193445,352242308,359824801
100.10.3,100,held-out,10.0,3,300,1516.067161387965,1518.8896593952352,1510.0944842855286,0.5790529322063159,353964342,360063081
100.10.3,100,held-out,10.0,4,400,1516.067161387965,1515.6364590192159,1516.8511169668043,-0.08014177412797517,351747850,359997381
100.10.3,100,held-out,10.0,5,500,1516.067161387965,1519.934605443161,1502.8821777684009,1.1219185097630042,352730181,357925112
100.10.3,100,held-out,10.0,6,600,1516.067161387965,1516.8511169668043,1495.3738527003616,1.4159111613663227,351761195,358970272
100.10.3,100,held-out,10.0,7,700,1516.067161387965,1510.0944842855286,1498.7237657405285,0.7529806024276604,352894136,358663300
100.10.3,100,held-out,10.0,8,800,1516.067161387965,1516.8511169668043,1505.4751898836869,0.7499699183309078,351928360,359748289
100.10.3,100,held-out,10.0,9,900,1516.067161387965,1517.430068962578,1517.1873244048945,0.015997083664578107,352879340,359687348
100.10.3,100,held-out,10.0,10,1000,1516.067161387965,1510.0944842855286,1510.9978411608415,-0.05982121547449869,352355535,359950102
100.10.4,100,held-out,10.0,1,100,1566.1742203960607,1564.6337889019371,1564.6337889019371,0.0,355066200,360897458
100.10.4,100,held-out,10.0,2,200,1566.1742203960607,1564.6337889019371,1564.6337889019371,0.0,354651202,360998068
100.10.4,100,held-out,10.0,3,300,1566.1742203960607,1564.6337889019371,1563.7445014220666,0.05683678098851627,355592653,360422330
100.10.4,100,held-out,10.0,4,400,1566.1742203960607,1565.2849329161897,1562.2489400315246,0.193957842487434,356219435,360361199
100.10.4,100,held-out,10.0,5,500,1566.1742203960607,1566.1742203960603,1564.6337889019371,0.09835633060883801,356730302,360319111
100.10.4,100,held-out,10.0,6,600,1566.1742203960607,1566.1742203960607,1564.6337889019371,0.09835633060886703,354898387,361794893
100.10.4,100,held-out,10.0,7,700,1566.1742203960607,1566.1742203960607,1564.6337889019371,0.09835633060886703,355568175,361463879
100.10.4,100,held-out,10.0,8,800,1566.1742203960607,1563.1790172221354,1563.7445014220666,-0.0361752680723756,356072593,361479142
100.10.4,100,held-out,10.0,9,900,1566.1742203960607,1566.1742203960603,1563.138227511395,0.19384771152072683,351381544,361361285
100.10.4,100,held-out,10.0,10,1000,1566.1742203960607,1565.2849329161897,1563.7445014220666,0.09841220992610296,355285290,362548328
100.20.1,100,held-out,10.0,1,100,4302.306833796588,4302.3056571779625,4302.3056571779625,0.0,356357383,360983552
100.20.1,100,held-out,10.0,2,200,4302.306833796588,4302.3056571779625,4302.3056571779625,0.0,355204808,362672172
100.20.1,100,held-out,10.0,3,300,4302.306833796588,4302.3056571779625,4302.3056571779625,0.0,355644927,361721165
100.20.1,100,held-out,10.0,4,400,4302.306833796588,4302.306833796588,4302.3056571779625,2.7348552085586093e-05,356607101,358050795
100.20.1,100,held-out,10.0,5,500,4302.306833796588,4302.3056571779625,4302.306833796588,-2.734855956502115e-05,352201441,360323101
100.20.1,100,held-out,10.0,6,600,4302.306833796588,4302.3056571779625,4302.3056571779625,0.0,357113638,360877381
100.20.1,100,held-out,10.0,7,700,4302.306833796588,4302.3056571779625,4302.3056571779625,0.0,352055762,361767875
100.20.1,100,held-out,10.0,8,800,4302.306833796588,4302.3056571779625,4302.3056571779625,0.0,356573163,359068447
100.20.1,100,held-out,10.0,9,900,4302.306833796588,4302.306833796588,4302.3056571779625,2.7348552085586093e-05,354234942,359721599
100.20.1,100,held-out,10.0,10,1000,4302.306833796588,4302.3056571779625,4302.3056571779625,0.0,354396170,360877433
100.20.2,100,held-out,10.0,1,100,4055.993734698326,4055.993734698326,4055.993734698326,0.0,355522592,364827887
100.20.2,100,held-out,10.0,2,200,4055.993734698326,4055.993734698326,4055.993734698326,0.0,356742764,364856766
100.20.2,100,held-out,10.0,3,300,4055.993734698326,4055.993734698326,4055.993734698326,0.0,356156436,365247899
100.20.2,100,held-out,10.0,4,400,4055.993734698326,4055.993734698326,4055.993734698326,0.0,356763326,365207193
100.20.2,100,held-out,10.0,5,500,4055.993734698326,4055.993734698326,4055.993734698326,0.0,356053131,364484695
100.20.2,100,held-out,10.0,6,600,4055.993734698326,4055.993734698326,4055.993734698326,0.0,355324531,364779614
100.20.2,100,held-out,10.0,7,700,4055.993734698326,4055.993734698326,4055.993734698326,0.0,356324195,365335076
100.20.2,100,held-out,10.0,8,800,4055.993734698326,4055.993734698326,4055.993734698326,0.0,356428375,365165128
100.20.2,100,held-out,10.0,9,900,4055.993734698326,4055.993734698326,4055.993734698326,0.0,354337152,364432588
100.20.2,100,held-out,10.0,10,1000,4055.993734698326,4055.993734698326,4055.993734698326,0.0,355963690,364257992
100.20.3,100,held-out,10.0,1,100,4196.026173564053,4196.026173564053,4196.026173564053,0.0,351743006,357172933
100.20.3,100,held-out,10.0,2,200,4196.026173564053,4196.026173564053,4196.026173564053,0.0,351695940,358198040
100.20.3,100,held-out,10.0,3,300,4196.026173564053,4196.026173564053,4196.026173564053,0.0,352052329,358361796
100.20.3,100,held-out,10.0,4,400,4196.026173564053,4196.026173564053,4196.026173564053,0.0,352919492,359099854
100.20.3,100,held-out,10.0,5,500,4196.026173564053,4196.026173564053,4196.026173564053,0.0,349684978,359782378
100.20.3,100,held-out,10.0,6,600,4196.026173564053,4196.026173564053,4196.026173564053,0.0,352895601,360908511
100.20.3,100,held-out,10.0,7,700,4196.026173564053,4196.026173564053,4196.026173564053,0.0,351028077,359167216
100.20.3,100,held-out,10.0,8,800,4196.026173564053,4196.026173564053,4196.026173564053,0.0,351017222,358744896
100.20.3,100,held-out,10.0,9,900,4196.026173564053,4196.026173564053,4196.026173564053,0.0,350751295,358703515
100.20.3,100,held-out,10.0,10,1000,4196.026173564053,4196.026173564053,4196.026173564053,0.0,354341701,359904496
100.20.4,100,held-out,10.0,1,100,4358.966956742628,4346.9294189178345,4269.873109261867,1.7726607043725664,350048869,360051619
100.20.4,100,held-out,10.0,2,200,4358.966956742628,4361.365838064575,4346.9294189178345,0.33100683782919377,351389942,360673775
100.20.4,100,held-out,10.0,3,300,4358.966956742628,4400.566961999983,4269.873109261867,2.9699321443507176,349390407,358832935
100.20.4,100,held-out,10.0,4,400,4358.966956742628,4346.9294189178345,4346.9294189178345,0.0,351132520,360582311
100.20.4,100,held-out,10.0,5,500,4358.966956742628,4358.966956742628,4346.9294189178345,0.27615574846635305,349432926,359319682
100.20.4,100,held-out,10.0,6,600,4358.966956742628,4269.873109261867,4269.873109261867,0.0,351695480,359755212
100.20.4,100,held-out,10.0,7,700,4358.966956742628,4410.845632936678,4346.9294189178345,1.449069392534809,351079067,360126011
100.20.4,100,held-out,10.0,8,800,4358.966956742628,4269.873109261867,4269.873109261867,0.0,350676201,359824728
100.20.4,100,held-out,10.0,9,900,4358.966956742628,4357.673192164701,4269.873109261867,2.0148386313297184,349489125,356745196
100.20.4,100,held-out,10.0,10,1000,4358.966956742628,4269.873109261867,4269.873109261867,0.0,350752188,359832289
100.30.1,100,held-out,10.0,1,100,8802.906637815562,8812.61043020927,8819.599088134879,-0.0793029259713123,379970629,388179421
100.30.1,100,held-out,10.0,2,200,8802.906637815562,8829.570028810482,8793.87206577618,0.4043001292001807,381855732,388053046
100.30.1,100,held-out,10.0,3,300,8802.906637815562,8835.198173504132,8784.82116620798,0.5701853688718381,383340824,387613574
100.30.1,100,held-out,10.0,4,400,8802.906637815562,8802.508230177396,8793.585857090544,0.10136171252034964,381831942,387189515
100.30.1,100,held-out,10.0,5,500,8802.906637815562,8793.87206577618,8786.9341243682,0.07889518241892801,382090971,387095449
100.30.1,100,held-out,10.0,6,600,8802.906637815562,8808.573149150361,8784.82116620798,0.26964620194671163,376628468,388392960
100.30.1,100,held-out,10.0,7,700,8802.906637815562,8820.831465128045,8811.65963041113,0.10397925357915436,380480279,386085871
100.30.1,100,held-out,10.0,8,800,8802.906637815562,8828.788656835615,8793.87206577618,0.3954856370063955,382749285,388128240
100.30.1,100,held-out,10.0,9,900,8802.906637815562,8805.84311727598,8822.80248612368,-0.19259222111769667,380512105,386952577
100.30.1,100,held-out,10.0,10,1000,8802.906637815562,8823.183825171545,8793.87206577618,0.33221295142623747,379816514,387382065
100.30.2,100,held-out,10.0,1,100,8596.156616642891,8628.954924455167,8596.156616642891,0.38009594556257337,382118491,389419421
100.30.2,100,held-out,10.0,2,200,8596.156616642891,8596.156616642891,8576.800271873562,0.2251744079656845,381033531,388419585
100.30.2,100,held-out,10.0,3,300,8596.156616642891,8594.985231435658,8579.834183427625,0.17627776662859526,380802294,389333055
100.30.2,100,held-out,10.0,4,400,8596.156616642891,8594.985231435658,8576.800271873562,0.21157639102839576,382270911,389041277
100.30.2,100,held-out,10.0,5,500,8596.156616642891,8576.800271873562,8596.156616642893,-0.22568258739575567,382773429,388899458
100.30.2,100,held-out,10.0,6,600,8596.156616642891,8589.537836332765,8589.537836332765,0.0,383562121,389283882
100.30.2,100,held-out,10.0,7,700,8596.156616642891,8597.716330314855,8576.800271873562,0.2432745817345084,382327172,383751036
100.30.2,100,held-out,10.0,8,800,8596.156616642891,8595.418119559476,8576.800271873562,0.21660200151923883,383886459,386365973
100.30.2,100,held-out,10.0,9,900,8596.156616642891,8589.537836332765,8589.537836332765,0.0,382920203,387881819
100.30.2,100,held-out,10.0,10,1000,8596.156616642891,8612.854946228032,8621.085709550909,-0.09556370534815634,382392130,387814717
100.30.3,100,held-out,10.0,1,100,8911.06827772304,8938.661037311384,8904.6157328858,0.3808770047714341,377851520,384771559
100.30.3,100,held-out,10.0,2,200,8911.06827772304,8900.82393837265,8900.82393837265,0.0,378275069,385164481
100.30.3,100,held-out,10.0,3,300,8911.06827772304,8910.777867729345,8900.82393837265,0.11170662656447225,377824997,383984011
100.30.3,100,held-out,10.0,4,400,8911.06827772304,8906.667983442867,8906.667983442867,0.0,377585362,382961756
100.30.3,100,held-out,10.0,5,500,8911.06827772304,8900.82393837265,8900.82393837265,0.0,378651825,384647174
100.30.3,100,held-out,10.0,6,600,8911.06827772304,8910.777867729345,8900.82393837265,0.11170662656447225,378591419,385038743
100.30.3,100,held-out,10.0,7,700,8911.06827772304,8900.82393837265,8900.82393837265,0.0,377348570,384709847
100.30.3,100,held-out,10.0,8,800,8911.06827772304,8900.82393837265,8900.82393837265,0.0,378756578,384704173
100.30.3,100,held-out,10.0,9,900,8911.06827772304,8910.777867729345,8904.6157328858,0.06915372524165499,377795874,384255155
100.30.3,100,held-out,10.0,10,1000,8911.06827772304,8911.06827772304,8900.82393837265,0.11496196674869036,377354798,381505976
100.30.4,100,held-out,10.0,1,100,8652.420055276289,8681.029656012852,8681.029656012852,0.0,383624451,390026245
100.30.4,100,held-out,10.0,2,200,8652.420055276289,8659.128053083332,8681.029656012852,-0.2529308123780566,384267152,389995480
100.30.4,100,held-out,10.0,3,300,8652.420055276289,8681.029656012852,8681.029656012852,0.0,384690996,388868009
100.30.4,100,held-out,10.0,4,400,8652.420055276289,8681.029656012852,8677.904715144809,0.03599735275502487,384710939,390165881
100.30.4,100,held-out,10.0,5,500,8652.420055276289,8681.029656012852,8681.029656012852,0.0,382797877,389480207
100.30.4,100,held-out,10.0,6,600,8652.420055276289,8681.029656012852,8678.218827370436,0.03237897753832576,385047341,390448076
100.30.4,100,held-out,10.0,7,700,8652.420055276289,8652.420055276289,8652.420055276289,0.0,384316609,389692357
100.30.4,100,held-out,10.0,8,800,8652.420055276289,8652.42005527629,8652.420055276289,2.1022897546873342e-14,383519401,390497726
100.30.4,100,held-out,10.0,9,900,8652.420055276289,8681.029656012852,8652.420055276289,0.3295646008621445,382732589,389424116
100.30.4,100,held-out,10.0,10,1000,8652.420055276289,8652.420055276289,8652.42005527629,-2.102289754687335e-14,384193255,390376670
100.40.1,100,held-out,10.0,1,100,14597.806171695585,14594.085859635,14490.821700775374,0.7075753826091968,381570191,387954589
100.40.1,100,held-out,10.0,2,200,14597.806171695585,14603.729263985366,14545.031450798266,0.4019371499296163,381885958,388959561
100.40.1,100,held-out,10.0,3,300,14597.806171695585,14558.141292942724,14548.431101667082,0.0666993888866133,380148661,387221297
100.40.1,100,held-out,10.0,4,400,14597.806171695585,14607.085456358885,14546.427748871301,0.41526222098726745,381441394,388310815
100.40.1,100,held-out,10.0,5,500,14597.806171695585,14588.51645459992,14598.511051320656,-0.06851002808846546,383968320,388578413
100.40.1,100,held-out,10.0,6,600,14597.806171695585,14606.101148249552,14550.337352447099,0.38178426423629364,382312038,389267696
100.40.1,100,held-out,10.0,7,700,14597.806171695585,14542.528868503869,14539.71117114311,0.019375566562300665,382551453,387370321
100.40.1,100,held-out,10.0,8,800,14597.806171695585,14598.511051320656,14588.51645459992,0.06846312398299445,382723601,388225105
100.40.1,100,held-out,10.0,9,900,14597.806171695585,14546.4277488713,14546.4277488713,0.0,381602423,386253644
100.40.1,100,held-out,10.0,10,1000,14597.806171695585,14575.77540843909,14561.859403708495,0.09547351232195023,378667680,388261365
100.40.2,100,held-out,10.0,1,100,15140.897143470993,15150.506587912994,15150.506587912994,0.0,379445518,386720998
100.40.2,100,held-out,10.0,2,200,15140.897143470993,15150.506587912994,15150.506587912994,0.0,378551294,386544237
100.40.2,100,held-out,10.0,3,300,15140.897143470993,15147.069833133632,15147.069833133632,0.0,379886210,386041138
100.40.2,100,held-out,10.0,4,400,15140.897143470993,15102.878254855485,15150.506587912994,-0.31535931266742157,380423239,387195246
100.40.2,100,held-out,10.0,5,500,15140.897143470993,15141.034330480441,15092.874335982848,0.31807598771929557,378834219,387026255
100.40.2,100,held-out,10.0,6,600,15140.897143470993,15150.506587912994,15150.506587912994,0.0,379412026,386573312
100.40.2,100,held-out,10.0,7,700,15140.897143470993,15142.24715601748,15150.506587912994,-0.054545615392574555,379239895,386645709
100.40.2,100,held-out,10.0,8,800,15140.897143470993,15150.506587912996,15150.506587912996,0.0,377602381,385968179
100.40.2,100,held-out,10.0,9,900,15140.897143470993,15150.506587912994,15137.249634219963,0.08750171894323144,378373881,384734999
100.40.2,100,held-out,10.0,10,1000,15140.897143470993,15150.506587912994,15150.506587912994,0.0,379540955,386196342
100.40.3,100,held-out,10.0,1,100,15196.663620913252,15159.354630666894,15140.935040396558,0.12150642767518385,377636144,383009160
100.40.3,100,held-out,10.0,2,200,15196.663620913252,15164.055463090568,15158.795480286335,0.03468717729921158,378566743,385069287
100.40.3,100,held-out,10.0,3,300,15196.663620913252,15143.867243837802,15140.935040396558,0.019362316071785544,375884676,384783953
100.40.3,100,held-out,10.0,4,400,15196.663620913252,15181.707498113294,15158.795480286335,0.1509185829710262,378330592,385715763
100.40.3,100,held-out,10.0,5,500,15196.663620913252,15158.795480286335,15158.795480286337,-1.199956425239334e-14,377225418,382859558
100.40.3,100,held-out,10.0,6,600,15196.663620913252,15158.795480286335,15158.795480286335,0.0,378241442,385646336
100.40.3,100,held-out,10.0,7,700,15196.663620913252,15164.671779696422,15158.795480286335,0.03874992809244119,378169443,385120669
100.40.3,100,held-out,10.0,8,800,15196.663620913252,15165.436686427567,15134.107977016003,0.206579672312383,377365240,384662505
100.40.3,100,held-out,10.0,9,900,15196.663620913252,15170.284377501826,15161.166241651943,0.0601052401061511,374638299,385171878
100.40.3,100,held-out,10.0,10,1000,15196.663620913252,15163.00475854977,15158.795480286335,0.02776018559950643,376435181,385204486
100.40.4,100,held-out,10.0,1,100,14429.344805960223,14420.23125021558,14376.59659480675,0.3025933124905893,382569678,389014609
100.40.4,100,held-out,10.0,2,200,14429.344805960223,14382.03317338902,14397.138904904547,-0.10503196129095814,379964946,387024310
100.40.4,100,held-out,10.0,3,300,14429.344805960223,14334.662128328735,14279.3472950453,0.3858816677242772,381132932,389044400
100.40.4,100,held-out,10.0,4,400,14429.344805960223,14379.547470552774,14411.375539843362,-0.22134263512650526,380723190,388169279
100.40.4,100,held-out,10.0,5,500,14429.344805960223,14420.23125021558,14412.089356226637,0.05646160486379831,382059741,388668210
100.40.4,100,held-out,10.0,6,600,14429.344805960223,14423.625903754906,14346.619654430193,0.5338896740566893,382781439,386427033
100.40.4,100,held-out,10.0,7,700,14429.344805960223,14351.39319608506,14363.064859354885,-0.0813277366897616,381796915,388059954
100.40.4,100,held-out,10.0,8,800,14429.344805960223,14370.490057137202,14351.393196085059,0.1328894211416162,382326610,389146567
100.40.4,100,held-out,10.0,9,900,14429.344805960223,14420.23125021558,14420.469983113098,-0.0016555413944190835,381193960,387990548
100.40.4,100,held-out,10.0,10,1000,14429.344805960223,14353.869658495385,14267.075332542248,0.6046754500224066,381675178,388673784
200.10.1,200,held-out,35.0,1,100,1443.743843767042,1442.9999636497216,1441.628194937412,0.09506366922145111,1122400079,1153530533
200.10.1,200,held-out,35.0,2,200,1443.743843767042,1441.9302812960764,1442.3752060258591,-0.030856188787633326,1136372634,1154908462
200.10.1,200,held-out,35.0,3,300,1443.743843767042,1443.743843767042,1444.9032582876664,-0.0803061100921567,1136272318,1156219273
200.10.1,200,held-out,35.0,4,400,1443.743843767042,1442.7738654062234,1443.4497136040113,-0.04684366788121783,1134818094,1155372680
200.10.1,200,held-out,35.0,5,500,1443.743843767042,1441.0819341743093,1440.3200487368472,0.052868988181341954,1135091305,1154554603
200.10.1,200,held-out,35.0,6,600,1443.743843767042,1443.9197855209597,1443.743843767042,0.012185008868353591,1138152395,1154767575
200.10.1,200,held-out,35.0,7,700,1443.743843767042,1440.3200487368472,1436.3831862821344,0.27333247622050505,1135488103,1155784934
200.10.1,200,held-out,35.0,8,800,1443.743843767042,1445.7944646550695,1437.8405757617627,0.550139669763118,1135661158,1157114630
200.10.1,200,held-out,35.0,9,900,1443.743843767042,1443.743843767042,1443.037631498412,0.048915344067361394,1128305530,1155565421
200.10.1,200,held-out,35.0,10,1000,1443.743843767042,1442.2759148000318,1445.7679488035951,-0.24211969205957645,1135323699,1155874541
200.10.2,200,tuning,35.0,1,100,1461.9667427714203,1444.1649171843558,1441.6999526124162,0.17068442409925616,1136007452,1153728575
200.10.2,200,tuning,35.0,2,200,1461.9667427714203,1463.6334989816182,1449.2516983893024,0.9826094170653055,1132915279,1147857252
200.10.2,200,tuning,35.0,3,300,1461.9667427714203,1452.1661514769394,1441.6999526124157,0.7207301212660087,1132666085,1153035550
200.10.2,200,tuning,35.0,4,400,1461.9667427714203,1457.2383496078996,1448.7239914467032,0.5842804070787345,1135564662,1148762810
200.10.2,200,tuning,35.0,5,500,1461.9667427714203,1468.0905540447773,1465.8215633196703,0.1545538671886145,1138447574,1154708134
200.10.2,200,tuning,35.0,6,600,1461.9667427714203,1463.4137702257567,1465.7466578669541,-0.1594140829245814,1134900719,1148091333
200.10.2,200,tuning,35.0,7,700,1461.9667427714203,1462.556649772076,1449.266643688759,0.9086831669315697,1132729263,1153091472
200.10.2,200,tuning,35.0,8,800,1461.9667427714203,1452.6738568553972,1460.8869845880374,-0.5653800193265139,1137102320,1154053215
200.10.2,200,tuning,35.0,9,900,1461.9667427714203,1461.763060904678,1452.0527980811755,0.6642843209824207,1133659647,1143663136
200.10.2,200,tuning,35.0,10,1000,1461.9667427714203,1467.1761958308175,1461.581925461074,0.3812950609231811,1131937053,1151620119
200.10.3,200,held-out,35.0,1,100,1449.530538607773,1442.0029770289834,1428.818175266527,0.9143394273444235,1141357659,1162806857
200.10.3,200,held-out,35.0,2,200,1449.530538607773,1449.083613951472,1444.3207843820223,0.3286787265823814,1143596814,1156586562
200.10.3,200,held-out,35.0,3,300,1449.530538607773,1432.4352685903013,1432.4306212696822,0.0003244349480249636,1144395407,1163083708
200.10.3,200,held-out,35.0,4,400,1449.530538607773,1439.2464603610185,1428.9578822209019,0.7148586724705855,1145198290,1164468845
200.10.3,200,held-out,35.0,5,500,1449.530538607773,1447.1533733780288,1444.2734135035303,0.19900861425461858,1140999528,1165026494
200.10.3,200,held-out,35.0,6,600,1449.530538607773,1447.0956475404569,1432.797803980177,0.9880372167922103,1144045944,1163080606
200.10.3,200,held-out,35.0,7,700,1449.530538607773,1434.7890777757586,1432.895185027272,0.13199799035427787,1140961516,1162951781
200.10.3,200,held-out,35.0,8,800,1449.530538607773,1430.9663106375338,1428.4079673620572,0.17878431214336102,1136163539,1164617331
200.10.3,200,held-out,35.0,9,900,1449.530538607773,1443.4001786537958,1431.1982916980198,0.8453571737226903,1143627190,1162274979
200.10.3,200,held-out,35.0,10,1000,1449.530538607773,1432.4276289818324,1427.983166796397,0.31027481567041254,1141722927,1163401990
200.10.4,200,held-out,35.0,1,100,1500.3001822115361,1495.5398014843352,1492.190260628389,0.2239686869330821,1135822947,1153550821
200.10.4,200,held-out,35.0,2,200,1500.3001822115361,1497.1481448378067,1494.582166389482,0.1713910849218464,1133141243,1153289644
200.10.4,200,held-out,35.0,3,300,1500.3001822115361,1498.3841964030958,1494.582166389482,0.25374199906410433,1131549438,1149350639
200.10.4,200,held-out,35.0,4,400,1500.3001822115361,1494.5396541845032,1485.1232751882687,0.6300521347740703,1133899237,1151861976
200.10.4,200,held-out,35.0,5,500,1500.3001822115361,1497.935160215376,1495.0104716693336,0.19524800697127448,1135094033,1155103481
200.10.4,200,held-out,35.0,6,600,1500.3001822115361,1498.0656174673563,1492.1902606283888,0.3921962276192163,1133926697,1154354807
200.10.4,200,held-out,35.0,7,700,1500.3001822115361,1497.4696795219884,1494.3943397053347,0.2053690875153735,1133157517,1152398230
200.10.4,200,held-out,35.0,8,800,1500.3001822115361,1496.8027842547529,1487.0474621896626,0.6517439817529029,1130970151,1150606823
200.10.4,200,held-out,35.0,9,900,1500.3001822115361,1495.7767308704304,1486.9350177450453,0.5911118245728957,1133538223,1153101992
200.10.4,200,held-out,35.0,10,1000,1500.3001822115361,1498.0656174673563,1487.0472499894327,0.7355063322627636,1132945290,1153787043
200.20.1,200,held-out,35.0,1,100,3149.9828987387964,3145.5388656885143,3153.563025342819,-0.255096503236124,1110855772,1143704275
200.20.1,200,held-out,35.0,2,200,3149.9828987387964,3149.9828987387964,3149.9828987387964,0.0,1108518509,1136822989
200.20.1,200,held-out,35.0,3,300,3149.9828987387964,3149.9828987387964,3149.9828987387964,0.0,1108858887,1143861117
200.20.1,200,held-out,35.0,4,400,3149.9828987387964,3152.2870928357356,3155.32223454258,-0.09628379704826365,1110449575,1146956268
200.20.1,200,held-out,35.0,5,500,3149.9828987387964,3154.108088840884,3155.32223454258,-0.03849410570270561,1111341675,1145757332
200.20.1,200,held-out,35.0,6,600,3149.9828987387964,3150.140695725104,3154.108088840884,-0.12594336250327942,1109811658,1144928465
200.20.1,200,held-out,35.0,7,700,3149.9828987387964,3154.1128654289664,3149.9828987387964,0.13093909020939037,1110611934,1144570249
200.20.1,200,held-out,35.0,8,800,3149.9828987387964,3140.416754736141,3137.214707883594,0.10196248149923053,1108818393,1144561405
200.20.1,200,held-out,35.0,9,900,3149.9828987387964,3149.9828987387964,3136.4222131056845,0.4305002937806869,1109679549,1145756679
200.20.1,200,held-out,35.0,10,1000,3149.9828987387964,3149.9828987387964,3137.1883689817405,0.40617775297061537,1110516235,1144766108
200.20.2,200,held-out,35.0,1,100,3107.525723581689,3107.525723581689,3130.6794192090665,-0.7450846006414065,1110299768,1145718488
200.20.2,200,held-out,35.0,2,200,3107.525723581689,3107.525723581689,3107.525723581689,0.0,1110819232,1135013325
200.20.2,200,held-out,35.0,3,300,3107.525723581689,3108.1840510305783,3107.525723581689,0.02118045257555175,1111097458,1146920102
200.20.2,200,held-out,35.0,4,400,3107.525723581689,3107.525723581689,3130.6794192090665,-0.7450846006414065,1109172389,1146221811
200.20.2,200,held-out,35.0,5,500,3107.525723581689,3107.525723581689,3107.525723581689,0.0,1110355778,1146870337
200.20.2,200,held-out,35.0,6,600,3107.525723581689,3107.532755400576,3107.525723581689,0.00022628301745422576,1103459098,1146887340
200.20.2,200,held-out,35.0,7,700,3107.525723581689,3107.5327554005758,3107.525723581689,0.00022628301743959206,1109231723,1146436160
200.20.2,200,held-out,35.0,8,800,3107.525723581689,3107.525723581689,3107.525723581689,0.0,1112020885,1145010633
200.20.2,200,held-out,35.0,9,900,3107.525723581689,3107.532755400576,3130.6794192090665,-0.7448566316240353,1107908426,1143014562
200.20.2,200,held-out,35.0,10,1000,3107.525723581689,3107.525723581689,3107.525723581689,0.0,1110830793,1146160232
200.20.3,200,held-out,35.0,1,100,3083.2606354620657,3083.2606354620657,3083.2606354620657,0.0,1108523010,1143717553
200.20.3,200,held-out,35.0,2,200,3083.2606354620657,3083.2606354620657,3083.260685152256,-1.611611736911256e-06,1103437285,1142820608
200.20.3,200,held-out,35.0,3,300,3083.2606354620657,3083.2606354620657,3083.2606354620657,0.0,1107296702,1138317049
200.20.3,200,held-out,35.0,4,400,3083.2606354620657,3083.2606354620657,3083.2606354620657,0.0,1109560436,1141855038
200.20.3,200,held-out,35.0,5,500,3083.2606354620657,3083.2606354620657,3083.2606354620657,0.0,1110279849,1143735446
200.20.3,200,held-out,35.0,6,600,3083.2606354620657,3083.2606354620657,3083.2606354620657,0.0,1108313459,1146302849
200.20.3,200,held-out,35.0,7,700,3083.2606354620657,3083.2606354620657,3083.2606354620657,0.0,1107907148,1142716957
200.20.3,200,held-out,35.0,8,800,3083.2606354620657,3083.2606354620657,3083.2606354620657,0.0,1108144635,1145852852
200.20.3,200,held-out,35.0,9,900,3083.2606354620657,3083.2606354620657,3083.2606354620657,0.0,1105789921,1144976271
200.20.3,200,held-out,35.0,10,1000,3083.2606354620657,3083.2606354620657,3083.2606354620657,0.0,1111321760,1143068602
200.20.4,200,held-out,35.0,1,100,3081.8792269655264,3076.5199443179104,3076.5199443179104,0.0,1116450576,1150341033
200.20.4,200,held-out,35.0,2,200,3081.8792269655264,3076.5199443179104,3076.5199443179104,0.0,1117340064,1146115811
200.20.4,200,held-out,35.0,3,300,3081.8792269655264,3076.5199443179104,3076.5199443179104,0.0,1108844963,1150537719
200.20.4,200,held-out,35.0,4,400,3081.8792269655264,3076.5199443179104,3076.5199443179104,0.0,1116369516,1151960085
200.20.4,200,held-out,35.0,5,500,3081.8792269655264,3076.5199443179104,3076.5199443179104,0.0,1117925678,1149187894
200.20.4,200,held-out,35.0,6,600,3081.8792269655264,3076.5199443179104,3076.5199443179104,0.0,1117768735,1150801284
200.20.4,200,held-out,35.0,7,700,3081.8792269655264,3076.5199443179104,3076.5199443179104,0.0,1082568275,1151753669
200.20.4,200,held-out,35.0,8,800,3081.8792269655264,3076.5199443179104,3076.5199443179104,0.0,1114341194,1149951540
200.20.4,200,held-out,35.0,9,900,3081.8792269655264,3076.5199443179104,3076.5199443179104,0.0,1113948279,1143773062
200.20.4,200,held-out,35.0,10,1000,3081.8792269655264,3076.5199443179104,3076.5199443179104,0.0,1114815521,1147641965
200.30.1,200,held-out,35.0,1,100,5652.840716681177,5487.434209113097,5137.628141395815,6.3746744723854984,1118971280,1158406315
200.30.1,200,held-out,35.0,2,200,5652.840716681177,5563.851647128405,5055.594163159331,9.13499345783947,1122301071,1161604889
200.30.1,200,held-out,35.0,3,300,5652.840716681177,5760.977584074526,5137.219748730387,10.827291483800181,1119816417,1159148196
200.30.1,200,held-out,35.0,4,400,5652.840716681177,5580.6719591369565,5599.23269733236,-0.33258966538992984,1121932374,1158733025
200.30.1,200,held-out,35.0,5,500,5652.840716681177,5198.021350843093,5302.3370868194215,-2.006835465564385,1121010074,1159015034
200.30.1,200,held-out,35.0,6,600,5652.840716681177,5636.018277996722,5318.283135165309,5.637581838083547,1118571941,1159601978
200.30.1,200,held-out,35.0,7,700,5652.840716681177,5455.461295615842,5435.169526893449,0.3719533073894157,1119859862,1161538579
200.30.1,200,held-out,35.0,8,800,5652.840716681177,5408.9761103116,5628.40038621343,-4.056669347892336,1120882724,1161697502
200.30.1,200,held-out,35.0,9,900,5652.840716681177,5436.3450642009375,5095.759097915116,6.264980649014085,1118623331,1157063847
200.30.1,200,held-out,35.0,10,1000,5652.840716681177,5360.336592872009,4969.419455884403,7.292772202167938,1110617615,1158495460
200.30.2,200,held-out,35.0,1,100,5249.198950289426,5466.832836028534,5044.785347669337,7.720146216612686,1130893128,1166778001
200.30.2,200,held-out,35.0,2,200,5249.198950289426,5199.872853797478,5082.638827698035,2.2545556284866883,1132169627,1166594627
200.30.2,200,held-out,35.0,3,300,5249.198950289426,5242.91477425488,5011.937560964651,4.4055114995275755,1134114399,1167334790
200.30.2,200,held-out,35.0,4,400,5249.198950289426,5104.589174904373,5103.670906089833,0.017989083608425202,1130372880,1166795444
200.30.2,200,held-out,35.0,5,500,5249.198950289426,5105.5329804712,5103.670906089833,0.036471694306738384,1132595833,1168719769
200.30.2,200,held-out,35.0,6,600,5249.198950289426,5104.589174904373,5011.937560964651,1.815065047648177,1129455178,1167959843
200.30.2,200,held-out,35.0,7,700,5249.198950289426,5218.790921493571,5128.700185625752,1.7262760134110822,1131918603,1170359772
200.30.2,200,held-out,35.0,8,800,5249.198950289426,5096.497705457265,5082.103933840545,0.28242476399639327,1133307914,1158280775
200.30.2,200,held-out,35.0,9,900,5249.198950289426,5083.022202655085,5014.253244983479,1.352914760743808,1136897326,1168264714
200.30.2,200,held-out,35.0,10,1000,5249.198950289426,5463.6933246351355,5225.106856490885,4.36676171168856,1132928316,1169079428
200.30.3,200,held-out,35.0,1,100,6426.2400691029425,6419.920068978976,6304.232229481999,1.8020137050612246,1156176191,1189883059
200.30.3,200,held-out,35.0,2,200,6426.2400691029425,6339.606673270679,6109.377866237039,3.6315944963011737,1150386341,1187266713
200.30.3,200,held-out,35.0,3,300,6426.2400691029425,6424.148580872476,6287.479819530023,2.127422173101289,1155679969,1190152974
200.30.3,200,held-out,35.0,4,400,6426.2400691029425,6351.239433677733,6017.8206328015885,5.249665114311021,1153852000,1173566787
200.30.3,200,held-out,35.0,5,500,6426.2400691029425,6466.986346763812,6310.556119479816,2.4189045545500045,1153204720,1189175555
200.30.3,200,held-out,35.0,6,600,6426.2400691029425,6371.928673994497,6278.522097760175,1.4659074357743382,1154220328,1188546592
200.30.3,200,held-out,35.0,7,700,6426.2400691029425,6448.245273325869,6277.769081757533,2.6437609666235247,1152127230,1187032785
200.30.3,200,held-out,35.0,8,800,6426.2400691029425,6301.355168947407,6256.908288279873,0.7053543162677905,1150966950,1188094041
200.30.3,200,held-out,35.0,9,900,6426.2400691029425,6466.092818775427,6200.687012196392,4.104577741420337,1153869122,1186754073
200.30.3,200,held-out,35.0,10,1000,6426.2400691029425,6414.826814257603,6277.153634453019,2.146171421161228,1154562943,1182613845
200.30.4,200,held-out,35.0,1,100,6185.35831371928,6228.091540444391,5991.455652155028,3.799492778047368,1137764415,1179286025
200.30.4,200,held-out,35.0,2,200,6185.35831371928,6203.17145188538,6074.754785327107,2.070177610829083,1133919316,1169386462
200.30.4,200,held-out,35.0,3,300,6185.35831371928,6125.845146966455,6005.22776850184,1.9689916341477474,1142645435,1177532081
200.30.4,200,held-out,35.0,4,400,6185.35831371928,5931.615738640853,5703.846052692577,3.839926522287939,1137700109,1172366682
200.30.4,200,held-out,35.0,5,500,6185.35831371928,6156.068607064928,6013.8305084322565,2.310534656313511,1138559307,1178589379
200.30.4,200,held-out,35.0,6,600,6185.35831371928,6084.975841008606,6003.5784009519375,1.3376789355202539,1140398059,1176835541
200.30.4,200,held-out,35.0,7,700,6185.35831371928,5841.303428406506,5834.250540428864,0.12074168144293901,1140758558,1175333515
200.30.4,200,held-out,35.0,8,800,6185.35831371928,6111.02920285493,5892.1109255194915,3.5823470984750845,1140325543,1174943876
200.30.4,200,held-out,35.0,9,900,6185.35831371928,6088.870578469033,5915.248680811268,2.851463098455604,1143588433,1177914936
200.30.4,200,held-out,35.0,10,1000,6185.35831371928,5906.323332247043,6051.761964700367,-2.462422462706452,1133828430,1178915050
200.40.1,200,tuning,35.0,1,100,9462.397190153024,9449.592408177621,9398.756272739334,0.5379717266354641,1189563162,1231772114
200.40.1,200,tuning,35.0,2,200,9462.397190153024,9465.512362933463,9411.24420279933,0.573325120219012,1190814904,1229879318
200.40.1,200,tuning,35.0,3,300,9462.397190153024,9470.5221882109,9410.221877183785,0.6367157990736539,1190740514,1231516989
200.40.1,200,tuning,35.0,4,400,9462.397190153024,9455.78833696037,9434.139057260873,0.2289526682283631,1187840328,1230661648
200.40.1,200,tuning,35.0,5,500,9462.397190153024,9458.114790138581,9373.30068797262,0.8967336942705739,1188154852,1230957318
200.40.1,200,tuning,35.0,6,600,9462.397190153024,9398.097973007243,9415.02213600228,-0.18008072530895325,1190079164,1230373661
200.40.1,200,tuning,35.0,7,700,9462.397190153024,9464.83592779997,9416.59710878404,0.5096635523732929,1189789370,1231487611
200.40.1,200,tuning,35.0,8,800,9462.397190153024,9459.277958457456,9443.3283114874,0.16861378891817674,1191253606,1231675021
200.40.1,200,tuning,35.0,9,900,9462.397190153024,9406.178845044611,9370.417534446038,0.3801895667485927,1191257369,1231856278
200.40.1,200,tuning,35.0,10,1000,9462.397190153024,9442.325316201088,9407.267478330614,0.3712839443301323,1189700702,1230334998
200.40.2,200,held-out,35.0,1,100,9507.795576638211,9504.175325437473,9435.461389189308,0.7229868336314804,1194744721,1233456379
200.40.2,200,held-out,35.0,2,200,9507.795576638211,9478.420216027613,9398.920000580194,0.8387496400822906,1192806717,1232370870
200.40.2,200,held-out,35.0,3,300,9507.795576638211,9414.551441678646,9416.568090265831,-0.021420548814012008,1189301990,1231598240
200.40.2,200,held-out,35.0,4,400,9507.795576638211,9414.551441678646,9414.551441678646,0.0,1191810180,1228923927
200.40.2,200,held-out,35.0,5,500,9507.795576638211,9498.825931353636,9458.035098554994,0.4294302589965402,1191828507,1232763675
200.40.2,200,held-out,35.0,6,600,9507.795576638211,9405.815993036691,9446.21037814579,-0.4294617834221263,1193588603,1231866199
200.40.2,200,held-out,35.0,7,700,9507.795576638211,9473.62657338142,9447.279629234146,0.27810832465469926,1192844982,1232542595
200.40.2,200,held-out,35.0,8,800,9507.795576638211,9457.265405559925,9466.481745520725,-0.09745248299134684,1189158242,1231679556
200.40.2,200,held-out,35.0,9,900,9507.795576638211,9482.70773834705,9459.356389975757,0.24625190415667797,1183652340,1227185988
200.40.2,200,held-out,35.0,10,1000,9507.795576638211,9459.514357812606,9490.939972483,-0.33221171279727885,1192117543,1232072881
200.40.3,200,held-out,35.0,1,100,9405.787255113217,9323.886757817221,9326.286886374575,-0.025741717158262893,1189320142,1228202419
200.40.3,200,held-out,35.0,2,200,9405.787255113217,9344.05792570976,9322.057691723181,0.23544625002854502,1192641002,1229927682
200.40.3,200,held-out,35.0,3,300,9405.787255113217,9332.51829997261,9324.287924244938,0.08819029830025085,1188796903,1227041790
200.40.3,200,held-out,35.0,4,400,9405.787255113217,9319.573998406177,9335.130843010904,-0.16692656346081716,1194267549,1229201201
200.40.3,200,held-out,35.0,5,500,9405.787255113217,9311.469460937795,9308.557067508544,0.03127748462762802,1187007129,1228290369
200.40.3,200,held-out,35.0,6,600,9405.787255113217,9308.557067508544,9322.934402076677,-0.154452880976762,1184704930,1229196167
200.40.3,200,held-out,35.0,7,700,9405.787255113217,9304.011726863446,9323.42256467454,-0.2086286902997902,1191314807,1228352425
200.40.3,200,held-out,35.0,8,800,9405.787255113217,9359.338466362977,9322.057691723181,0.3983270267848637,1189372935,1227689601
200.40.3,200,held-out,35.0,9,900,9405.787255113217,9338.43841925736,9301.96189860691,0.39060621286775854,1187391374,1228926228
200.40.3,200,held-out,35.0,10,1000,9405.787255113217,9340.174451602095,9274.031469633286,0.7081557449653828,1189635364,1224855883
200.40.4,200,held-out,35.0,1,100,9335.570526764048,9284.275740718185,9235.428323966507,0.526130611755175,1191083046,1234810136
200.40.4,200,held-out,35.0,2,200,9335.570526764048,9267.770623725988,9275.86199848693,-0.0873065928091353,1196409960,1235059863
200.40.4,200,held-out,35.0,3,300,9335.570526764048,9267.139201013062,9271.123810712823,-0.0429971926970211,1196640110,1231862828
200.40.4,200,held-out,35.0,4,400,9335.570526764048,9241.552907543786,9239.063054827562,0.026941930010394768,1198754658,1231251817
200.40.4,200,held-out,35.0,5,500,9335.570526764048,9289.24923738857,9256.581156378188,0.35167622458546893,1196160866,1230986089
200.40.4,200,held-out,35.0,6,600,9335.570526764048,9280.788212057307,9278.680152022018,0.02271423490248541,1198678846,1233484772
200.40.4,200,held-out,35.0,7,700,9335.570526764048,9265.637957580373,9275.381833497535,-0.10516141426819112,1192082766,1233296616
200.40.4,200,held-out,35.0,8,800,9335.570526764048,9249.917000233982,9244.99044678769,0.05326051516102684,1194360189,1232436058
200.40.4,200,held-out,35.0,9,900,9335.570526764048,9312.995724874585,9293.467102757206,0.20969216237498256,1196041258,1233881618
200.40.4,200,held-out,35.0,10,1000,9335.570526764048,9263.021377920279,9258.063743494611,0.05352070586261105,1192461691,1214392998
500.10.1,500,held-out,700.0,1,100,1781.5993818599811,1782.277323147065,1792.3566693221987,-0.5655318644427342,14326325850,14408307953
500.10.1,500,held-out,700.0,2,200,1781.5993818599811,1781.3589893400567,1773.3851599681493,0.447626189870998,14327880915,14452743172
500.10.1,500,held-out,700.0,3,300,1781.5993818599811,1780.4035901110672,1767.1416216008079,0.7448855183128433,14345967752,14477347259
500.10.1,500,held-out,700.0,4,400,1781.5993818599811,1786.7636697637636,1778.955304505473,0.43701164235799905,14333633959,14431956198
500.10.1,500,held-out,700.0,5,500,1781.5993818599811,1781.9170810502897,1764.9621039683989,0.9515020234217211,14332718667,14515331060
500.10.1,500,held-out,700.0,6,600,1781.5993818599811,1781.8946037994215,1779.1713562578136,0.1528287664040989,14334837217,14539186481
500.10.1,500,held-out,700.0,7,700,1781.5993818599811,1780.6998932128868,1781.4985825445792,-0.04485255122082342,14348094803,14407573516
500.10.1,500,held-out,700.0,8,800,1781.5993818599811,1778.7975389054523,1763.4135080106723,0.864855643113054,14375928142,14501022648
500.10.1,500,held-out,700.0,9,900,1781.5993818599811,1795.8510834364056,1783.1346225891864,0.7081021897921476,14359394160,14552023073
500.10.1,500,held-out,700.0,10,1000,1781.5993818599811,1794.6435694161473,1782.32068353205,0.6866480951482943,14347203662,14480106535
500.10.2,500,tuning,700.0,1,100,1766.7385189018235,1762.8198913221343,1751.9244377408204,0.6180695847005759,14440924495,14594307167
500.10.2,500,tuning,700.0,2,200,1766.7385189018235,1748.5728346394258,1752.8802642502933,-0.24633973063843045,14455118840,14502489064
500.10.2,500,tuning,700.0,3,300,1766.7385189018235,1768.8199693424447,1742.62185993511,1.4811066056131048,14425589342,14557264953
500.10.2,500,tuning,700.0,4,400,1766.7385189018235,1776.3531304518976,1739.7797999284046,2.0588997703507816,14379177829,14425690700
500.10.2,500,tuning,700.0,5,500,1766.7385189018235,1754.2176225216203,1755.5223585896065,-0.07437709274124343,14408813667,14524547649
500.10.2,500,tuning,700.0,6,600,1766.7385189018235,1758.6849586099142,1748.816358592716,0.5611351805157072,14389937217,14540074538
500.10.2,500,tuning,700.0,7,700,1766.7385189018235,1774.7148728454347,1745.9939092196605,1.6183424202517276,14441582336,14568311139
500.10.2,500,tuning,700.0,8,800,1766.7385189018235,1764.8691390464342,1750.4128441889384,0.8191142639225123,14431089887,14478100707
500.10.2,500,tuning,700.0,9,900,1766.7385189018235,1765.549942570907,1753.9427670007005,0.6574255018413492,14437715695,14545830863
500.10.2,500,tuning,700.0,10,1000,1766.7385189018235,1763.7744750213235,1759.6819527228881,0.2320320628512266,14372442378,14414033867
500.10.3,500,held-out,700.0,1,100,1785.996460179697,1787.468749018196,1778.1797759182616,0.5196719162243518,14326188931,14390883447
500.10.3,500,held-out,700.0,2,200,1785.996460179697,1767.3095436751705,1766.3884205909635,0.05212007638975961,14339103153,14457693735
500.10.3,500,held-out,700.0,3,300,1785.996460179697,1770.8239163583346,1766.8010718782514,0.22717360223799807,14350641985,14344366510
500.10.3,500,held-out,700.0,4,400,1785.996460179697,1782.8669522027228,1783.410251589565,-0.030473355634916717,14356991482,14498326065
500.10.3,500,held-out,700.0,5,500,1785.996460179697,1782.8787655555032,1779.520129301299,0.18838276158153047,14355071830,14423342314
500.10.3,500,held-out,700.0,6,600,1785.996460179697,1791.4142533060424,1770.3537204790075,1.175637225625944,14367666832,14453712356
500.10.3,500,held-out,700.0,7,700,1785.996460179697,1772.1619450848536,1792.2611865597248,-1.1341650536293848,14366627939,14473615972
500.10.3,500,held-out,700.0,8,800,1785.996460179697,1782.6671513390381,1779.5702124173454,0.1737250231691603,14438617060,14486466152
500.10.3,500,held-out,700.0,9,900,1785.996460179697,1782.165949698974,1782.956488323918,-0.04435830597467929,14392096801,14459746287
500.10.3,500,held-out,700.0,10,1000,1785.996460179697,1769.3972309378191,1764.8309411317082,0.2580703601356215,14342714977,14480796222
500.10.4,500,held-out,700.0,1,100,1769.8756117443172,1763.4146999128443,1756.1826652773398,0.4101153651413914,14306388102,14327160399
500.10.4,500,held-out,700.0,2,200,1769.8756117443172,1777.01633167137,1768.315194103757,0.4896487112996362,14351031441,14453268097
500.10.4,500,held-out,700.0,3,300,1769.8756117443172,1778.188351903419,1767.2398547533644,0.6157107675536794,14289827379,14446877314
500.10.4,500,held-out,700.0,4,400,1769.8756117443172,1793.870955030648,1765.5135710933268,1.5807928579141688,14316444315,14348661887
500.10.4,500,held-out,700.0,5,500,1769.8756117443172,1758.3906464147854,1762.5160812860397,-0.2346142411338334,14267764100,14358665080
500.10.4,500,held-out,700.0,6,600,1769.8756117443172,1776.6355592606576,1755.0906568499088,1.2126799049161594,14322621516,14416512842
500.10.4,500,held-out,700.0,7,700,1769.8756117443172,1768.200325390117,1763.4303701466608,0.26976328275495925,14244769507,14441065213
500.10.4,500,held-out,700.0,8,800,1769.8756117443172,1776.789871003667,1769.1591748797507,0.42946530979523884,14353975798,14510061744
500.10.4,500,held-out,700.0,9,900,1769.8756117443172,1784.3798525350553,1772.2765666358705,0.6782908853173701,14308377031,14404189794
500.10.4,500,held-out,700.0,10,1000,1769.8756117443172,1781.4809244658004,1759.2639839088909,1.2471051613180522,14408744230,14433799466
500.20.1,500,held-out,700.0,1,100,3755.2470724809737,3743.3765559632116,3732.194320873238,0.29872055142729387,14098289082,14104425193
500.20.1,500,held-out,700.0,2,200,3755.2470724809737,3748.597825505729,3718.564895849236,0.8011776950876561,14067518701,14157866155
500.20.1,500,held-out,700.0,3,300,3755.2470724809737,3732.194320873238,3750.02428936892,-0.47773419502739445,14043274480,14074647934
500.20.1,500,held-out,700.0,4,400,3755.2470724809737,3744.112227596118,3745.046239403535,-0.02494614879684343,14030303806,14110471275
500.20.1,500,held-out,700.0,5,500,3755.2470724809737,3728.105866931253,3722.8737193304287,0.14034332145001488,14100274358,14113413618
500.20.1,500,held-out,700.0,6,600,3755.2470724809737,3741.961452404155,3724.8432402245157,0.45746628866636135,14001001595,14083960101
500.20.1,500,held-out,700.0,7,700,3755.2470724809737,3742.36523139114,3752.040616496929,-0.2585366341219625,14089222226,14142944474
500.20.1,500,held-out,700.0,8,800,3755.2470724809737,3732.194320873238,3732.194320873238,0.0,13978624417,14067349733
500.20.1,500,held-out,700.0,9,900,3755.2470724809737,3729.832761019286,3716.5502781717796,0.3561147026837878,14049490602,14128062698
500.20.1,500,held-out,700.0,10,1000,3755.2470724809737,3728.9996379869635,3727.3048935550282,0.04544769633847924,14078188990,14122423677
500.20.2,500,held-out,700.0,1,100,3785.324226339426,3791.786860098318,3773.2651690078546,0.48846867647995945,14097581758,14084669692
500.20.2,500,held-out,700.0,2,200,3785.324226339426,3789.9043472265066,3761.112410865657,0.759700871657093,14045992009,14093949557
500.20.2,500,held-out,700.0,3,300,3785.324226339426,3752.009868419151,3772.6663273815298,-0.5505438334862863,14085177078,14063864760
500.20.2,500,held-out,700.0,4,400,3785.324226339426,3785.3661788979925,3751.922060559618,0.8835107822543873,14091802725,14107838813
500.20.2,500,held-out,700.0,5,500,3785.324226339426,3778.937647500002,3774.0965250178924,0.12810802753817505,14108848365,14092000376
500.20.2,500,held-out,700.0,6,600,3785.324226339426,3777.653732694819,3762.7100261713776,0.3955816911991374,14077006611,14113695671
500.20.2,500,held-out,700.0,7,700,3785.324226339426,3779.085553225899,3765.403586788306,0.3620443688001144,13987157572,14095328614
500.20.2,500,held-out,700.0,8,800,3785.324226339426,3772.5214619159237,3745.2161532318096,0.72379465457691,14103467939,14176796745
500.20.2,500,held-out,700.0,9,900,3785.324226339426,3771.5909615683076,3759.502295569492,0.3205190096698281,14000204598,14111658737
500.20.2,500,held-out,700.0,10,1000,3785.324226339426,3789.903828387456,3779.0190138848225,0.28720555970584966,14086230405,14096243140
500.20.3,500,held-out,700.0,1,100,3888.9201705845535,3861.4693515492595,3851.2533286261746,0.26456309743818435,14071863079,14004195413
500.20.3,500,held-out,700.0,2,200,3888.9201705845535,3865.4335582942513,3871.9324402162747,-0.16812814976675663,14082308762,14074670469
500.20.3,500,held-out,700.0,3,300,3888.9201705845535,3860.4217709061186,3861.0406553709845,-0.016031524574079106,14139997822,14015073976
500.20.3,500,held-out,700.0,4,400,3888.9201705845535,3860.6784493975024,3848.9094212933146,0.3048435205999727,14040827343,13984358889
500.20.3,500,held-out,700.0,5,500,3888.9201705845535,3844.390042596238,3826.021032802494,0.4778133745591173,14097415876,14021496927
500.20.3,500,held-out,700.0,6,600,3888.9201705845535,3870.6887342311857,3852.015616038992,0.48242365827699685,14048827192,14019229538
500.20.3,500,held-out,700.0,7,700,3888.9201705845535,3880.323730946053,3866.7054441132327,0.35095749161887224,14137367675,14074745663
500.20.3,500,held-out,700.0,8,800,3888.9201705845535,3863.007505839524,3829.3163671722277,0.8721478955546194,14057914415,14008198119
500.20.3,500,held-out,700.0,9,900,3888.9201705845535,3876.4278245766072,3846.3485704994796,0.7759528988628331,14159025544,14010997029
500.20.3,500,held-out,700.0,10,1000,3888.9201705845535,3857.3657869320596,3848.172710666371,0.2383252399042018,14003155770,13930552732
500.20.4,500,held-out,700.0,1,100,3797.9917549065894,3798.123705227678,3790.596380679351,0.198185344462748,14147096943,14165960610
500.20.4,500,held-out,700.0,2,200,3797.9917549065894,3796.518338512987,3806.7937430026705,-0.27065336114530525,14162410970,14129657805
500.20.4,500,held-out,700.0,3,300,3797.9917549065894,3806.472414948654,3806.095086888636,0.009912801641126144,14140159642,14190567737
500.20.4,500,held-out,700.0,4,400,3797.9917549065894,3790.1577798436333,3777.256782491647,0.3403815382197283,14112900041,14178117070
500.20.4,500,held-out,700.0,5,500,3797.9917549065894,3798.451002102556,3768.8826084979178,0.7784329345902058,14122486399,14128322414
500.20.4,500,held-out,700.0,6,600,3797.9917549065894,3812.959295019484,3782.647003883615,0.7949807168270399,14163028907,14182230452
500.20.4,500,held-out,700.0,7,700,3797.9917549065894,3803.179242375231,3790.8107580741694,0.32521434076130684,14125584655,14169434676
500.20.4,500,held-out,700.0,8,800,3797.9917549065894,3791.1811772322135,3787.0255241288964,0.10961367734872825,14119638769,14136828113
500.20.4,500,held-out,700.0,9,900,3797.9917549065894,3781.6463949341633,3790.7479783733725,-0.24067780243550935,14158303751,14141654361
500.20.4,500,held-out,700.0,10,1000,3797.9917549065894,3808.3681045007074,3808.297333097117,0.0018583131054638721,14130176526,14180835430
500.30.1,500,held-out,700.0,1,100,8009.518163624411,7993.270759863461,7943.524682916853,0.6223494541983668,17842290501,17739382319
500.30.1,500,held-out,700.0,2,200,8009.518163624411,8003.840311001827,7997.614290445165,0.07778791573469625,17728302141,17715237734
500.30.1,500,held-out,700.0,3,300,8009.518163624411,8021.3417526908925,8001.867523973064,0.24278018962720027,17883413551,17767555256
500.30.1,500,held-out,700.0,4,400,8009.518163624411,8002.454694324913,8012.801461786527,-0.12929492083162475,17852189423,17759590397
500.30.1,500,held-out,700.0,5,500,8009.518163624411,7975.553405649014,7974.67443339799,0.011020830860489734,17857763233,17861824881
500.30.1,500,held-out,700.0,6,600,8009.518163624411,8061.642873662409,8020.6172208685275,0.508899407190483,17876838246,17921781983
500.30.1,500,held-out,700.0,7,700,8009.518163624411,7999.855075449075,7993.117566154697,0.08422039188003985,17920369653,17913465490
500.30.1,500,held-out,700.0,8,800,8009.518163624411,8017.211497988032,7987.450469550269,0.37121421139047095,17940122074,17856351629
500.30.1,500,held-out,700.0,9,900,8009.518163624411,8040.582972245467,7956.376881935414,1.0472634957031945,17910815272,17696526225
500.30.1,500,held-out,700.0,10,1000,8009.518163624411,8065.493381224506,8044.737005517324,0.2573478735411329,17883755925,17787282157
500.30.2,500,held-out,700.0,1,100,8238.766724977351,8159.387692302626,8148.945905929804,0.127972671070315,17827537957,17798749213
500.30.2,500,held-out,700.0,2,200,8238.766724977351,8160.195003031165,8153.203409428447,0.08567924663712388,17913587461,17970436190
500.30.2,500,held-out,700.0,3,300,8238.766724977351,8162.6189259180555,8113.655797419979,0.5998458208383162,17778540662,17862921124
500.30.2,500,held-out,700.0,4,400,8238.766724977351,8224.667668845428,8161.629573930605,0.7664515753458062,17890860793,17898208754
500.30.2,500,held-out,700.0,5,500,8238.766724977351,8198.791822460036,8140.370122843346,0.712564739802861,17856770728,17812594797
500.30.2,500,held-out,700.0,6,600,8238.766724977351,8161.623105251263,8130.634120404783,0.37969144674839717,17947770228,17898477723
500.30.2,500,held-out,700.0,7,700,8238.766724977351,8203.993183116407,8146.214013252244,0.7042810564868712,17871025553,17868754129
500.30.2,500,held-out,700.0,8,800,8238.766724977351,8192.478028990587,8137.387240240787,0.6724557399464585,17959832972,17890586509
500.30.2,500,held-out,700.0,9,900,8238.766724977351,8156.544804298631,8155.53336740106,0.012400310693296977,17943725184,17940144435
500.30.2,500,held-out,700.0,10,1000,8238.766724977351,8165.2966903384295,8177.8758852314295,-0.15405680124133553,17895256011,17763195512
500.30.3,500,held-out,700.0,1,100,8065.710092023437,8093.905772163523,8063.168735878613,0.37975530170637967,17929150893,17880869800
500.30.3,500,held-out,700.0,2,200,8065.710092023437,8066.970259306072,8064.192643285764,0.03443196058773307,17933477648,17865946753
500.30.3,500,held-out,700.0,3,300,8065.710092023437,8078.406036906716,8024.597184690747,0.666082541161456,17948940907,17934019717
500.30.3,500,held-out,700.0,4,400,8065.710092023437,8110.05093095934,8047.583826409262,0.7702430611331426,17939356535,17913661888
500.30.3,500,held-out,700.0,5,500,8065.710092023437,8066.524510297482,8056.021493327747,0.13020498426959243,17929269557,17808569788
500.30.3,500,held-out,700.0,6,600,8065.710092023437,8065.215188374372,8020.843729846121,0.550158396172862,17939187377,17905267705
500.30.3,500,held-out,700.0,7,700,8065.710092023437,8084.340713347666,8053.361223289042,0.3832036669047753,17934115380,17878805444
500.30.3,500,held-out,700.0,8,800,8065.710092023437,8089.9724096777345,8077.615845249411,0.15273926538416632,17901232911,17853942797
500.30.3,500,held-out,700.0,9,900,8065.710092023437,8088.999892716942,8067.078623659758,0.271000980936112,17891805537,17846870216
500.30.3,500,held-out,700.0,10,1000,8065.710092023437,8053.509324592844,8027.150110747085,0.3273009663658828,17863180113,17851799494
500.30.4,500,held-out,700.0,1,100,8197.555813456434,8181.227111017808,8124.202799692368,0.6970141587763086,17815577445,17851401887
500.30.4,500,held-out,700.0,2,200,8197.555813456434,8160.122997403515,8178.234289494894,-0.22194876348239018,17926206673,17803452975
500.30.4,500,held-out,700.0,3,300,8197.555813456434,8167.595552798639,8100.087410449491,0.8265363032822622,17843591203,17793157438
500.30.4,500,held-out,700.0,4,400,8197.555813456434,8168.148253513265,8143.791726017829,0.298189096714302,17915334859,17603291424
500.30.4,500,held-out,700.0,5,500,8197.555813456434,8131.153610534529,8113.511823035098,0.2169653697917479,17803361370,17797136840
500.30.4,500,held-out,700.0,6,600,8197.555813456434,8163.288210667933,8136.1553050655975,0.332377161042499,17855787323,17868332697
500.30.4,500,held-out,700.0,7,700,8197.555813456434,8185.692203536174,8161.02380257663,0.30135998698909233,17776068212,17837659430
500.30.4,500,held-out,700.0,8,800,8197.555813456434,8179.278153029933,8171.2089527464195,0.09865418601180471,17891656626,17853985632
500.30.4,500,held-out,700.0,9,900,8197.555813456434,8177.399661299547,8160.063594004562,0.21199975558281264,17906151944,17840872731
500.30.4,500,held-out,700.0,10,1000,8197.555813456434,8174.719627273035,8198.85837651664,-0.29528534731725703,17941311800,17886992893
500.40.1,500,tuning,700.0,1,100,14142.08110414259,14065.831328967877,14060.542972586652,0.037597183255948935,19799516088,19719869396
500.40.1,500,tuning,700.0,2,200,14142.08110414259,14064.77549766859,14005.048111043925,0.4246593671869532,19927601298,19790209789
500.40.1,500,tuning,700.0,3,300,14142.08110414259,14129.81547301406,14051.175071441587,0.5565564654589078,19902546820,19756695776
500.40.1,500,tuning,700.0,4,400,14142.08110414259,14108.28594485598,14115.647490915939,-0.05217888330824149,19761366448,19788321771
500.40.1,500,tuning,700.0,5,500,14142.08110414259,14203.377671357786,14101.614350769816,0.7164726795456816,19897075519,19756008100
500.40.1,500,tuning,700.0,6,600,14142.08110414259,14165.855819530254,14138.246361862964,0.19490144484758,19907893858,19733167938
500.40.1,500,tuning,700.0,7,700,14142.08110414259,14123.32984707954,14035.564507681029,0.6214210129536798,19906666198,19746817312
500.40.1,500,tuning,700.0,8,800,14142.08110414259,14104.814756930406,14027.690209837976,0.5467958879398568,19806666008,19707541459
500.40.1,500,tuning,700.0,9,900,14142.08110414259,14194.293598401253,14103.953519606861,0.6364535027270906,19918643856,19766918627
500.40.1,500,tuning,700.0,10,1000,14142.08110414259,14058.859825679989,14048.140539560673,0.0762457713657281,19876101312,19781617690
500.40.2,500,held-out,700.0,1,100,14573.038435559924,14468.641623472438,14321.562479710125,1.0165373335649404,19876983074,19789283991
500.40.2,500,held-out,700.0,2,200,14573.038435559924,14425.335276770718,14394.613325689676,0.21297218048383731,19921472814,19765369002
500.40.2,500,held-out,700.0,3,300,14573.038435559924,14496.395626471596,14443.720278503286,0.36336858709982206,19906466498,19782622293
500.40.2,500,held-out,700.0,4,400,14573.038435559924,14483.364651814227,14453.079924979855,0.20910007834801406,19895622007,19817134404
500.40.2,500,held-out,700.0,5,500,14573.038435559924,14494.82541770555,14492.085713549825,0.01890125666762809,19949492181,19695935705
500.40.2,500,held-out,700.0,6,600,14573.038435559924,14453.30245051965,14391.65648817919,0.4265181784682321,19934875220,19828248681
500.40.2,500,held-out,700.0,7,700,14573.038435559924,14597.005239418979,14556.103838762758,0.28020405545767363,19869178801,19813905814
500.40.2,500,held-out,700.0,8,800,14573.038435559924,14409.10989914362,14370.608368704323,0.2672026982151387,19903402863,19637869197
500.40.2,500,held-out,700.0,9,900,14573.038435559924,14483.989446192827,14403.000914589556,0.5591590072896572,19884871833,19777988647
500.40.2,500,held-out,700.0,10,1000,14573.038435559924,14554.36920017763,14394.01314766521,1.101772603861555,19885576961,19796690551
500.40.3,500,held-out,700.0,1,100,14236.695571992352,14252.242741600636,14107.83067509185,1.0132585385124313,19742538748,19644798047
500.40.3,500,held-out,700.0,2,200,14236.695571992352,14146.390802299804,14089.725689475084,0.4005623315277514,19746367974,19472511288
500.40.3,500,held-out,700.0,3,300,14236.695571992352,14081.88368247486,14065.581218315203,0.11576905850987362,19703364963,19554522948
500.40.3,500,held-out,700.0,4,400,14236.695571992352,14224.983493678828,14130.156395888062,0.6666236051022856,19755940361,19652455455
500.40.3,500,held-out,700.0,5,500,14236.695571992352,14282.538159041045,14215.694867193077,0.46800709442288935,19684349991,19621349078
500.40.3,500,held-out,700.0,6,600,14236.695571992352,14146.423178078407,14243.069310135448,-0.6831842285533096,19741165407,19654908195
500.40.3,500,held-out,700.0,7,700,14236.695571992352,14172.964042522384,14064.583415069668,0.7646997983452679,19660061822,19595901615
500.40.3,500,held-out,700.0,8,800,14236.695571992352,14174.032831042068,14093.212092344678,0.5702028467183117,19639092310,19657942535
500.40.3,500,held-out,700.0,9,900,14236.695571992352,14155.977747891702,14186.94195831445,-0.2187359359713559,19677710698,19663708606
500.40.3,500,held-out,700.0,10,1000,14236.695571992352,14205.126166534654,14136.254326052129,0.48483793579234535,19725203330,19639599695
500.40.4,500,held-out,700.0,1,100,14402.551609549417,14311.249156041042,14132.055725636601,1.2521159295783757,19940614663,19790911052
500.40.4,500,held-out,700.0,2,200,14402.551609549417,14220.760063937407,14013.432523935746,1.4579216516522582,19936530622,19784792528
500.40.4,500,held-out,700.0,3,300,14402.551609549417,14393.614308312684,14319.546912249934,0.5145851102872349,19965751685,19780496527
500.40.4,500,held-out,700.0,4,400,14402.551609549417,14416.441336603832,14156.762758195866,1.8012668476556206,19883634678,19772589850
500.40.4,500,held-out,700.0,5,500,14402.551609549417,14233.313486315825,14188.690332366958,0.31351205741213195,19959728395,19786825242
500.40.4,500,held-out,700.0,6,600,14402.551609549417,14364.627099441645,14299.508773693036,0.4533241642669537,19958650945,19850982183
500.40.4,500,held-out,700.0,7,700,14402.551609549417,14284.415746114879,14162.015212408423,0.8568816245756943,19970900650,19805525966
500.40.4,500,held-out,700.0,8,800,14402.551609549417,14153.70863340441,14084.581776959181,0.48840101372499545,19934453094,19759226692
500.40.4,500,held-out,700.0,9,900,14402.551609549417,14272.632442545524,14168.79395111087,0.7275356655659369,19941782342,19808194953
500.40.4,500,held-out,700.0,10,1000,14402.551609549417,14424.395269424173,14180.19344218264,1.6929779216406642,19970367674,19796063983
1000.10.1,1000,held-out,4500.0,1,100,1773.8170560865615,1778.5074239368635,1764.272173140725,0.8004043505552307,58539266407,60948511285
1000.10.1,1000,held-out,4500.0,2,200,1773.8170560865615,1771.7630569551131,1779.000878365724,-0.40850955674905715,58184281775,60591070792
1000.10.1,1000,held-out,4500.0,3,300,1773.8170560865615,1763.5844050743,1769.407245125932,-0.3301707610295245,58356516054,60104564798
1000.10.1,1000,held-out,4500.0,4,400,1773.8170560865615,1761.1802774916616,1754.1729772239196,0.3978752406722437,58304049011,60823425788
1000.10.1,1000,held-out,4500.0,5,500,1773.8170560865615,1778.4849268428807,1771.6555674915257,0.3839987198248692,58751249777,60639155482
1000.10.1,1000,held-out,4500.0,6,600,1773.8170560865615,1779.5025257236694,1766.9744716439907,0.7040200223702346,58545801955,60492713200
1000.10.1,1000,held-out,4500.0,7,700,1773.8170560865615,1780.5891892252878,1786.0748382441545,-0.30808055289010766,58392419534,60623955579
1000.10.1,1000,held-out,4500.0,8,800,1773.8170560865615,1776.9689927619909,1778.5888358485836,-0.09115764502311004,58840628439,61190566505
1000.10.1,1000,held-out,4500.0,9,900,1773.8170560865615,1778.5292576776592,1766.4340281860507,0.6800691885947399,58670966138,61002172259
1000.10.1,1000,held-out,4500.0,10,1000,1773.8170560865615,1773.7553168783409,1763.082225352533,0.6017228771210459,58201667902,60252948067
1000.10.2,1000,held-out,4500.0,1,100,1761.739356115498,1748.6636848569892,1742.9372655306427,0.32747402350354643,58812269481,61315522970
1000.10.2,1000,held-out,4500.0,2,200,1761.739356115498,1753.0778443804,1743.3182342457326,0.5567128787778816,58793302310,61145794679
1000.10.2,1000,held-out,4500.0,3,300,1761.739356115498,1733.7208242011081,1740.7960729944955,-0.4080961994932254,58755870420,61525364473
1000.10.2,1000,held-out,4500.0,4,400,1761.739356115498,1737.922114024622,1737.8546674786246,0.0038808727648465616,58672060974,60993567814
1000.10.2,1000,held-out,4500.0,5,500,1761.739356115498,1740.9331552211836,1736.7312248750934,0.24136080891378875,58838309757,61288617891
1000.10.2,1000,held-out,4500.0,6,600,1761.739356115498,1749.902760580146,1753.3265270672541,-0.195654670890005,59048644443,61393480863
1000.10.2,1000,held-out,4500.0,7,700,1761.739356115498,1749.9943268976178,1740.044027755958,0.5685903656213357,58807458647,61179259304
1000.10.2,1000,held-out,4500.0,8,800,1761.739356115498,1754.0239376865563,1747.79443715367,0.35515481853130143,58601057445,61107344702
1000.10.2,1000,held-out,4500.0,9,900,1761.739356115498,1750.9168038467838,1743.1391740558256,0.44420327532813697,58802514505,61342046256
1000.10.2,1000,held-out,4500.0,10,1000,1761.739356115498,1758.879779620557,1750.3558603241058,0.48462205292336724,58863099099,61120427455
1000.10.3,1000,held-out,4500.0,1,100,1748.3023637361257,1764.9080074731164,1760.6544916418786,0.24100495964816354,58893253402,61164450752
1000.10.3,1000,held-out,4500.0,2,200,1748.3023637361257,1745.232279618789,1749.2021997509962,-0.22747230718619627,59297447103,61614359995
1000.10.3,1000,held-out,4500.0,3,300,1748.3023637361257,1753.412563400108,1746.9643601998976,0.3677516253052532,59138365297,61283413634
1000.10.3,1000,held-out,4500.0,4,400,1748.3023637361257,1737.8179412075172,1727.1036201060042,0.6165387551510798,58927389309,61203432562
1000.10.3,1000,held-out,4500.0,5,500,1748.3023637361257,1764.7325420530422,1757.0415328704694,0.43581726971642165,59185636772,61084811192
1000.10.3,1000,held-out,4500.0,6,600,1748.3023637361257,1754.2002142475817,1743.043896295925,0.6359774591888295,59034087754,61036784448
1000.10.3,1000,held-out,4500.0,7,700,1748.3023637361257,1753.2910160255667,1747.3456126388467,0.33909963219895656,59078203622,61469254132
1000.10.3,1000,held-out,4500.0,8,800,1748.3023637361257,1751.1610918243584,1745.3119525533045,0.33401491720903137,58893426637,61186545505
1000.10.3,1000,held-out,4500.0,9,900,1748.3023637361257,1756.1738001765095,1745.5113186897074,0.6071427261772407,58421769698,61641937976
1000.10.3,1000,held-out,4500.0,10,1000,1748.3023637361257,1745.7711273902507,1735.326446118781,0.5982846839197942,58948301864,61415621600
1000.10.4,1000,held-out,4500.0,1,100,1745.548800328407,1724.5191404584323,1730.5392389913657,-0.34908853092422354,59718078278,62112379253
1000.10.4,1000,held-out,4500.0,2,200,1745.548800328407,1727.3497554957023,1728.7511564536114,-0.08113012164736458,59700888210,61935437391
1000.10.4,1000,held-out,4500.0,3,300,1745.548800328407,1716.7322567788126,1720.2052194927533,-0.20230077813398506,59511032983,62016875497
1000.10.4,1000,held-out,4500.0,4,400,1745.548800328407,1736.4211054437521,1729.2122913665783,0.41515356238034384,59616870738,62343039325
1000.10.4,1000,held-out,4500.0,5,500,1745.548800328407,1738.9758503677124,1725.5450096363427,0.7723419924738864,59760706338,62305690457
1000.10.4,1000,held-out,4500.0,6,600,1745.548800328407,1715.978513023062,1724.119304384219,-0.47441103133717166,59610645003,62560256715
1000.10.4,1000,held-out,4500.0,7,700,1745.548800328407,1728.1147630974895,1730.031964081994,-0.1109417629803736,59703415109,62037981753
1000.10.4,1000,held-out,4500.0,8,800,1745.548800328407,1739.5257465913721,1726.350069680847,0.7574292554360389,59442222515,61945622334
1000.10.4,1000,held-out,4500.0,9,900,1745.548800328407,1739.004081595807,1738.2107153332975,0.04562187466412215,59477625709,61877091690
1000.10.4,1000,held-out,4500.0,10,1000,1745.548800328407,1745.048740707867,1735.1087794232476,0.5696093783940546,59553159979,61668917028
1000.20.1,1000,held-out,4500.0,1,100,3708.541021396037,3711.4841413741983,3709.684088929843,0.04849953214912661,54539220721,57058097271
1000.20.1,1000,held-out,4500.0,2,200,3708.541021396037,3717.0756460928365,3712.6842497288485,0.11814116208810331,54746244345,57502335211
1000.20.1,1000,held-out,4500.0,3,300,3708.541021396037,3709.542619220546,3710.0037904417177,-0.012432023796741149,54542720537,57084344927
1000.20.1,1000,held-out,4500.0,4,400,3708.541021396037,3715.854849154871,3715.8177864941595,0.000997419496077156,54782026539,57407086972
1000.20.1,1000,held-out,4500.0,5,500,3708.541021396037,3724.648872747662,3724.648872747662,0.0,54637947401,57367898275
1000.20.1,1000,held-out,4500.0,6,600,3708.541021396037,3746.459096600642,3734.637864190819,0.3155308013518449,54662929032,57124025080
1000.20.1,1000,held-out,4500.0,7,700,3708.541021396037,3712.5516166409034,3701.4262383412274,0.299669323109429,54809094607,57505634483
1000.20.1,1000,held-out,4500.0,8,800,3708.541021396037,3724.4894769878442,3717.8502198792007,0.17825952119518296,54759404675,57762529819
1000.20.1,1000,held-out,4500.0,9,900,3708.541021396037,3722.1641802054132,3721.377685106203,0.02113004857208739,54598042516,57320554506
1000.20.1,1000,held-out,4500.0,10,1000,3708.541021396037,3733.3409756424153,3733.675462285691,-0.008959445318766752,54951260017,57648260853
1000.20.2,1000,held-out,4500.0,1,100,3768.1035174298454,3718.334914449701,3707.2057794165216,0.29930426627065887,54522257604,56748923914
1000.20.2,1000,held-out,4500.0,2,200,3768.1035174298454,3712.59434092089,3688.571250633831,0.6470701639086199,54713477727,57558889306
1000.20.2,1000,held-out,4500.0,3,300,3768.1035174298454,3730.7767521885808,3725.0027266487396,0.1547673828634746,54778015958,57374818287
1000.20.2,1000,held-out,4500.0,4,400,3768.1035174298454,3724.2172726063704,3731.3176290124443,-0.1906536564958441,54955670135,57923996919
1000.20.2,1000,held-out,4500.0,5,500,3768.1035174298454,3693.9673399168328,3698.256619021398,-0.11611578310981249,54825219895,57292622262
1000.20.2,1000,held-out,4500.0,6,600,3768.1035174298454,3700.833521391454,3692.8661117675574,0.2152868962584619,54676570942,57000101969
1000.20.2,1000,held-out,4500.0,7,700,3768.1035174298454,3737.531688329461,3732.0983591569548,0.14537212325106974,54630006030,57480638774
1000.20.2,1000,held-out,4500.0,8,800,3768.1035174298454,3701.454862113157,3685.3930365670485,0.43393276818020987,55075525454,57577664139
1000.20.2,1000,held-out,4500.0,9,900,3768.1035174298454,3701.0382334644487,3709.466388249887,-0.2277240669721224,54950125042,57506645043
1000.20.2,1000,held-out,4500.0,10,1000,3768.1035174298454,3715.7291995329188,3691.1715151923,0.6609115740648115,54303352544,56967380451
1000.20.3,1000,held-out,4500.0,1,100,3734.7242114925625,3675.7185576882357,3679.3781423085557,-0.09956106711884831,55234934660,57888578439
1000.20.3,1000,held-out,4500.0,2,200,3734.7242114925625,3671.040088594132,3661.716562358774,0.25397505912088286,55008199465,58027715698
1000.20.3,1000,held-out,4500.0,3,300,3734.7242114925625,3679.6584079884774,3666.047778478794,0.36988839725271505,54859740947,57560856429
1000.20.3,1000,held-out,4500.0,4,400,3734.7242114925625,3689.4192533560736,3671.9222460258716,0.47424827943546605,54882210459,57868215020
1000.20.3,1000,held-out,4500.0,5,500,3734.7242114925625,3707.4998855653703,3692.0325363381558,0.4171908214329143,54852225100,57612007483
1000.20.3,1000,held-out,4500.0,6,600,3734.7242114925625,3675.950951253969,3689.49674612381,-0.36849770438913104,55095800349,57912805156
1000.20.3,1000,held-out,4500.0,7,700,3734.7242114925625,3681.728201160339,3659.5965996701275,0.6011199165445265,55476519613,58294075797
1000.20.3,1000,held-out,4500.0,8,800,3734.7242114925625,3699.34610647119,3707.084407050092,-0.20918022688835597,55168729495,57776682642
1000.20.3,1000,held-out,4500.0,9,900,3734.7242114925625,3686.4556762762795,3670.155654060006,0.4421597232585864,55151096875,57893866011
1000.20.3,1000,held-out,4500.0,10,1000,3734.7242114925625,3712.5715821382605,3694.323624704174,0.4915179958247826,55097006370,58164998703
1000.20.4,1000,held-out,4500.0,1,100,3750.289861862383,3676.25923851024,3670.7333987818774,0.15031148158641966,55598291229,58759408779
1000.20.4,1000,held-out,4500.0,2,200,3750.289861862383,3662.58440372612,3636.649673462108,0.7080991836700755,55666781684,58678113114
1000.20.4,1000,held-out,4500.0,3,300,3750.289861862383,3640.7867472352855,3626.9286132192965,0.380635697119928,55705986427,58360786268
1000.20.4,1000,held-out,4500.0,4,400,3750.289861862383,3658.1580453490883,3649.085715187551,0.24800268465906017,55781519621,58460871742
1000.20.4,1000,held-out,4500.0,5,500,3750.289861862383,3671.38826635242,3653.5873214041435,0.4848559633809052,55710337214,58573086462
1000.20.4,1000,held-out,4500.0,6,600,3750.289861862383,3671.7892677336185,3640.740116322532,0.8456136544636614,55592915338,58493629954
1000.20.4,1000,held-out,4500.0,7,700,3750.289861862383,3661.9157736374113,3654.125937455555,0.21272570597982002,55832302836,58646685244
1000.20.4,1000,held-out,4500.0,8,800,3750.289861862383,3669.8408107268942,3679.7916015746346,-0.2711504765725617,55777809317,58689620376
1000.20.4,1000,held-out,4500.0,9,900,3750.289861862383,3693.9437176976703,3688.4735417101374,0.1480849846554326,56129453598,58587308667
1000.20.4,1000,held-out,4500.0,10,1000,3750.289861862383,3634.2213906500365,3622.171226928838,0.3315748388967273,55857258078,58504648649
1000.30.1,1000,held-out,4500.0,1,100,7979.543044930953,7909.942853594655,7903.870424714833,0.07676956701480132,75322972139,80290385520
1000.30.1,1000,held-out,4500.0,2,200,7979.543044930953,7933.369653078021,7887.053929253325,0.5838089721021141,75779392870,80350357454
1000.30.1,1000,held-out,4500.0,3,300,7979.543044930953,7938.674740845327,7907.193593195034,0.3965541942198351,75826655517,80336749536
1000.30.1,1000,held-out,4500.0,4,400,7979.543044930953,7907.676600882356,7928.849627264417,-0.2677528109798824,75784612237,80058172429
1000.30.1,1000,held-out,4500.0,5,500,7979.543044930953,7919.890889033499,7918.811182482041,0.013632846292782252,75867899125,80136357169
1000.30.1,1000,held-out,4500.0,6,600,7979.543044930953,7950.820550352748,7896.665916824827,0.6811200577972825,75912438625,80237816239
1000.30.1,1000,held-out,4500.0,7,700,7979.543044930953,7955.829434580442,7927.850538585521,0.35167792654414165,75788713258,80159523154
1000.30.1,1000,held-out,4500.0,8,800,7979.543044930953,7922.295579699436,7909.028059047647,0.16747065946120832,75901553919,80700855233
1000.30.1,1000,held-out,4500.0,9,900,7979.543044930953,7929.080911495736,7941.207196330872,-0.1529343056337747,75863869312,80308231802
1000.30.1,1000,held-out,4500.0,10,1000,7979.543044930953,7925.45930514813,7882.516490978265,0.5418337602461752,75960176548,80392234536
1000.30.2,1000,held-out,4500.0,1,100,7973.009423005142,7955.478963396214,7944.300020434308,0.14051879231082004,75463252430,79665719147
1000.30.2,1000,held-out,4500.0,2,200,7973.009423005142,7985.667796737807,7950.033926181859,0.4462228014356539,75499709671,79559486593
1000.30.2,1000,held-out,4500.0,3,300,7973.009423005142,7971.863557246797,7945.7134573796175,0.3280299478207739,75291910014,79646776106
1000.30.2,1000,held-out,4500.0,4,400,7973.009423005142,7969.203121317212,7959.459092132034,0.12227106069254651,75090134651,79191579668
1000.30.2,1000,held-out,4500.0,5,500,7973.009423005142,7979.309609375296,7970.03120460759,0.11628079648400044,75328307082,80012508520
1000.30.2,1000,held-out,4500.0,6,600,7973.009423005142,7971.19944637468,7950.031382857865,0.26555681687832144,75446297308,80122645190
1000.30.2,1000,held-out,4500.0,7,700,7973.009423005142,7946.640807827146,7972.351867932245,-0.3235462722786537,75276243496,79784785456
1000.30.2,1000,held-out,4500.0,8,800,7973.009423005142,7987.275227344298,7971.672730803499,0.19534191694540265,75178609291,79522818858
1000.30.2,1000,held-out,4500.0,9,900,7973.009423005142,7948.726835636515,7952.71583708755,-0.050184155695874914,75465058292,79775892073
1000.30.2,1000,held-out,4500.0,10,1000,7973.009423005142,7973.815100914153,7927.888438271992,0.5759684926340478,75293852541,79511459580
1000.30.3,1000,held-out,4500.0,1,100,7977.814850915422,7912.800374705674,7920.722535902631,-0.10011829973976343,75526679782,79864223403
1000.30.3,1000,held-out,4500.0,2,200,7977.814850915422,7920.286934325561,7876.350396623391,0.5547341664069505,75239934410,79854507057
1000.30.3,1000,held-out,4500.0,3,300,7977.814850915422,7913.559085252405,7860.33109598247,0.6726175756889121,75154106633,79559590331
1000.30.3,1000,held-out,4500.0,4,400,7977.814850915422,7913.650487887249,7920.365306495831,-0.0848510888730717,75437065308,79839038862
1000.30.3,1000,held-out,4500.0,5,500,7977.814850915422,7919.761908166192,7864.197629346444,0.7015902682939889,75429078752,79809132821
1000.30.3,1000,held-out,4500.0,6,600,7977.814850915422,7880.649034908736,7882.421883289733,-0.022496223003255194,67519046491,79565053358
1000.30.3,1000,held-out,4500.0,7,700,7977.814850915422,7898.118755099087,7894.218990355931,0.049375868660348585,73153473252,79896102464
1000.30.3,1000,held-out,4500.0,8,800,7977.814850915422,7865.5925004317,7854.587626719945,0.139911566880066,75330589143,79930904482
1000.30.3,1000,held-out,4500.0,9,900,7977.814850915422,7870.972885162075,7880.753608111032,-0.12426320216901358,75268039891,80047716807
1000.30.3,1000,held-out,4500.0,10,1000,7977.814850915422,7893.567618540175,7857.937480843023,0.4513819279062784,75289854608,80227375300
1000.30.4,1000,held-out,4500.0,1,100,7964.046250435393,7954.622756722229,7937.350316798198,0.21713713462318618,76298686901,80345994552
1000.30.4,1000,held-out,4500.0,2,200,7964.046250435393,7944.8783785972555,7945.437917149456,-0.007042757932046908,76143958723,80072300346
1000.30.4,1000,held-out,4500.0,3,300,7964.046250435393,7908.149940826446,7924.5850679467085,-0.2078251834277267,76310818841,80329220533
1000.30.4,1000,held-out,4500.0,4,400,7964.046250435393,7936.472055655493,7929.577010942594,0.08687795615667455,76087802021,79863930995
1000.30.4,1000,held-out,4500.0,5,500,7964.046250435393,7927.190299162706,7907.056895020358,0.25397906928605524,76170112198,80221553843
1000.30.4,1000,held-out,4500.0,6,600,7964.046250435393,7919.558398302217,7906.262233712592,0.1678902272186696,76513486683,80413756542
1000.30.4,1000,held-out,4500.0,7,700,7964.046250435393,7943.324114761834,7953.242716231125,-0.12486713781272893,76327711628,80166503963
1000.30.4,1000,held-out,4500.0,8,800,7964.046250435393,7955.559478104915,7909.2036004036645,0.5826853262656114,76599290187,80600262557
1000.30.4,1000,held-out,4500.0,9,900,7964.046250435393,7950.3766772122635,7947.551867358767,0.035530515951444734,76529452691,80416954708
1000.30.4,1000,held-out,4500.0,10,1000,7964.046250435393,7986.487880541967,7986.487880541967,0.0,76532951156,80444967741
1000.40.1,1000,held-out,4500.0,1,100,14005.029948749481,13804.659110268163,13727.060709999565,0.5621174680864017,85252367167,87948448001
1000.40.1,1000,held-out,4500.0,2,200,14005.029948749481,13703.576131368904,13678.775398090023,0.18098000873004802,85000059396,88387691033
1000.40.1,1000,held-out,4500.0,3,300,14005.029948749481,13829.704850399237,13707.464348398906,0.8838981259734026,84913861591,88130654686
1000.40.1,1000,held-out,4500.0,4,400,14005.029948749481,13737.298465410298,13740.215548857475,-0.021234767916865422,85029314331,88297144687
1000.40.1,1000,held-out,4500.0,5,500,14005.029948749481,13741.814442750838,13666.859218210611,0.5454536215176977,85109214160,88392609632
1000.40.1,1000,held-out,4500.0,6,600,14005.029948749481,13792.6847418359,13758.289720911867,0.24937147167371412,85213459519,88364124041
1000.40.1,1000,held-out,4500.0,7,700,14005.029948749481,13902.399678824719,13634.109872911067,1.9298093286894489,85032951275,88295050927
1000.40.1,1000,held-out,4500.0,8,800,14005.029948749481,13692.735253259056,13672.598915643039,0.1470585477888673,85080048703,88226035625
1000.40.1,1000,held-out,4500.0,9,900,14005.029948749481,13803.046528725234,13731.806466504046,0.5161183951161206,85220533676,88558323031
1000.40.1,1000,held-out,4500.0,10,1000,14005.029948749481,13754.976519054879,13716.714893743516,0.278165689765873,85037548987,88656853692
1000.40.2,1000,held-out,4500.0,1,100,14118.041052100994,13953.577337945157,13931.39017551439,0.15900698361007767,84476830074,88463191445
1000.40.2,1000,held-out,4500.0,2,200,14118.041052100994,13879.86269944144,13850.729308583208,0.20989682311054284,84567750703,88374159109
1000.40.2,1000,held-out,4500.0,3,300,14118.041052100994,13960.026816444717,13917.823651795585,0.3023143522863263,84895471386,88267450156
1000.40.2,1000,held-out,4500.0,4,400,14118.041052100994,13975.734151231332,13860.351544256624,0.8255924570842137,84961759597,88312094525
1000.40.2,1000,held-out,4500.0,5,500,14118.041052100994,13833.355840997583,13816.654929168553,0.12072928666761902,84804597625,88256861778
1000.40.2,1000,held-out,4500.0,6,600,14118.041052100994,13890.686954768918,13846.067014624745,0.32122198340129454,84805062427,88009688487
1000.40.2,1000,held-out,4500.0,7,700,14118.041052100994,13944.302397624866,13910.060114521011,0.24556469106469808,84895443412,88396888744
1000.40.2,1000,held-out,4500.0,8,800,14118.041052100994,13866.054756515117,13795.535913943564,0.5085717877929135,84729464406,87946430898
1000.40.2,1000,held-out,4500.0,9,900,14118.041052100994,13823.661690381694,13755.218066556012,0.4951193494072865,84892314006,88381184495
1000.40.2,1000,held-out,4500.0,10,1000,14118.041052100994,13967.249620094804,13891.354966725126,0.5433757929011861,84873618697,88339471935
1000.40.3,1000,held-out,4500.0,1,100,14052.707470468451,13928.434240305874,13866.49181471369,0.4447192306292119,84955360440,88491758334
1000.40.3,1000,held-out,4500.0,2,200,14052.707470468451,14025.132252629268,13992.155235717335,0.23512802815638859,84845024911,88258794676
1000.40.3,1000,held-out,4500.0,3,300,14052.707470468451,13988.349441552029,13922.58586497711,0.4701310676409703,85041302241,88291746606
1000.40.3,1000,held-out,4500.0,4,400,14052.707470468451,13980.167884027223,13985.748342691317,-0.03991696459145696,84924845395,88070207994
1000.40.3,1000,held-out,4500.0,5,500,14052.707470468451,13979.201144432353,13920.365689469338,0.42087852056158365,84986037313,88382124558
1000.40.3,1000,held-out,4500.0,6,600,14052.707470468451,13988.826557170669,14028.125641444496,-0.28093195746774446,84977695676,88311267542
1000.40.3,1000,held-out,4500.0,7,700,14052.707470468451,13956.886719313978,14028.94552452589,-0.5162956944559535,85125431428,88631670848
1000.40.3,1000,held-out,4500.0,8,800,14052.707470468451,13973.548800306706,13869.314490673396,0.7459401410686876,84711549331,88180720163
1000.40.3,1000,held-out,4500.0,9,900,14052.707470468451,13884.741364325124,13847.138678464102,0.27082021100974113,85024467954,88078850334
1000.40.3,1000,held-out,4500.0,10,1000,14052.707470468451,14004.07750832415,13986.066199948436,0.12861474356313143,84960770785,88468564648
1000.40.4,1000,held-out,4500.0,1,100,14047.586791596328,13855.134814528767,13769.511681399563,0.6179884517573779,84108180671,88169613935
1000.40.4,1000,held-out,4500.0,2,200,14047.586791596328,13808.053115670089,13792.048413821603,0.1159084609134555,83932164076,87849710144
1000.40.4,1000,held-out,4500.0,3,300,14047.586791596328,13788.065773268227,13833.528447730176,-0.32972481571773726,84099856887,88168171393
1000.40.4,1000,held-out,4500.0,4,400,14047.586791596328,13806.731413940144,13774.940860400584,0.23025401585970257,84044788879,87919633198
1000.40.4,1000,held-out,4500.0,5,500,14047.586791596328,13862.795278347476,13832.139753028529,0.2211352379042093,84166274725,87930082279
1000.40.4,1000,held-out,4500.0,6,600,14047.586791596328,13822.908525670271,13781.638628218627,0.2985616042745469,84060550239,88078178828
1000.40.4,1000,held-out,4500.0,7,700,14047.586791596328,13924.655266208752,13907.747570964828,0.12142272049603116,83950399092,88365370746
1000.40.4,1000,held-out,4500.0,8,800,14047.586791596328,13880.269092409337,13843.724262463496,0.2632861776853122,84153254946,87910897416
1000.40.4,1000,held-out,4500.0,9,900,14047.586791596328,13934.59163606396,13781.299254667487,1.1000852080927812,84031224140,88277283958
1000.40.4,1000,held-out,4500.0,10,1000,14047.586791596328,13715.368388455949,13661.87422177441,0.390030841071427,83789983201,87963806358
