instance,n,set,Tn,run,seed,bks,ims-final,coop-final,ims-evals,coop-evals
6.10.1,6,held-out,1.0,1,100,1078.7476708790684,1078.7476708790684,1078.7476708790684,21782387,22885397
6.10.1,6,held-out,1.0,2,200,1078.7476708790684,1078.7476708790684,1078.7476708790684,21525297,22761681
6.10.1,6,held-out,1.0,3,300,1078.7476708790684,1078.7476708790684,1078.7476708790684,21852999,23001945
6.10.1,6,held-out,1.0,4,400,1078.7476708790684,1078.7476708790684,1078.7476708790684,22080716,22927647
6.10.1,6,held-out,1.0,5,500,1078.7476708790684,1078.7476708790684,1078.7476708790684,21223202,22775221
6.10.1,6,held-out,1.0,6,600,1078.7476708790684,1078.7476708790684,1078.7476708790684,21768995,21985178
6.10.1,6,held-out,1.0,7,700,1078.7476708790684,1078.7476708790684,1078.7476708790684,21851646,23012440
6.10.1,6,held-out,1.0,8,800,1078.7476708790684,1078.7476708790684,1078.7476708790684,21741829,22983897
6.10.1,6,held-out,1.0,9,900,1078.7476708790684,1078.7476708790684,1078.7476708790684,21779711,22736233
6.10.1,6,held-out,1.0,10,1000,1078.7476708790684,1078.7476708790684,1078.7476708790684,21756712,22923833
6.10.2,6,held-out,1.0,1,100,1232.5642370084722,1232.5642370084722,1232.5642370084722,21745029,22628686
6.10.2,6,held-out,1.0,2,200,1232.5642370084722,1232.5642370084722,1232.5642370084722,22094737,22660531
6.10.2,6,held-out,1.0,3,300,1232.5642370084722,1232.5642370084722,1232.5642370084722,22069514,21893117
6.10.2,6,held-out,1.0,4,400,1232.5642370084722,1232.5642370084722,1232.5642370084722,22184819,22490456
6.10.2,6,held-out,1.0,5,500,1232.5642370084722,1232.5642370084722,1232.5642370084722,22034330,22614237
6.10.2,6,held-out,1.0,6,600,1232.5642370084722,1232.5642370084722,1232.5642370084722,21849020,22719574
6.10.2,6,held-out,1.0,7,700,1232.5642370084722,1232.5642370084722,1232.5642370084722,21689418,22697775
6.10.2,6,held-out,1.0,8,800,1232.5642370084722,1232.5642370084722,1232.5642370084722,21607932,22755542
6.10.2,6,held-out,1.0,9,900,1232.5642370084722,1232.5642370084722,1232.5642370084722,22330765,22719423
6.10.2,6,held-out,1.0,10,1000,1232.5642370084722,1232.5642370084722,1232.5642370084722,22210572,22654485
6.10.3,6,held-out,1.0,1,100,1230.0423116063364,1230.0423116063364,1230.0423116063364,21788831,22371535
6.10.3,6,held-out,1.0,2,200,1230.0423116063364,1230.0423116063364,1230.0423116063364,21898415,22418218
6.10.3,6,held-out,1.0,3,300,1230.0423116063364,1230.0423116063364,1230.0423116063364,21882379,22449420
6.10.3,6,held-out,1.0,4,400,1230.0423116063364,1230.0423116063364,1230.0423116063364,21806596,22384391
6.10.3,6,held-out,1.0,5,500,1230.0423116063364,1230.0423116063364,1230.0423116063364,21750524,22369536
6.10.3,6,held-out,1.0,6,600,1230.0423116063364,1230.0423116063364,1230.0423116063364,21606169,22408614
6.10.3,6,held-out,1.0,7,700,1230.0423116063364,1230.0423116063364,1230.0423116063364,21239042,22273384
6.10.3,6,held-out,1.0,8,800,1230.0423116063364,1230.0423116063364,1230.0423116063364,21931332,22482663
6.10.3,6,held-out,1.0,9,900,1230.0423116063364,1230.0423116063364,1230.0423116063364,21909472,22319920
6.10.3,6,held-out,1.0,10,1000,1230.0423116063364,1230.0423116063364,1230.0423116063364,21709049,22260883
6.10.4,6,held-out,1.0,1,100,997.8432105109541,997.8432105109541,997.8432105109541,22905801,23101407
6.10.4,6,held-out,1.0,2,200,997.8432105109541,997.8432105109541,997.8432105109541,23007869,23061028
6.10.4,6,held-out,1.0,3,300,997.8432105109541,997.8432105109541,997.8432105109541,22647432,23013533
6.10.4,6,held-out,1.0,4,400,997.8432105109541,997.8432105109541,997.8432105109541,22594188,23228195
6.10.4,6,held-out,1.0,5,500,997.8432105109541,997.8432105109541,997.8432105109541,22427153,23171975
6.10.4,6,held-out,1.0,6,600,997.8432105109541,997.8432105109541,997.8432105109541,22796196,23145756
6.10.4,6,held-out,1.0,7,700,997.8432105109541,997.8432105109541,997.8432105109541,22623520,22522571
6.10.4,6,held-out,1.0,8,800,997.8432105109541,997.8432105109541,997.8432105109541,22960247,23036638
6.10.4,6,held-out,1.0,9,900,997.8432105109541,997.8432105109541,997.8432105109541,22640616,23110826
6.10.4,6,held-out,1.0,10,1000,997.8432105109541,997.8432105109541,997.8432105109541,22546179,23203273
6.20.1,6,held-out,1.0,1,100,4486.681346181809,4486.681346181809,4486.681346181809,25071579,26520878
6.20.1,6,held-out,1.0,2,200,4486.681346181809,4486.681346181809,4486.681346181809,25264354,26555915
6.20.1,6,held-out,1.0,3,300,4486.681346181809,4486.681346181809,4486.681346181809,25082026,26415614
6.20.1,6,held-out,1.0,4,400,4486.681346181809,4486.681346181809,4486.681346181809,24961079,26573572
6.20.1,6,held-out,1.0,5,500,4486.681346181809,4486.681346181809,4486.681346181809,25286115,26449880
6.20.1,6,held-out,1.0,6,600,4486.681346181809,4486.681346181809,4486.681346181809,24999133,26537470
6.20.1,6,held-out,1.0,7,700,4486.681346181809,4486.681346181809,4486.681346181809,25103178,26447140
6.20.1,6,held-out,1.0,8,800,4486.681346181809,4486.681346181809,4486.681346181809,25291096,26579183
6.20.1,6,held-out,1.0,9,900,4486.681346181809,4486.681346181809,4486.681346181809,25242055,26486542
6.20.1,6,held-out,1.0,10,1000,4486.681346181809,4486.681346181809,4486.681346181809,25081580,26604263
6.20.2,6,held-out,1.0,1,100,4099.787885636016,4099.787885636016,4099.787885636016,19164603,21840340
6.20.2,6,held-out,1.0,2,200,4099.787885636016,4099.787885636016,4099.787885636016,20171774,22096442
6.20.2,6,held-out,1.0,3,300,4099.787885636016,4099.787885636016,4099.787885636016,19208465,22021968
6.20.2,6,held-out,1.0,4,400,4099.787885636016,4099.787885636016,4099.787885636016,19885416,21778165
6.20.2,6,held-out,1.0,5,500,4099.787885636016,4099.787885636016,4099.787885636016,19690249,21740295
6.20.2,6,held-out,1.0,6,600,4099.787885636016,4099.787885636016,4099.787885636016,19786878,21889335
6.20.2,6,held-out,1.0,7,700,4099.787885636016,4099.787885636016,4099.787885636016,19412239,22027804
6.20.2,6,held-out,1.0,8,800,4099.787885636016,4099.787885636016,4099.787885636016,19891496,21682021
6.20.2,6,held-out,1.0,9,900,4099.787885636016,4099.787885636016,4099.787885636016,19838424,21820509
6.20.2,6,held-out,1.0,10,1000,4099.787885636016,4099.787885636016,4099.787885636016,19213427,21739488
6.20.3,6,held-out,1.0,1,100,6233.214544913807,6233.214544913807,6233.214544913807,24597061,26064366
6.20.3,6,held-out,1.0,2,200,6233.214544913807,6233.214544913807,6233.214544913807,24752466,25915796
6.20.3,6,held-out,1.0,3,300,6233.214544913807,6233.214544913807,6233.214544913807,24388071,25880039
6.20.3,6,held-out,1.0,4,400,6233.214544913807,6233.214544913807,6233.214544913807,24457063,25948759
6.20.3,6,held-out,1.0,5,500,6233.214544913807,6233.214544913807,6233.214544913807,23953337,26064290
6.20.3,6,held-out,1.0,6,600,6233.214544913807,6233.214544913807,6233.214544913807,24477444,25865298
6.20.3,6,held-out,1.0,7,700,6233.214544913807,6233.214544913807,6233.214544913807,24535669,26049953
6.20.3,6,held-out,1.0,8,800,6233.214544913807,6233.214544913807,6233.214544913807,24904281,25839530
6.20.3,6,held-out,1.0,9,900,6233.214544913807,6233.214544913807,6233.214544913807,24723975,25906999
6.20.3,6,held-out,1.0,10,1000,6233.214544913807,6233.214544913807,6233.214544913807,24823592,25915323
6.20.4,6,held-out,1.0,1,100,6174.786067461169,6174.786067461169,6174.786067461169,23734137,25263631
6.20.4,6,held-out,1.0,2,200,6174.786067461169,6174.786067461169,6174.786067461169,23721640,25220443
6.20.4,6,held-out,1.0,3,300,6174.786067461169,6174.786067461169,6174.786067461169,23458600,25289482
6.20.4,6,held-out,1.0,4,400,6174.786067461169,6174.786067461169,6174.786067461169,24050729,25139699
6.20.4,6,held-out,1.0,5,500,6174.786067461169,6174.786067461169,6174.786067461169,23678166,25172544
6.20.4,6,held-out,1.0,6,600,6174.786067461169,6174.786067461169,6174.786067461169,24079610,25273108
6.20.4,6,held-out,1.0,7,700,6174.786067461169,6174.786067461169,6174.786067461169,23917062,25315522
6.20.4,6,held-out,1.0,8,800,6174.786067461169,6174.786067461169,6174.786067461169,24074263,25123271
6.20.4,6,held-out,1.0,9,900,6174.786067461169,6174.786067461169,6174.786067461169,23782055,25167048
6.20.4,6,held-out,1.0,10,1000,6174.786067461169,6174.786067461169,6174.786067461169,23772296,25107820
6.5.1,6,held-out,1.0,1,100,699.6656534991815,699.6656534991815,699.6656534991815,20441657,20861269
6.5.1,6,held-out,1.0,2,200,699.6656534991815,699.6656534991815,699.6656534991815,20006791,20849597
6.5.1,6,held-out,1.0,3,300,699.6656534991815,699.6656534991815,699.6656534991815,20116420,20719428
6.5.1,6,held-out,1.0,4,400,699.6656534991815,699.6656534991815,699.6656534991815,19782293,20764290
6.5.1,6,held-out,1.0,5,500,699.6656534991815,699.6656534991815,699.6656534991815,19664885,20774076
6.5.1,6,held-out,1.0,6,600,699.6656534991815,699.6656534991815,699.6656534991815,19495648,20821506
6.5.1,6,held-out,1.0,7,700,699.6656534991815,699.6656534991815,699.6656534991815,19640423,20797765
6.5.1,6,held-out,1.0,8,800,699.6656534991815,699.6656534991815,699.6656534991815,19508243,20757743
6.5.1,6,held-out,1.0,9,900,699.6656534991815,699.6656534991815,699.6656534991815,19977057,20574265
6.5.1,6,held-out,1.0,10,1000,699.6656534991815,699.6656534991815,699.6656534991815,19897726,20846782
6.5.2,6,held-out,1.0,1,100,550.7224677595595,550.7224677595595,550.7224677595595,24274611,25121329
6.5.2,6,held-out,1.0,2,200,550.7224677595595,550.7224677595595,550.7224677595595,23954414,25241734
6.5.2,6,held-out,1.0,3,300,550.7224677595595,550.7224677595595,550.7224677595595,24691431,24955131
6.5.2,6,held-out,1.0,4,400,550.7224677595595,550.7224677595595,550.7224677595595,24443233,25078820
6.5.2,6,held-out,1.0,5,500,550.7224677595595,550.7224677595595,550.7224677595595,24765758,25273459
6.5.2,6,held-out,1.0,6,600,550.7224677595595,550.7224677595595,550.7224677595595,24553241,25290093
6.5.2,6,held-out,1.0,7,700,550.7224677595595,550.7224677595595,550.7224677595595,24255261,25169944
6.5.2,6,held-out,1.0,8,800,550.7224677595595,550.7224677595595,550.7224677595595,24799330,25247049
6.5.2,6,held-out,1.0,9,900,550.7224677595595,550.7224677595595,550.7224677595595,24425735,25193513
6.5.2,6,held-out,1.0,10,1000,550.7224677595595,550.7224677595595,550.7224677595595,24589025,25209721
6.5.3,6,held-out,1.0,1,100,766.7833863800394,766.7833863800394,766.7833863800394,20962884,21326716
6.5.3,6,held-out,1.0,2,200,766.7833863800394,766.7833863800394,766.7833863800394,20914813,21729201
6.5.3,6,held-out,1.0,3,300,766.7833863800394,766.7833863800394,766.7833863800394,21036313,21714426
6.5.3,6,held-out,1.0,4,400,766.7833863800394,766.7833863800394,766.7833863800394,20321273,21689726
6.5.3,6,held-out,1.0,5,500,766.7833863800394,766.7833863800394,766.7833863800394,21078903,21815747
6.5.3,6,held-out,1.0,6,600,766.7833863800394,766.7833863800394,766.7833863800394,21133205,21757813
6.5.3,6,held-out,1.0,7,700,766.7833863800394,766.7833863800394,766.7833863800394,20993765,21756972
6.5.3,6,held-out,1.0,8,800,766.7833863800394,766.7833863800394,766.7833863800394,20939680,21800712
6.5.3,6,held-out,1.0,9,900,766.7833863800394,766.7833863800394,766.7833863800394,20905764,21741314
6.5.3,6,held-out,1.0,10,1000,766.7833863800394,766.7833863800394,766.7833863800394,21111337,21823194
6.5.4,6,held-out,1.0,1,100,579.9713227928262,579.9713227928262,579.9713227928262,21810608,23405206
6.5.4,6,held-out,1.0,2,200,579.9713227928262,579.9713227928262,579.9713227928262,22518659,23110367
6.5.4,6,held-out,1.0,3,300,579.9713227928262,579.9713227928262,579.9713227928262,22467203,23245877
6.5.4,6,held-out,1.0,4,400,579.9713227928262,579.9713227928262,579.9713227928262,22621312,23369464
6.5.4,6,held-out,1.0,5,500,579.9713227928262,579.9713227928262,579.9713227928262,22316149,23215064
6.5.4,6,held-out,1.0,6,600,579.9713227928262,579.9713227928262,579.9713227928262,21968239,23396122
6.5.4,6,held-out,1.0,7,700,579.9713227928262,579.9713227928262,579.9713227928262,22583540,23302773
6.5.4,6,held-out,1.0,8,800,579.9713227928262,579.9713227928262,579.9713227928262,22586256,23381739
6.5.4,6,held-out,1.0,9,900,579.9713227928262,579.9713227928262,579.9713227928262,22325559,23353091
6.5.4,6,held-out,1.0,10,1000,579.9713227928262,579.9713227928262,579.9713227928262,22211596,23306089
10.10.1,10,held-out,1.0,1,100,1735.950029753597,1735.950029753597,1735.950029753597,28202108,30032356
10.10.1,10,held-out,1.0,2,200,1735.950029753597,1735.950029753597,1735.950029753597,28686381,30000362
10.10.1,10,held-out,1.0,3,300,1735.950029753597,1735.950029753597,1735.950029753597,28574202,29243601
10.10.1,10,held-out,1.0,4,400,1735.950029753597,1735.950029753597,1735.950029753597,28960857,30099404
10.10.1,10,held-out,1.0,5,500,1735.950029753597,1735.950029753597,1735.950029753597,28150512,30029332
10.10.1,10,held-out,1.0,6,600,1735.950029753597,1735.950029753597,1735.950029753597,28866177,29003480
10.10.1,10,held-out,1.0,7,700,1735.950029753597,1735.950029753597,1735.950029753597,28601808,29936878
10.10.1,10,held-out,1.0,8,800,1735.950029753597,1735.950029753597,1735.950029753597,29022790,29941178
10.10.1,10,held-out,1.0,9,900,1735.950029753597,1735.950029753597,1735.950029753597,28591520,30016768
10.10.1,10,held-out,1.0,10,1000,1735.950029753597,1735.950029753597,1735.950029753597,28789760,29938073
10.10.2,10,held-out,1.0,1,100,2006.7277325718107,2006.7277325718107,2006.7277325718107,25569920,27152964
10.10.2,10,held-out,1.0,2,200,2006.7277325718107,2006.7277325718107,2006.7277325718107,25789013,27057980
10.10.2,10,held-out,1.0,3,300,2006.7277325718107,2006.7277325718107,2006.7277325718107,25693301,27265676
10.10.2,10,held-out,1.0,4,400,2006.7277325718107,2006.7277325718107,2006.7277325718107,24949257,27005943
10.10.2,10,held-out,1.0,5,500,2006.7277325718107,2006.7277325718107,2006.7277325718107,25653650,26590619
10.10.2,10,held-out,1.0,6,600,2006.7277325718107,2006.7277325718107,2006.7277325718107,25748014,26974369
10.10.2,10,held-out,1.0,7,700,2006.7277325718107,2006.7277325718107,2006.7277325718107,25204918,27068528
10.10.2,10,held-out,1.0,8,800,2006.7277325718107,2006.7277325718107,2006.7277325718107,25368142,26920627
10.10.2,10,held-out,1.0,9,900,2006.7277325718107,2006.7277325718107,2006.7277325718107,25715348,27199332
10.10.2,10,held-out,1.0,10,1000,2006.7277325718107,2006.7277325718107,2006.7277325718107,25768423,26818007
10.10.3,10,held-out,1.0,1,100,1818.1502668036478,1818.1502668036474,1818.1502668036474,28516292,29575698
10.10.3,10,held-out,1.0,2,200,1818.1502668036478,1818.1502668036474,1818.1502668036474,27566016,29449650
10.10.3,10,held-out,1.0,3,300,1818.1502668036478,1818.1502668036474,1818.1502668036474,28550370,29457482
10.10.3,10,held-out,1.0,4,400,1818.1502668036478,1818.1502668036474,1818.1502668036474,28675933,29436985
10.10.3,10,held-out,1.0,5,500,1818.1502668036478,1818.1502668036474,1818.1502668036474,28529493,29338891
10.10.3,10,held-out,1.0,6,600,1818.1502668036478,1818.1502668036474,1818.1502668036474,28347202,29249698
10.10.3,10,held-out,1.0,7,700,1818.1502668036478,1818.1502668036474,1818.1502668036474,28410073,29511854
10.10.3,10,held-out,1.0,8,800,1818.1502668036478,1818.1502668036474,1818.1502668036474,28596046,29536590
10.10.3,10,held-out,1.0,9,900,1818.1502668036478,1818.1502668036474,1818.1502668036474,28472385,29541519
10.10.3,10,held-out,1.0,10,1000,1818.1502668036478,1818.1502668036474,1818.1502668036474,27940918,29530241
10.10.4,10,held-out,1.0,1,100,1359.633305210052,1359.633305210052,1359.633305210052,27500679,29193013
10.10.4,10,held-out,1.0,2,200,1359.633305210052,1359.633305210052,1359.633305210052,27251757,29055861
10.10.4,10,held-out,1.0,3,300,1359.633305210052,1359.633305210052,1359.633305210052,27050531,29124716
10.10.4,10,held-out,1.0,4,400,1359.633305210052,1359.633305210052,1359.633305210052,28102391,27950907
10.10.4,10,held-out,1.0,5,500,1359.633305210052,1359.633305210052,1359.633305210052,27442541,29108133
10.10.4,10,held-out,1.0,6,600,1359.633305210052,1359.633305210052,1359.633305210052,27907827,29031614
10.10.4,10,held-out,1.0,7,700,1359.633305210052,1359.633305210052,1359.633305210052,27870801,29060450
10.10.4,10,held-out,1.0,8,800,1359.633305210052,1359.633305210052,1359.633305210052,27495129,29097508
10.10.4,10,held-out,1.0,9,900,1359.633305210052,1359.633305210052,1359.633305210052,27073922,29121458
10.10.4,10,held-out,1.0,10,1000,1359.633305210052,1359.633305210052,1359.633305210052,27620625,27694855
10.20.1,10,held-out,1.0,1,100,5738.066783105984,5738.066783105984,5738.066783105984,34003856,35570093
10.20.1,10,held-out,1.0,2,200,5738.066783105984,5738.066783105984,5738.066783105984,34246266,35559770
10.20.1,10,held-out,1.0,3,300,5738.066783105984,5738.066783105984,5738.066783105984,34138893,35429396
10.20.1,10,held-out,1.0,4,400,5738.066783105984,5738.066783105984,5738.066783105984,33297644,35460685
10.20.1,10,held-out,1.0,5,500,5738.066783105984,5738.066783105984,5738.066783105984,34148564,35552425
10.20.1,10,held-out,1.0,6,600,5738.066783105984,5738.066783105984,5738.066783105984,34141180,35494306
10.20.1,10,held-out,1.0,7,700,5738.066783105984,5738.066783105984,5738.066783105984,33992891,35431723
10.20.1,10,held-out,1.0,8,800,5738.066783105984,5738.066783105984,5738.066783105984,34120216,35586698
10.20.1,10,held-out,1.0,9,900,5738.066783105984,5738.066783105984,5738.066783105984,34382709,35546192
10.20.1,10,held-out,1.0,10,1000,5738.066783105984,5738.066783105984,5738.066783105984,33794458,35619714
10.20.2,10,held-out,1.0,1,100,6973.407432305421,6973.407432305421,6973.407432305421,39325356,42570907
10.20.2,10,held-out,1.0,2,200,6973.407432305421,6973.407432305421,6973.407432305421,39886160,42924447
10.20.2,10,held-out,1.0,3,300,6973.407432305421,6973.407432305421,6973.407432305421,39897664,42881770
10.20.2,10,held-out,1.0,4,400,6973.407432305421,6973.407432305421,6973.407432305421,38679593,41125779
10.20.2,10,held-out,1.0,5,500,6973.407432305421,6973.407432305421,6973.407432305421,38519264,41269983
10.20.2,10,held-out,1.0,6,600,6973.407432305421,6973.407432305421,6973.407432305421,39858169,42869557
10.20.2,10,held-out,1.0,7,700,6973.407432305421,6973.407432305421,6973.407432305421,39815586,43007506
10.20.2,10,held-out,1.0,8,800,6973.407432305421,6973.407432305421,6973.407432305421,39896089,42862395
10.20.2,10,held-out,1.0,9,900,6973.407432305421,6973.407432305421,6973.407432305421,39350416,42431228
10.20.2,10,held-out,1.0,10,1000,6973.407432305421,6973.407432305421,6973.407432305421,39889824,42374746
10.20.3,10,held-out,1.0,1,100,6468.868414029823,6468.868414029823,6468.868414029823,35806332,38754919
10.20.3,10,held-out,1.0,2,200,6468.868414029823,6468.868414029823,6468.868414029823,36422253,37640359
10.20.3,10,held-out,1.0,3,300,6468.868414029823,6468.868414029823,6468.868414029823,37041368,37725693
10.20.3,10,held-out,1.0,4,400,6468.868414029823,6468.868414029823,6468.868414029823,37335881,38946566
10.20.3,10,held-out,1.0,5,500,6468.868414029823,6468.868414029823,6468.868414029823,36964751,38899649
10.20.3,10,held-out,1.0,6,600,6468.868414029823,6468.868414029823,6468.868414029823,36950090,37796151
10.20.3,10,held-out,1.0,7,700,6468.868414029823,6468.868414029823,6468.868414029823,36597750,38777501
10.20.3,10,held-out,1.0,8,800,6468.868414029823,6468.868414029823,6468.868414029823,37067419,38662432
10.20.3,10,held-out,1.0,9,900,6468.868414029823,6468.868414029823,6468.868414029823,36492747,38968034
10.20.3,10,held-out,1.0,10,1000,6468.868414029823,6468.868414029823,6468.868414029823,36225447,38768111
10.20.4,10,held-out,1.0,1,100,6469.04259277102,6469.04259277102,6469.04259277102,40737919,42718723
10.20.4,10,held-out,1.0,2,200,6469.04259277102,6469.04259277102,6469.04259277102,40554387,42485959
10.20.4,10,held-out,1.0,3,300,6469.04259277102,6469.04259277102,6469.04259277102,41143995,42977289
10.20.4,10,held-out,1.0,4,400,6469.04259277102,6469.04259277102,6469.04259277102,40762267,42598614
10.20.4,10,held-out,1.0,5,500,6469.04259277102,6469.04259277102,6469.04259277102,40788534,42624130
10.20.4,10,held-out,1.0,6,600,6469.04259277102,6469.04259277102,6469.04259277102,41598422,41561143
10.20.4,10,held-out,1.0,7,700,6469.04259277102,6469.04259277102,6469.04259277102,39477360,42083826
10.20.4,10,held-out,1.0,8,800,6469.04259277102,6469.04259277102,6469.04259277102,41352646,42985444
10.20.4,10,held-out,1.0,9,900,6469.04259277102,6469.04259277102,6469.04259277102,39607813,42962472
10.20.4,10,held-out,1.0,10,1000,6469.04259277102,6469.04259277102,6469.04259277102,40927045,41080759
10.5.1,10,held-out,1.0,1,100,1212.9464832192677,1212.9464832192677,1212.9464832192677,29367869,31134186
10.5.1,10,held-out,1.0,2,200,1212.9464832192677,1212.9464832192677,1212.9464832192677,29189126,31082006
10.5.1,10,held-out,1.0,3,300,1212.9464832192677,1212.9464832192677,1212.9464832192677,29904376,30317064
10.5.1,10,held-out,1.0,4,400,1212.9464832192677,1212.9464832192677,1212.9464832192677,30088805,31203941
10.5.1,10,held-out,1.0,5,500,1212.9464832192677,1212.9464832192677,1212.9464832192677,30241566,31196517
10.5.1,10,held-out,1.0,6,600,1212.9464832192677,1212.9464832192677,1212.9464832192677,29003342,31209524
10.5.1,10,held-out,1.0,7,700,1212.9464832192677,1212.9464832192677,1212.9464832192677,30291377,31162592
10.5.1,10,held-out,1.0,8,800,1212.9464832192677,1212.9464832192677,1212.9464832192677,29823012,31140432
10.5.1,10,held-out,1.0,9,900,1212.9464832192677,1212.9464832192677,1212.9464832192677,29605465,31120308
10.5.1,10,held-out,1.0,10,1000,1212.9464832192677,1212.9464832192677,1212.9464832192677,29662560,31237374
10.5.2,10,held-out,1.0,1,100,709.2037454135201,709.20374541352,709.20374541352,31513635,33003999
10.5.2,10,held-out,1.0,2,200,709.2037454135201,709.20374541352,709.20374541352,31188739,33044381
10.5.2,10,held-out,1.0,3,300,709.2037454135201,709.20374541352,709.20374541352,31784038,33013087
10.5.2,10,held-out,1.0,4,400,709.2037454135201,709.20374541352,709.20374541352,31705265,33116916
10.5.2,10,held-out,1.0,5,500,709.2037454135201,709.20374541352,709.20374541352,31371033,32704824
10.5.2,10,held-out,1.0,6,600,709.2037454135201,709.20374541352,709.20374541352,31156173,33010236
10.5.2,10,held-out,1.0,7,700,709.2037454135201,709.20374541352,709.20374541352,31824585,32858935
10.5.2,10,held-out,1.0,8,800,709.2037454135201,709.20374541352,709.20374541352,31294780,32740953
10.5.2,10,held-out,1.0,9,900,709.2037454135201,709.20374541352,709.20374541352,31663451,32970051
10.5.2,10,held-out,1.0,10,1000,709.2037454135201,709.20374541352,709.20374541352,31112937,32987005
10.5.3,10,held-out,1.0,1,100,775.6904789217117,775.6904789217117,775.6904789217117,28036709,29630441
10.5.3,10,held-out,1.0,2,200,775.6904789217117,775.6904789217117,775.6904789217117,28124880,29429845
10.5.3,10,held-out,1.0,3,300,775.6904789217117,775.6904789217117,775.6904789217117,27630526,29571554
10.5.3,10,held-out,1.0,4,400,775.6904789217117,775.6904789217117,775.6904789217117,28019438,29629459
10.5.3,10,held-out,1.0,5,500,775.6904789217117,775.6904789217117,775.6904789217117,27988787,29556289
10.5.3,10,held-out,1.0,6,600,775.6904789217117,775.6904789217117,775.6904789217117,28102942,29500333
10.5.3,10,held-out,1.0,7,700,775.6904789217117,775.6904789217117,775.6904789217117,28361868,29334173
10.5.3,10,held-out,1.0,8,800,775.6904789217117,775.6904789217117,775.6904789217117,27870346,29503917
10.5.3,10,held-out,1.0,9,900,775.6904789217117,775.6904789217117,775.6904789217117,28064732,29503531
10.5.3,10,held-out,1.0,10,1000,775.6904789217117,775.6904789217117,775.6904789217117,28182099,29579412
10.5.4,10,held-out,1.0,1,100,745.4251979411413,745.4251979411413,745.4251979411413,31755382,34203354
10.5.4,10,held-out,1.0,2,200,745.4251979411413,745.4251979411413,745.4251979411413,33068602,34239026
10.5.4,10,held-out,1.0,3,300,745.4251979411413,745.4251979411413,745.4251979411413,31926861,34343821
10.5.4,10,held-out,1.0,4,400,745.4251979411413,745.4251979411413,745.4251979411413,32512549,33888325
10.5.4,10,held-out,1.0,5,500,745.4251979411413,745.4251979411413,745.4251979411413,32617480,34225553
10.5.4,10,held-out,1.0,6,600,745.4251979411413,745.4251979411413,745.4251979411413,33198400,34176228
10.5.4,10,held-out,1.0,7,700,745.4251979411413,745.4251979411413,745.4251979411413,32027776,34149959
10.5.4,10,held-out,1.0,8,800,745.4251979411413,745.4251979411413,745.4251979411413,33038841,34276019
10.5.4,10,held-out,1.0,9,900,745.4251979411413,745.4251979411413,745.4251979411413,32151788,33041159
10.5.4,10,held-out,1.0,10,1000,745.4251979411413,745.4251979411413,745.4251979411413,32355433,34196792
12.10.1,12,held-out,1.0,1,100,1669.8569829807207,1669.8569829807202,1669.8569829807202,31907219,33133393
12.10.1,12,held-out,1.0,2,200,1669.8569829807207,1669.8569829807202,1669.8569829807202,31943239,33139801
12.10.1,12,held-out,1.0,3,300,1669.8569829807207,1669.8569829807204,1669.8569829807204,32069450,33167888
12.10.1,12,held-out,1.0,4,400,1669.8569829807207,1669.8569829807202,1669.8569829807202,31167646,33092626
12.10.1,12,held-out,1.0,5,500,1669.8569829807207,1669.8569829807202,1669.8569829807202,31450679,33256846
12.10.1,12,held-out,1.0,6,600,1669.8569829807207,1669.8569829807202,1669.8569829807202,31590897,33003719
12.10.1,12,held-out,1.0,7,700,1669.8569829807207,1669.8569829807202,1669.8569829807202,31766375,33167170
12.10.1,12,held-out,1.0,8,800,1669.8569829807207,1669.8569829807202,1669.8569829807202,31867455,33151474
12.10.1,12,held-out,1.0,9,900,1669.8569829807207,1669.8569829807204,1669.8569829807204,31202531,33108879
12.10.1,12,held-out,1.0,10,1000,1669.8569829807207,1669.8569829807207,1669.8569829807207,31626688,33053338
12.10.2,12,held-out,1.0,1,100,1670.91224105981,1670.9122410598097,1670.9122410598097,29575177,32359702
12.10.2,12,held-out,1.0,2,200,1670.91224105981,1670.9122410598097,1670.9122410598097,30566992,31066028
12.10.2,12,held-out,1.0,3,300,1670.91224105981,1670.9122410598097,1670.9122410598097,30598531,32462676
12.10.2,12,held-out,1.0,4,400,1670.91224105981,1670.9122410598097,1670.9122410598097,30908688,32431971
12.10.2,12,held-out,1.0,5,500,1670.91224105981,1670.9122410598097,1670.9122410598097,30474670,31558874
12.10.2,12,held-out,1.0,6,600,1670.91224105981,1670.9122410598097,1670.9122410598097,29967907,32379322
12.10.2,12,held-out,1.0,7,700,1670.91224105981,1670.9122410598097,1670.9122410598097,30824313,32349740
12.10.2,12,held-out,1.0,8,800,1670.91224105981,1670.9122410598097,1670.9122410598097,30728899,32377269
12.10.2,12,held-out,1.0,9,900,1670.91224105981,1670.9122410598097,1670.9122410598097,30398761,32507059
12.10.2,12,held-out,1.0,10,1000,1670.91224105981,1670.9122410598097,1670.9122410598097,30052105,32340092
12.10.3,12,held-out,1.0,1,100,1788.491293002548,1788.4912930025478,1788.4912930025478,29697339,31142234
12.10.3,12,held-out,1.0,2,200,1788.491293002548,1788.4912930025478,1788.4912930025478,30177420,31678311
12.10.3,12,held-out,1.0,3,300,1788.491293002548,1788.4912930025478,1788.4912930025478,30078647,30132309
12.10.3,12,held-out,1.0,4,400,1788.491293002548,1788.4912930025478,1788.4912930025478,30101715,30691720
12.10.3,12,held-out,1.0,5,500,1788.491293002548,1788.4912930025478,1788.4912930025478,29681730,31640678
12.10.3,12,held-out,1.0,6,600,1788.491293002548,1788.4912930025478,1788.4912930025478,30179353,31639010
12.10.3,12,held-out,1.0,7,700,1788.491293002548,1788.4912930025475,1788.4912930025475,30052708,31593580
12.10.3,12,held-out,1.0,8,800,1788.491293002548,1788.4912930025478,1788.4912930025478,29780626,30533395
12.10.3,12,held-out,1.0,9,900,1788.491293002548,1788.4912930025478,1788.4912930025478,30091878,30321487
12.10.3,12,held-out,1.0,10,1000,1788.491293002548,1788.4912930025478,1788.4912930025478,30088447,30587242
12.10.4,12,held-out,1.0,1,100,1719.9583049917032,1719.958304991703,1719.958304991703,30929764,32270252
12.10.4,12,held-out,1.0,2,200,1719.9583049917032,1719.958304991703,1719.958304991703,30577557,32206311
12.10.4,12,held-out,1.0,3,300,1719.9583049917032,1719.958304991703,1719.958304991703,31135110,32136636
12.10.4,12,held-out,1.0,4,400,1719.9583049917032,1719.958304991703,1719.958304991703,31542569,32338597
12.10.4,12,held-out,1.0,5,500,1719.9583049917032,1719.958304991703,1719.958304991703,31217246,32221740
12.10.4,12,held-out,1.0,6,600,1719.9583049917032,1719.958304991703,1719.958304991703,31159026,31944087
12.10.4,12,held-out,1.0,7,700,1719.9583049917032,1719.958304991703,1719.958304991703,30489074,32222998
12.10.4,12,held-out,1.0,8,800,1719.9583049917032,1719.958304991703,1719.958304991703,30671917,31173640
12.10.4,12,held-out,1.0,9,900,1719.9583049917032,1719.958304991703,1719.958304991703,30329286,32216135
12.10.4,12,held-out,1.0,10,1000,1719.9583049917032,1719.958304991703,1719.958304991703,31139939,32321861
12.20.1,12,held-out,1.0,1,100,8240.622101600888,8240.622101600888,8240.622101600888,35983231,38367107
12.20.1,12,held-out,1.0,2,200,8240.622101600888,8240.622101600888,8240.622101600888,36306391,38145505
12.20.1,12,held-out,1.0,3,300,8240.622101600888,8240.622101600888,8240.622101600888,36212546,38027184
12.20.1,12,held-out,1.0,4,400,8240.622101600888,8240.622101600888,8240.622101600888,36163139,38076063
12.20.1,12,held-out,1.0,5,500,8240.622101600888,8240.622101600888,8240.622101600888,36078499,38271358
12.20.1,12,held-out,1.0,6,600,8240.622101600888,8240.622101600888,8240.622101600888,36412820,38166951
12.20.1,12,held-out,1.0,7,700,8240.622101600888,8240.622101600888,8240.622101600888,35266917,38093694
12.20.1,12,held-out,1.0,8,800,8240.622101600888,8240.622101600888,8240.622101600888,36448739,38098782
12.20.1,12,held-out,1.0,9,900,8240.622101600888,8240.622101600888,8240.622101600888,36236563,36149696
12.20.1,12,held-out,1.0,10,1000,8240.622101600888,8240.622101600888,8240.622101600888,36339202,38215516
12.20.2,12,held-out,1.0,1,100,8615.090910921224,8615.090910921224,8615.090910921224,40660055,42814967
12.20.2,12,held-out,1.0,2,200,8615.090910921224,8615.090910921224,8615.090910921224,40665887,42818398
12.20.2,12,held-out,1.0,3,300,8615.090910921224,8615.090910921224,8615.090910921224,40798297,42546777
12.20.2,12,held-out,1.0,4,400,8615.090910921224,8615.090910921224,8615.090910921224,40060102,41426587
12.20.2,12,held-out,1.0,5,500,8615.090910921224,8615.090910921224,8615.090910921224,40343570,42617478
12.20.2,12,held-out,1.0,6,600,8615.090910921224,8615.090910921224,8615.090910921224,40489386,41394667
12.20.2,12,held-out,1.0,7,700,8615.090910921224,8615.090910921224,8615.090910921224,39747109,42673307
12.20.2,12,held-out,1.0,8,800,8615.090910921224,8615.090910921224,8615.090910921224,40090831,42673445
12.20.2,12,held-out,1.0,9,900,8615.090910921224,8615.090910921224,8615.090910921224,41134056,42747465
12.20.2,12,held-out,1.0,10,1000,8615.090910921224,8615.090910921224,8615.090910921224,40483659,42938348
12.20.3,12,held-out,1.0,1,100,5974.02974337627,5974.02974337627,5974.02974337627,34399980,36395777
12.20.3,12,held-out,1.0,2,200,5974.02974337627,5974.02974337627,5974.02974337627,34325219,36289301
12.20.3,12,held-out,1.0,3,300,5974.02974337627,5974.02974337627,5974.02974337627,34310882,36620430
12.20.3,12,held-out,1.0,4,400,5974.02974337627,5974.02974337627,5974.02974337627,33657096,36450662
12.20.3,12,held-out,1.0,5,500,5974.02974337627,5974.02974337627,5974.02974337627,34422516,36174061
12.20.3,12,held-out,1.0,6,600,5974.02974337627,5974.02974337627,5974.02974337627,34451680,36508985
12.20.3,12,held-out,1.0,7,700,5974.02974337627,5974.02974337627,5974.02974337627,34867690,36389893
12.20.3,12,held-out,1.0,8,800,5974.02974337627,5974.02974337627,5974.02974337627,34501487,36286940
12.20.3,12,held-out,1.0,9,900,5974.02974337627,5974.02974337627,5974.02974337627,34285533,36489688
12.20.3,12,held-out,1.0,10,1000,5974.02974337627,5974.02974337627,5974.02974337627,34027539,35369408
12.20.4,12,held-out,1.0,1,100,7417.996848485695,7417.9968484856945,7417.9968484856945,41637142,43796831
12.20.4,12,held-out,1.0,2,200,7417.996848485695,7417.9968484856945,7417.9968484856945,41759706,43858544
12.20.4,12,held-out,1.0,3,300,7417.996848485695,7417.9968484856945,7417.9968484856945,41670897,43695739
12.20.4,12,held-out,1.0,4,400,7417.996848485695,7417.9968484856945,7417.9968484856945,41804664,43794590
12.20.4,12,held-out,1.0,5,500,7417.996848485695,7417.9968484856945,7417.9968484856945,40644462,43777628
12.20.4,12,held-out,1.0,6,600,7417.996848485695,7417.9968484856945,7417.9968484856945,41750635,43626546
12.20.4,12,held-out,1.0,7,700,7417.996848485695,7417.9968484856945,7417.9968484856945,41727639,43882117
12.20.4,12,held-out,1.0,8,800,7417.996848485695,7417.9968484856945,7417.9968484856945,41950613,43802460
12.20.4,12,held-out,1.0,9,900,7417.996848485695,7417.9968484856945,7417.9968484856945,41962105,43888537
12.20.4,12,held-out,1.0,10,1000,7417.996848485695,7417.9968484856945,7417.9968484856945,41710803,43776179
12.5.1,12,held-out,1.0,1,100,722.7394361159835,722.7394361159835,722.7394361159835,31178892,33806382
12.5.1,12,held-out,1.0,2,200,722.7394361159835,722.7394361159835,722.7394361159835,31433158,33563843
12.5.1,12,held-out,1.0,3,300,722.7394361159835,722.7394361159835,722.7394361159835,32215521,32328620
12.5.1,12,held-out,1.0,4,400,722.7394361159835,722.7394361159835,722.7394361159835,31650124,32584988
12.5.1,12,held-out,1.0,5,500,722.7394361159835,722.7394361159835,722.7394361159835,30955962,33729201
12.5.1,12,held-out,1.0,6,600,722.7394361159835,722.7394361159835,722.7394361159835,31275122,32717174
12.5.1,12,held-out,1.0,7,700,722.7394361159835,722.7394361159835,722.7394361159835,31999790,33707917
12.5.1,12,held-out,1.0,8,800,722.7394361159835,722.7394361159835,722.7394361159835,32324090,33683261
12.5.1,12,held-out,1.0,9,900,722.7394361159835,722.7394361159835,722.7394361159835,31926284,33468351
12.5.1,12,held-out,1.0,10,1000,722.7394361159835,722.7394361159835,722.7394361159835,31439929,33660513
12.5.2,12,held-out,1.0,1,100,682.5606451824856,682.5606451824856,682.5606451824856,32384641,33914721
12.5.2,12,held-out,1.0,2,200,682.5606451824856,682.5606451824856,682.5606451824856,32358458,33787573
12.5.2,12,held-out,1.0,3,300,682.5606451824856,682.5606451824856,682.5606451824856,32825260,32725345
12.5.2,12,held-out,1.0,4,400,682.5606451824856,682.5606451824856,682.5606451824856,32432591,33677961
12.5.2,12,held-out,1.0,5,500,682.5606451824856,682.5606451824856,682.5606451824856,31655915,33837774
12.5.2,12,held-out,1.0,6,600,682.5606451824856,682.5606451824856,682.5606451824856,32628316,32590438
12.5.2,12,held-out,1.0,7,700,682.5606451824856,682.5606451824856,682.5606451824856,32432111,32803116
12.5.2,12,held-out,1.0,8,800,682.5606451824856,682.5606451824856,682.5606451824856,32596821,33633731
12.5.2,12,held-out,1.0,9,900,682.5606451824856,682.5606451824856,682.5606451824856,32581919,33809179
12.5.2,12,held-out,1.0,10,1000,682.5606451824856,682.5606451824856,682.5606451824856,32523831,33959942
12.5.3,12,held-out,1.0,1,100,1011.0698275268996,1011.0698275268996,1011.0698275268996,29900472,31739717
12.5.3,12,held-out,1.0,2,200,1011.0698275268996,1011.0698275268996,1011.0698275268996,30039773,31670432
12.5.3,12,held-out,1.0,3,300,1011.0698275268996,1011.0698275268996,1011.0698275268996,30289674,31678440
12.5.3,12,held-out,1.0,4,400,1011.0698275268996,1011.0698275268996,1011.0698275268996,30073427,31835260
12.5.3,12,held-out,1.0,5,500,1011.0698275268996,1011.0698275268996,1011.0698275268996,29930043,31631296
12.5.3,12,held-out,1.0,6,600,1011.0698275268996,1011.0698275268996,1011.0698275268996,29501667,31442623
12.5.3,12,held-out,1.0,7,700,1011.0698275268996,1011.0698275268996,1011.0698275268996,30204299,30234326
12.5.3,12,held-out,1.0,8,800,1011.0698275268996,1011.0698275268996,1011.0698275268996,30292243,30562734
12.5.3,12,held-out,1.0,9,900,1011.0698275268996,1011.0698275268996,1011.0698275268996,30161620,30405862
12.5.3,12,held-out,1.0,10,1000,1011.0698275268996,1011.0698275268996,1011.0698275268996,29986045,31632207
12.5.4,12,held-out,1.0,1,100,925.8220031419719,925.8220031419719,925.8220031419719,31121348,32667732
12.5.4,12,held-out,1.0,2,200,925.8220031419719,925.8220031419719,925.8220031419719,30952559,32755269
12.5.4,12,held-out,1.0,3,300,925.8220031419719,925.8220031419719,925.8220031419719,30955834,31591563
12.5.4,12,held-out,1.0,4,400,925.8220031419719,925.8220031419719,925.8220031419719,30447309,32479215
12.5.4,12,held-out,1.0,5,500,925.8220031419719,925.8220031419719,925.8220031419719,31284016,32580157
12.5.4,12,held-out,1.0,6,600,925.8220031419719,925.8220031419719,925.8220031419719,31024135,32460857
12.5.4,12,held-out,1.0,7,700,925.8220031419719,925.8220031419719,925.8220031419719,31039431,32499025
12.5.4,12,held-out,1.0,8,800,925.8220031419719,925.8220031419719,925.8220031419719,31271101,32618416
12.5.4,12,held-out,1.0,9,900,925.8220031419719,925.8220031419719,925.8220031419719,30629957,31684433
12.5.4,12,held-out,1.0,10,1000,925.8220031419719,925.8220031419719,925.8220031419719,30384293,32435586
20.10.1,20,held-out,1.0,1,100,1190.6920375792722,1190.6920375792722,1190.6920375792722,30799270,32168786
20.10.1,20,held-out,1.0,2,200,1190.6920375792722,1190.6920375792722,1190.6920375792722,30886182,32202081
20.10.1,20,held-out,1.0,3,300,1190.6920375792722,1190.6920375792722,1190.6920375792722,30511064,32298646
20.10.1,20,held-out,1.0,4,400,1190.6920375792722,1190.6920375792722,1190.6920375792722,30098153,32182893
20.10.1,20,held-out,1.0,5,500,1190.6920375792722,1190.6920375792722,1190.6920375792722,30848411,32301825
20.10.1,20,held-out,1.0,6,600,1190.6920375792722,1190.6920375792722,1190.6920375792722,30229155,30558792
20.10.1,20,held-out,1.0,7,700,1190.6920375792722,1190.6920375792722,1190.6920375792722,30663783,32109633
20.10.1,20,held-out,1.0,8,800,1190.6920375792722,1190.6920375792722,1190.6920375792722,29763250,32220443
20.10.1,20,held-out,1.0,9,900,1190.6920375792722,1190.6920375792722,1190.6920375792722,30761387,32189791
20.10.1,20,held-out,1.0,10,1000,1190.6920375792722,1190.6920375792722,1190.6920375792722,30364749,32261287
20.10.2,20,held-out,1.0,1,100,1254.6043475032363,1254.6043475032363,1254.6043475032363,30366829,32178923
20.10.2,20,held-out,1.0,2,200,1254.6043475032363,1254.6043475032363,1254.6043475032363,30165582,32544177
20.10.2,20,held-out,1.0,3,300,1254.6043475032363,1254.6043475032363,1254.604347503236,31052741,32466161
20.10.2,20,held-out,1.0,4,400,1254.6043475032363,1254.6043475032363,1254.6043475032363,30977453,32480268
20.10.2,20,held-out,1.0,5,500,1254.6043475032363,1254.6043475032363,1254.6043475032363,30501524,32370557
20.10.2,20,held-out,1.0,6,600,1254.6043475032363,1254.6043475032363,1254.6043475032363,30711972,32398952
20.10.2,20,held-out,1.0,7,700,1254.6043475032363,1254.6043475032363,1254.6043475032363,30311296,32465131
20.10.2,20,held-out,1.0,8,800,1254.6043475032363,1254.604347503236,1254.6043475032363,30445236,32440570
20.10.2,20,held-out,1.0,9,900,1254.6043475032363,1254.6043475032363,1254.6043475032363,30461294,32541326
20.10.2,20,held-out,1.0,10,1000,1254.6043475032363,1254.6043475032363,1254.6043475032363,30601664,32183614
20.10.3,20,held-out,1.0,1,100,1206.1754607013595,1206.1754607013595,1206.1754607013595,30859002,32272389
20.10.3,20,held-out,1.0,2,200,1206.1754607013595,1206.1754607013595,1206.1754607013595,30740109,32335510
20.10.3,20,held-out,1.0,3,300,1206.1754607013595,1206.1754607013595,1206.1754607013595,30745951,32349902
20.10.3,20,held-out,1.0,4,400,1206.1754607013595,1206.1754607013595,1206.1754607013595,30761252,32252083
20.10.3,20,held-out,1.0,5,500,1206.1754607013595,1206.1754607013595,1206.1754607013595,30563140,31125320
20.10.3,20,held-out,1.0,6,600,1206.1754607013595,1206.1754607013595,1206.1754607013595,30195691,32423571
20.10.3,20,held-out,1.0,7,700,1206.1754607013595,1206.1754607013595,1206.1754607013595,30529701,32264088
20.10.3,20,held-out,1.0,8,800,1206.1754607013595,1206.1754607013595,1206.1754607013595,30669023,32333172
20.10.3,20,held-out,1.0,9,900,1206.1754607013595,1206.1754607013595,1206.1754607013595,30824070,32257862
20.10.3,20,held-out,1.0,10,1000,1206.1754607013595,1206.1754607013595,1206.1754607013595,30252508,32269614
20.10.4,20,held-out,1.0,1,100,1325.8547556895428,1325.8547556895428,1325.8547556895428,31065798,32585354
20.10.4,20,held-out,1.0,2,200,1325.8547556895428,1325.8547556895428,1325.8547556895428,30800993,32434019
20.10.4,20,held-out,1.0,3,300,1325.8547556895428,1325.8547556895428,1325.8547556895428,31019439,31511058
20.10.4,20,held-out,1.0,4,400,1325.8547556895428,1325.8547556895428,1325.8547556895428,31086301,32301031
20.10.4,20,held-out,1.0,5,500,1325.8547556895428,1325.8547556895428,1325.8547556895428,30974004,31234208
20.10.4,20,held-out,1.0,6,600,1325.8547556895428,1325.8547556895428,1325.8547556895428,30922887,32391524
20.10.4,20,held-out,1.0,7,700,1325.8547556895428,1325.8547556895428,1325.8547556895428,31002948,32277392
20.10.4,20,held-out,1.0,8,800,1325.8547556895428,1325.8547556895428,1325.8547556895428,31202473,32576507
20.10.4,20,held-out,1.0,9,900,1325.8547556895428,1325.8547556895428,1325.8547556895428,30283406,32420644
20.10.4,20,held-out,1.0,10,1000,1325.8547556895428,1325.8547556895428,1325.8547556895428,30693826,32409907
20.20.1,20,held-out,1.0,1,100,4375.996152509832,4375.996152509832,4375.996152509832,38784208,40494348
20.20.1,20,held-out,1.0,2,200,4375.996152509832,4375.996152509832,4375.996152509832,38659156,40597651
20.20.1,20,held-out,1.0,3,300,4375.996152509832,4375.996152509832,4375.996152509832,39215185,38944611
20.20.1,20,held-out,1.0,4,400,4375.996152509832,4375.996152509832,4375.996152509832,37886278,38993255
20.20.1,20,held-out,1.0,5,500,4375.996152509832,4375.996152509832,4375.996152509832,39147331,39168452
20.20.1,20,held-out,1.0,6,600,4375.996152509832,4375.996152509832,4375.996152509832,39131402,40376443
20.20.1,20,held-out,1.0,7,700,4375.996152509832,4375.996152509832,4375.996152509832,38739614,40626142
20.20.1,20,held-out,1.0,8,800,4375.996152509832,4375.996152509832,4375.996152509832,39100155,40449819
20.20.1,20,held-out,1.0,9,900,4375.996152509832,4375.996152509832,4375.996152509832,38639273,40077509
20.20.1,20,held-out,1.0,10,1000,4375.996152509832,4375.996152509832,4375.996152509832,37802145,40214895
20.20.2,20,held-out,1.0,1,100,4041.311867006855,4041.311867006855,4041.311867006855,37418846,39751227
20.20.2,20,held-out,1.0,2,200,4041.311867006855,4041.311867006855,4041.311867006855,38148842,39503390
20.20.2,20,held-out,1.0,3,300,4041.311867006855,4041.311867006855,4041.311867006855,37394665,39743993
20.20.2,20,held-out,1.0,4,400,4041.311867006855,4041.311867006855,4041.311867006855,37508937,39892157
20.20.2,20,held-out,1.0,5,500,4041.311867006855,4041.311867006855,4041.311867006855,37994428,38614208
20.20.2,20,held-out,1.0,6,600,4041.311867006855,4041.311867006855,4041.311867006855,37431665,39592491
20.20.2,20,held-out,1.0,7,700,4041.311867006855,4041.311867006855,4041.311867006855,38012652,39889608
20.20.2,20,held-out,1.0,8,800,4041.311867006855,4041.311867006855,4041.311867006855,38229041,39790101
20.20.2,20,held-out,1.0,9,900,4041.311867006855,4041.311867006855,4041.311867006855,37960267,39704707
20.20.2,20,held-out,1.0,10,1000,4041.311867006855,4041.311867006855,4041.311867006855,37904373,39758472
20.20.3,20,held-out,1.0,1,100,5069.655033539804,5069.655033539804,5069.655033539804,38914705,40575201
20.20.3,20,held-out,1.0,2,200,5069.655033539804,5069.655033539804,5069.655033539804,38494822,40317923
20.20.3,20,held-out,1.0,3,300,5069.655033539804,5069.655033539804,5069.655033539804,38690249,40286358
20.20.3,20,held-out,1.0,4,400,5069.655033539804,5069.655033539804,5069.655033539804,39194936,40252286
20.20.3,20,held-out,1.0,5,500,5069.655033539804,5069.655033539804,5069.655033539804,38857402,40343531
20.20.3,20,held-out,1.0,6,600,5069.655033539804,5069.655033539804,5069.655033539804,39443742,40356907
20.20.3,20,held-out,1.0,7,700,5069.655033539804,5069.655033539804,5069.655033539804,37631568,40383279
20.20.3,20,held-out,1.0,8,800,5069.655033539804,5069.655033539804,5069.655033539804,38935096,40308975
20.20.3,20,held-out,1.0,9,900,5069.655033539804,5069.655033539804,5069.655033539804,38301642,38914103
20.20.3,20,held-out,1.0,10,1000,5069.655033539804,5069.655033539804,5069.655033539804,38993664,40244440
20.20.4,20,held-out,1.0,1,100,4371.301453971331,4371.301453971331,4371.301453971331,34757672,36638993
20.20.4,20,held-out,1.0,2,200,4371.301453971331,4371.301453971331,4371.301453971331,34958302,36619051
20.20.4,20,held-out,1.0,3,300,4371.301453971331,4371.301453971331,4371.301453971331,34160256,36625168
20.20.4,20,held-out,1.0,4,400,4371.301453971331,4371.301453971331,4371.301453971331,34470611,36457846
20.20.4,20,held-out,1.0,5,500,4371.301453971331,4371.301453971331,4371.301453971331,34497697,36624742
20.20.4,20,held-out,1.0,6,600,4371.301453971331,4371.301453971331,4371.301453971331,34816564,36209796
20.20.4,20,held-out,1.0,7,700,4371.301453971331,4371.301453971331,4371.301453971331,34340017,36429654
20.20.4,20,held-out,1.0,8,800,4371.301453971331,4371.301453971331,4371.301453971331,34588688,36492703
20.20.4,20,held-out,1.0,9,900,4371.301453971331,4371.301453971331,4371.301453971331,34826040,36260726
20.20.4,20,held-out,1.0,10,1000,4371.301453971331,4371.301453971331,4371.301453971331,34877981,36496720
20.5.1,20,held-out,1.0,1,100,626.0038177239053,626.0038177239053,626.0038177239053,30754377,32665120
20.5.1,20,held-out,1.0,2,200,626.0038177239053,626.0038177239053,626.0038177239053,31613076,32304101
20.5.1,20,held-out,1.0,3,300,626.0038177239053,626.0038177239053,626.0038177239053,30595625,33127134
20.5.1,20,held-out,1.0,4,400,626.0038177239053,626.0038177239053,626.0038177239053,31384275,33186870
20.5.1,20,held-out,1.0,5,500,626.0038177239053,626.0038177239053,626.0038177239053,31657871,33041634
20.5.1,20,held-out,1.0,6,600,626.0038177239053,626.0038177239053,626.0038177239053,32001732,33096631
20.5.1,20,held-out,1.0,7,700,626.0038177239053,626.0038177239053,626.0038177239053,31675080,33128387
20.5.1,20,held-out,1.0,8,800,626.0038177239053,626.0038177239053,626.0038177239053,31462085,33073703
20.5.1,20,held-out,1.0,9,900,626.0038177239053,626.0038177239053,626.0038177239053,31274065,33213267
20.5.1,20,held-out,1.0,10,1000,626.0038177239053,626.0038177239053,626.0038177239053,31350701,33043484
20.5.2,20,held-out,1.0,1,100,711.9602671858845,711.9602671858845,711.9602671858845,31240010,33450744
20.5.2,20,held-out,1.0,2,200,711.9602671858845,711.9602671858845,711.9602671858845,30379400,33443568
20.5.2,20,held-out,1.0,3,300,711.9602671858845,711.9602671858845,711.9602671858845,31854531,33206225
20.5.2,20,held-out,1.0,4,400,711.9602671858845,711.9602671858845,711.9602671858845,31839798,33416787
20.5.2,20,held-out,1.0,5,500,711.9602671858845,711.9602671858845,711.9602671858845,31867790,33058655
20.5.2,20,held-out,1.0,6,600,711.9602671858845,711.9602671858845,711.9602671858845,31887520,33356525
20.5.2,20,held-out,1.0,7,700,711.9602671858845,711.9602671858845,711.9602671858845,31725707,33326775
20.5.2,20,held-out,1.0,8,800,711.9602671858845,711.9602671858845,711.9602671858845,31532062,33311675
20.5.2,20,held-out,1.0,9,900,711.9602671858845,711.9602671858845,711.9602671858845,31616583,33377349
20.5.2,20,held-out,1.0,10,1000,711.9602671858845,711.9602671858845,711.9602671858845,30806319,32262390
20.5.3,20,held-out,1.0,1,100,499.81231236662194,499.81231236662194,499.81231236662194,31832820,33021329
20.5.3,20,held-out,1.0,2,200,499.81231236662194,499.81231236662194,499.81231236662194,30549916,33035337
20.5.3,20,held-out,1.0,3,300,499.81231236662194,499.81231236662194,499.81231236662194,31440726,33021296
20.5.3,20,held-out,1.0,4,400,499.81231236662194,499.81231236662194,499.81231236662194,31206534,32970356
20.5.3,20,held-out,1.0,5,500,499.81231236662194,499.81231236662194,499.81231236662194,31972033,33089114
20.5.3,20,held-out,1.0,6,600,499.81231236662194,499.81231236662194,499.81231236662194,31951864,33090649
20.5.3,20,held-out,1.0,7,700,499.81231236662194,499.81231236662194,499.81231236662194,31925161,33011371
20.5.3,20,held-out,1.0,8,800,499.81231236662194,499.81231236662194,499.81231236662194,31578292,32974026
20.5.3,20,held-out,1.0,9,900,499.81231236662194,499.81231236662194,499.81231236662194,30797377,32901124
20.5.3,20,held-out,1.0,10,1000,499.81231236662194,499.81231236662194,499.81231236662194,31218139,32481634
20.5.4,20,held-out,1.0,1,100,518.3642017631608,518.3642017631608,518.3642017631608,31795455,33361830
20.5.4,20,held-out,1.0,2,200,518.3642017631608,518.3642017631608,518.3642017631608,31472710,33351230
20.5.4,20,held-out,1.0,3,300,518.3642017631608,518.3642017631608,518.3642017631608,31764381,33350337
20.5.4,20,held-out,1.0,4,400,518.3642017631608,518.3642017631608,518.3642017631608,31946468,33294758
20.5.4,20,held-out,1.0,5,500,518.3642017631608,518.3642017631608,518.3642017631608,31789894,33139348
20.5.4,20,held-out,1.0,6,600,518.3642017631608,518.3642017631608,518.364201763161,31874008,33247649
20.5.4,20,held-out,1.0,7,700,518.3642017631608,518.3642017631608,518.3642017631608,31552443,33005738
20.5.4,20,held-out,1.0,8,800,518.3642017631608,518.3642017631608,518.3642017631608,31706255,33381405
20.5.4,20,held-out,1.0,9,900,518.3642017631608,518.3642017631608,518.3642017631608,31793060,32341542
20.5.4,20,held-out,1.0,10,1000,518.3642017631608,518.3642017631608,518.3642017631608,31713597,33262180
50.10.1,50,held-out,2.0,1,100,1893.3764241835136,1893.3764241835136,1893.3764241835136,70554601,74256755
50.10.1,50,held-out,2.0,2,200,1893.3764241835136,1893.3764241835136,1893.3764241835136,70320902,72670104
50.10.1,50,held-out,2.0,3,300,1893.3764241835136,1893.3764241835136,1893.3764241835136,71414749,74179544
50.10.1,50,held-out,2.0,4,400,1893.3764241835136,1893.3764241835136,1893.3764241835138,71037495,74010714
50.10.1,50,held-out,2.0,5,500,1893.3764241835136,1893.3764241835136,1893.3764241835136,71276834,74340884
50.10.1,50,held-out,2.0,6,600,1893.3764241835136,1893.3764241835136,1893.3764241835136,71563835,74089767
50.10.1,50,held-out,2.0,7,700,1893.3764241835136,1893.3764241835136,1893.3764241835136,70974812,73856492
50.10.1,50,held-out,2.0,8,800,1893.3764241835136,1893.3764241835136,1893.3764241835136,72051756,73835578
50.10.1,50,held-out,2.0,9,900,1893.3764241835136,1893.3764241835136,1893.3764241835136,70422331,74091316
50.10.1,50,held-out,2.0,10,1000,1893.3764241835136,1893.3764241835136,1893.3764241835136,70463056,74265780
50.10.2,50,held-out,2.0,1,100,1551.8213832018114,1543.6861586127707,1544.8554615787334,70737897,73969251
50.10.2,50,held-out,2.0,2,200,1551.8213832018114,1549.619745122918,1543.6861586127707,71438573,73776203
50.10.2,50,held-out,2.0,3,300,1551.8213832018114,1543.6861586127707,1543.6861586127707,71103331,72833495
50.10.2,50,held-out,2.0,4,400,1551.8213832018114,1543.6861586127707,1543.6861586127707,71895587,73867868
50.10.2,50,held-out,2.0,5,500,1551.8213832018114,1543.6861586127707,1543.6861586127707,71157646,73156741
50.10.2,50,held-out,2.0,6,600,1551.8213832018114,1543.6861586127707,1543.6861586127707,71685477,73945200
50.10.2,50,held-out,2.0,7,700,1551.8213832018114,1543.6861586127707,1543.6861586127707,70842262,73774567
50.10.2,50,held-out,2.0,8,800,1551.8213832018114,1543.6861586127707,1543.6861586127707,70302778,73835104
50.10.2,50,held-out,2.0,9,900,1551.8213832018114,1543.6861586127707,1543.6861586127707,70888636,73814963
50.10.2,50,held-out,2.0,10,1000,1551.8213832018114,1543.6861586127707,1543.6861586127707,71373028,73880628
50.10.3,50,held-out,2.0,1,100,1512.4058810954446,1512.4058810954446,1511.2011884729018,70143490,72012872
50.10.3,50,held-out,2.0,2,200,1512.4058810954446,1511.2011884729018,1511.2011884729018,69432424,71724219
50.10.3,50,held-out,2.0,3,300,1512.4058810954446,1513.567189981597,1511.2011884729018,68997888,72163806
50.10.3,50,held-out,2.0,4,400,1512.4058810954446,1511.2011884729018,1513.567189981597,69116889,72156779
50.10.3,50,held-out,2.0,5,500,1512.4058810954446,1511.2011884729018,1511.2011884729018,69931356,71962216
50.10.3,50,held-out,2.0,6,600,1512.4058810954446,1513.6045945352942,1511.2011884729018,69862294,71797650
50.10.3,50,held-out,2.0,7,700,1512.4058810954446,1512.4058810954446,1511.2011884729018,69053524,71796521
50.10.3,50,held-out,2.0,8,800,1512.4058810954446,1511.2011884729018,1511.0050516725973,69572728,71890020
50.10.3,50,held-out,2.0,9,900,1512.4058810954446,1511.0050516725973,1511.0050516725973,69481358,70753230
50.10.3,50,held-out,2.0,10,1000,1512.4058810954446,1512.4058810954446,1511.2011884729018,68826797,72068694
50.10.4,50,held-out,2.0,1,100,1455.8578212932475,1455.8578212932475,1454.1799370070466,69459201,71878655
50.10.4,50,held-out,2.0,2,200,1455.8578212932475,1455.8578212932475,1455.8578212932475,69509777,72094908
50.10.4,50,held-out,2.0,3,300,1455.8578212932475,1455.8578212932475,1455.8578212932475,69583601,70802223
50.10.4,50,held-out,2.0,4,400,1455.8578212932475,1455.8578212932475,1455.8578212932475,69694378,72280098
50.10.4,50,held-out,2.0,5,500,1455.8578212932475,1455.8578212932475,1455.8578212932475,69502484,72286897
50.10.4,50,held-out,2.0,6,600,1455.8578212932475,1455.8578212932475,1455.673172241442,69701304,71051186
50.10.4,50,held-out,2.0,7,700,1455.8578212932475,1455.8578212932475,1455.8578212932475,68883805,72253560
50.10.4,50,held-out,2.0,8,800,1455.8578212932475,1455.8578212932475,1455.8578212932475,69691746,72100802
50.10.4,50,held-out,2.0,9,900,1455.8578212932475,1455.8578212932475,1455.8578212932475,70436283,72282012
50.10.4,50,held-out,2.0,10,1000,1455.8578212932475,1455.8578212932475,1455.8578212932475,68699547,72282826
50.20.1,50,held-out,2.0,1,100,4182.09111960489,4182.09111960489,4182.09111960489,78261508,80352867
50.20.1,50,held-out,2.0,2,200,4182.09111960489,4182.09111960489,4182.09111960489,77766851,78387156
50.20.1,50,held-out,2.0,3,300,4182.09111960489,4182.09111960489,4194.048484882342,77397019,80795472
50.20.1,50,held-out,2.0,4,400,4182.09111960489,4182.09111960489,4182.09111960489,77432041,80696607
50.20.1,50,held-out,2.0,5,500,4182.09111960489,4182.09111960489,4182.09111960489,78860849,79989735
50.20.1,50,held-out,2.0,6,600,4182.09111960489,4182.09111960489,4182.09111960489,77878624,80198188
50.20.1,50,held-out,2.0,7,700,4182.09111960489,4182.09111960489,4182.09111960489,78134522,79849704
50.20.1,50,held-out,2.0,8,800,4182.09111960489,4182.09111960489,4182.09111960489,78617552,80430917
50.20.1,50,held-out,2.0,9,900,4182.09111960489,4182.09111960489,4182.09111960489,77795114,80601757
50.20.1,50,held-out,2.0,10,1000,4182.09111960489,4182.09111960489,4182.09111960489,77831856,80110834
50.20.2,50,held-out,2.0,1,100,4239.8820130716895,4239.8820130716895,4239.8820130716895,76739760,80553762
50.20.2,50,held-out,2.0,2,200,4239.8820130716895,4239.8820130716895,4239.8820130716895,77938545,80529386
50.20.2,50,held-out,2.0,3,300,4239.8820130716895,4239.8820130716895,4239.8820130716895,77442172,80605793
50.20.2,50,held-out,2.0,4,400,4239.8820130716895,4239.8820130716895,4239.8820130716895,77190651,80162342
50.20.2,50,held-out,2.0,5,500,4239.8820130716895,4239.8820130716895,4239.8820130716895,77261062,80394959
50.20.2,50,held-out,2.0,6,600,4239.8820130716895,4239.8820130716895,4239.8820130716895,77583411,80569812
50.20.2,50,held-out,2.0,7,700,4239.8820130716895,4239.8820130716895,4239.8820130716895,77487003,80135073
50.20.2,50,held-out,2.0,8,800,4239.8820130716895,4239.8820130716895,4239.8820130716895,77600629,80479592
50.20.2,50,held-out,2.0,9,900,4239.8820130716895,4239.8820130716895,4239.8820130716895,77672669,80540438
50.20.2,50,held-out,2.0,10,1000,4239.8820130716895,4239.8820130716895,4239.8820130716895,77166952,78863150
50.20.3,50,held-out,2.0,1,100,4711.898720148452,4711.898720148452,4711.898720148452,75655591,77648423
50.20.3,50,held-out,2.0,2,200,4711.898720148452,4700.008218819873,4711.898720148452,75400807,77991431
50.20.3,50,held-out,2.0,3,300,4711.898720148452,4614.738181391734,4688.616785800633,75498985,78255639
50.20.3,50,held-out,2.0,4,400,4711.898720148452,4711.898720148452,4614.738181391734,75776996,78169055
50.20.3,50,held-out,2.0,5,500,4711.898720148452,4711.898720148452,4711.898720148452,75981654,78181292
50.20.3,50,held-out,2.0,6,600,4711.898720148452,4614.738181391734,4711.898720148452,75141922,78266917
50.20.3,50,held-out,2.0,7,700,4711.898720148452,4711.898720148452,4688.616785800633,75824460,78255419
50.20.3,50,held-out,2.0,8,800,4711.898720148452,4711.898720148452,4528.882763562043,74455823,78380642
50.20.3,50,held-out,2.0,9,900,4711.898720148452,4695.165299002716,4646.937877606128,75640238,78150062
50.20.3,50,held-out,2.0,10,1000,4711.898720148452,4688.616785800633,4596.790403689767,74743015,78265029
50.20.4,50,held-out,2.0,1,100,4531.5985742643925,4529.6603036857105,4529.6603036857105,80068346,82040639
50.20.4,50,held-out,2.0,2,200,4531.5985742643925,4561.413853442659,4529.6603036857105,79910558,81372973
50.20.4,50,held-out,2.0,3,300,4531.5985742643925,4529.6603036857105,4529.6603036857105,78492434,81725922
50.20.4,50,held-out,2.0,4,400,4531.5985742643925,4529.6603036857105,4529.6603036857105,78690448,80195136
50.20.4,50,held-out,2.0,5,500,4531.5985742643925,4529.6603036857105,4529.6603036857105,79735414,81787240
50.20.4,50,held-out,2.0,6,600,4531.5985742643925,4529.6603036857105,4529.6603036857105,78744286,81805572
50.20.4,50,held-out,2.0,7,700,4531.5985742643925,4529.6603036857105,4611.172244095568,78273943,81697992
50.20.4,50,held-out,2.0,8,800,4531.5985742643925,4529.6603036857105,4529.6603036857105,79171946,82027513
50.20.4,50,held-out,2.0,9,900,4531.5985742643925,4529.6603036857105,4529.6603036857105,79233246,81779152
50.20.4,50,held-out,2.0,10,1000,4531.5985742643925,4654.014909289347,4529.6603036857105,79022726,81828736
50.30.1,50,held-out,2.0,1,100,8873.783828187867,8873.783828187865,8873.783828187865,81314536,83629542
50.30.1,50,held-out,2.0,2,200,8873.783828187867,8873.783828187865,8873.783828187865,80940987,82321942
50.30.1,50,held-out,2.0,3,300,8873.783828187867,8873.783828187865,8873.783828187865,80795221,83735193
50.30.1,50,held-out,2.0,4,400,8873.783828187867,8873.783828187865,8873.783828187865,81033824,83852833
50.30.1,50,held-out,2.0,5,500,8873.783828187867,8873.783828187865,8873.783828187865,79502022,83847792
50.30.1,50,held-out,2.0,6,600,8873.783828187867,8873.783828187865,8873.783828187865,81290364,83378077
50.30.1,50,held-out,2.0,7,700,8873.783828187867,8873.783828187865,8873.783828187865,80610352,83882839
50.30.1,50,held-out,2.0,8,800,8873.783828187867,8873.783828187865,8873.783828187865,80237723,83789770
50.30.1,50,held-out,2.0,9,900,8873.783828187867,8873.783828187865,8873.783828187865,80610562,83617299
50.30.1,50,held-out,2.0,10,1000,8873.783828187867,8873.783828187865,8873.783828187865,80847621,83938475
50.30.2,50,held-out,2.0,1,100,8019.961154560939,8019.961154560939,8019.961154560939,81500789,84370824
50.30.2,50,held-out,2.0,2,200,8019.961154560939,8019.961154560939,8019.961154560939,81760826,84459643
50.30.2,50,held-out,2.0,3,300,8019.961154560939,8019.961154560939,8019.961154560939,81037838,84341963
50.30.2,50,held-out,2.0,4,400,8019.961154560939,8019.961154560939,8019.961154560939,81197792,84382120
50.30.2,50,held-out,2.0,5,500,8019.961154560939,8019.961154560939,8019.961154560939,81581378,84291005
50.30.2,50,held-out,2.0,6,600,8019.961154560939,8019.961154560939,8019.961154560939,82094573,82988301
50.30.2,50,held-out,2.0,7,700,8019.961154560939,8019.961154560939,8019.961154560939,81719936,84492747
50.30.2,50,held-out,2.0,8,800,8019.961154560939,8019.961154560939,8019.961154560939,82282280,84379305
50.30.2,50,held-out,2.0,9,900,8019.961154560939,8019.961154560939,8019.961154560939,83035563,84495496
50.30.2,50,held-out,2.0,10,1000,8019.961154560939,8019.961154560939,8019.961154560939,82255895,83455953
50.30.3,50,held-out,2.0,1,100,8908.103012671027,8908.103012671027,8908.103012671027,79654666,83767130
50.30.3,50,held-out,2.0,2,200,8908.103012671027,8908.103012671027,8908.103012671027,80789346,81735114
50.30.3,50,held-out,2.0,3,300,8908.103012671027,8908.103012671027,8908.103012671027,79746892,82498497
50.30.3,50,held-out,2.0,4,400,8908.103012671027,8908.103012671027,8908.103012671027,80341072,82983997
50.30.3,50,held-out,2.0,5,500,8908.103012671027,8908.103012671027,8908.103012671027,80550290,83330729
50.30.3,50,held-out,2.0,6,600,8908.103012671027,8908.103012671027,8908.103012671027,80900688,81541455
50.30.3,50,held-out,2.0,7,700,8908.103012671027,8908.103012671027,8908.103012671027,79988084,83496790
50.30.3,50,held-out,2.0,8,800,8908.103012671027,8908.103012671027,8908.103012671027,80155626,83422749
50.30.3,50,held-out,2.0,9,900,8908.103012671027,8908.103012671027,8908.103012671027,80354293,83080523
50.30.3,50,held-out,2.0,10,1000,8908.103012671027,8908.103012671027,8908.103012671027,80234937,82128283
50.30.4,50,held-out,2.0,1,100,8811.661300005724,8811.661300005724,8811.661300005724,79457197,82975947
50.30.4,50,held-out,2.0,2,200,8811.661300005724,8811.661300005724,8811.661300005724,79885613,82920819
50.30.4,50,held-out,2.0,3,300,8811.661300005724,8811.661300005724,8811.661300005724,80535920,83026382
50.30.4,50,held-out,2.0,4,400,8811.661300005724,8811.661300005724,8811.661300005724,80370580,83180249
50.30.4,50,held-out,2.0,5,500,8811.661300005724,8811.661300005724,8811.661300005724,81338667,82907567
50.30.4,50,held-out,2.0,6,600,8811.661300005724,8811.661300005724,8811.661300005724,81267660,83265985
50.30.4,50,held-out,2.0,7,700,8811.661300005724,8811.661300005724,8811.661300005724,78706001,83008441
50.30.4,50,held-out,2.0,8,800,8811.661300005724,8811.661300005724,8811.661300005724,79415006,83146201
50.30.4,50,held-out,2.0,9,900,8811.661300005724,8811.661300005724,8811.661300005724,80440660,83077166
50.30.4,50,held-out,2.0,10,1000,8811.661300005724,8811.661300005724,8811.661300005724,80217534,82461955
50.40.1,50,held-out,2.0,1,100,14408.673370992698,14370.598986537252,14370.598986537252,78412219,80938284
50.40.1,50,held-out,2.0,2,200,14408.673370992698,14368.875113483191,14372.510564949152,78711711,80829272
50.40.1,50,held-out,2.0,3,300,14408.673370992698,14370.598986537252,14370.598986537252,78897570,80258971
50.40.1,50,held-out,2.0,4,400,14408.673370992698,14376.74413612991,14368.635749041407,78223345,80871489
50.40.1,50,held-out,2.0,5,500,14408.673370992698,14370.598986537252,14368.635749041407,78099315,80808755
50.40.1,50,held-out,2.0,6,600,14408.673370992698,14402.38556972981,14370.598986537252,77794060,80935277
50.40.1,50,held-out,2.0,7,700,14408.673370992698,14372.510564949152,14370.598986537252,77834320,80706218
50.40.1,50,held-out,2.0,8,800,14408.673370992698,14370.598986537252,14370.598986537252,78386108,80651018
50.40.1,50,held-out,2.0,9,900,14408.673370992698,14402.38556972981,14368.635749041407,78597827,80843884
50.40.1,50,held-out,2.0,10,1000,14408.673370992698,14385.33047657982,14368.635749041407,78372600,79251252
50.40.2,50,held-out,2.0,1,100,14334.608383894823,14334.611685525575,14334.608383894822,78774265,81369924
50.40.2,50,held-out,2.0,2,200,14334.608383894823,14416.69533881274,14334.608383894822,78512406,79746851
50.40.2,50,held-out,2.0,3,300,14334.608383894823,14483.757639917949,14484.939184273477,79614595,81405396
50.40.2,50,held-out,2.0,4,400,14334.608383894823,14334.608383894822,14488.631393411495,77780178,80940146
50.40.2,50,held-out,2.0,5,500,14334.608383894823,14402.33598778829,14334.608383894822,78772029,81125846
50.40.2,50,held-out,2.0,6,600,14334.608383894823,14338.177800279138,14334.608383894823,79082290,81268928
50.40.2,50,held-out,2.0,7,700,14334.608383894823,14442.031952611296,14334.608383894822,77832764,80493130
50.40.2,50,held-out,2.0,8,800,14334.608383894823,14416.69533881274,14334.608383894822,78140902,81586779
50.40.2,50,held-out,2.0,9,900,14334.608383894823,14402.33598778829,14334.608383894822,78494657,81519637
50.40.2,50,held-out,2.0,10,1000,14334.608383894823,14334.608383894823,14334.608383894822,79004794,81260636
50.40.3,50,held-out,2.0,1,100,12527.925293145607,12472.459799760998,12472.459799760998,79051495,81191620
50.40.3,50,held-out,2.0,2,200,12527.925293145607,12472.459799760998,12472.459799760998,79318762,80785867
50.40.3,50,held-out,2.0,3,300,12527.925293145607,12499.530242747744,12472.459799760998,79218350,81177019
50.40.3,50,held-out,2.0,4,400,12527.925293145607,12472.459799760998,12472.459799760998,78997373,81194837
50.40.3,50,held-out,2.0,5,500,12527.925293145607,12472.459799760998,12472.459799760998,78409247,80754763
50.40.3,50,held-out,2.0,6,600,12527.925293145607,12496.687397986154,12472.459799760998,79252466,79919600
50.40.3,50,held-out,2.0,7,700,12527.925293145607,12472.459799760998,12472.459799760998,78314919,80676032
50.40.3,50,held-out,2.0,8,800,12527.925293145607,12472.459799760998,12472.459799760998,79096353,81136931
50.40.3,50,held-out,2.0,9,900,12527.925293145607,12472.459799760998,12472.459799760998,78461951,79708165
50.40.3,50,held-out,2.0,10,1000,12527.925293145607,12472.459799760998,12472.459799760998,78906613,81064021
50.40.4,50,held-out,2.0,1,100,12992.72316097867,12992.723160978669,12992.723160978669,79457876,81662903
50.40.4,50,held-out,2.0,2,200,12992.72316097867,12992.723160978669,12992.723160978669,79082994,81526593
50.40.4,50,held-out,2.0,3,300,12992.72316097867,12992.723160978669,12992.723160978669,78211256,81243139
50.40.4,50,held-out,2.0,4,400,12992.72316097867,12992.723160978669,12992.723160978669,79224594,81708516
50.40.4,50,held-out,2.0,5,500,12992.72316097867,12992.723160978669,12992.723160978669,78315895,81680625
50.40.4,50,held-out,2.0,6,600,12992.72316097867,12992.723160978669,12992.723160978669,78942289,80821179
50.40.4,50,held-out,2.0,7,700,12992.72316097867,12992.723160978669,12992.723160978669,78423540,81566832
50.40.4,50,held-out,2.0,8,800,12992.72316097867,12992.723160978669,12992.723160978669,79301864,81665827
50.40.4,50,held-out,2.0,9,900,12992.72316097867,12992.723160978669,12992.723160978669,78560021,81458788
50.40.4,50,held-out,2.0,10,1000,12992.72316097867,12992.723160978669,12992.723160978669,79147191,81602531
100.10.1,100,held-out,10.0,1,100,1563.2556451543076,1560.0780143511952,1544.0472548280381,352252296,360364343
100.10.1,100,held-out,10.0,2,200,1563.2556451543076,1559.7403963876893,1541.602983805144,352645263,359183121
100.10.1,100,held-out,10.0,3,300,1563.2556451543076,1561.2796474803345,1554.7149820659436,352509926,359992936
100.10.1,100,held-out,10.0,4,400,1563.2556451543076,1555.9032815292487,1551.8212415382027,351457289,360217415
100.10.1,100,held-out,10.0,5,500,1563.2556451543076,1554.6731477990445,1558.20435266476,352310766,359914554
100.10.1,100,held-out,10.0,6,600,1563.2556451543076,1559.4607834953479,1553.3001166129252,351068429,359935196
100.10.1,100,held-out,10.0,7,700,1563.2556451543076,1559.7757882779435,1542.2646511955177,352919895,357787476
100.10.1,100,held-out,10.0,8,800,1563.2556451543076,1555.3957564763182,1559.492197096819,352081135,358421398
100.10.1,100,held-out,10.0,9,900,1563.2556451543076,1546.7757956713772,1559.4607834953479,351797223,359301291
100.10.1,100,held-out,10.0,10,1000,1563.2556451543076,1560.0780143511952,1559.7757882779435,351522362,359814575
100.10.2,100,held-out,10.0,1,100,1579.871987611483,1563.4950613073363,1565.2361916711448,353683627,361260829
100.10.2,100,held-out,10.0,2,200,1579.871987611483,1564.5910679394362,1554.4567738646674,352085682,355357716
100.10.2,100,held-out,10.0,3,300,1579.871987611483,1563.4612476680572,1559.4730648363993,353134885,356624055
100.10.2,100,held-out,10.0,4,400,1579.871987611483,1572.825478329376,1562.7187940404679,353382005,360436266
100.10.2,100,held-out,10.0,5,500,1579.871987611483,1567.8553110453645,1563.461247668057,353344576,356681505
100.10.2,100,held-out,10.0,6,600,1579.871987611483,1563.4220557276485,1579.274553224483,353346966,361403102
100.10.2,100,held-out,10.0,7,700,1579.871987611483,1547.9979548737576,1570.7230554123198,352637361,361512736
100.10.2,100,held-out,10.0,8,800,1579.871987611483,1563.18746433427,1547.9979548737576,353258023,356623929
100.10.2,100,held-out,10.0,9,900,1579.871987611483,1563.221277973549,1563.4220557276485,352055177,358055785
100.10.2,100,held-out,10.0,10,1000,1579.871987611483,1570.0894915981346,1565.4145235947901,352534364,355029619
100.10.3,100,held-out,10.0,1,100,1516.067161387965,1510.0944842855286,1512.0284863385982,350213120,359203420
100.10.3,100,held-out,10.0,2,200,1516.067161387965,1515.861436307472,1507.811069954586,352641462,359824801
100.10.3,100,held-out,10.0,3,300,1516.067161387965,1511.1030836095867,1510.0944842855286,353259261,360063081
100.10.3,100,held-out,10.0,4,400,1516.067161387965,1516.8511169668043,1516.8511169668043,351732136,359997381
100.10.3,100,held-out,10.0,5,500,1516.067161387965,1518.0904418970752,1502.8821777684009,350852450,357925112
100.10.3,100,held-out,10.0,6,600,1516.067161387965,1510.203429274785,1495.3738527003616,350949234,358970272
100.10.3,100,held-out,10.0,7,700,1516.067161387965,1517.983237364458,1498.7237657405285,351559729,358663300
100.10.3,100,held-out,10.0,8,800,1516.067161387965,1516.8511169668043,1505.4751898836869,350720506,359748289
100.10.3,100,held-out,10.0,9,900,1516.067161387965,1516.7876676034473,1517.1873244048945,350607400,359687348
100.10.3,100,held-out,10.0,10,1000,1516.067161387965,1512.0434771587227,1510.9978411608415,351533177,359950102
100.10.4,100,held-out,10.0,1,100,1566.1742203960607,1564.6337889019371,1564.6337889019371,352903766,360897458
100.10.4,100,held-out,10.0,2,200,1566.1742203960607,1564.6337889019371,1564.6337889019371,353401514,360998068
100.10.4,100,held-out,10.0,3,300,1566.1742203960607,1563.1790172221354,1563.7445014220666,352845223,360422330
100.10.4,100,held-out,10.0,4,400,1566.1742203960607,1563.1790172221354,1562.2489400315246,354038313,360361199
100.10.4,100,held-out,10.0,5,500,1566.1742203960607,1563.7445014220666,1564.6337889019371,352679938,360319111
100.10.4,100,held-out,10.0,6,600,1566.1742203960607,1566.2150101068005,1564.6337889019371,353807510,361794893
100.10.4,100,held-out,10.0,7,700,1566.1742203960607,1566.1742203960603,1564.6337889019371,352943708,361463879
100.10.4,100,held-out,10.0,8,800,1566.1742203960607,1563.7445014220666,1563.7445014220666,353251881,361479142
100.10.4,100,held-out,10.0,9,900,1566.1742203960607,1564.6337889019371,1563.138227511395,353448086,361361285
100.10.4,100,held-out,10.0,10,1000,1566.1742203960607,1564.6337889019371,1563.7445014220666,353537459,362548328
100.20.1,100,held-out,10.0,1,100,4302.306833796588,4302.3056571779625,4302.3056571779625,353590215,360983552
100.20.1,100,held-out,10.0,2,200,4302.306833796588,4302.3056571779625,4302.3056571779625,357668821,362672172
100.20.1,100,held-out,10.0,3,300,4302.306833796588,4302.3056571779625,4302.3056571779625,355976088,361721165
100.20.1,100,held-out,10.0,4,400,4302.306833796588,4302.3056571779625,4302.3056571779625,357328013,358050795
100.20.1,100,held-out,10.0,5,500,4302.306833796588,4302.3056571779625,4302.306833796588,355191607,360323101
100.20.1,100,held-out,10.0,6,600,4302.306833796588,4302.3056571779625,4302.3056571779625,358173850,360877381
100.20.1,100,held-out,10.0,7,700,4302.306833796588,4302.3056571779625,4302.3056571779625,356882342,361767875
100.20.1,100,held-out,10.0,8,800,4302.306833796588,4302.3056571779625,4302.3056571779625,358395478,359068447
100.20.1,100,held-out,10.0,9,900,4302.306833796588,4302.306833796588,4302.3056571779625,355422740,359721599
100.20.1,100,held-out,10.0,10,1000,4302.306833796588,4302.3056571779625,4302.3056571779625,356879766,360877433
100.20.2,100,held-out,10.0,1,100,4055.993734698326,4055.993734698326,4055.993734698326,356989929,364827887
100.20.2,100,held-out,10.0,2,200,4055.993734698326,4055.993734698326,4055.993734698326,359779817,364856766
100.20.2,100,held-out,10.0,3,300,4055.993734698326,4055.993734698326,4055.993734698326,357181979,365247899
100.20.2,100,held-out,10.0,4,400,4055.993734698326,4055.993734698326,4055.993734698326,359302551,365207193
100.20.2,100,held-out,10.0,5,500,4055.993734698326,4055.993734698326,4055.993734698326,357197162,364484695
100.20.2,100,held-out,10.0,6,600,4055.993734698326,4055.993734698326,4055.993734698326,358763287,364779614
100.20.2,100,held-out,10.0,7,700,4055.993734698326,4055.993734698326,4055.993734698326,357364975,365335076
100.20.2,100,held-out,10.0,8,800,4055.993734698326,4055.993734698326,4055.993734698326,357281078,365165128
100.20.2,100,held-out,10.0,9,900,4055.993734698326,4055.993734698326,4055.993734698326,355522979,364432588
100.20.2,100,held-out,10.0,10,1000,4055.993734698326,4055.993734698326,4055.993734698326,355342032,364257992
100.20.3,100,held-out,10.0,1,100,4196.026173564053,4196.026173564053,4196.026173564053,354801158,357172933
100.20.3,100,held-out,10.0,2,200,4196.026173564053,4196.026173564053,4196.026173564053,353165522,358198040
100.20.3,100,held-out,10.0,3,300,4196.026173564053,4196.026173564053,4196.026173564053,354452685,358361796
100.20.3,100,held-out,10.0,4,400,4196.026173564053,4196.026173564053,4196.026173564053,353909051,359099854
100.20.3,100,held-out,10.0,5,500,4196.026173564053,4196.026173564053,4196.026173564053,354345120,359782378
100.20.3,100,held-out,10.0,6,600,4196.026173564053,4196.026173564053,4196.026173564053,354631608,360908511
100.20.3,100,held-out,10.0,7,700,4196.026173564053,4196.026173564053,4196.026173564053,354874894,359167216
100.20.3,100,held-out,10.0,8,800,4196.026173564053,4196.026173564053,4196.026173564053,353365454,358744896
100.20.3,100,held-out,10.0,9,900,4196.026173564053,4196.026173564053,4196.026173564053,355470541,358703515
100.20.3,100,held-out,10.0,10,1000,4196.026173564053,4196.026173564053,4196.026173564053,352894642,359904496
100.20.4,100,held-out,10.0,1,100,4358.966956742628,4346.9294189178345,4269.873109261867,353512474,360051619
100.20.4,100,held-out,10.0,2,200,4358.966956742628,4353.640033473438,4346.9294189178345,351976999,360673775
100.20.4,100,held-out,10.0,3,300,4358.966956742628,4353.640033473438,4269.873109261867,354567129,358832935
100.20.4,100,held-out,10.0,4,400,4358.966956742628,4299.990207754673,4346.9294189178345,354459918,360582311
100.20.4,100,held-out,10.0,5,500,4358.966956742628,4352.8257913615025,4346.9294189178345,353444413,359319682
100.20.4,100,held-out,10.0,6,600,4358.966956742628,4357.673192164701,4269.873109261867,350530421,359755212
100.20.4,100,held-out,10.0,7,700,4358.966956742628,4346.9294189178345,4346.9294189178345,352646456,360126011
100.20.4,100,held-out,10.0,8,800,4358.966956742628,4407.041494640676,4269.873109261867,353117798,359824728
100.20.4,100,held-out,10.0,9,900,4358.966956742628,4346.9294189178345,4269.873109261867,352663653,356745196
100.20.4,100,held-out,10.0,10,1000,4358.966956742628,4346.9294189178345,4269.873109261867,351811059,359832289
100.30.1,100,held-out,10.0,1,100,8802.906637815562,8812.61043020927,8819.599088134879,381842483,388179421
100.30.1,100,held-out,10.0,2,200,8802.906637815562,8822.80248612368,8793.87206577618,380665476,388053046
100.30.1,100,held-out,10.0,3,300,8802.906637815562,8805.119479474328,8784.82116620798,381680385,387613574
100.30.1,100,held-out,10.0,4,400,8802.906637815562,8802.570255129329,8793.585857090544,378426070,387189515
100.30.1,100,held-out,10.0,5,500,8802.906637815562,8804.592671573088,8786.9341243682,382205347,387095449
100.30.1,100,held-out,10.0,6,600,8802.906637815562,8805.119479474328,8784.82116620798,379089215,388392960
100.30.1,100,held-out,10.0,7,700,8802.906637815562,8793.87206577618,8811.65963041113,382865886,386085871
100.30.1,100,held-out,10.0,8,800,8802.906637815562,8803.099332840164,8793.87206577618,378357139,388128240
100.30.1,100,held-out,10.0,9,900,8802.906637815562,8796.298298991795,8822.80248612368,381653693,386952577
100.30.1,100,held-out,10.0,10,1000,8802.906637815562,8811.65963041113,8793.87206577618,381530106,387382065
100.30.2,100,held-out,10.0,1,100,8596.156616642891,8576.800271873562,8596.156616642891,382500136,389419421
100.30.2,100,held-out,10.0,2,200,8596.156616642891,8603.497831383484,8576.800271873562,381838819,388419585
100.30.2,100,held-out,10.0,3,300,8596.156616642891,8596.156616642891,8579.834183427625,380680275,389333055
100.30.2,100,held-out,10.0,4,400,8596.156616642891,8626.289625156154,8576.800271873562,381814820,389041277
100.30.2,100,held-out,10.0,5,500,8596.156616642891,8605.050750114715,8596.156616642893,382068774,388899458
100.30.2,100,held-out,10.0,6,600,8596.156616642891,8589.537836332765,8589.537836332765,378006513,389283882
100.30.2,100,held-out,10.0,7,700,8596.156616642891,8595.418119559476,8576.800271873562,379279990,383751036
100.30.2,100,held-out,10.0,8,800,8596.156616642891,8596.156616642891,8576.800271873562,380640692,386365973
100.30.2,100,held-out,10.0,9,900,8596.156616642891,8579.300964131882,8589.537836332765,377509266,387881819
100.30.2,100,held-out,10.0,10,1000,8596.156616642891,8589.537836332765,8621.085709550909,382784054,387814717
100.30.3,100,held-out,10.0,1,100,8911.06827772304,8911.247832565732,8904.6157328858,375238422,384771559
100.30.3,100,held-out,10.0,2,200,8911.06827772304,8900.82393837265,8900.82393837265,377562255,385164481
100.30.3,100,held-out,10.0,3,300,8911.06827772304,8911.06827772304,8900.82393837265,377028878,383984011
100.30.3,100,held-out,10.0,4,400,8911.06827772304,8906.667983442867,8906.667983442867,378016616,382961756
100.30.3,100,held-out,10.0,5,500,8911.06827772304,8900.82393837265,8900.82393837265,377542918,384647174
100.30.3,100,held-out,10.0,6,600,8911.06827772304,8900.82393837265,8900.82393837265,378296818,385038743
100.30.3,100,held-out,10.0,7,700,8911.06827772304,8900.82393837265,8900.82393837265,375883427,384709847
100.30.3,100,held-out,10.0,8,800,8911.06827772304,8900.82393837265,8900.82393837265,378356912,384704173
100.30.3,100,held-out,10.0,9,900,8911.06827772304,8904.6157328858,8904.6157328858,378020625,384255155
100.30.3,100,held-out,10.0,10,1000,8911.06827772304,8900.82393837265,8900.82393837265,379055927,381505976
100.30.4,100,held-out,10.0,1,100,8652.420055276289,8677.904715144809,8681.029656012852,382812436,390026245
100.30.4,100,held-out,10.0,2,200,8652.420055276289,8681.029656012852,8681.029656012852,384010226,389995480
100.30.4,100,held-out,10.0,3,300,8652.420055276289,8681.029656012852,8681.029656012852,382297513,388868009
100.30.4,100,held-out,10.0,4,400,8652.420055276289,8652.420055276289,8677.904715144809,384272065,390165881
100.30.4,100,held-out,10.0,5,500,8652.420055276289,8681.029656012852,8681.029656012852,381826082,389480207
100.30.4,100,held-out,10.0,6,600,8652.420055276289,8681.029656012852,8678.218827370436,384122274,390448076
100.30.4,100,held-out,10.0,7,700,8652.420055276289,8681.029656012852,8652.420055276289,383273867,389692357
100.30.4,100,held-out,10.0,8,800,8652.420055276289,8681.029656012852,8652.420055276289,384527917,390497726
100.30.4,100,held-out,10.0,9,900,8652.420055276289,8681.029656012852,8652.420055276289,384579105,389424116
100.30.4,100,held-out,10.0,10,1000,8652.420055276289,8652.420055276289,8652.42005527629,382888648,390376670
100.40.1,100,held-out,10.0,1,100,14597.806171695585,14612.005288433378,14490.821700775374,380855765,387954589
100.40.1,100,held-out,10.0,2,200,14597.806171695585,14580.09303576868,14545.031450798266,383727608,388959561
100.40.1,100,held-out,10.0,3,300,14597.806171695585,14557.547798736625,14548.431101667082,382339226,387221297
100.40.1,100,held-out,10.0,4,400,14597.806171695585,14558.19366884097,14546.427748871301,383379839,388310815
100.40.1,100,held-out,10.0,5,500,14597.806171695585,14588.918636678944,14598.511051320656,382309474,388578413
100.40.1,100,held-out,10.0,6,600,14597.806171695585,14563.652582984138,14550.337352447099,381774841,389267696
100.40.1,100,held-out,10.0,7,700,14597.806171695585,14542.528868503869,14539.71117114311,383029395,387370321
100.40.1,100,held-out,10.0,8,800,14597.806171695585,14571.769787827972,14588.51645459992,382342905,388225105
100.40.1,100,held-out,10.0,9,900,14597.806171695585,14546.4277488713,14546.4277488713,381862424,386253644
100.40.1,100,held-out,10.0,10,1000,14597.806171695585,14583.397438242011,14561.859403708495,382112863,388261365
100.40.2,100,held-out,10.0,1,100,15140.897143470993,15150.506587912994,15150.506587912994,379906290,386720998
100.40.2,100,held-out,10.0,2,200,15140.897143470993,15150.506587912994,15150.506587912994,379069610,386544237
100.40.2,100,held-out,10.0,3,300,15140.897143470993,15147.069833133632,15147.069833133632,379543868,386041138
100.40.2,100,held-out,10.0,4,400,15140.897143470993,15150.506587912994,15150.506587912994,379951319,387195246
100.40.2,100,held-out,10.0,5,500,15140.897143470993,15150.506587912994,15092.874335982848,379935689,387026255
100.40.2,100,held-out,10.0,6,600,15140.897143470993,15150.506587912994,15150.506587912994,379397999,386573312
100.40.2,100,held-out,10.0,7,700,15140.897143470993,15154.71049399005,15150.506587912994,379807975,386645709
100.40.2,100,held-out,10.0,8,800,15140.897143470993,15150.506587912996,15150.506587912996,379957883,385968179
100.40.2,100,held-out,10.0,9,900,15140.897143470993,15150.506587912996,15137.249634219963,379873003,384734999
100.40.2,100,held-out,10.0,10,1000,15140.897143470993,15117.575867524285,15150.506587912994,379056025,386196342
100.40.3,100,held-out,10.0,1,100,15196.663620913252,15158.795480286335,15140.935040396558,377963212,383009160
100.40.3,100,held-out,10.0,2,200,15196.663620913252,15170.284377501826,15158.795480286335,377178365,385069287
100.40.3,100,held-out,10.0,3,300,15196.663620913252,15143.723885611029,15140.935040396558,377223790,384783953
100.40.3,100,held-out,10.0,4,400,15196.663620913252,15164.671779696422,15158.795480286335,377648881,385715763
100.40.3,100,held-out,10.0,5,500,15196.663620913252,15187.620542388446,15158.795480286337,378033808,382859558
100.40.3,100,held-out,10.0,6,600,15196.663620913252,15164.671779696422,15158.795480286335,377607812,385646336
100.40.3,100,held-out,10.0,7,700,15196.663620913252,15196.663620913252,15158.795480286335,377859278,385120669
100.40.3,100,held-out,10.0,8,800,15196.663620913252,15204.268537904585,15134.107977016003,377032620,384662505
100.40.3,100,held-out,10.0,9,900,15196.663620913252,15170.284377501826,15161.166241651943,376439728,385171878
100.40.3,100,held-out,10.0,10,1000,15196.663620913252,15163.00475854977,15158.795480286335,378670954,385204486
100.40.4,100,held-out,10.0,1,100,14429.344805960223,14429.10377450032,14376.59659480675,382557837,389014609
100.40.4,100,held-out,10.0,2,200,14429.344805960223,14380.341734419804,14397.138904904547,382805087,387024310
100.40.4,100,held-out,10.0,3,300,14429.344805960223,14349.896141320365,14279.3472950453,381891039,389044400
100.40.4,100,held-out,10.0,4,400,14429.344805960223,14385.57859928834,14411.375539843362,383396481,388169279
100.40.4,100,held-out,10.0,5,500,14429.344805960223,14420.23125021558,14412.089356226637,382189772,388668210
100.40.4,100,held-out,10.0,6,600,14429.344805960223,14402.394885268635,14346.619654430193,382804105,386427033
100.40.4,100,held-out,10.0,7,700,14429.344805960223,14351.39319608506,14363.064859354885,382587627,388059954
100.40.4,100,held-out,10.0,8,800,14429.344805960223,14382.063228432608,14351.393196085059,379665458,389146567
100.40.4,100,held-out,10.0,9,900,14429.344805960223,14398.392225906728,14420.469983113098,382669904,387990548
100.40.4,100,held-out,10.0,10,1000,14429.344805960223,14420.23125021558,14267.075332542248,381892974,388673784
200.10.1,200,held-out,35.0,1,100,1443.743843767042,1440.3200487368472,1441.628194937412,1142158115,1153530533
200.10.1,200,held-out,35.0,2,200,1443.743843767042,1443.743843767042,1442.3752060258591,1140462474,1154908462
200.10.1,200,held-out,35.0,3,300,1443.743843767042,1443.743843767042,1444.9032582876664,1142032251,1156219273
200.10.1,200,held-out,35.0,4,400,1443.743843767042,1443.743843767042,1443.4497136040113,1138881625,1155372680
200.10.1,200,held-out,35.0,5,500,1443.743843767042,1440.3200487368472,1440.3200487368472,1143316348,1154554603
200.10.1,200,held-out,35.0,6,600,1443.743843767042,1440.4557052060063,1443.743843767042,1139646280,1154767575
200.10.1,200,held-out,35.0,7,700,1443.743843767042,1440.5412456006902,1436.3831862821344,1142435768,1155784934
200.10.1,200,held-out,35.0,8,800,1443.743843767042,1442.6389721180476,1437.8405757617627,1143309356,1157114630
200.10.1,200,held-out,35.0,9,900,1443.743843767042,1443.349623904887,1443.037631498412,1144039321,1155565421
200.10.1,200,held-out,35.0,10,1000,1443.743843767042,1442.8465852917498,1445.7679488035951,1144263702,1155874541
200.10.2,200,tuning,35.0,1,100,1461.9667427714203,1461.9886958330972,1441.6999526124162,1140018285,1153728575
200.10.2,200,tuning,35.0,2,200,1461.9667427714203,1467.1769701187452,1449.2516983893024,1138455672,1147857252
200.10.2,200,tuning,35.0,3,300,1461.9667427714203,1452.1661514769394,1441.6999526124157,1134057091,1153035550
200.10.2,200,tuning,35.0,4,400,1461.9667427714203,1465.2259564607837,1448.7239914467032,1140460019,1148762810
200.10.2,200,tuning,35.0,5,500,1461.9667427714203,1465.9349167154342,1465.8215633196703,1141138876,1154708134
200.10.2,200,tuning,35.0,6,600,1461.9667427714203,1468.3554583230105,1465.7466578669541,1142381599,1148091333
200.10.2,200,tuning,35.0,7,700,1461.9667427714203,1460.3782954794763,1449.266643688759,1138488417,1153091472
200.10.2,200,tuning,35.0,8,800,1461.9667427714203,1457.5062307083242,1460.8869845880374,1139121777,1154053215
200.10.2,200,tuning,35.0,9,900,1461.9667427714203,1465.720192044926,1452.0527980811755,1141624759,1143663136
200.10.2,200,tuning,35.0,10,1000,1461.9667427714203,1467.1761958308175,1461.581925461074,1137014327,1151620119
200.10.3,200,held-out,35.0,1,100,1449.530538607773,1448.1271824722696,1428.818175266527,1148029721,1162806857
200.10.3,200,held-out,35.0,2,200,1449.530538607773,1445.0264424330792,1444.3207843820223,1147451460,1156586562
200.10.3,200,held-out,35.0,3,300,1449.530538607773,1449.0484968806281,1432.4306212696822,1150576558,1163083708
200.10.3,200,held-out,35.0,4,400,1449.530538607773,1436.237314593677,1428.9578822209019,1146715490,1164468845
200.10.3,200,held-out,35.0,5,500,1449.530538607773,1448.4581722481946,1444.2734135035303,1147877042,1165026494
200.10.3,200,held-out,35.0,6,600,1449.530538607773,1437.2262659364592,1432.797803980177,1150142125,1163080606
200.10.3,200,held-out,35.0,7,700,1449.530538607773,1434.7890777757586,1432.895185027272,1146240791,1162951781
200.10.3,200,held-out,35.0,8,800,1449.530538607773,1429.955360039029,1428.4079673620572,1147448784,1164617331
200.10.3,200,held-out,35.0,9,900,1449.530538607773,1433.481009623045,1431.1982916980198,1147938850,1162274979
200.10.3,200,held-out,35.0,10,1000,1449.530538607773,1429.8865812756703,1427.983166796397,1146109924,1163401990
200.10.4,200,held-out,35.0,1,100,1500.3001822115361,1498.0656174673563,1492.190260628389,1137598947,1153550821
200.10.4,200,held-out,35.0,2,200,1500.3001822115361,1497.158835817767,1494.582166389482,1132626495,1153289644
200.10.4,200,held-out,35.0,3,300,1500.3001822115361,1499.9551220876433,1494.582166389482,1135978511,1149350639
200.10.4,200,held-out,35.0,4,400,1500.3001822115361,1494.5293634034826,1485.1232751882687,1140144102,1151861976
200.10.4,200,held-out,35.0,5,500,1500.3001822115361,1495.878370830511,1495.0104716693336,1138408424,1155103481
200.10.4,200,held-out,35.0,6,600,1500.3001822115361,1494.582166389482,1492.1902606283888,1137542595,1154354807
200.10.4,200,held-out,35.0,7,700,1500.3001822115361,1498.0656174673566,1494.3943397053347,1140325669,1152398230
200.10.4,200,held-out,35.0,8,800,1500.3001822115361,1500.391166391288,1487.0474621896626,1138359456,1150606823
200.10.4,200,held-out,35.0,9,900,1500.3001822115361,1497.0523285475422,1486.9350177450453,1140472832,1153101992
200.10.4,200,held-out,35.0,10,1000,1500.3001822115361,1501.657888526113,1487.0472499894327,1131069895,1153787043
200.20.1,200,held-out,35.0,1,100,3149.9828987387964,3154.523978382639,3153.563025342819,1130533526,1143704275
200.20.1,200,held-out,35.0,2,200,3149.9828987387964,3146.4119248219095,3149.9828987387964,1132535049,1136822989
200.20.1,200,held-out,35.0,3,300,3149.9828987387964,3149.9828987387964,3149.9828987387964,1133482828,1143861117
200.20.1,200,held-out,35.0,4,400,3149.9828987387964,3148.675297092533,3155.32223454258,1135088929,1146956268
200.20.1,200,held-out,35.0,5,500,3149.9828987387964,3154.1128654289664,3155.32223454258,1129890234,1145757332
200.20.1,200,held-out,35.0,6,600,3149.9828987387964,3149.9828987387964,3154.108088840884,1133964556,1144928465
200.20.1,200,held-out,35.0,7,700,3149.9828987387964,3154.112865428967,3149.9828987387964,1132044413,1144570249
200.20.1,200,held-out,35.0,8,800,3149.9828987387964,3136.4222131056845,3137.214707883594,1133204860,1144561405
200.20.1,200,held-out,35.0,9,900,3149.9828987387964,3144.9198610651233,3136.4222131056845,1131898125,1145756679
200.20.1,200,held-out,35.0,10,1000,3149.9828987387964,3149.9828987387964,3137.1883689817405,1135746476,1144766108
200.20.2,200,held-out,35.0,1,100,3107.525723581689,3107.525723581689,3130.6794192090665,1133564672,1145718488
200.20.2,200,held-out,35.0,2,200,3107.525723581689,3107.5257235816894,3107.525723581689,1130236816,1135013325
200.20.2,200,held-out,35.0,3,300,3107.525723581689,3107.5257235816894,3107.525723581689,1123264594,1146920102
200.20.2,200,held-out,35.0,4,400,3107.525723581689,3130.6794192090665,3130.6794192090665,1130301397,1146221811
200.20.2,200,held-out,35.0,5,500,3107.525723581689,3107.525723581689,3107.525723581689,1130115403,1146870337
200.20.2,200,held-out,35.0,6,600,3107.525723581689,3107.5257235816894,3107.525723581689,1131643156,1146887340
200.20.2,200,held-out,35.0,7,700,3107.525723581689,3107.525723581689,3107.525723581689,1129493090,1146436160
200.20.2,200,held-out,35.0,8,800,3107.525723581689,3107.525723581689,3107.525723581689,1127779071,1145010633
200.20.2,200,held-out,35.0,9,900,3107.525723581689,3130.6794192090665,3130.6794192090665,1131632655,1143014562
200.20.2,200,held-out,35.0,10,1000,3107.525723581689,3107.525723581689,3107.525723581689,1131399446,1146160232
200.20.3,200,held-out,35.0,1,100,3083.2606354620657,3083.2606354620657,3083.2606354620657,1130442580,1143717553
200.20.3,200,held-out,35.0,2,200,3083.2606354620657,3083.2606354620657,3083.260685152256,1129749327,1142820608
200.20.3,200,held-out,35.0,3,300,3083.2606354620657,3083.2606354620657,3083.2606354620657,1130438397,1138317049
200.20.3,200,held-out,35.0,4,400,3083.2606354620657,3083.2606354620657,3083.2606354620657,1129292069,1141855038
200.20.3,200,held-out,35.0,5,500,3083.2606354620657,3083.2606354620657,3083.2606354620657,1131652454,1143735446
200.20.3,200,held-out,35.0,6,600,3083.2606354620657,3083.2606354620657,3083.2606354620657,1133243280,1146302849
200.20.3,200,held-out,35.0,7,700,3083.2606354620657,3083.2606354620657,3083.2606354620657,1133005339,1142716957
200.20.3,200,held-out,35.0,8,800,3083.2606354620657,3083.2606354620657,3083.2606354620657,1129394204,1145852852
200.20.3,200,held-out,35.0,9,900,3083.2606354620657,3083.260685152256,3083.2606354620657,1131907556,1144976271
200.20.3,200,held-out,35.0,10,1000,3083.2606354620657,3083.2606354620657,3083.2606354620657,1132916582,1143068602
200.20.4,200,held-out,35.0,1,100,3081.8792269655264,3076.5199443179104,3076.5199443179104,1136121689,1150341033
200.20.4,200,held-out,35.0,2,200,3081.8792269655264,3076.5199443179104,3076.5199443179104,1138469237,1146115811
200.20.4,200,held-out,35.0,3,300,3081.8792269655264,3076.5199443179104,3076.5199443179104,1138604470,1150537719
200.20.4,200,held-out,35.0,4,400,3081.8792269655264,3076.5199443179104,3076.5199443179104,1137552669,1151960085
200.20.4,200,held-out,35.0,5,500,3081.8792269655264,3076.5199443179104,3076.5199443179104,1140981860,1149187894
200.20.4,200,held-out,35.0,6,600,3081.8792269655264,3076.5199443179104,3076.5199443179104,1130419267,1150801284
200.20.4,200,held-out,35.0,7,700,3081.8792269655264,3076.5199443179104,3076.5199443179104,1140338303,1151753669
200.20.4,200,held-out,35.0,8,800,3081.8792269655264,3076.5199443179104,3076.5199443179104,1137497269,1149951540
200.20.4,200,held-out,35.0,9,900,3081.8792269655264,3076.5199443179104,3076.5199443179104,1136971872,1143773062
200.20.4,200,held-out,35.0,10,1000,3081.8792269655264,3076.5199443179104,3076.5199443179104,1137724274,1147641965
200.30.1,200,held-out,35.0,1,100,5652.840716681177,5461.504732635214,5137.628141395815,1148369691,1158406315
200.30.1,200,held-out,35.0,2,200,5652.840716681177,5410.945804000394,5055.594163159331,1146282261,1161604889
200.30.1,200,held-out,35.0,3,300,5652.840716681177,5254.687924885831,5137.219748730387,1152390958,1159148196
200.30.1,200,held-out,35.0,4,400,5652.840716681177,5454.886595767047,5599.23269733236,1147151446,1158733025
200.30.1,200,held-out,35.0,5,500,5652.840716681177,5642.869856920117,5302.3370868194215,1146875507,1159015034
200.30.1,200,held-out,35.0,6,600,5652.840716681177,5615.5198822118355,5318.283135165309,1147120379,1159601978
200.30.1,200,held-out,35.0,7,700,5652.840716681177,5435.487104512286,5435.169526893449,1155667322,1161538579
200.30.1,200,held-out,35.0,8,800,5652.840716681177,5179.006167506068,5628.40038621343,1150107203,1161697502
200.30.1,200,held-out,35.0,9,900,5652.840716681177,5506.216486904065,5095.759097915116,1146421822,1157063847
200.30.1,200,held-out,35.0,10,1000,5652.840716681177,5172.652085850743,4969.419455884403,1148588457,1158495460
200.30.2,200,held-out,35.0,1,100,5249.198950289426,5196.148182236939,5044.785347669337,1160162279,1166778001
200.30.2,200,held-out,35.0,2,200,5249.198950289426,5082.103933840545,5082.638827698035,1158879703,1166594627
200.30.2,200,held-out,35.0,3,300,5249.198950289426,5124.166355769916,5011.937560964651,1161404754,1167334790
200.30.2,200,held-out,35.0,4,400,5249.198950289426,5104.589174904373,5103.670906089833,1155172101,1166795444
200.30.2,200,held-out,35.0,5,500,5249.198950289426,5178.838732792466,5103.670906089833,1160393622,1168719769
200.30.2,200,held-out,35.0,6,600,5249.198950289426,5194.191556736783,5011.937560964651,1152164508,1167959843
200.30.2,200,held-out,35.0,7,700,5249.198950289426,5306.347147534117,5128.700185625752,1160072519,1170359772
200.30.2,200,held-out,35.0,8,800,5249.198950289426,5219.410804122206,5082.103933840545,1160087574,1158280775
200.30.2,200,held-out,35.0,9,900,5249.198950289426,5285.276728885828,5014.253244983479,1159907122,1168264714
200.30.2,200,held-out,35.0,10,1000,5249.198950289426,5162.910065233216,5225.106856490885,1151754554,1169079428
200.30.3,200,held-out,35.0,1,100,6426.2400691029425,6397.889226980013,6304.232229481999,1180444012,1189883059
200.30.3,200,held-out,35.0,2,200,6426.2400691029425,6339.606673270679,6109.377866237039,1168800385,1187266713
200.30.3,200,held-out,35.0,3,300,6426.2400691029425,6442.825766310693,6287.479819530023,1183958605,1190152974
200.30.3,200,held-out,35.0,4,400,6426.2400691029425,6444.126685946704,6017.8206328015885,1182448836,1173566787
200.30.3,200,held-out,35.0,5,500,6426.2400691029425,6351.491277132378,6310.556119479816,1175089844,1189175555
200.30.3,200,held-out,35.0,6,600,6426.2400691029425,6270.842540229405,6278.522097760175,1170136816,1188546592
200.30.3,200,held-out,35.0,7,700,6426.2400691029425,6448.245273325869,6277.769081757533,1178333338,1187032785
200.30.3,200,held-out,35.0,8,800,6426.2400691029425,6301.355168947407,6256.908288279873,1177606843,1188094041
200.30.3,200,held-out,35.0,9,900,6426.2400691029425,6481.245743820314,6200.687012196392,1179447315,1186754073
200.30.3,200,held-out,35.0,10,1000,6426.2400691029425,6414.826814257603,6277.153634453019,1181385951,1182613845
200.30.4,200,held-out,35.0,1,100,6185.35831371928,6166.581924770448,5991.455652155028,1166685409,1179286025
200.30.4,200,held-out,35.0,2,200,6185.35831371928,6158.271152296219,6074.754785327107,1167791630,1169386462
200.30.4,200,held-out,35.0,3,300,6185.35831371928,6098.186393407352,6005.22776850184,1169651246,1177532081
200.30.4,200,held-out,35.0,4,400,6185.35831371928,5931.615738640853,5703.846052692577,1165540068,1172366682
200.30.4,200,held-out,35.0,5,500,6185.35831371928,6238.999772234336,6013.8305084322565,1168678869,1178589379
200.30.4,200,held-out,35.0,6,600,6185.35831371928,6084.975841008606,6003.5784009519375,1169847522,1176835541
200.30.4,200,held-out,35.0,7,700,6185.35831371928,5884.448848466771,5834.250540428864,1166911549,1175333515
200.30.4,200,held-out,35.0,8,800,6185.35831371928,6113.773801134063,5892.1109255194915,1166563469,1174943876
200.30.4,200,held-out,35.0,9,900,6185.35831371928,6145.364175543893,5915.248680811268,1166943000,1177914936
200.30.4,200,held-out,35.0,10,1000,6185.35831371928,6182.17911405224,6051.761964700367,1166833937,1178915050
200.40.1,200,tuning,35.0,1,100,9462.397190153024,9449.592408177621,9398.756272739334,1214537637,1231772114
200.40.1,200,tuning,35.0,2,200,9462.397190153024,9451.19203573115,9411.24420279933,1213542336,1229879318
200.40.1,200,tuning,35.0,3,300,9462.397190153024,9431.400780860213,9410.221877183785,1212275330,1231516989
200.40.1,200,tuning,35.0,4,400,9462.397190153024,9439.944099603514,9434.139057260873,1213541780,1230661648
200.40.1,200,tuning,35.0,5,500,9462.397190153024,9455.78833696037,9373.30068797262,1213465474,1230957318
200.40.1,200,tuning,35.0,6,600,9462.397190153024,9483.750785758932,9415.02213600228,1215428385,1230373661
200.40.1,200,tuning,35.0,7,700,9462.397190153024,9461.99747530741,9416.59710878404,1215608715,1231487611
200.40.1,200,tuning,35.0,8,800,9462.397190153024,9384.155252025452,9443.3283114874,1212602420,1231675021
200.40.1,200,tuning,35.0,9,900,9462.397190153024,9420.63891031867,9370.417534446038,1214023749,1231856278
200.40.1,200,tuning,35.0,10,1000,9462.397190153024,9446.440091080378,9407.267478330614,1211332672,1230334998
200.40.2,200,held-out,35.0,1,100,9507.795576638211,9479.737754655043,9435.461389189308,1214158448,1233456379
200.40.2,200,held-out,35.0,2,200,9507.795576638211,9478.420216027613,9398.920000580194,1217259782,1232370870
200.40.2,200,held-out,35.0,3,300,9507.795576638211,9510.618705027537,9416.568090265831,1216134179,1231598240
200.40.2,200,held-out,35.0,4,400,9507.795576638211,9439.096817499209,9414.551441678646,1210574126,1228923927
200.40.2,200,held-out,35.0,5,500,9507.795576638211,9510.851853279379,9458.035098554994,1209437581,1232763675
200.40.2,200,held-out,35.0,6,600,9507.795576638211,9528.739141103557,9446.21037814579,1216119760,1231866199
200.40.2,200,held-out,35.0,7,700,9507.795576638211,9500.680245118223,9447.279629234146,1215490809,1232542595
200.40.2,200,held-out,35.0,8,800,9507.795576638211,9493.564130865227,9466.481745520725,1215491311,1231679556
200.40.2,200,held-out,35.0,9,900,9507.795576638211,9517.971756692437,9459.356389975757,1216783654,1227185988
200.40.2,200,held-out,35.0,10,1000,9507.795576638211,9456.220348121433,9490.939972483,1213556939,1232072881
200.40.3,200,held-out,35.0,1,100,9405.787255113217,9323.886757817221,9326.286886374575,1213005142,1228202419
200.40.3,200,held-out,35.0,2,200,9405.787255113217,9346.709350695852,9322.057691723181,1213737212,1229927682
200.40.3,200,held-out,35.0,3,300,9405.787255113217,9332.51829997261,9324.287924244938,1211419530,1227041790
200.40.3,200,held-out,35.0,4,400,9405.787255113217,9336.224213534239,9335.130843010904,1214599180,1229201201
200.40.3,200,held-out,35.0,5,500,9405.787255113217,9350.119845996058,9308.557067508544,1210703279,1228290369
200.40.3,200,held-out,35.0,6,600,9405.787255113217,9308.557067508544,9322.934402076677,1213714281,1229196167
200.40.3,200,held-out,35.0,7,700,9405.787255113217,9349.186638630461,9323.42256467454,1213435307,1228352425
200.40.3,200,held-out,35.0,8,800,9405.787255113217,9306.55541874185,9322.057691723181,1206603893,1227689601
200.40.3,200,held-out,35.0,9,900,9405.787255113217,9341.156912168379,9301.96189860691,1214290182,1228926228
200.40.3,200,held-out,35.0,10,1000,9405.787255113217,9325.51361031665,9274.031469633286,1213882340,1224855883
200.40.4,200,held-out,35.0,1,100,9335.570526764048,9284.275740718185,9235.428323966507,1218540287,1234810136
200.40.4,200,held-out,35.0,2,200,9335.570526764048,9318.43104237369,9275.86199848693,1219088031,1235059863
200.40.4,200,held-out,35.0,3,300,9335.570526764048,9357.059761747623,9271.123810712823,1216211716,1231862828
200.40.4,200,held-out,35.0,4,400,9335.570526764048,9241.054568604892,9239.063054827562,1220050421,1231251817
200.40.4,200,held-out,35.0,5,500,9335.570526764048,9262.152120340666,9256.581156378188,1218379526,1230986089
200.40.4,200,held-out,35.0,6,600,9335.570526764048,9303.089481594441,9278.680152022018,1217533532,1233484772
200.40.4,200,held-out,35.0,7,700,9335.570526764048,9318.474175366282,9275.381833497535,1218490717,1233296616
200.40.4,200,held-out,35.0,8,800,9335.570526764048,9295.636349127775,9244.99044678769,1216082009,1232436058
200.40.4,200,held-out,35.0,9,900,9335.570526764048,9295.54058710322,9293.467102757206,1218687268,1233881618
200.40.4,200,held-out,35.0,10,1000,9335.570526764048,9270.588777261077,9258.063743494611,1217087176,1214392998
500.10.1,500,held-out,700.0,1,100,1781.5993818599811,1782.277323147065,,14326325850,
500.10.1,500,held-out,700.0,2,200,1781.5993818599811,1781.3589893400567,,14327880915,
500.10.1,500,held-out,700.0,3,300,1781.5993818599811,1780.4035901110672,,14345967752,
500.10.1,500,held-out,700.0,4,400,1781.5993818599811,1786.7636697637636,,14333633959,
500.10.1,500,held-out,700.0,5,500,1781.5993818599811,1781.9170810502897,,14332718667,
500.10.1,500,held-out,700.0,6,600,1781.5993818599811,1781.8946037994215,,14334837217,
500.10.1,500,held-out,700.0,7,700,1781.5993818599811,1780.6998932128868,,14348094803,
500.10.1,500,held-out,700.0,8,800,1781.5993818599811,1778.7975389054523,,14375928142,
500.10.1,500,held-out,700.0,9,900,1781.5993818599811,1795.8510834364056,,14359394160,
500.10.1,500,held-out,700.0,10,1000,1781.5993818599811,1794.6435694161473,,14347203662,
500.10.2,500,tuning,700.0,1,100,1766.7385189018235,1762.8198913221343,,14440924495,
500.10.2,500,tuning,700.0,2,200,1766.7385189018235,1748.5728346394258,,14455118840,
500.10.2,500,tuning,700.0,3,300,1766.7385189018235,1768.8199693424447,,14425589342,
500.10.2,500,tuning,700.0,4,400,1766.7385189018235,1776.3531304518976,,14379177829,
500.10.2,500,tuning,700.0,5,500,1766.7385189018235,1754.2176225216203,,14408813667,
500.10.2,500,tuning,700.0,6,600,1766.7385189018235,1758.6849586099142,,14389937217,
500.10.2,500,tuning,700.0,7,700,1766.7385189018235,1774.7148728454347,,14441582336,
500.10.2,500,tuning,700.0,8,800,1766.7385189018235,1764.8691390464342,,14431089887,
500.10.2,500,tuning,700.0,9,900,1766.7385189018235,1765.549942570907,,14437715695,
500.10.2,500,tuning,700.0,10,1000,1766.7385189018235,1763.7744750213235,,14372442378,
500.10.3,500,held-out,700.0,1,100,1785.996460179697,1787.468749018196,,14326188931,
500.10.3,500,held-out,700.0,2,200,1785.996460179697,1767.3095436751705,,14339103153,
500.10.3,500,held-out,700.0,3,300,1785.996460179697,1770.8239163583346,,14350641985,
500.10.3,500,held-out,700.0,4,400,1785.996460179697,1782.8669522027228,,14356991482,
500.10.3,500,held-out,700.0,5,500,1785.996460179697,1782.8787655555032,,14355071830,
500.10.3,500,held-out,700.0,6,600,1785.996460179697,1791.4142533060424,,14367666832,
500.10.3,500,held-out,700.0,7,700,1785.996460179697,1772.1619450848536,,14366627939,
500.10.3,500,held-out,700.0,8,800,1785.996460179697,1782.6671513390381,,14438617060,
500.10.3,500,held-out,700.0,9,900,1785.996460179697,1782.165949698974,,14392096801,
500.10.3,500,held-out,700.0,10,1000,1785.996460179697,1769.3972309378191,,14342714977,
500.10.4,500,held-out,700.0,1,100,1769.8756117443172,1763.4146999128443,,14306388102,
500.10.4,500,held-out,700.0,2,200,1769.8756117443172,1777.01633167137,,14351031441,
500.10.4,500,held-out,700.0,3,300,1769.8756117443172,1778.188351903419,,14289827379,
500.10.4,500,held-out,700.0,4,400,1769.8756117443172,1793.870955030648,,14316444315,
500.10.4,500,held-out,700.0,5,500,1769.8756117443172,1758.3906464147854,,14267764100,
500.10.4,500,held-out,700.0,6,600,1769.8756117443172,1776.6355592606576,,14322621516,
500.10.4,500,held-out,700.0,7,700,1769.8756117443172,1768.200325390117,,14244769507,
500.10.4,500,held-out,700.0,8,800,1769.8756117443172,1776.789871003667,,14353975798,
500.10.4,500,held-out,700.0,9,900,1769.8756117443172,1784.3798525350553,,14308377031,
500.10.4,500,held-out,700.0,10,1000,1769.8756117443172,1781.4809244658004,,14408744230,
500.20.1,500,held-out,700.0,1,100,3755.2470724809737,3743.3765559632116,,14098289082,
500.20.1,500,held-out,700.0,2,200,3755.2470724809737,3748.597825505729,,14067518701,
500.20.1,500,held-out,700.0,3,300,3755.2470724809737,3732.194320873238,,14043274480,
500.20.1,500,held-out,700.0,4,400,3755.2470724809737,3744.112227596118,,14030303806,
500.20.1,500,held-out,700.0,5,500,3755.2470724809737,3728.105866931253,,14100274358,
500.20.1,500,held-out,700.0,6,600,3755.2470724809737,3741.961452404155,,14001001595,
500.20.1,500,held-out,700.0,7,700,3755.2470724809737,3742.36523139114,,14089222226,
500.20.1,500,held-out,700.0,8,800,3755.2470724809737,3732.194320873238,,13978624417,
500.20.1,500,held-out,700.0,9,900,3755.2470724809737,3729.832761019286,,14049490602,
500.20.1,500,held-out,700.0,10,1000,3755.2470724809737,3728.9996379869635,,14078188990,
500.20.2,500,held-out,700.0,1,100,3785.324226339426,3791.786860098318,,14097581758,
500.20.2,500,held-out,700.0,2,200,3785.324226339426,3789.9043472265066,,14045992009,
500.20.2,500,held-out,700.0,3,300,3785.324226339426,3752.009868419151,,14085177078,
500.20.2,500,held-out,700.0,4,400,3785.324226339426,3785.3661788979925,,14091802725,
500.20.2,500,held-out,700.0,5,500,3785.324226339426,3778.937647500002,,14108848365,
500.20.2,500,held-out,700.0,6,600,3785.324226339426,3777.653732694819,,14077006611,
500.20.2,500,held-out,700.0,7,700,3785.324226339426,3779.085553225899,,13987157572,
500.20.2,500,held-out,700.0,8,800,3785.324226339426,3772.5214619159237,,14103467939,
500.20.2,500,held-out,700.0,9,900,3785.324226339426,3771.5909615683076,,14000204598,
500.20.2,500,held-out,700.0,10,1000,3785.324226339426,3789.903828387456,,14086230405,
500.20.3,500,held-out,700.0,1,100,3888.9201705845535,3861.4693515492595,,14071863079,
500.20.3,500,held-out,700.0,2,200,3888.9201705845535,3865.4335582942513,,14082308762,
500.20.3,500,held-out,700.0,3,300,3888.9201705845535,3860.4217709061186,,14139997822,
500.20.3,500,held-out,700.0,4,400,3888.9201705845535,3860.6784493975024,,14040827343,
500.20.3,500,held-out,700.0,5,500,3888.9201705845535,3844.390042596238,,14097415876,
500.20.3,500,held-out,700.0,6,600,3888.9201705845535,3870.6887342311857,,14048827192,
500.20.3,500,held-out,700.0,7,700,3888.9201705845535,3880.323730946053,,14137367675,
500.20.3,500,held-out,700.0,8,800,3888.9201705845535,3863.007505839524,,14057914415,
500.20.3,500,held-out,700.0,9,900,3888.9201705845535,3876.4278245766072,,14159025544,
500.20.3,500,held-out,700.0,10,1000,3888.9201705845535,3857.3657869320596,,14003155770,
500.20.4,500,held-out,700.0,1,100,3797.9917549065894,3798.123705227678,,14147096943,
500.20.4,500,held-out,700.0,2,200,3797.9917549065894,3796.518338512987,,14162410970,
500.20.4,500,held-out,700.0,3,300,3797.9917549065894,3806.472414948654,,14140159642,
500.20.4,500,held-out,700.0,4,400,3797.9917549065894,3790.1577798436333,,14112900041,
500.20.4,500,held-out,700.0,5,500,3797.9917549065894,3798.451002102556,,14122486399,
500.20.4,500,held-out,700.0,6,600,3797.9917549065894,3812.959295019484,,14163028907,
500.20.4,500,held-out,700.0,7,700,3797.9917549065894,3803.179242375231,,14125584655,
500.20.4,500,held-out,700.0,8,800,3797.9917549065894,3791.1811772322135,,14119638769,
500.20.4,500,held-out,700.0,9,900,3797.9917549065894,3781.6463949341633,,14158303751,
500.20.4,500,held-out,700.0,10,1000,3797.9917549065894,3808.3681045007074,,14130176526,
500.30.1,500,held-out,700.0,1,100,8009.518163624411,7993.270759863461,,17842290501,
500.30.1,500,held-out,700.0,2,200,8009.518163624411,8003.840311001827,,17728302141,
500.30.1,500,held-out,700.0,3,300,8009.518163624411,8021.3417526908925,,17883413551,
500.30.1,500,held-out,700.0,4,400,8009.518163624411,8002.454694324913,,17852189423,
500.30.1,500,held-out,700.0,5,500,8009.518163624411,7975.553405649014,,17857763233,
500.30.1,500,held-out,700.0,6,600,8009.518163624411,8061.642873662409,,17876838246,
500.30.1,500,held-out,700.0,7,700,8009.518163624411,7999.855075449075,,17920369653,
500.30.1,500,held-out,700.0,8,800,8009.518163624411,8017.211497988032,,17940122074,
500.30.1,500,held-out,700.0,9,900,8009.518163624411,8040.582972245467,,17910815272,
500.30.1,500,held-out,700.0,10,1000,8009.518163624411,8065.493381224506,,17883755925,
500.30.2,500,held-out,700.0,1,100,8238.766724977351,8159.387692302626,,17827537957,
500.30.2,500,held-out,700.0,2,200,8238.766724977351,8160.195003031165,,17913587461,
500.30.2,500,held-out,700.0,3,300,8238.766724977351,8162.6189259180555,,17778540662,
500.30.2,500,held-out,700.0,4,400,8238.766724977351,8224.667668845428,,17890860793,
500.30.2,500,held-out,700.0,5,500,8238.766724977351,8198.791822460036,,17856770728,
500.30.2,500,held-out,700.0,6,600,8238.766724977351,8161.623105251263,,17947770228,
500.30.2,500,held-out,700.0,7,700,8238.766724977351,8203.993183116407,,17871025553,
500.30.2,500,held-out,700.0,8,800,8238.766724977351,8192.478028990587,,17959832972,
500.30.2,500,held-out,700.0,9,900,8238.766724977351,8156.544804298631,,17943725184,
500.30.2,500,held-out,700.0,10,1000,8238.766724977351,8165.2966903384295,,17895256011,
500.30.3,500,held-out,700.0,1,100,8065.710092023437,8093.905772163523,,17929150893,
500.30.3,500,held-out,700.0,2,200,8065.710092023437,8066.970259306072,,17933477648,
500.30.3,500,held-out,700.0,3,300,8065.710092023437,8078.406036906716,,17948940907,
500.30.3,500,held-out,700.0,4,400,8065.710092023437,8110.05093095934,,17939356535,
500.30.3,500,held-out,700.0,5,500,8065.710092023437,8066.524510297482,,17929269557,
500.30.3,500,held-out,700.0,6,600,8065.710092023437,8065.215188374372,,17939187377,
500.30.3,500,held-out,700.0,7,700,8065.710092023437,8084.340713347666,,17934115380,
500.30.3,500,held-out,700.0,8,800,8065.710092023437,8089.9724096777345,,17901232911,
500.30.3,500,held-out,700.0,9,900,8065.710092023437,8088.999892716942,,17891805537,
500.30.3,500,held-out,700.0,10,1000,8065.710092023437,8053.509324592844,,17863180113,
500.30.4,500,held-out,700.0,1,100,8197.555813456434,8181.227111017808,,17815577445,
500.30.4,500,held-out,700.0,2,200,8197.555813456434,8160.122997403515,,17926206673,
500.30.4,500,held-out,700.0,3,300,8197.555813456434,8167.595552798639,,17843591203,
500.30.4,500,held-out,700.0,4,400,8197.555813456434,8168.148253513265,,17915334859,
500.30.4,500,held-out,700.0,5,500,8197.555813456434,8131.153610534529,,17803361370,
500.30.4,500,held-out,700.0,6,600,8197.555813456434,8163.288210667933,,17855787323,
500.30.4,500,held-out,700.0,7,700,8197.555813456434,8185.692203536174,,17776068212,
500.30.4,500,held-out,700.0,8,800,8197.555813456434,8179.278153029933,,17891656626,
500.30.4,500,held-out,700.0,9,900,8197.555813456434,8177.399661299547,,17906151944,
500.30.4,500,held-out,700.0,10,1000,8197.555813456434,8174.719627273035,,17941311800,
500.40.1,500,tuning,700.0,1,100,14142.08110414259,14065.831328967877,,19799516088,
500.40.1,500,tuning,700.0,2,200,14142.08110414259,14064.77549766859,,19927601298,
500.40.1,500,tuning,700.0,3,300,14142.08110414259,14129.81547301406,,19902546820,
500.40.1,500,tuning,700.0,4,400,14142.08110414259,14108.28594485598,,19761366448,
500.40.1,500,tuning,700.0,5,500,14142.08110414259,14203.377671357786,,19897075519,
500.40.1,500,tuning,700.0,6,600,14142.08110414259,14165.855819530254,,19907893858,
500.40.1,500,tuning,700.0,7,700,14142.08110414259,14123.32984707954,,19906666198,
500.40.1,500,tuning,700.0,8,800,14142.08110414259,14104.814756930406,,19806666008,
500.40.1,500,tuning,700.0,9,900,14142.08110414259,14194.293598401253,,19918643856,
500.40.1,500,tuning,700.0,10,1000,14142.08110414259,14058.859825679989,,19876101312,
500.40.2,500,held-out,700.0,1,100,14573.038435559924,14468.641623472438,,19876983074,
500.40.2,500,held-out,700.0,2,200,14573.038435559924,14425.335276770718,,19921472814,
500.40.2,500,held-out,700.0,3,300,14573.038435559924,14496.395626471596,,19906466498,
500.40.2,500,held-out,700.0,4,400,14573.038435559924,14483.364651814227,,19895622007,
500.40.2,500,held-out,700.0,5,500,14573.038435559924,14494.82541770555,,19949492181,
500.40.2,500,held-out,700.0,6,600,14573.038435559924,14453.30245051965,,19934875220,
500.40.2,500,held-out,700.0,7,700,14573.038435559924,14597.005239418979,,19869178801,
500.40.2,500,held-out,700.0,8,800,14573.038435559924,14409.10989914362,,19903402863,
500.40.2,500,held-out,700.0,9,900,14573.038435559924,14483.989446192827,,19884871833,
500.40.2,500,held-out,700.0,10,1000,14573.038435559924,14554.36920017763,,19885576961,
500.40.3,500,held-out,700.0,1,100,14236.695571992352,14252.242741600636,,19742538748,
500.40.3,500,held-out,700.0,2,200,14236.695571992352,14146.390802299804,,19746367974,
500.40.3,500,held-out,700.0,3,300,14236.695571992352,14081.88368247486,,19703364963,
500.40.3,500,held-out,700.0,4,400,14236.695571992352,14224.983493678828,,19755940361,
500.40.3,500,held-out,700.0,5,500,14236.695571992352,14282.538159041045,,19684349991,
500.40.3,500,held-out,700.0,6,600,14236.695571992352,14146.423178078407,,19741165407,
500.40.3,500,held-out,700.0,7,700,14236.695571992352,14172.964042522384,,19660061822,
500.40.3,500,held-out,700.0,8,800,14236.695571992352,14174.032831042068,,19639092310,
500.40.3,500,held-out,700.0,9,900,14236.695571992352,14155.977747891702,,19677710698,
500.40.3,500,held-out,700.0,10,1000,14236.695571992352,14205.126166534654,,19725203330,
500.40.4,500,held-out,700.0,1,100,14402.551609549417,14311.249156041042,,19940614663,
500.40.4,500,held-out,700.0,2,200,14402.551609549417,14220.760063937407,,19936530622,
500.40.4,500,held-out,700.0,3,300,14402.551609549417,14393.614308312684,,19965751685,
500.40.4,500,held-out,700.0,4,400,14402.551609549417,14416.441336603832,,19883634678,
500.40.4,500,held-out,700.0,5,500,14402.551609549417,14233.313486315825,,19959728395,
500.40.4,500,held-out,700.0,6,600,14402.551609549417,14364.627099441645,,19958650945,
500.40.4,500,held-out,700.0,7,700,14402.551609549417,14284.415746114879,,19970900650,
500.40.4,500,held-out,700.0,8,800,14402.551609549417,14153.70863340441,,19934453094,
500.40.4,500,held-out,700.0,9,900,14402.551609549417,14272.632442545524,,19941782342,
500.40.4,500,held-out,700.0,10,1000,14402.551609549417,14424.395269424173,,19970367674,
